timestamp,close,high,low,open,volume
2017-09-11 09:30:00,49.19,49.19,49.19,49.19,8960.0
2017-09-11 09:31:00,49.32,49.32,49.08,49.08,1400.0
2017-09-11 09:33:00,49.215,49.215,49.215,49.215,100.0
2017-09-11 09:35:00,49.2584,49.2584,49.21,49.225,2380.0
2017-09-11 09:36:00,49.4,49.4,49.32,49.34,2502.0
2017-09-11 09:37:00,49.35,49.36,49.35,49.36,210.0
2017-09-11 09:38:00,49.36,49.36,49.36,49.36,239.0
2017-09-11 09:39:00,49.44,49.44,49.39,49.41,1200.0
2017-09-11 09:40:00,49.4,49.4,49.4,49.4,200.0
2017-09-11 09:41:00,49.45,49.48,49.43,49.44,4912.0
2017-09-11 09:43:00,49.53,49.54,49.49,49.49,2073.0
2017-09-11 09:44:00,49.58,49.58,49.5,49.51,1100.0
2017-09-11 09:45:00,49.54,49.54,49.54,49.54,100.0
2017-09-11 09:46:00,49.49,49.52,49.49,49.52,800.0
2017-09-11 09:47:00,49.53,49.53,49.51,49.51,800.0
2017-09-11 09:48:00,49.52,49.52,49.52,49.52,100.0
2017-09-11 09:49:00,49.53,49.54,49.52,49.54,2346.0
2017-09-11 09:50:00,49.48,49.5,49.47,49.5,800.0
2017-09-11 09:51:00,49.45,49.48,49.41,49.48,3928.0
2017-09-11 09:52:00,49.44,49.45,49.43,49.44,1200.0
2017-09-11 09:53:00,49.465,49.47,49.45,49.45,1158.0
2017-09-11 09:54:00,49.46,49.47,49.45,49.47,3329.0
2017-09-11 09:55:00,49.53,49.53,49.48,49.48,718.0
2017-09-11 09:56:00,49.51,49.53,49.51,49.53,2050.0
2017-09-11 09:57:00,49.52,49.52,49.51,49.51,917.0
2017-09-11 09:58:00,49.52,49.52,49.52,49.52,500.0
2017-09-11 09:59:00,49.535,49.535,49.52,49.52,800.0
2017-09-11 10:00:00,49.55,49.55,49.52,49.52,200.0
2017-09-11 10:01:00,49.56,49.56,49.54,49.54,800.0
2017-09-11 10:02:00,49.54,49.55,49.54,49.55,1480.0
2017-09-11 10:03:00,49.5099,49.54,49.5039,49.54,1000.0
2017-09-11 10:04:00,49.43,49.5,49.43,49.5,800.0
2017-09-11 10:05:00,49.38,49.38,49.38,49.38,200.0
2017-09-11 10:06:00,49.4,49.4,49.38,49.38,200.0
2017-09-11 10:07:00,49.42,49.43,49.39,49.39,2200.0
2017-09-11 10:08:00,49.4,49.42,49.4,49.4,2100.0
2017-09-11 10:10:00,49.4169,49.4169,49.4169,49.4169,200.0
2017-09-11 10:11:00,49.38,49.41,49.38,49.41,1000.0
2017-09-11 10:12:00,49.388999999999996,49.39,49.37,49.38,1994.0
2017-09-11 10:13:00,49.39,49.39,49.39,49.39,200.0
2017-09-11 10:14:00,49.39,49.39,49.39,49.39,300.0
2017-09-11 10:15:00,49.39,49.39,49.39,49.39,206.0
2017-09-11 10:16:00,49.39,49.41,49.38,49.38,1501.0
2017-09-11 10:17:00,49.3801,49.39,49.38,49.39,429.0
2017-09-11 10:18:00,49.4,49.4,49.39,49.39,800.0
2017-09-11 10:20:00,49.42,49.42,49.4,49.4,200.0
2017-09-11 10:21:00,49.4,49.41,49.4,49.4,500.0
2017-09-11 10:22:00,49.395,49.41,49.395,49.41,1701.0
2017-09-11 10:23:00,49.39,49.3999,49.39,49.39,1150.0
2017-09-11 10:24:00,49.41,49.41,49.38,49.38,3723.0
2017-09-11 10:25:00,49.4,49.41,49.39,49.41,1900.0
2017-09-11 10:26:00,49.41,49.42,49.4,49.4,2600.0
2017-09-11 10:27:00,49.45,49.45,49.41,49.41,2054.0
2017-09-11 10:28:00,49.4414,49.46,49.44,49.45,1200.0
2017-09-11 10:29:00,49.46,49.46,49.46,49.46,300.0
2017-09-11 10:30:00,49.475,49.48,49.4722,49.4722,400.0
2017-09-11 10:31:00,49.485,49.485,49.47,49.48,3006.0
2017-09-11 10:32:00,49.51,49.51,49.49,49.49,500.0
2017-09-11 10:33:00,49.53,49.53,49.51,49.51,955.0
2017-09-11 10:35:00,49.54,49.54,49.53,49.53,1290.0
2017-09-11 10:36:00,49.53,49.545,49.53,49.54,800.0
2017-09-11 10:37:00,49.51,49.53,49.51,49.53,1200.0
2017-09-11 10:38:00,49.49,49.5,49.49,49.5,1000.0
2017-09-11 10:39:00,49.495,49.5,49.49,49.495,500.0
2017-09-11 10:40:00,49.495,49.495,49.495,49.495,200.0
2017-09-11 10:41:00,49.49,49.495,49.48,49.495,1100.0
2017-09-11 10:42:00,49.52,49.53,49.49,49.49,2004.0
2017-09-11 10:43:00,49.515,49.525,49.51,49.52,1200.0
2017-09-11 10:44:00,49.53,49.53,49.52,49.52,800.0
2017-09-11 10:45:00,49.53,49.55,49.53,49.53,2100.0
2017-09-11 10:46:00,49.52,49.52,49.5,49.52,1000.0
2017-09-11 10:47:00,49.52,49.52,49.52,49.52,300.0
2017-09-11 10:48:00,49.5099,49.51,49.5099,49.51,274.0
2017-09-11 10:49:00,49.48,49.5,49.48,49.5,1579.0
2017-09-11 10:50:00,49.47,49.47,49.47,49.47,200.0
2017-09-11 10:51:00,49.46,49.47,49.46,49.47,300.0
2017-09-11 10:52:00,49.45,49.46,49.45,49.46,1750.0
2017-09-11 10:53:00,49.49,49.49,49.46,49.46,1683.0
2017-09-11 10:54:00,49.49,49.49,49.48,49.49,400.0
2017-09-11 10:55:00,49.51,49.51,49.49,49.49,1500.0
2017-09-11 10:56:00,49.52,49.53,49.52,49.52,1700.0
2017-09-11 10:58:00,49.49,49.49,49.49,49.49,400.0
2017-09-11 10:59:00,49.48,49.485,49.48,49.48,1200.0
2017-09-11 11:00:00,49.5,49.5,49.5,49.5,100.0
2017-09-11 11:01:00,49.47,49.5,49.47,49.5,1772.0
2017-09-11 11:02:00,49.5,49.5,49.47,49.47,1805.0
2017-09-11 11:03:00,49.47,49.49,49.47,49.49,1600.0
2017-09-11 11:04:00,49.48,49.48,49.48,49.48,415.0
2017-09-11 11:05:00,49.4763,49.48,49.47,49.48,1900.0
2017-09-11 11:06:00,49.46,49.47,49.46,49.47,600.0
2017-09-11 11:07:00,49.47,49.47,49.46,49.46,450.0
2017-09-11 11:08:00,49.47,49.47,49.465,49.4665,1350.0
2017-09-11 11:09:00,49.46,49.46,49.46,49.46,100.0
2017-09-11 11:10:00,49.48,49.48,49.465,49.47,1701.0
2017-09-11 11:11:00,49.48,49.48,49.47,49.47,601.0
2017-09-11 11:13:00,49.46,49.47,49.46,49.47,500.0
2017-09-11 11:14:00,49.47,49.47,49.47,49.47,100.0
2017-09-11 11:15:00,49.46,49.46,49.46,49.46,300.0
2017-09-11 11:16:00,49.5,49.5,49.45,49.463,2861.0
2017-09-11 11:17:00,49.52,49.52,49.51,49.51,300.0
2017-09-11 11:18:00,49.51,49.51,49.51,49.51,400.0
2017-09-11 11:19:00,49.515,49.52,49.515,49.515,933.0
2017-09-11 11:20:00,49.5,49.52,49.5,49.52,1235.0
2017-09-11 11:21:00,49.5,49.5,49.5,49.5,200.0
2017-09-11 11:23:00,49.495,49.5,49.48,49.49,2676.0
2017-09-11 11:24:00,49.5,49.5,49.5,49.5,100.0
2017-09-11 11:25:00,49.54,49.54,49.5,49.5,1565.0
2017-09-11 11:26:00,49.52,49.54,49.52,49.54,500.0
2017-09-11 11:28:00,49.5,49.51,49.5,49.51,300.0
2017-09-11 11:29:00,49.51,49.51,49.5,49.51,300.0
2017-09-11 11:30:00,49.5248,49.53,49.52,49.52,1343.0
2017-09-11 11:31:00,49.54,49.54,49.53,49.53,779.0
2017-09-11 11:32:00,49.53,49.56,49.53,49.54,2461.0
2017-09-11 11:33:00,49.54,49.54,49.54,49.54,1100.0
2017-09-11 11:34:00,49.5375,49.5375,49.5375,49.5375,100.0
2017-09-11 11:35:00,49.5301,49.5301,49.53,49.53,333.0
2017-09-11 11:36:00,49.55,49.55,49.55,49.55,593.0
2017-09-11 11:37:00,49.55,49.55,49.54,49.54,1243.0
2017-09-11 11:38:00,49.535,49.55,49.53,49.55,6700.0
2017-09-11 11:39:00,49.55,49.55,49.5301,49.531000000000006,2412.0
2017-09-11 11:40:00,49.56,49.56,49.55,49.56,800.0
2017-09-11 11:41:00,49.59,49.59,49.57,49.57,1000.0
2017-09-11 11:42:00,49.655,49.7,49.6,49.6,11507.0
2017-09-11 11:43:00,49.67,49.67,49.64,49.655,3799.0
2017-09-11 11:44:00,49.66,49.67,49.65,49.67,1800.0
2017-09-11 11:45:00,49.665,49.665,49.665,49.665,500.0
2017-09-11 11:46:00,49.67,49.68,49.65,49.66,1200.0
2017-09-11 11:47:00,49.66,49.68,49.66,49.67,700.0
2017-09-11 11:48:00,49.66,49.68,49.66,49.68,700.0
2017-09-11 11:49:00,49.6812,49.6812,49.65,49.65,1136.0
2017-09-11 11:50:00,49.67,49.68,49.66,49.68,1500.0
2017-09-11 11:51:00,49.67,49.68,49.67,49.67,800.0
2017-09-11 11:52:00,49.66,49.66,49.66,49.66,100.0
2017-09-11 11:53:00,49.65,49.67,49.65,49.67,3071.0
2017-09-11 11:54:00,49.6402,49.6402,49.64,49.64,450.0
2017-09-11 11:55:00,49.6142,49.64,49.6142,49.64,2300.0
2017-09-11 11:56:00,49.6,49.605,49.6,49.605,300.0
2017-09-11 11:57:00,49.59,49.6,49.59,49.6,1057.0
2017-09-11 11:58:00,49.595,49.6,49.59,49.595,600.0
2017-09-11 11:59:00,49.595,49.6,49.59,49.59,300.0
2017-09-11 12:00:00,49.62,49.62,49.6,49.6,2201.0
2017-09-11 12:01:00,49.65,49.65,49.64,49.64,200.0
2017-09-11 12:02:00,49.62,49.63,49.62,49.63,1900.0
2017-09-11 12:03:00,49.63,49.63,49.62,49.62,200.0
2017-09-11 12:04:00,49.63,49.64,49.63,49.63,1199.0
2017-09-11 12:05:00,49.64,49.64,49.64,49.64,451.0
2017-09-11 12:07:00,49.66,49.66,49.66,49.66,100.0
2017-09-11 12:08:00,49.65,49.65,49.65,49.65,200.0
2017-09-11 12:09:00,49.61,49.64,49.61,49.64,1400.0
2017-09-11 12:10:00,49.63,49.64,49.61,49.62,3900.0
2017-09-11 12:11:00,49.64,49.64,49.63,49.63,1400.0
2017-09-11 12:13:00,49.62,49.63,49.62,49.6253,1001.0
2017-09-11 12:14:00,49.62,49.62,49.62,49.62,800.0
2017-09-11 12:15:00,49.63,49.63,49.61,49.63,900.0
2017-09-11 12:16:00,49.63,49.63,49.62,49.62,700.0
2017-09-11 12:17:00,49.65,49.65,49.63,49.63,1322.0
2017-09-11 12:18:00,49.65,49.66,49.65,49.66,300.0
2017-09-11 12:19:00,49.6599,49.6599,49.6599,49.6599,101.0
2017-09-11 12:20:00,49.645,49.65,49.645,49.65,836.0
2017-09-11 12:21:00,49.64,49.64,49.64,49.64,100.0
2017-09-11 12:22:00,49.645,49.645,49.645,49.645,100.0
2017-09-11 12:23:00,49.65,49.65,49.64,49.64,400.0
2017-09-11 12:24:00,49.645,49.65,49.645,49.65,200.0
2017-09-11 12:25:00,49.63,49.645,49.63,49.645,1300.0
2017-09-11 12:26:00,49.63,49.64,49.63,49.63,448.0
2017-09-11 12:27:00,49.65,49.65,49.63,49.63,2680.0
2017-09-11 12:28:00,49.66,49.66,49.66,49.66,100.0
2017-09-11 12:29:00,49.63,49.66,49.63,49.66,4600.0
2017-09-11 12:30:00,49.63,49.64,49.62,49.64,600.0
2017-09-11 12:31:00,49.63,49.64,49.63,49.63,2100.0
2017-09-11 12:32:00,49.63,49.64,49.63,49.63,900.0
2017-09-11 12:33:00,49.64,49.64,49.63,49.64,1400.0
2017-09-11 12:34:00,49.64,49.64,49.64,49.64,300.0
2017-09-11 12:35:00,49.63,49.64,49.62,49.64,1000.0
2017-09-11 12:36:00,49.63,49.64,49.63,49.64,1000.0
2017-09-11 12:38:00,49.63,49.64,49.62,49.64,400.0
2017-09-11 12:39:00,49.64,49.64,49.6288,49.6288,1094.0
2017-09-11 12:40:00,49.63,49.64,49.62,49.64,1528.0
2017-09-11 12:41:00,49.645,49.65,49.635,49.64,3595.0
2017-09-11 12:42:00,49.67,49.67,49.65,49.65,1329.0
2017-09-11 12:43:00,49.69,49.69,49.67,49.67,967.0
2017-09-11 12:44:00,49.69,49.7,49.69,49.7,4251.0
2017-09-11 12:45:00,49.73,49.73,49.68,49.68,3909.0
2017-09-11 12:46:00,49.75,49.75,49.73,49.73,1505.0
2017-09-11 12:47:00,49.75,49.75,49.74,49.75,600.0
2017-09-11 12:48:00,49.74,49.75,49.74,49.75,2187.0
2017-09-11 12:49:00,49.73,49.74,49.73,49.74,1100.0
2017-09-11 12:50:00,49.72,49.72,49.715,49.72,501.0
2017-09-11 12:51:00,49.73,49.75,49.73,49.73,2100.0
2017-09-11 12:52:00,49.75,49.75,49.73,49.73,960.0
2017-09-11 12:53:00,49.74,49.75,49.74,49.75,900.0
2017-09-11 12:54:00,49.745,49.75,49.735,49.75,2600.0
2017-09-11 12:55:00,49.73,49.75,49.73,49.75,600.0
2017-09-11 12:57:00,49.69,49.72,49.69,49.72,1200.0
2017-09-11 12:58:00,49.7,49.7,49.68,49.68,1318.0
2017-09-11 13:00:00,49.69,49.695,49.69,49.69,1526.0
2017-09-11 13:01:00,49.71,49.71,49.69,49.69,1800.0
2017-09-11 13:02:00,49.71,49.71,49.7,49.71,1400.0
2017-09-11 13:03:00,49.72,49.72,49.71,49.71,200.0
2017-09-11 13:04:00,49.71,49.71,49.71,49.71,400.0
2017-09-11 13:05:00,49.7,49.7,49.7,49.7,100.0
2017-09-11 13:06:00,49.71,49.71,49.7,49.7,600.0
2017-09-11 13:07:00,49.7,49.7,49.7,49.7,1500.0
2017-09-11 13:08:00,49.69,49.69,49.69,49.69,700.0
2017-09-11 13:09:00,49.69,49.69,49.69,49.69,200.0
2017-09-11 13:10:00,49.68,49.68,49.68,49.68,700.0
2017-09-11 13:11:00,49.675,49.675,49.675,49.675,100.0
2017-09-11 13:12:00,49.6725,49.68,49.67,49.68,2236.0
2017-09-11 13:13:00,49.7011,49.7011,49.68,49.68,2301.0
2017-09-11 13:14:00,49.71,49.71,49.695,49.71,3869.0
2017-09-11 13:15:00,49.7,49.701,49.7,49.701,1285.0
2017-09-11 13:16:00,49.705,49.705,49.7,49.7,700.0
2017-09-11 13:17:00,49.7,49.71,49.7,49.705,600.0
2017-09-11 13:18:00,49.71,49.71,49.695,49.7,1604.0
2017-09-11 13:19:00,49.71,49.71,49.71,49.71,800.0
2017-09-11 13:20:00,49.72,49.72,49.705,49.705,973.0
2017-09-11 13:21:00,49.71,49.71,49.71,49.71,200.0
2017-09-11 13:22:00,49.69,49.71,49.69,49.71,1400.0
2017-09-11 13:23:00,49.7,49.705,49.69,49.7,2122.0
2017-09-11 13:24:00,49.7,49.7,49.7,49.7,230.0
2017-09-11 13:25:00,49.7299,49.73,49.71,49.71,2974.0
2017-09-11 13:26:00,49.73,49.73,49.73,49.73,100.0
2017-09-11 13:27:00,49.71,49.72,49.705,49.72,2060.0
2017-09-11 13:28:00,49.72,49.72,49.7,49.7,2497.0
2017-09-11 13:29:00,49.71,49.72,49.71,49.72,500.0
2017-09-11 13:30:00,49.72,49.73,49.72,49.72,1100.0
2017-09-11 13:31:00,49.71,49.72,49.71,49.72,953.0
2017-09-11 13:32:00,49.69,49.71,49.69,49.71,1671.0
2017-09-11 13:33:00,49.7,49.7,49.7,49.7,500.0
2017-09-11 13:34:00,49.7099,49.7099,49.7099,49.7099,100.0
2017-09-11 13:35:00,49.69,49.69,49.69,49.69,100.0
2017-09-11 13:37:00,49.68,49.71,49.68,49.71,1700.0
2017-09-11 13:38:00,49.68,49.685,49.67,49.67,2400.0
2017-09-11 13:39:00,49.68,49.69,49.68,49.68,400.0
2017-09-11 13:40:00,49.68,49.68,49.68,49.68,700.0
2017-09-11 13:41:00,49.685,49.685,49.68,49.68,600.0
2017-09-11 13:42:00,49.69,49.69,49.69,49.69,600.0
2017-09-11 13:43:00,49.69,49.69,49.6838,49.6838,1808.0
2017-09-11 13:44:00,49.7,49.7,49.695,49.7,1200.0
2017-09-11 13:45:00,49.7,49.7,49.6944,49.7,600.0
2017-09-11 13:46:00,49.69,49.7,49.68,49.7,5895.0
2017-09-11 13:47:00,49.69,49.69,49.68,49.68,300.0
2017-09-11 13:48:00,49.7,49.7,49.7,49.7,1536.0
2017-09-11 13:49:00,49.71,49.71,49.71,49.71,100.0
2017-09-11 13:51:00,49.685,49.69,49.685,49.69,700.0
2017-09-11 13:52:00,49.685,49.685,49.685,49.685,100.0
2017-09-11 13:53:00,49.71,49.71,49.685,49.685,1700.0
2017-09-11 13:54:00,49.7,49.7,49.7,49.7,300.0
2017-09-11 13:55:00,49.7,49.7,49.7,49.7,100.0
2017-09-11 13:56:00,49.69,49.7,49.67,49.7,3015.0
2017-09-11 13:57:00,49.7,49.7,49.69,49.69,2600.0
2017-09-11 13:58:00,49.72,49.72,49.71,49.71,1000.0
2017-09-11 13:59:00,49.7,49.71,49.7,49.71,3100.0
2017-09-11 14:00:00,49.72,49.72,49.7,49.7,1217.0
2017-09-11 14:01:00,49.72,49.72,49.72,49.72,500.0
2017-09-11 14:02:00,49.71,49.71,49.695,49.71,13250.0
2017-09-11 14:03:00,49.7,49.705,49.7,49.705,600.0
2017-09-11 14:04:00,49.705,49.71,49.7,49.7,1211.0
2017-09-11 14:05:00,49.72,49.72,49.71,49.71,1205.0
2017-09-11 14:06:00,49.7,49.71,49.7,49.71,1150.0
2017-09-11 14:07:00,49.7,49.7,49.69,49.69,200.0
2017-09-11 14:08:00,49.7,49.7,49.69,49.6994,1032.0
2017-09-11 14:09:00,49.71,49.71,49.708999999999996,49.708999999999996,280.0
2017-09-11 14:10:00,49.71,49.71,49.7,49.7038,450.0
2017-09-11 14:11:00,49.715,49.715,49.7,49.7,5411.0
2017-09-11 14:12:00,49.71,49.715,49.71,49.715,200.0
2017-09-11 14:13:00,49.73,49.73,49.71,49.71,1797.0
2017-09-11 14:14:00,49.715,49.72,49.715,49.72,800.0
2017-09-11 14:15:00,49.72,49.72,49.72,49.72,300.0
2017-09-11 14:16:00,49.72,49.72,49.7144,49.7144,500.0
2017-09-11 14:17:00,49.7,49.71,49.7,49.71,800.0
2017-09-11 14:18:00,49.7,49.71,49.695,49.7,611.0
2017-09-11 14:19:00,49.7099,49.7099,49.7099,49.7099,100.0
2017-09-11 14:20:00,49.7,49.7,49.7,49.7,300.0
2017-09-11 14:22:00,49.7,49.7,49.69,49.69,500.0
2017-09-11 14:23:00,49.7,49.71,49.7,49.7,1725.0
2017-09-11 14:24:00,49.7,49.708999999999996,49.7,49.708999999999996,600.0
2017-09-11 14:25:00,49.67,49.7,49.66,49.7,3557.0
2017-09-11 14:26:00,49.7,49.71,49.66,49.66,12933.0
2017-09-11 14:27:00,49.72,49.72,49.7,49.7,1800.0
2017-09-11 14:28:00,49.73,49.73,49.73,49.73,300.0
2017-09-11 14:29:00,49.73,49.73,49.7267,49.73,470.0
2017-09-11 14:30:00,49.72,49.7205,49.691,49.72,5437.0
2017-09-11 14:31:00,49.715,49.715,49.715,49.715,100.0
2017-09-11 14:32:00,49.715,49.72,49.71,49.715,1000.0
2017-09-11 14:33:00,49.735,49.735,49.72,49.72,1945.0
2017-09-11 14:34:00,49.74,49.755,49.74,49.74,4179.0
2017-09-11 14:35:00,49.745,49.745,49.74,49.74,1001.0
2017-09-11 14:36:00,49.735,49.74,49.735,49.74,600.0
2017-09-11 14:37:00,49.735,49.735,49.735,49.735,600.0
2017-09-11 14:38:00,49.73,49.735,49.73,49.735,900.0
2017-09-11 14:39:00,49.75,49.75,49.725,49.725,1718.0
2017-09-11 14:40:00,49.7456,49.75,49.74,49.75,859.0
2017-09-11 14:41:00,49.74,49.75,49.74,49.75,1200.0
2017-09-11 14:42:00,49.74,49.74,49.74,49.74,400.0
2017-09-11 14:43:00,49.735,49.74,49.735,49.74,400.0
2017-09-11 14:44:00,49.74,49.74,49.74,49.74,400.0
2017-09-11 14:45:00,49.745,49.745,49.74,49.74,500.0
2017-09-11 14:46:00,49.74,49.745,49.74,49.745,1300.0
2017-09-11 14:47:00,49.74,49.74,49.74,49.74,600.0
2017-09-11 14:48:00,49.73,49.74,49.73,49.74,500.0
2017-09-11 14:49:00,49.745,49.745,49.74,49.74,1301.0
2017-09-11 14:50:00,49.75,49.75,49.745,49.745,200.0
2017-09-11 14:51:00,49.73,49.745,49.73,49.74,1402.0
2017-09-11 14:52:00,49.73,49.73,49.725,49.725,200.0
2017-09-11 14:53:00,49.7202,49.73,49.7202,49.7299,1262.0
2017-09-11 14:54:00,49.74,49.74,49.73,49.73,1400.0
2017-09-11 14:55:00,49.74,49.74,49.735,49.735,461.0
2017-09-11 14:56:00,49.74,49.74,49.73,49.74,700.0
2017-09-11 14:57:00,49.72,49.735,49.715,49.735,2460.0
2017-09-11 14:58:00,49.72,49.72,49.71,49.715,1779.0
2017-09-11 14:59:00,49.72,49.72,49.715,49.72,1100.0
2017-09-11 15:00:00,49.725,49.725,49.72,49.725,1001.0
2017-09-11 15:01:00,49.72,49.73,49.72,49.725,600.0
2017-09-11 15:02:00,49.745,49.745,49.725,49.73,1902.0
2017-09-11 15:03:00,49.75,49.75,49.745,49.745,300.0
2017-09-11 15:04:00,49.725,49.75,49.725,49.75,1859.0
2017-09-11 15:05:00,49.74,49.74,49.7202,49.725,2602.0
2017-09-11 15:06:00,49.73,49.74,49.73,49.74,1200.0
2017-09-11 15:07:00,49.74,49.74,49.73,49.735,2110.0
2017-09-11 15:08:00,49.73,49.735,49.73,49.735,700.0
2017-09-11 15:09:00,49.74,49.74,49.725,49.725,665.0
2017-09-11 15:10:00,49.735,49.74,49.735,49.74,600.0
2017-09-11 15:11:00,49.735,49.74,49.73,49.735,1200.0
2017-09-11 15:12:00,49.735,49.74,49.735,49.74,600.0
2017-09-11 15:13:00,49.73,49.74,49.73,49.74,1663.0
2017-09-11 15:14:00,49.73,49.74,49.72,49.72,5043.0
2017-09-11 15:15:00,49.7333,49.74,49.73,49.73,1277.0
2017-09-11 15:16:00,49.735,49.735,49.73,49.73,400.0
2017-09-11 15:17:00,49.73,49.74,49.73,49.73,951.0
2017-09-11 15:18:00,49.74,49.74,49.73,49.735,800.0
2017-09-11 15:19:00,49.74,49.74,49.73,49.735,1100.0
2017-09-11 15:20:00,49.735,49.74,49.735,49.735,400.0
2017-09-11 15:21:00,49.71,49.74,49.705,49.74,4400.0
2017-09-11 15:22:00,49.6825,49.705,49.68,49.705,1700.0
2017-09-11 15:23:00,49.68,49.68,49.67,49.67,300.0
2017-09-11 15:24:00,49.665,49.675,49.665,49.675,2292.0
2017-09-11 15:25:00,49.66,49.67,49.66,49.67,1000.0
2017-09-11 15:26:00,49.68,49.69,49.665,49.665,5554.0
2017-09-11 15:27:00,49.68,49.685,49.68,49.685,200.0
2017-09-11 15:28:00,49.68,49.685,49.67,49.68,5900.0
2017-09-11 15:29:00,49.69,49.69,49.685,49.69,2028.0
2017-09-11 15:30:00,49.7,49.705,49.68,49.69,5416.0
2017-09-11 15:31:00,49.71,49.71,49.695,49.695,1721.0
2017-09-11 15:32:00,49.72,49.72,49.71,49.71,1920.0
2017-09-11 15:33:00,49.74,49.74,49.72,49.72,3408.0
2017-09-11 15:34:00,49.7342,49.74,49.73,49.74,4352.0
2017-09-11 15:35:00,49.72,49.74,49.72,49.74,3991.0
2017-09-11 15:36:00,49.715,49.715,49.71,49.715,700.0
2017-09-11 15:37:00,49.71,49.72,49.71,49.71,2965.0
2017-09-11 15:38:00,49.695,49.705,49.69,49.705,3400.0
2017-09-11 15:39:00,49.7,49.7,49.69,49.695,2949.0
2017-09-11 15:40:00,49.73,49.73,49.695,49.7,7910.0
2017-09-11 15:41:00,49.725,49.73,49.72,49.72,4527.0
2017-09-11 15:42:00,49.72,49.73,49.72,49.725,1200.0
2017-09-11 15:43:00,49.725,49.73,49.72,49.73,4811.0
2017-09-11 15:44:00,49.725,49.73,49.72,49.73,2100.0
2017-09-11 15:45:00,49.725,49.74,49.7,49.725,17743.0
2017-09-11 15:46:00,49.68,49.71,49.67,49.71,11271.0
2017-09-11 15:47:00,49.665,49.685,49.66,49.68,3642.0
2017-09-11 15:48:00,49.685,49.69,49.66,49.665,8806.0
2017-09-11 15:49:00,49.675,49.685,49.675,49.685,4401.0
2017-09-11 15:50:00,49.655,49.67,49.65,49.67,6786.0
2017-09-11 15:51:00,49.65,49.66,49.65,49.655,2997.0
2017-09-11 15:52:00,49.655,49.66,49.65,49.65,3872.0
2017-09-11 15:53:00,49.63,49.66,49.63,49.655,10032.0
2017-09-11 15:54:00,49.625,49.635,49.62,49.635,6506.0
2017-09-11 15:55:00,49.63,49.63,49.62,49.625,12978.0
2017-09-11 15:56:00,49.65,49.66,49.62,49.625,11400.0
2017-09-11 15:57:00,49.65,49.66,49.65,49.655,8418.0
2017-09-11 15:58:00,49.595,49.66,49.595,49.65,29945.0
2017-09-11 15:59:00,49.61,49.61,49.57,49.6,45822.0
2017-09-11 16:00:00,49.59,49.61,49.59,49.6,49852.0
2017-09-12 09:30:00,49.72,49.72,49.72,49.72,16399.0
2017-09-12 09:33:00,49.85,49.85,49.84,49.84,200.0
2017-09-12 09:34:00,49.83,49.83,49.8,49.82,2003.0
2017-09-12 09:35:00,49.78,49.78,49.78,49.78,200.0
2017-09-12 09:36:00,49.81,49.81,49.81,49.81,100.0
2017-09-12 09:38:00,49.86,49.86,49.81,49.81,1000.0
2017-09-12 09:39:00,49.81,49.88,49.81,49.86,2622.0
2017-09-12 09:40:00,49.86,49.86,49.8,49.81,3500.0
2017-09-12 09:41:00,49.9,49.9,49.8286,49.8286,2203.0
2017-09-12 09:42:00,49.87,49.87,49.87,49.87,300.0
2017-09-12 09:43:00,49.89,49.89,49.89,49.89,100.0
2017-09-12 09:44:00,49.925,49.925,49.9,49.9,300.0
2017-09-12 09:45:00,49.915,49.92,49.91,49.91,1800.0
2017-09-12 09:46:00,49.9,49.93,49.9,49.93,4800.0
2017-09-12 09:47:00,49.88,49.89,49.87,49.89,1400.0
2017-09-12 09:48:00,49.87,49.87,49.86,49.87,1419.0
2017-09-12 09:49:00,49.83,49.85,49.83,49.85,853.0
2017-09-12 09:50:00,49.85,49.86,49.83,49.83,800.0
2017-09-12 09:51:00,49.875,49.875,49.86,49.86,524.0
2017-09-12 09:52:00,49.865,49.865,49.86,49.86,500.0
2017-09-12 09:53:00,49.825,49.85,49.825,49.85,600.0
2017-09-12 09:54:00,49.73,49.81,49.71,49.81,2500.0
2017-09-12 09:55:00,49.79,49.79,49.75,49.75,202.0
2017-09-12 09:56:00,49.75,49.75,49.73,49.75,800.0
2017-09-12 09:57:00,49.76,49.76,49.75,49.75,781.0
2017-09-12 09:58:00,49.73,49.78,49.69,49.78,2821.0
2017-09-12 09:59:00,49.7,49.71,49.7,49.71,972.0
2017-09-12 10:00:00,49.68,49.71,49.68,49.7,1674.0
2017-09-12 10:01:00,49.72,49.72,49.7,49.72,6870.0
2017-09-12 10:02:00,49.71,49.72,49.71,49.72,500.0
2017-09-12 10:03:00,49.71,49.71,49.71,49.71,100.0
2017-09-12 10:04:00,49.7389,49.7389,49.72,49.72,1568.0
2017-09-12 10:06:00,49.79,49.7999,49.77,49.7999,777.0
2017-09-12 10:07:00,49.8,49.8,49.78,49.78,700.0
2017-09-12 10:08:00,49.77,49.8,49.74,49.8,1243.0
2017-09-12 10:09:00,49.76,49.78,49.76,49.775,800.0
2017-09-12 10:10:00,49.785,49.785,49.78,49.78,700.0
2017-09-12 10:11:00,49.77,49.78,49.75,49.78,1618.0
2017-09-12 10:12:00,49.775,49.775,49.775,49.775,100.0
2017-09-12 10:13:00,49.74,49.76,49.71,49.76,4510.0
2017-09-12 10:14:00,49.725,49.74,49.72,49.74,1440.0
2017-09-12 10:16:00,49.67,49.71,49.67,49.71,1200.0
2017-09-12 10:17:00,49.705,49.71,49.67,49.67,1311.0
2017-09-12 10:18:00,49.68,49.7001,49.68,49.7001,1098.0
2017-09-12 10:19:00,49.69,49.69,49.68,49.69,600.0
2017-09-12 10:20:00,49.69,49.71,49.69,49.69,1100.0
2017-09-12 10:21:00,49.67,49.69,49.66,49.69,600.0
2017-09-12 10:24:00,49.68,49.69,49.68,49.685,660.0
2017-09-12 10:25:00,49.67,49.67,49.67,49.67,200.0
2017-09-12 10:26:00,49.665,49.67,49.66,49.66,500.0
2017-09-12 10:27:00,49.62,49.66,49.62,49.66,2650.0
2017-09-12 10:28:00,49.64,49.64,49.6,49.6,300.0
2017-09-12 10:29:00,49.63,49.63,49.62,49.62,200.0
2017-09-12 10:30:00,49.68,49.68,49.63,49.63,3238.0
2017-09-12 10:31:00,49.64,49.64,49.64,49.64,100.0
2017-09-12 10:32:00,49.63,49.64,49.63,49.64,1900.0
2017-09-12 10:33:00,49.6,49.63,49.6,49.63,843.0
2017-09-12 10:34:00,49.62,49.62,49.61,49.61,700.0
2017-09-12 10:36:00,49.61,49.62,49.58,49.62,11633.0
2017-09-12 10:37:00,49.65,49.65,49.63,49.63,700.0
2017-09-12 10:38:00,49.59,49.66,49.59,49.651,2200.0
2017-09-12 10:39:00,49.61,49.61,49.6,49.6,2200.0
2017-09-12 10:40:00,49.57,49.6,49.57,49.6,800.0
2017-09-12 10:41:00,49.59,49.59,49.57,49.57,3463.0
2017-09-12 10:42:00,49.62,49.63,49.6,49.6,2300.0
2017-09-12 10:43:00,49.63,49.635,49.6137,49.63,3320.0
2017-09-12 10:44:00,49.6,49.625,49.6,49.62,2030.0
2017-09-12 10:45:00,49.54,49.61,49.5,49.61,34003.0
2017-09-12 10:46:00,49.565,49.565,49.5402,49.545,1700.0
2017-09-12 10:47:00,49.51,49.56,49.51,49.55,2563.0
2017-09-12 10:48:00,49.46,49.52,49.43,49.51,9566.0
2017-09-12 10:49:00,49.49,49.5,49.47,49.48,5348.0
2017-09-12 10:50:00,49.4964,49.5,49.49,49.5,700.0
2017-09-12 10:51:00,49.5,49.5,49.5,49.5,200.0
2017-09-12 10:52:00,49.515,49.52,49.5,49.5,4000.0
2017-09-12 10:53:00,49.53,49.54,49.53,49.54,431.0
2017-09-12 10:54:00,49.515,49.545,49.515,49.545,3120.0
2017-09-12 10:55:00,49.5264,49.5264,49.515,49.515,915.0
2017-09-12 10:56:00,49.5288,49.5288,49.5288,49.5288,400.0
2017-09-12 10:57:00,49.53,49.53,49.53,49.53,400.0
2017-09-12 10:58:00,49.53,49.53,49.53,49.53,300.0
2017-09-12 10:59:00,49.55,49.55,49.535,49.54,2176.0
2017-09-12 11:00:00,49.56,49.5625,49.54,49.56,2900.0
2017-09-12 11:01:00,49.55,49.57,49.545,49.56,5810.0
2017-09-12 11:02:00,49.555,49.555,49.55,49.55,500.0
2017-09-12 11:03:00,49.56,49.56,49.55,49.55,800.0
2017-09-12 11:04:00,49.51,49.54,49.51,49.54,1000.0
2017-09-12 11:05:00,49.52,49.52,49.5,49.5,2130.0
2017-09-12 11:06:00,49.51,49.525,49.51,49.52,1900.0
2017-09-12 11:07:00,49.5001,49.5193,49.5001,49.5193,239.0
2017-09-12 11:08:00,49.53,49.53,49.5,49.5,3899.0
2017-09-12 11:09:00,49.52,49.53,49.515,49.53,2111.0
2017-09-12 11:11:00,49.52,49.52,49.52,49.52,900.0
2017-09-12 11:12:00,49.53,49.53,49.525,49.53,600.0
2017-09-12 11:13:00,49.52,49.53,49.52,49.53,1200.0
2017-09-12 11:14:00,49.53,49.53,49.53,49.53,200.0
2017-09-12 11:15:00,49.53,49.53,49.53,49.53,1000.0
2017-09-12 11:16:00,49.485,49.52,49.485,49.52,3575.0
2017-09-12 11:17:00,49.51,49.51,49.49,49.49,2803.0
2017-09-12 11:19:00,49.49,49.5,49.49,49.5,1400.0
2017-09-12 11:20:00,49.48,49.48,49.48,49.48,100.0
2017-09-12 11:21:00,49.49,49.49,49.49,49.49,1301.0
2017-09-12 11:22:00,49.5,49.5,49.5,49.5,100.0
2017-09-12 11:23:00,49.5,49.5,49.5,49.5,100.0
2017-09-12 11:24:00,49.49,49.49,49.49,49.49,400.0
2017-09-12 11:25:00,49.49,49.49,49.49,49.49,100.0
2017-09-12 11:27:00,49.5,49.5,49.495,49.5,1800.0
2017-09-12 11:28:00,49.5,49.5,49.495,49.495,300.0
2017-09-12 11:29:00,49.46,49.49,49.44,49.49,7272.0
2017-09-12 11:30:00,49.47,49.49,49.46,49.46,2502.0
2017-09-12 11:31:00,49.49,49.5,49.48,49.49,2800.0
2017-09-12 11:32:00,49.49,49.49,49.48,49.485,1500.0
2017-09-12 11:33:00,49.49,49.49,49.485,49.485,1200.0
2017-09-12 11:34:00,49.49,49.49,49.49,49.49,234.0
2017-09-12 11:35:00,49.495,49.51,49.49,49.5,4247.0
2017-09-12 11:36:00,49.49,49.5,49.49,49.495,300.0
2017-09-12 11:37:00,49.5,49.515,49.495,49.495,2009.0
2017-09-12 11:38:00,49.51,49.51,49.495,49.5,1600.0
2017-09-12 11:40:00,49.47,49.51,49.47,49.51,3597.0
2017-09-12 11:41:00,49.46,49.48,49.455,49.47,4500.0
2017-09-12 11:43:00,49.48,49.48,49.4604,49.4604,4470.0
2017-09-12 11:44:00,49.49,49.49,49.475,49.475,1500.0
2017-09-12 11:45:00,49.52,49.525,49.495,49.495,3579.0
2017-09-12 11:46:00,49.53,49.53,49.52,49.52,200.0
2017-09-12 11:47:00,49.53,49.53,49.53,49.53,300.0
2017-09-12 11:48:00,49.53,49.53,49.53,49.53,100.0
2017-09-12 11:50:00,49.538999999999994,49.538999999999994,49.538999999999994,49.538999999999994,300.0
2017-09-12 11:51:00,49.535,49.54,49.53,49.53,851.0
2017-09-12 11:52:00,49.5365,49.54,49.5301,49.535,600.0
2017-09-12 11:53:00,49.55,49.55,49.535,49.535,625.0
2017-09-12 11:54:00,49.545,49.55,49.53,49.55,4026.0
2017-09-12 11:55:00,49.56,49.56,49.54,49.545,1500.0
2017-09-12 11:56:00,49.54,49.56,49.53,49.5526,2225.0
2017-09-12 11:57:00,49.54,49.54,49.53,49.53,300.0
2017-09-12 11:58:00,49.5385,49.5385,49.5385,49.5385,103.0
2017-09-12 11:59:00,49.55,49.56,49.55,49.55,5195.0
2017-09-12 12:01:00,49.53,49.55,49.52,49.55,10022.0
2017-09-12 12:02:00,49.55,49.55,49.54,49.54,600.0
2017-09-12 12:03:00,49.57,49.57,49.56,49.56,700.0
2017-09-12 12:04:00,49.56,49.59,49.56,49.57,2000.0
2017-09-12 12:05:00,49.57,49.57,49.57,49.57,400.0
2017-09-12 12:06:00,49.6,49.6,49.57,49.58,1400.0
2017-09-12 12:07:00,49.6,49.6,49.599,49.599,271.0
2017-09-12 12:08:00,49.59,49.6,49.59,49.6,1523.0
2017-09-12 12:09:00,49.6,49.6,49.6,49.6,300.0
2017-09-12 12:10:00,49.615,49.62,49.61,49.61,400.0
2017-09-12 12:11:00,49.62,49.62,49.62,49.62,500.0
2017-09-12 12:12:00,49.62,49.625,49.62,49.62,900.0
2017-09-12 12:14:00,49.625,49.625,49.625,49.625,100.0
2017-09-12 12:15:00,49.62,49.635,49.62,49.63,1946.0
2017-09-12 12:16:00,49.61,49.61,49.61,49.61,200.0
2017-09-12 12:19:00,49.625,49.625,49.62,49.62,1800.0
2017-09-12 12:20:00,49.64,49.64,49.625,49.63,1765.0
2017-09-12 12:21:00,49.65,49.65,49.64,49.65,1000.0
2017-09-12 12:22:00,49.63,49.64,49.63,49.64,600.0
2017-09-12 12:23:00,49.635,49.635,49.635,49.635,700.0
2017-09-12 12:24:00,49.65,49.65,49.65,49.65,400.0
2017-09-12 12:25:00,49.6499,49.65,49.645,49.65,425.0
2017-09-12 12:26:00,49.65,49.65,49.64,49.64,300.0
2017-09-12 12:27:00,49.645,49.6461,49.645,49.6461,900.0
2017-09-12 12:28:00,49.645,49.65,49.64,49.6462,834.0
2017-09-12 12:29:00,49.65,49.65,49.645,49.645,500.0
2017-09-12 12:30:00,49.64,49.66,49.64,49.65,5055.0
2017-09-12 12:31:00,49.61,49.63,49.61,49.63,1100.0
2017-09-12 12:32:00,49.63,49.63,49.61,49.625,2200.0
2017-09-12 12:33:00,49.63,49.635,49.63,49.63,1598.0
2017-09-12 12:35:00,49.6252,49.63,49.6252,49.63,700.0
2017-09-12 12:37:00,49.61,49.625,49.61,49.62,920.0
2017-09-12 12:39:00,49.605,49.61,49.605,49.61,1000.0
2017-09-12 12:40:00,49.615,49.62,49.605,49.61,1800.0
2017-09-12 12:42:00,49.63,49.635,49.62,49.62,1600.0
2017-09-12 12:43:00,49.64,49.64,49.64,49.64,200.0
2017-09-12 12:44:00,49.64,49.64,49.64,49.64,400.0
2017-09-12 12:45:00,49.66,49.66,49.66,49.66,200.0
2017-09-12 12:47:00,49.655,49.655,49.655,49.655,300.0
2017-09-12 12:48:00,49.665,49.67,49.66,49.66,1500.0
2017-09-12 12:49:00,49.68,49.68,49.665,49.665,500.0
2017-09-12 12:50:00,49.69,49.69,49.67,49.67,2137.0
2017-09-12 12:51:00,49.69,49.7,49.69,49.7,1600.0
2017-09-12 12:52:00,49.69,49.705,49.69,49.7,600.0
2017-09-12 12:53:00,49.69,49.69,49.685,49.69,1650.0
2017-09-12 12:54:00,49.67,49.685,49.67,49.68,1000.0
2017-09-12 12:55:00,49.665,49.665,49.66,49.66,5230.0
2017-09-12 12:56:00,49.69,49.69,49.67,49.67,2135.0
2017-09-12 12:57:00,49.68,49.685,49.68,49.685,1300.0
2017-09-12 12:58:00,49.67,49.68,49.67,49.68,800.0
2017-09-12 12:59:00,49.6788,49.6788,49.6788,49.6788,357.0
2017-09-12 13:00:00,49.69,49.71,49.69,49.69,5127.0
2017-09-12 13:01:00,49.68,49.69,49.68,49.69,500.0
2017-09-12 13:02:00,49.65,49.68,49.65,49.68,4506.0
2017-09-12 13:03:00,49.64,49.65,49.64,49.65,200.0
2017-09-12 13:04:00,49.65,49.65,49.65,49.65,100.0
2017-09-12 13:05:00,49.66,49.66,49.66,49.66,100.0
2017-09-12 13:06:00,49.66,49.66,49.66,49.66,100.0
2017-09-12 13:08:00,49.62,49.66,49.62,49.66,2467.0
2017-09-12 13:09:00,49.62,49.62,49.6188,49.6188,500.0
2017-09-12 13:10:00,49.63,49.63,49.62,49.63,1334.0
2017-09-12 13:11:00,49.61,49.63,49.61,49.63,2909.0
2017-09-12 13:12:00,49.605,49.61,49.6,49.6,2100.0
2017-09-12 13:13:00,49.6,49.605,49.595,49.605,2200.0
2017-09-12 13:14:00,49.6,49.6,49.59,49.59,8600.0
2017-09-12 13:15:00,49.585,49.605,49.55,49.595,14229.0
2017-09-12 13:16:00,49.585,49.585,49.585,49.585,400.0
2017-09-12 13:17:00,49.585,49.6,49.58,49.59,5800.0
2017-09-12 13:18:00,49.58,49.58,49.58,49.58,100.0
2017-09-12 13:19:00,49.59,49.59,49.59,49.59,200.0
2017-09-12 13:20:00,49.59,49.59,49.585,49.5867,1331.0
2017-09-12 13:21:00,49.51,49.58,49.51,49.58,35381.0
2017-09-12 13:22:00,49.53,49.53,49.52,49.52,600.0
2017-09-12 13:23:00,49.555,49.555,49.53,49.53,3200.0
2017-09-12 13:25:00,49.55,49.55,49.55,49.55,100.0
2017-09-12 13:26:00,49.55,49.559,49.55,49.559,3730.0
2017-09-12 13:27:00,49.545,49.56,49.545,49.56,5210.0
2017-09-12 13:28:00,49.545,49.545,49.54,49.545,500.0
2017-09-12 13:29:00,49.54,49.545,49.54,49.545,895.0
2017-09-12 13:30:00,49.55,49.55,49.54,49.545,3931.0
2017-09-12 13:31:00,49.5534,49.565,49.545,49.545,3000.0
2017-09-12 13:32:00,49.56,49.565,49.555,49.565,900.0
2017-09-12 13:33:00,49.565,49.565,49.56,49.56,300.0
2017-09-12 13:34:00,49.54,49.56,49.54,49.56,3469.0
2017-09-12 13:35:00,49.545,49.55,49.545,49.55,1550.0
2017-09-12 13:36:00,49.52,49.54,49.52,49.54,2968.0
2017-09-12 13:37:00,49.5,49.52,49.5,49.52,768.0
2017-09-12 13:39:00,49.5,49.5,49.5,49.5,500.0
2017-09-12 13:40:00,49.5,49.51,49.49,49.49,4450.0
2017-09-12 13:41:00,49.48,49.49,49.48,49.49,1511.0
2017-09-12 13:42:00,49.48,49.48,49.455,49.48,3201.0
2017-09-12 13:43:00,49.47,49.48,49.47,49.475,2304.0
2017-09-12 13:44:00,49.48,49.48,49.475,49.48,2349.0
2017-09-12 13:45:00,49.49,49.49,49.49,49.49,100.0
2017-09-12 13:46:00,49.49,49.49,49.49,49.49,200.0
2017-09-12 13:47:00,49.48,49.485,49.48,49.48,1458.0
2017-09-12 13:48:00,49.47,49.48,49.47,49.48,200.0
2017-09-12 13:49:00,49.485,49.485,49.48,49.48,500.0
2017-09-12 13:50:00,49.49,49.49,49.48,49.485,2500.0
2017-09-12 13:51:00,49.49,49.49,49.49,49.49,200.0
2017-09-12 13:52:00,49.495,49.5,49.49,49.49,1200.0
2017-09-12 13:53:00,49.5,49.5,49.5,49.5,500.0
2017-09-12 13:56:00,49.475,49.5,49.475,49.5,2608.0
2017-09-12 13:57:00,49.475,49.48,49.475,49.475,4580.0
2017-09-12 13:58:00,49.4895,49.49,49.48,49.48,1100.0
2017-09-12 14:00:00,49.505,49.505,49.5,49.5,4000.0
2017-09-12 14:01:00,49.495,49.5,49.49,49.5,900.0
2017-09-12 14:02:00,49.49,49.49,49.49,49.49,100.0
2017-09-12 14:03:00,49.45,49.495,49.45,49.495,3877.0
2017-09-12 14:04:00,49.455,49.46,49.445,49.46,1805.0
2017-09-12 14:05:00,49.46,49.46,49.45,49.455,2500.0
2017-09-12 14:07:00,49.46,49.46,49.4541,49.4541,1203.0
2017-09-12 14:08:00,49.43,49.46,49.43,49.46,2355.0
2017-09-12 14:09:00,49.4,49.43,49.4,49.43,4856.0
2017-09-12 14:10:00,49.41,49.41,49.395,49.395,5442.0
2017-09-12 14:11:00,49.41,49.41,49.41,49.41,100.0
2017-09-12 14:12:00,49.405,49.41,49.405,49.41,597.0
2017-09-12 14:13:00,49.435,49.44,49.405,49.41,5200.0
2017-09-12 14:14:00,49.4,49.435,49.4,49.425,2800.0
2017-09-12 14:15:00,49.4,49.43,49.395,49.4,9672.0
2017-09-12 14:16:00,49.43,49.43,49.405,49.405,2500.0
2017-09-12 14:17:00,49.425,49.43,49.42,49.425,2133.0
2017-09-12 14:18:00,49.43,49.435,49.43,49.43,2880.0
2017-09-12 14:19:00,49.438,49.438,49.43,49.43,819.0
2017-09-12 14:20:00,49.43,49.43,49.43,49.43,1000.0
2017-09-12 14:21:00,49.44,49.44,49.435,49.44,3000.0
2017-09-12 14:22:00,49.43,49.44,49.43,49.43,4920.0
2017-09-12 14:23:00,49.435,49.435,49.425,49.43,1600.0
2017-09-12 14:24:00,49.44,49.445,49.42,49.44,5636.0
2017-09-12 14:25:00,49.4301,49.44,49.4301,49.44,640.0
2017-09-12 14:26:00,49.45,49.45,49.43,49.43,2911.0
2017-09-12 14:27:00,49.49,49.5,49.46,49.46,5200.0
2017-09-12 14:28:00,49.5,49.5,49.49,49.49,993.0
2017-09-12 14:29:00,49.495,49.495,49.49,49.49,700.0
2017-09-12 14:30:00,49.5,49.5,49.5,49.5,100.0
2017-09-12 14:32:00,49.48,49.5,49.48,49.5,1458.0
2017-09-12 14:33:00,49.45,49.48,49.45,49.48,6118.0
2017-09-12 14:35:00,49.45,49.45,49.44,49.45,6000.0
2017-09-12 14:36:00,49.465,49.47,49.46,49.46,900.0
2017-09-12 14:37:00,49.465,49.47,49.46,49.465,4718.0
2017-09-12 14:38:00,49.43,49.465,49.43,49.465,7883.0
2017-09-12 14:39:00,49.44,49.44,49.41,49.43,4600.0
2017-09-12 14:40:00,49.44,49.445,49.44,49.445,2334.0
2017-09-12 14:42:00,49.44,49.44,49.4234,49.4234,1100.0
2017-09-12 14:43:00,49.42,49.42,49.42,49.42,400.0
2017-09-12 14:44:00,49.455,49.46,49.43,49.43,3865.0
2017-09-12 14:45:00,49.455,49.46,49.4501,49.4501,440.0
2017-09-12 14:47:00,49.43,49.455,49.43,49.455,4102.0
2017-09-12 14:48:00,49.415,49.43,49.415,49.43,1500.0
2017-09-12 14:49:00,49.41,49.415,49.405,49.41,5000.0
2017-09-12 14:50:00,49.41,49.41,49.405,49.41,400.0
2017-09-12 14:51:00,49.42,49.42,49.41,49.415,400.0
2017-09-12 14:52:00,49.43,49.43,49.415,49.415,2100.0
2017-09-12 14:53:00,49.4359,49.44,49.4359,49.44,200.0
2017-09-12 14:54:00,49.45,49.45,49.43,49.435,2594.0
2017-09-12 14:55:00,49.47,49.47,49.46,49.46,554.0
2017-09-12 14:56:00,49.45,49.46,49.45,49.46,527.0
2017-09-12 14:57:00,49.45,49.47,49.44,49.46,9130.0
2017-09-12 14:58:00,49.45,49.45,49.44,49.45,6900.0
2017-09-12 14:59:00,49.455,49.455,49.45,49.455,400.0
2017-09-12 15:00:00,49.46,49.46,49.455,49.455,914.0
2017-09-12 15:01:00,49.46,49.47,49.46,49.46,2800.0
2017-09-12 15:02:00,49.455,49.465,49.455,49.46,829.0
2017-09-12 15:03:00,49.46,49.46,49.455,49.46,500.0
2017-09-12 15:04:00,49.46,49.46,49.455,49.455,2382.0
2017-09-12 15:05:00,49.46,49.47,49.46,49.465,2399.0
2017-09-12 15:06:00,49.48,49.48,49.46,49.465,5666.0
2017-09-12 15:07:00,49.475,49.475,49.465,49.47,1532.0
2017-09-12 15:08:00,49.455,49.465,49.445,49.46,5057.0
2017-09-12 15:09:00,49.46,49.47,49.46,49.46,2200.0
2017-09-12 15:10:00,49.455,49.46,49.45,49.46,800.0
2017-09-12 15:11:00,49.44,49.455,49.435,49.455,9593.0
2017-09-12 15:12:00,49.43,49.44,49.43,49.43,4002.0
2017-09-12 15:13:00,49.44,49.44,49.44,49.44,300.0
2017-09-12 15:14:00,49.4601,49.4601,49.445,49.45,3800.0
2017-09-12 15:15:00,49.47,49.48,49.4601,49.465,2730.0
2017-09-12 15:16:00,49.47,49.48,49.46,49.47,2570.0
2017-09-12 15:18:00,49.47,49.4701,49.47,49.47,2900.0
2017-09-12 15:19:00,49.47,49.475,49.465,49.47,3100.0
2017-09-12 15:20:00,49.48,49.48,49.47,49.47,2150.0
2017-09-12 15:21:00,49.5,49.5,49.4775,49.48,2300.0
2017-09-12 15:22:00,49.5,49.5,49.495,49.495,700.0
2017-09-12 15:23:00,49.49,49.495,49.49,49.495,1487.0
2017-09-12 15:24:00,49.49,49.49,49.49,49.49,4834.0
2017-09-12 15:26:00,49.49,49.495,49.49,49.495,300.0
2017-09-12 15:27:00,49.48,49.495,49.48,49.49,2813.0
2017-09-12 15:28:00,49.49,49.49,49.475,49.475,3600.0
2017-09-12 15:29:00,49.47,49.49,49.47,49.49,1400.0
2017-09-12 15:30:00,49.475,49.475,49.47,49.47,300.0
2017-09-12 15:31:00,49.48,49.48,49.475,49.475,4800.0
2017-09-12 15:32:00,49.475,49.475,49.4702,49.475,600.0
2017-09-12 15:33:00,49.4744,49.48,49.4744,49.48,2400.0
2017-09-12 15:34:00,49.475,49.48,49.47,49.475,1800.0
2017-09-12 15:35:00,49.425,49.475,49.415,49.47,17017.0
2017-09-12 15:36:00,49.44,49.44,49.42,49.425,7056.0
2017-09-12 15:37:00,49.435,49.435,49.435,49.435,200.0
2017-09-12 15:38:00,49.435,49.435,49.43,49.435,854.0
2017-09-12 15:39:00,49.435,49.44,49.43,49.43,700.0
2017-09-12 15:40:00,49.425,49.43,49.425,49.43,2291.0
2017-09-12 15:41:00,49.425,49.43,49.42,49.425,2200.0
2017-09-12 15:42:00,49.42,49.4255,49.42,49.425,1200.0
2017-09-12 15:43:00,49.425,49.425,49.42,49.42,3256.0
2017-09-12 15:44:00,49.445,49.445,49.425,49.425,2545.0
2017-09-12 15:45:00,49.44,49.45,49.43,49.44,9393.0
2017-09-12 15:46:00,49.435,49.445,49.43,49.44,2888.0
2017-09-12 15:47:00,49.4536,49.455,49.43,49.44,6936.0
2017-09-12 15:48:00,49.46,49.46,49.45,49.455,5200.0
2017-09-12 15:49:00,49.455,49.46,49.45,49.455,2300.0
2017-09-12 15:50:00,49.45,49.46,49.44,49.46,7127.0
2017-09-12 15:51:00,49.425,49.45,49.42,49.45,7077.0
2017-09-12 15:52:00,49.425,49.435,49.425,49.425,21353.0
2017-09-12 15:53:00,49.43,49.43,49.42,49.425,4137.0
2017-09-12 15:54:00,49.425,49.43,49.42,49.425,3700.0
2017-09-12 15:55:00,49.44,49.44,49.425,49.43,14645.0
2017-09-12 15:56:00,49.4,49.44,49.395,49.435,32968.0
2017-09-12 15:57:00,49.405,49.41,49.4,49.4,3900.0
2017-09-12 15:58:00,49.43,49.43,49.4,49.41,24269.0
2017-09-12 15:59:00,49.43,49.45,49.42,49.43,23379.0
2017-09-12 16:00:00,49.42,49.45,49.4,49.425,54808.0
2017-09-13 09:30:00,49.49,49.49,49.41,49.41,17577.0
2017-09-13 09:31:00,49.2989,49.49,49.28,49.49,5423.0
2017-09-13 09:32:00,49.26,49.29,49.26,49.29,800.0
2017-09-13 09:33:00,49.24,49.31,49.24,49.26,3277.0
2017-09-13 09:34:00,49.25,49.26,49.215,49.215,2203.0
2017-09-13 09:35:00,49.25,49.25,49.25,49.25,200.0
2017-09-13 09:36:00,49.26,49.26,49.24,49.25,2980.0
2017-09-13 09:37:00,49.33,49.33,49.28,49.28,1000.0
2017-09-13 09:38:00,49.31,49.34,49.29,49.34,6431.0
2017-09-13 09:39:00,49.3,49.325,49.3,49.325,748.0
2017-09-13 09:40:00,49.25,49.34,49.25,49.28,300.0
2017-09-13 09:41:00,49.31,49.31,49.3,49.3,2000.0
2017-09-13 09:42:00,49.31,49.32,49.3,49.32,625.0
2017-09-13 09:43:00,49.29,49.29,49.29,49.29,176.0
2017-09-13 09:44:00,49.3,49.3,49.3,49.3,423.0
2017-09-13 09:45:00,49.29,49.3,49.29,49.3,200.0
2017-09-13 09:46:00,49.29,49.34,49.28,49.28,2900.0
2017-09-13 09:47:00,49.325,49.325,49.29,49.29,1400.0
2017-09-13 09:48:00,49.28,49.31,49.28,49.31,1734.0
2017-09-13 09:49:00,49.32,49.32,49.28,49.28,2990.0
2017-09-13 09:50:00,49.29,49.32,49.27,49.32,1900.0
2017-09-13 09:52:00,49.32,49.33,49.31,49.31,711.0
2017-09-13 09:54:00,49.35,49.36,49.32,49.32,2000.0
2017-09-13 09:55:00,49.37,49.37,49.35,49.355,1087.0
2017-09-13 09:57:00,49.38,49.395,49.38,49.395,1023.0
2017-09-13 09:58:00,49.38,49.39,49.38,49.39,500.0
2017-09-13 09:59:00,49.38,49.39,49.38,49.39,900.0
2017-09-13 10:01:00,49.38,49.38,49.38,49.38,735.0
2017-09-13 10:02:00,49.38,49.385,49.375,49.385,2367.0
2017-09-13 10:03:00,49.39,49.39,49.37,49.38,1000.0
2017-09-13 10:04:00,49.38,49.38,49.38,49.38,200.0
2017-09-13 10:06:00,49.39,49.39,49.39,49.39,100.0
2017-09-13 10:07:00,49.36,49.37,49.36,49.37,800.0
2017-09-13 10:08:00,49.33,49.34,49.33,49.34,1005.0
2017-09-13 10:10:00,49.335,49.34,49.335,49.34,1070.0
2017-09-13 10:11:00,49.34,49.34,49.34,49.34,100.0
2017-09-13 10:12:00,49.33,49.33,49.33,49.33,400.0
2017-09-13 10:13:00,49.31,49.32,49.31,49.32,300.0
2017-09-13 10:14:00,49.32,49.33,49.32,49.33,300.0
2017-09-13 10:15:00,49.33,49.33,49.33,49.33,100.0
2017-09-13 10:16:00,49.34,49.34,49.33,49.33,852.0
2017-09-13 10:17:00,49.33,49.34,49.33,49.34,1801.0
2017-09-13 10:18:00,49.34,49.34,49.33,49.33,1600.0
2017-09-13 10:19:00,49.35,49.35,49.34,49.34,6827.0
2017-09-13 10:20:00,49.37,49.37,49.36,49.36,2400.0
2017-09-13 10:21:00,49.38,49.38,49.37,49.37,300.0
2017-09-13 10:22:00,49.3733,49.38,49.3733,49.375,1900.0
2017-09-13 10:23:00,49.38,49.38,49.37,49.37,600.0
2017-09-13 10:24:00,49.38,49.38,49.375,49.38,400.0
2017-09-13 10:25:00,49.37,49.385,49.37,49.38,2184.0
2017-09-13 10:26:00,49.37,49.37,49.37,49.37,300.0
2017-09-13 10:27:00,49.37,49.38,49.37,49.38,600.0
2017-09-13 10:28:00,49.385,49.385,49.38,49.38,300.0
2017-09-13 10:29:00,49.38,49.38,49.38,49.38,300.0
2017-09-13 10:30:00,49.39,49.39,49.39,49.39,100.0
2017-09-13 10:31:00,49.39,49.3998,49.39,49.3998,390.0
2017-09-13 10:32:00,49.37,49.4,49.37,49.39,2368.0
2017-09-13 10:33:00,49.37,49.37,49.36,49.37,3517.0
2017-09-13 10:34:00,49.38,49.38,49.375,49.375,200.0
2017-09-13 10:35:00,49.35,49.37,49.35,49.37,1268.0
2017-09-13 10:36:00,49.31,49.35,49.305,49.35,4873.0
2017-09-13 10:37:00,49.32,49.33,49.32,49.33,243.0
2017-09-13 10:38:00,49.32,49.33,49.31,49.3101,2700.0
2017-09-13 10:39:00,49.325,49.33,49.31,49.3299,1391.0
2017-09-13 10:40:00,49.34,49.34,49.325,49.325,1300.0
2017-09-13 10:41:00,49.331,49.34,49.3301,49.34,1391.0
2017-09-13 10:42:00,49.36,49.37,49.35,49.35,4068.0
2017-09-13 10:43:00,49.36,49.36,49.35,49.36,2096.0
2017-09-13 10:44:00,49.35,49.35,49.35,49.35,100.0
2017-09-13 10:45:00,49.34,49.355,49.34,49.355,1008.0
2017-09-13 10:46:00,49.3556,49.36,49.34,49.34,941.0
2017-09-13 10:48:00,49.36,49.36,49.355,49.355,2100.0
2017-09-13 10:49:00,49.33,49.35,49.33,49.35,1600.0
2017-09-13 10:50:00,49.35,49.35,49.35,49.35,200.0
2017-09-13 10:51:00,49.265,49.35,49.25,49.35,8144.0
2017-09-13 10:52:00,49.253,49.265,49.253,49.26,500.0
2017-09-13 10:53:00,49.28,49.28,49.27,49.28,500.0
2017-09-13 10:54:00,49.26,49.28,49.26,49.28,380.0
2017-09-13 10:55:00,49.25,49.26,49.25,49.26,400.0
2017-09-13 10:56:00,49.25,49.2575,49.25,49.2575,1350.0
2017-09-13 10:57:00,49.2389,49.24,49.23,49.24,2487.0
2017-09-13 10:58:00,49.24,49.24,49.2374,49.2374,618.0
2017-09-13 10:59:00,49.24,49.24,49.24,49.24,200.0
2017-09-13 11:00:00,49.23,49.23,49.23,49.23,200.0
2017-09-13 11:01:00,49.235,49.24,49.23,49.23,1449.0
2017-09-13 11:02:00,49.25,49.25,49.24,49.24,3500.0
2017-09-13 11:03:00,49.25,49.25,49.24,49.25,900.0
2017-09-13 11:04:00,49.2525,49.26,49.25,49.26,800.0
2017-09-13 11:05:00,49.25,49.27,49.25,49.25,1850.0
2017-09-13 11:06:00,49.256,49.26,49.25,49.255,2701.0
2017-09-13 11:07:00,49.28,49.28,49.2501,49.2501,1893.0
2017-09-13 11:08:00,49.26,49.27,49.26,49.27,1200.0
2017-09-13 11:12:00,49.25,49.25,49.25,49.25,751.0
2017-09-13 11:13:00,49.25,49.25,49.25,49.25,100.0
2017-09-13 11:14:00,49.24,49.25,49.24,49.25,660.0
2017-09-13 11:16:00,49.24,49.25,49.24,49.25,900.0
2017-09-13 11:17:00,49.27,49.27,49.26,49.26,200.0
2017-09-13 11:18:00,49.25,49.26,49.25,49.25,500.0
2017-09-13 11:19:00,49.265,49.27,49.26,49.26,1000.0
2017-09-13 11:20:00,49.265,49.265,49.265,49.265,200.0
2017-09-13 11:21:00,49.26,49.27,49.255,49.27,2300.0
2017-09-13 11:23:00,49.25,49.26,49.25,49.2505,420.0
2017-09-13 11:24:00,49.265,49.27,49.25,49.255,1406.0
2017-09-13 11:25:00,49.26,49.265,49.26,49.265,550.0
2017-09-13 11:26:00,49.27,49.27,49.265,49.265,450.0
2017-09-13 11:27:00,49.24,49.26,49.23,49.26,3145.0
2017-09-13 11:28:00,49.24,49.24,49.24,49.24,100.0
2017-09-13 11:29:00,49.25,49.25,49.25,49.25,200.0
2017-09-13 11:30:00,49.24,49.24,49.24,49.24,100.0
2017-09-13 11:31:00,49.2598,49.2598,49.2598,49.2598,135.0
2017-09-13 11:32:00,49.25,49.25,49.25,49.25,100.0
2017-09-13 11:33:00,49.3,49.3,49.25,49.26,4440.0
2017-09-13 11:34:00,49.33,49.34,49.31,49.31,1500.0
2017-09-13 11:35:00,49.33,49.34,49.33,49.33,700.0
2017-09-13 11:36:00,49.34,49.34,49.32,49.34,700.0
2017-09-13 11:37:00,49.355,49.36,49.32,49.32,18288.0
2017-09-13 11:38:00,49.35,49.37,49.33,49.36,34349.0
2017-09-13 11:39:00,49.385,49.4,49.33,49.35,12896.0
2017-09-13 11:40:00,49.385,49.41,49.38,49.385,3681.0
2017-09-13 11:42:00,49.38,49.4,49.3553,49.4,9187.0
2017-09-13 11:43:00,49.39,49.39,49.38,49.38,600.0
2017-09-13 11:44:00,49.365,49.4,49.36,49.38,5400.0
2017-09-13 11:45:00,49.39,49.39,49.36,49.36,1000.0
2017-09-13 11:46:00,49.39,49.4,49.39,49.4,200.0
2017-09-13 11:47:00,49.4,49.4,49.4,49.4,500.0
2017-09-13 11:48:00,49.41,49.41,49.4,49.41,3183.0
2017-09-13 11:49:00,49.39,49.41,49.39,49.41,1725.0
2017-09-13 11:50:00,49.4,49.4,49.391999999999996,49.391999999999996,750.0
2017-09-13 11:51:00,49.4,49.41,49.4,49.4,800.0
2017-09-13 11:52:00,49.4,49.4,49.4,49.4,300.0
2017-09-13 11:53:00,49.4,49.4,49.39,49.4,1500.0
2017-09-13 11:54:00,49.41,49.41,49.4,49.4,800.0
2017-09-13 11:55:00,49.4,49.4,49.4,49.4,2400.0
2017-09-13 11:56:00,49.39,49.39,49.39,49.39,200.0
2017-09-13 11:57:00,49.385,49.4,49.385,49.39,796.0
2017-09-13 11:58:00,49.38,49.38,49.38,49.38,100.0
2017-09-13 11:59:00,49.38,49.38,49.38,49.38,200.0
2017-09-13 12:00:00,49.36,49.38,49.355,49.38,2400.0
2017-09-13 12:01:00,49.365,49.365,49.36,49.36,1900.0
2017-09-13 12:02:00,49.36,49.36,49.36,49.36,200.0
2017-09-13 12:03:00,49.35,49.36,49.35,49.355,1700.0
2017-09-13 12:04:00,49.36,49.36,49.35,49.35,200.0
2017-09-13 12:05:00,49.35,49.37,49.35,49.37,1600.0
2017-09-13 12:06:00,49.34,49.34,49.34,49.34,148.0
2017-09-13 12:07:00,49.34,49.34,49.34,49.34,400.0
2017-09-13 12:08:00,49.32,49.32,49.315,49.32,600.0
2017-09-13 12:09:00,49.325,49.33,49.325,49.33,1000.0
2017-09-13 12:11:00,49.32,49.33,49.32,49.33,800.0
2017-09-13 12:12:00,49.32,49.32,49.32,49.32,100.0
2017-09-13 12:13:00,49.32,49.32,49.32,49.32,200.0
2017-09-13 12:14:00,49.295,49.31,49.28,49.31,5700.0
2017-09-13 12:15:00,49.3,49.3,49.3,49.3,600.0
2017-09-13 12:16:00,49.29,49.295,49.29,49.29,300.0
2017-09-13 12:17:00,49.275,49.29,49.275,49.29,1688.0
2017-09-13 12:18:00,49.28,49.28,49.27,49.27,700.0
2017-09-13 12:19:00,49.27,49.28,49.27,49.271,550.0
2017-09-13 12:21:00,49.265,49.27,49.265,49.265,700.0
2017-09-13 12:22:00,49.27,49.27,49.27,49.27,462.0
2017-09-13 12:23:00,49.27,49.27,49.26,49.26,300.0
2017-09-13 12:24:00,49.22,49.265,49.22,49.265,5108.0
2017-09-13 12:25:00,49.225,49.225,49.2,49.22,33292.0
2017-09-13 12:26:00,49.22,49.26,49.2,49.225,32705.0
2017-09-13 12:27:00,49.25,49.25,49.23,49.23,7671.0
2017-09-13 12:28:00,49.24,49.26,49.22,49.25,13600.0
2017-09-13 12:29:00,49.24,49.25,49.24,49.25,7053.0
2017-09-13 12:30:00,49.24,49.25,49.24,49.25,5043.0
2017-09-13 12:31:00,49.26,49.26,49.2499,49.2499,4392.0
2017-09-13 12:32:00,49.25,49.26,49.2415,49.26,5762.0
2017-09-13 12:33:00,49.25,49.25,49.25,49.25,300.0
2017-09-13 12:34:00,49.21,49.245,49.18,49.24,8019.0
2017-09-13 12:35:00,49.24,49.24,49.21,49.22,4100.0
2017-09-13 12:36:00,49.225,49.23,49.2,49.22,11790.0
2017-09-13 12:37:00,49.23,49.24,49.225,49.225,3751.0
2017-09-13 12:38:00,49.25,49.25,49.235,49.24,2200.0
2017-09-13 12:39:00,49.25,49.25,49.24,49.25,500.0
2017-09-13 12:40:00,49.25,49.25,49.248999999999995,49.25,426.0
2017-09-13 12:41:00,49.25,49.25,49.25,49.25,2600.0
2017-09-13 12:42:00,49.25,49.25,49.25,49.25,1511.0
2017-09-13 12:43:00,49.26,49.26,49.25,49.25,500.0
2017-09-13 12:44:00,49.26,49.27,49.255,49.255,2061.0
2017-09-13 12:45:00,49.26,49.27,49.26,49.27,700.0
2017-09-13 12:46:00,49.25,49.265,49.25,49.265,3318.0
2017-09-13 12:47:00,49.23,49.25,49.225,49.2482,4609.0
2017-09-13 12:48:00,49.23,49.245,49.23,49.23,2200.0
2017-09-13 12:49:00,49.25,49.25,49.24,49.24,300.0
2017-09-13 12:50:00,49.24,49.26,49.22,49.25,3228.0
2017-09-13 12:51:00,49.225,49.24,49.22,49.23,2092.0
2017-09-13 12:52:00,49.215,49.23,49.21,49.22,2102.0
2017-09-13 12:53:00,49.22,49.22,49.215,49.215,1100.0
2017-09-13 12:54:00,49.23,49.23,49.23,49.23,500.0
2017-09-13 12:55:00,49.23,49.24,49.23,49.24,400.0
2017-09-13 12:56:00,49.23,49.23,49.22,49.22,400.0
2017-09-13 12:57:00,49.235,49.24,49.23,49.23,300.0
2017-09-13 12:58:00,49.22,49.23,49.21,49.23,1300.0
2017-09-13 12:59:00,49.15,49.24,49.15,49.23,7283.0
2017-09-13 13:00:00,49.2,49.205,49.153,49.153,6509.0
2017-09-13 13:01:00,49.205,49.205,49.205,49.205,700.0
2017-09-13 13:02:00,49.205,49.205,49.205,49.205,400.0
2017-09-13 13:03:00,49.2,49.205,49.19,49.205,1502.0
2017-09-13 13:04:00,49.2,49.2099,49.195,49.2,1232.0
2017-09-13 13:05:00,49.21,49.21,49.185,49.19,400.0
2017-09-13 13:06:00,49.195,49.195,49.195,49.195,200.0
2017-09-13 13:07:00,49.2,49.21,49.19,49.19,1500.0
2017-09-13 13:08:00,49.2,49.2,49.2,49.2,200.0
2017-09-13 13:09:00,49.21,49.21,49.21,49.21,200.0
2017-09-13 13:10:00,49.195,49.21,49.19,49.21,400.0
2017-09-13 13:11:00,49.2,49.2,49.19,49.19,502.0
2017-09-13 13:12:00,49.21,49.21,49.2,49.2,2100.0
2017-09-13 13:13:00,49.23,49.23,49.22,49.22,800.0
2017-09-13 13:14:00,49.24,49.24,49.24,49.24,400.0
2017-09-13 13:15:00,49.23,49.25,49.23,49.25,1400.0
2017-09-13 13:16:00,49.23,49.24,49.23,49.235,1102.0
2017-09-13 13:17:00,49.22,49.23,49.215,49.225,900.0
2017-09-13 13:18:00,49.22,49.23,49.21,49.23,900.0
2017-09-13 13:19:00,49.205,49.22,49.2,49.215,1722.0
2017-09-13 13:20:00,49.22,49.22,49.22,49.22,600.0
2017-09-13 13:21:00,49.215,49.22,49.211000000000006,49.22,1400.0
2017-09-13 13:22:00,49.195,49.22,49.195,49.22,1205.0
2017-09-13 13:23:00,49.21,49.21,49.2,49.2,600.0
2017-09-13 13:24:00,49.19,49.205,49.19,49.205,831.0
2017-09-13 13:25:00,49.21,49.21,49.2,49.21,500.0
2017-09-13 13:26:00,49.21,49.21,49.2,49.205,1280.0
2017-09-13 13:27:00,49.21,49.21,49.21,49.21,400.0
2017-09-13 13:28:00,49.18,49.22,49.18,49.22,2765.0
2017-09-13 13:29:00,49.16,49.19,49.15,49.19,2723.0
2017-09-13 13:30:00,49.12,49.17,49.12,49.15,5563.0
2017-09-13 13:31:00,49.15,49.15,49.14,49.14,200.0
2017-09-13 13:32:00,49.17,49.17,49.14,49.155,1007.0
2017-09-13 13:33:00,49.16,49.165,49.16,49.16,600.0
2017-09-13 13:34:00,49.16,49.17,49.16,49.16,1000.0
2017-09-13 13:35:00,49.16,49.16,49.16,49.16,200.0
2017-09-13 13:36:00,49.1668,49.1668,49.165,49.165,492.0
2017-09-13 13:37:00,49.161,49.165,49.16,49.165,700.0
2017-09-13 13:38:00,49.18,49.18,49.16,49.17,2500.0
2017-09-13 13:39:00,49.19,49.19,49.17,49.17,1100.0
2017-09-13 13:40:00,49.18,49.18,49.17,49.17,1235.0
2017-09-13 13:41:00,49.1899,49.19,49.18,49.18,450.0
2017-09-13 13:42:00,49.18,49.19,49.18,49.19,300.0
2017-09-13 13:43:00,49.165,49.19,49.16,49.19,1886.0
2017-09-13 13:44:00,49.19,49.19,49.17,49.17,900.0
2017-09-13 13:45:00,49.2,49.2,49.19,49.19,200.0
2017-09-13 13:46:00,49.2,49.21,49.19,49.21,1000.0
2017-09-13 13:47:00,49.2098,49.23,49.205,49.23,1717.0
2017-09-13 13:48:00,49.21,49.21,49.21,49.21,400.0
2017-09-13 13:49:00,49.21,49.22,49.2,49.21,1051.0
2017-09-13 13:50:00,49.21,49.225,49.21,49.22,1400.0
2017-09-13 13:51:00,49.22,49.22,49.21,49.2198,900.0
2017-09-13 13:52:00,49.19,49.22,49.19,49.22,1504.0
2017-09-13 13:53:00,49.19,49.2,49.19,49.2,400.0
2017-09-13 13:54:00,49.2,49.205,49.19,49.19,2582.0
2017-09-13 13:55:00,49.21,49.21,49.205,49.21,1200.0
2017-09-13 13:56:00,49.1984,49.22,49.19,49.21,5200.0
2017-09-13 13:57:00,49.22,49.22,49.2,49.2,1080.0
2017-09-13 13:58:00,49.21,49.23,49.21,49.23,1017.0
2017-09-13 13:59:00,49.215,49.215,49.21,49.21,500.0
2017-09-13 14:00:00,49.22,49.22,49.2088,49.21,504.0
2017-09-13 14:01:00,49.19,49.2,49.185,49.2,1700.0
2017-09-13 14:02:00,49.19,49.19,49.18,49.19,1060.0
2017-09-13 14:04:00,49.175,49.19,49.15,49.19,2700.0
2017-09-13 14:05:00,49.17,49.175,49.17,49.175,1300.0
2017-09-13 14:06:00,49.16,49.17,49.16,49.16,600.0
2017-09-13 14:07:00,49.17,49.175,49.152,49.17,1080.0
2017-09-13 14:08:00,49.18,49.19,49.18,49.18,1000.0
2017-09-13 14:09:00,49.19,49.1925,49.19,49.19,932.0
2017-09-13 14:10:00,49.175,49.19,49.17,49.19,1100.0
2017-09-13 14:11:00,49.18,49.18,49.175,49.175,400.0
2017-09-13 14:12:00,49.18,49.18,49.175,49.18,700.0
2017-09-13 14:13:00,49.19,49.19,49.18,49.19,1800.0
2017-09-13 14:14:00,49.205,49.21,49.19,49.19,1620.0
2017-09-13 14:15:00,49.2,49.2,49.2,49.2,200.0
2017-09-13 14:16:00,49.19,49.2,49.185,49.185,10819.0
2017-09-13 14:17:00,49.19,49.19,49.18,49.18,972.0
2017-09-13 14:18:00,49.18,49.19,49.18,49.185,1250.0
2017-09-13 14:19:00,49.175,49.18,49.17,49.1725,1200.0
2017-09-13 14:20:00,49.175,49.18,49.17,49.18,900.0
2017-09-13 14:21:00,49.1652,49.17,49.1416,49.17,6848.0
2017-09-13 14:22:00,49.165,49.165,49.16,49.165,600.0
2017-09-13 14:23:00,49.155,49.16,49.15,49.16,1161.0
2017-09-13 14:24:00,49.1282,49.155,49.1282,49.155,965.0
2017-09-13 14:25:00,49.135,49.14,49.125,49.13,1500.0
2017-09-13 14:26:00,49.12,49.14,49.12,49.135,2648.0
2017-09-13 14:27:00,49.12,49.13,49.12,49.13,600.0
2017-09-13 14:28:00,49.13,49.13,49.111999999999995,49.111999999999995,600.0
2017-09-13 14:29:00,49.135,49.135,49.13,49.13,1533.0
2017-09-13 14:30:00,49.133,49.15,49.131,49.14,2554.0
2017-09-13 14:31:00,49.141000000000005,49.141000000000005,49.1322,49.135,2196.0
2017-09-13 14:32:00,49.15,49.15,49.1401,49.15,1200.0
2017-09-13 14:33:00,49.145,49.16,49.14,49.15,2466.0
2017-09-13 14:34:00,49.13,49.14,49.13,49.14,700.0
2017-09-13 14:35:00,49.16,49.16,49.14,49.14,1020.0
2017-09-13 14:36:00,49.14,49.155,49.14,49.155,2691.0
2017-09-13 14:37:00,49.135,49.135,49.135,49.135,100.0
2017-09-13 14:38:00,49.14,49.145,49.135,49.14,1300.0
2017-09-13 14:39:00,49.13,49.14,49.13,49.14,1000.0
2017-09-13 14:40:00,49.135,49.135,49.125,49.135,1790.0
2017-09-13 14:41:00,49.14,49.14,49.13,49.13,200.0
2017-09-13 14:42:00,49.125,49.135,49.12,49.135,2100.0
2017-09-13 14:43:00,49.125,49.125,49.125,49.125,100.0
2017-09-13 14:44:00,49.15,49.15,49.121,49.13,2483.0
2017-09-13 14:45:00,49.155,49.155,49.1487,49.15,823.0
2017-09-13 14:46:00,49.16,49.18,49.151,49.16,4139.0
2017-09-13 14:47:00,49.175,49.185,49.17,49.17,1500.0
2017-09-13 14:48:00,49.17,49.18,49.17,49.18,2000.0
2017-09-13 14:49:00,49.19,49.19,49.175,49.18,1300.0
2017-09-13 14:50:00,49.2,49.2,49.185,49.185,600.0
2017-09-13 14:51:00,49.2,49.2,49.18,49.195,1949.0
2017-09-13 14:52:00,49.185,49.21,49.18,49.2,2023.0
2017-09-13 14:53:00,49.175,49.185,49.165,49.185,2000.0
2017-09-13 14:54:00,49.17,49.17,49.16,49.17,850.0
2017-09-13 14:55:00,49.175,49.18,49.17,49.175,1300.0
2017-09-13 14:56:00,49.165,49.175,49.165,49.175,2000.0
2017-09-13 14:57:00,49.1645,49.17,49.1645,49.165,2420.0
2017-09-13 14:58:00,49.17,49.18,49.17,49.17,1900.0
2017-09-13 14:59:00,49.165,49.18,49.165,49.17,2572.0
2017-09-13 15:00:00,49.165,49.17,49.165,49.165,520.0
2017-09-13 15:01:00,49.16,49.17,49.16,49.17,500.0
2017-09-13 15:02:00,49.175,49.175,49.165,49.17,1952.0
2017-09-13 15:03:00,49.19,49.19,49.18,49.18,700.0
2017-09-13 15:04:00,49.18,49.19,49.18,49.1852,4089.0
2017-09-13 15:05:00,49.2,49.2,49.175,49.18,4505.0
2017-09-13 15:06:00,49.21,49.21,49.195,49.2,4495.0
2017-09-13 15:07:00,49.21,49.22,49.195,49.21,5482.0
2017-09-13 15:08:00,49.215,49.22,49.21,49.21,3961.0
2017-09-13 15:09:00,49.22,49.22,49.215,49.215,1327.0
2017-09-13 15:10:00,49.23,49.24,49.22,49.23,2028.0
2017-09-13 15:11:00,49.245,49.255,49.24,49.24,1939.0
2017-09-13 15:12:00,49.25,49.25,49.24,49.245,2153.0
2017-09-13 15:13:00,49.25,49.25,49.25,49.25,2100.0
2017-09-13 15:14:00,49.215,49.2525,49.21,49.24,4760.0
2017-09-13 15:15:00,49.22,49.22,49.215,49.215,400.0
2017-09-13 15:16:00,49.23,49.23,49.22,49.22,2000.0
2017-09-13 15:17:00,49.23,49.24,49.23,49.24,3650.0
2017-09-13 15:18:00,49.24,49.25,49.23,49.23,6995.0
2017-09-13 15:19:00,49.235,49.24,49.235,49.24,300.0
2017-09-13 15:20:00,49.24,49.24,49.235,49.235,3100.0
2017-09-13 15:21:00,49.235,49.25,49.235,49.24,1308.0
2017-09-13 15:22:00,49.245,49.25,49.24,49.24,2200.0
2017-09-13 15:23:00,49.295,49.3,49.25,49.25,2624.0
2017-09-13 15:24:00,49.265,49.32,49.265,49.3,8183.0
2017-09-13 15:25:00,49.27,49.28,49.26,49.27,2500.0
2017-09-13 15:26:00,49.271,49.28,49.271,49.275,700.0
2017-09-13 15:27:00,49.27,49.275,49.26,49.27,4050.0
2017-09-13 15:28:00,49.285,49.29,49.275,49.28,2507.0
2017-09-13 15:29:00,49.3,49.3,49.28,49.29,1563.0
2017-09-13 15:30:00,49.265,49.3,49.26,49.29,5061.0
2017-09-13 15:31:00,49.285,49.285,49.265,49.265,3913.0
2017-09-13 15:32:00,49.29,49.29,49.285,49.29,2504.0
2017-09-13 15:33:00,49.29,49.29,49.28,49.29,2300.0
2017-09-13 15:34:00,49.3,49.3,49.28,49.29,3810.0
2017-09-13 15:35:00,49.295,49.295,49.28,49.295,5775.0
2017-09-13 15:36:00,49.29,49.3,49.29,49.3,2715.0
2017-09-13 15:37:00,49.32,49.33,49.3,49.3,6766.0
2017-09-13 15:38:00,49.34,49.34,49.32,49.325,4724.0
2017-09-13 15:39:00,49.35,49.35,49.335,49.335,1798.0
2017-09-13 15:40:00,49.335,49.35,49.32,49.35,8021.0
2017-09-13 15:41:00,49.315,49.33,49.315,49.33,2900.0
2017-09-13 15:42:00,49.305,49.32,49.3,49.31,7437.0
2017-09-13 15:43:00,49.295,49.3,49.295,49.3,2054.0
2017-09-13 15:44:00,49.3,49.3,49.29,49.29,1800.0
2017-09-13 15:45:00,49.29,49.3,49.29,49.3,3500.0
2017-09-13 15:46:00,49.29,49.3,49.29,49.295,2157.0
2017-09-13 15:47:00,49.3,49.305,49.29,49.295,5649.0
2017-09-13 15:48:00,49.31,49.31,49.3,49.3,2500.0
2017-09-13 15:49:00,49.31,49.31,49.3,49.3,3500.0
2017-09-13 15:50:00,49.305,49.32,49.3,49.3,5200.0
2017-09-13 15:51:00,49.271,49.315,49.271,49.31,20968.0
2017-09-13 15:52:00,49.285,49.29,49.27,49.28,5200.0
2017-09-13 15:53:00,49.28,49.29,49.28,49.285,5700.0
2017-09-13 15:54:00,49.3,49.3,49.29,49.29,11008.0
2017-09-13 15:55:00,49.285,49.3,49.285,49.29,12315.0
2017-09-13 15:56:00,49.265,49.29,49.245,49.285,18718.0
2017-09-13 15:57:00,49.275,49.28,49.255,49.265,21984.0
2017-09-13 15:58:00,49.25,49.28,49.235,49.275,36081.0
2017-09-13 15:59:00,49.27,49.28,49.25,49.255,18192.0
2017-09-13 16:00:00,49.29,49.29,49.27,49.275,22103.0
2017-09-14 09:30:00,49.2,49.2,49.2,49.2,11891.0
2017-09-14 09:31:00,49.33,49.33,49.16,49.16,392.0
2017-09-14 09:32:00,49.2901,49.34,49.29,49.34,1200.0
2017-09-14 09:33:00,49.24,49.29,49.24,49.29,527.0
2017-09-14 09:34:00,49.2236,49.2553,49.2236,49.2553,1600.0
2017-09-14 09:35:00,49.28,49.28,49.2696,49.2696,261.0
2017-09-14 09:36:00,49.28,49.294,49.2607,49.294,1400.0
2017-09-14 09:37:00,49.28,49.3,49.27,49.27,1500.0
2017-09-14 09:38:00,49.305,49.305,49.3,49.3,200.0
2017-09-14 09:39:00,49.32,49.32,49.32,49.32,200.0
2017-09-14 09:40:00,49.32,49.35,49.3,49.35,700.0
2017-09-14 09:41:00,49.29,49.3,49.27,49.3,1400.0
2017-09-14 09:42:00,49.31,49.31,49.27,49.29,1404.0
2017-09-14 09:43:00,49.32,49.32,49.29,49.29,400.0
2017-09-14 09:46:00,49.26,49.295,49.26,49.295,400.0
2017-09-14 09:47:00,49.25,49.26,49.23,49.26,3800.0
2017-09-14 09:48:00,49.23,49.25,49.23,49.24,600.0
2017-09-14 09:49:00,49.2486,49.25,49.23,49.23,903.0
2017-09-14 09:50:00,49.235,49.235,49.235,49.235,100.0
2017-09-14 09:51:00,49.23,49.25,49.21,49.25,1200.0
2017-09-14 09:52:00,49.2,49.22,49.2,49.22,387.0
2017-09-14 09:53:00,49.2,49.2,49.2,49.2,100.0
2017-09-14 09:54:00,49.22,49.22,49.21,49.22,1000.0
2017-09-14 09:55:00,49.26,49.26,49.21,49.22,18054.0
2017-09-14 09:56:00,49.37,49.37,49.26,49.26,5943.0
2017-09-14 09:57:00,49.34,49.34,49.32,49.34,2500.0
2017-09-14 09:58:00,49.36,49.37,49.35,49.35,5996.0
2017-09-14 09:59:00,49.36,49.36,49.33,49.36,2600.0
2017-09-14 10:00:00,49.36,49.36,49.33,49.33,2822.0
2017-09-14 10:01:00,49.3728,49.38,49.37,49.38,959.0
2017-09-14 10:02:00,49.32,49.38,49.31,49.38,4300.0
2017-09-14 10:03:00,49.31,49.32,49.31,49.32,500.0
2017-09-14 10:04:00,49.31,49.33,49.31,49.33,1300.0
2017-09-14 10:05:00,49.31,49.31,49.31,49.31,300.0
2017-09-14 10:07:00,49.2941,49.3,49.29,49.29,2289.0
2017-09-14 10:08:00,49.3,49.3,49.29,49.29,300.0
2017-09-14 10:09:00,49.29,49.295,49.29,49.295,509.0
2017-09-14 10:10:00,49.3,49.33,49.27,49.28,2500.0
2017-09-14 10:11:00,49.31,49.32,49.31,49.31,2064.0
2017-09-14 10:12:00,49.26,49.315,49.24,49.315,700.0
2017-09-14 10:13:00,49.24,49.27,49.24,49.27,1810.0
2017-09-14 10:14:00,49.26,49.265,49.25,49.25,1200.0
2017-09-14 10:16:00,49.28,49.28,49.25,49.27,800.0
2017-09-14 10:17:00,49.28,49.28,49.28,49.28,100.0
2017-09-14 10:18:00,49.26,49.295,49.26,49.29,2765.0
2017-09-14 10:19:00,49.26,49.26,49.26,49.26,100.0
2017-09-14 10:20:00,49.29,49.29,49.245,49.245,550.0
2017-09-14 10:21:00,49.28,49.3,49.275,49.3,1520.0
2017-09-14 10:22:00,49.27,49.28,49.27,49.28,400.0
2017-09-14 10:23:00,49.25,49.275,49.24,49.275,1722.0
2017-09-14 10:24:00,49.25,49.25,49.25,49.25,100.0
2017-09-14 10:25:00,49.23,49.25,49.23,49.24,1200.0
2017-09-14 10:26:00,49.24,49.25,49.23,49.23,900.0
2017-09-14 10:27:00,49.23,49.23,49.23,49.23,100.0
2017-09-14 10:28:00,49.23,49.25,49.23,49.25,1270.0
2017-09-14 10:29:00,49.23,49.24,49.23,49.24,330.0
2017-09-14 10:30:00,49.21,49.21,49.2,49.2,1100.0
2017-09-14 10:31:00,49.21,49.22,49.21,49.21,2796.0
2017-09-14 10:32:00,49.19,49.21,49.19,49.21,1200.0
2017-09-14 10:33:00,49.225,49.225,49.19,49.19,1300.0
2017-09-14 10:34:00,49.23,49.23,49.23,49.23,100.0
2017-09-14 10:35:00,49.23,49.235,49.22,49.23,1300.0
2017-09-14 10:36:00,49.23,49.23,49.23,49.23,200.0
2017-09-14 10:37:00,49.2,49.2225,49.2,49.22,1374.0
2017-09-14 10:38:00,49.17,49.2,49.17,49.2,1023.0
2017-09-14 10:39:00,49.17,49.18,49.15,49.18,1300.0
2017-09-14 10:40:00,49.1634,49.18,49.1634,49.18,708.0
2017-09-14 10:41:00,49.16,49.17,49.16,49.17,700.0
2017-09-14 10:42:00,49.15,49.15,49.14,49.15,700.0
2017-09-14 10:44:00,49.15,49.15,49.135,49.14,776.0
2017-09-14 10:45:00,49.16,49.16,49.16,49.16,2100.0
2017-09-14 10:46:00,49.17,49.19,49.17,49.18,600.0
2017-09-14 10:47:00,49.185,49.19,49.18,49.18,400.0
2017-09-14 10:48:00,49.19,49.19,49.18,49.18,4350.0
2017-09-14 10:50:00,49.22,49.22,49.2,49.2,1802.0
2017-09-14 10:51:00,49.23,49.23,49.225,49.23,2099.0
2017-09-14 10:52:00,49.22,49.225,49.215,49.22,2200.0
2017-09-14 10:53:00,49.205,49.22,49.195,49.22,1500.0
2017-09-14 10:54:00,49.18,49.19,49.18,49.19,1380.0
2017-09-14 10:55:00,49.18,49.18,49.175,49.175,700.0
2017-09-14 10:56:00,49.2,49.2,49.181999999999995,49.181999999999995,534.0
2017-09-14 10:57:00,49.2,49.2,49.2,49.2,1100.0
2017-09-14 10:58:00,49.17,49.205,49.17,49.2,4524.0
2017-09-14 10:59:00,49.19,49.19,49.17,49.17,1400.0
2017-09-14 11:00:00,49.19,49.19,49.19,49.19,300.0
2017-09-14 11:01:00,49.21,49.21,49.2,49.2,501.0
2017-09-14 11:02:00,49.2,49.205,49.19,49.205,1006.0
2017-09-14 11:03:00,49.2,49.2,49.19,49.19,900.0
2017-09-14 11:04:00,49.19,49.195,49.19,49.195,400.0
2017-09-14 11:05:00,49.19,49.205,49.19,49.195,4956.0
2017-09-14 11:06:00,49.19,49.2,49.17,49.19,4394.0
2017-09-14 11:07:00,49.195,49.2,49.18,49.18,1031.0
2017-09-14 11:08:00,49.195,49.195,49.195,49.195,898.0
2017-09-14 11:09:00,49.2,49.2,49.195,49.195,460.0
2017-09-14 11:10:00,49.191,49.2,49.191,49.2,610.0
2017-09-14 11:11:00,49.22,49.22,49.2,49.2,2100.0
2017-09-14 11:13:00,49.2,49.215,49.2,49.21,1361.0
2017-09-14 11:14:00,49.19,49.19,49.19,49.19,200.0
2017-09-14 11:15:00,49.21,49.21,49.2,49.2,600.0
2017-09-14 11:16:00,49.24,49.24,49.22,49.22,1000.0
2017-09-14 11:17:00,49.24,49.25,49.24,49.24,900.0
2017-09-14 11:18:00,49.25,49.25,49.24,49.24,600.0
2017-09-14 11:19:00,49.23,49.23,49.225,49.23,800.0
2017-09-14 11:20:00,49.24,49.24,49.24,49.24,100.0
2017-09-14 11:21:00,49.25,49.25,49.24,49.24,701.0
2017-09-14 11:22:00,49.25,49.25,49.25,49.25,657.0
2017-09-14 11:23:00,49.2401,49.2401,49.2401,49.2401,180.0
2017-09-14 11:24:00,49.24,49.25,49.24,49.25,1303.0
2017-09-14 11:25:00,49.24,49.24,49.24,49.24,700.0
2017-09-14 11:26:00,49.22,49.231,49.22,49.231,600.0
2017-09-14 11:27:00,49.2225,49.2225,49.22,49.22,200.0
2017-09-14 11:28:00,49.22,49.235,49.22,49.22,5959.0
2017-09-14 11:29:00,49.23,49.23,49.23,49.23,700.0
2017-09-14 11:30:00,49.2301,49.2301,49.23,49.23,2800.0
2017-09-14 11:31:00,49.24,49.24,49.23,49.23,1458.0
2017-09-14 11:32:00,49.27,49.275,49.25,49.25,2201.0
2017-09-14 11:34:00,49.27,49.27,49.26,49.265,1500.0
2017-09-14 11:35:00,49.3,49.305,49.27,49.27,2500.0
2017-09-14 11:36:00,49.29,49.29,49.29,49.29,300.0
2017-09-14 11:37:00,49.27,49.29,49.27,49.29,1500.0
2017-09-14 11:38:00,49.27,49.27,49.26,49.26,900.0
2017-09-14 11:39:00,49.26,49.27,49.26,49.27,800.0
2017-09-14 11:40:00,49.27,49.27,49.27,49.27,200.0
2017-09-14 11:41:00,49.265,49.27,49.265,49.265,700.0
2017-09-14 11:42:00,49.265,49.27,49.26,49.265,1273.0
2017-09-14 11:43:00,49.25,49.265,49.25,49.265,2624.0
2017-09-14 11:44:00,49.245,49.25,49.245,49.25,200.0
2017-09-14 11:45:00,49.23,49.255,49.23,49.25,10899.0
2017-09-14 11:46:00,49.23,49.24,49.22,49.23,2399.0
2017-09-14 11:47:00,49.24,49.24,49.23,49.23,1500.0
2017-09-14 11:48:00,49.24,49.24,49.24,49.24,100.0
2017-09-14 11:49:00,49.23,49.23,49.22,49.23,2220.0
2017-09-14 11:52:00,49.25,49.26,49.24,49.24,2700.0
2017-09-14 11:53:00,49.3,49.3,49.26,49.26,1200.0
2017-09-14 11:54:00,49.32,49.32,49.31,49.31,600.0
2017-09-14 11:55:00,49.31,49.315,49.31,49.315,400.0
2017-09-14 11:56:00,49.31,49.32,49.31,49.31,400.0
2017-09-14 11:57:00,49.3162,49.32,49.31,49.31,308.0
2017-09-14 11:58:00,49.32,49.32,49.3,49.31,3504.0
2017-09-14 11:59:00,49.32,49.32,49.31,49.31,374.0
2017-09-14 12:00:00,49.29,49.315,49.29,49.31,1500.0
2017-09-14 12:01:00,49.305,49.305,49.3,49.3,440.0
2017-09-14 12:03:00,49.31,49.32,49.3066,49.3066,1551.0
2017-09-14 12:05:00,49.3,49.32,49.3,49.31,1200.0
2017-09-14 12:06:00,49.33,49.35,49.31,49.31,3803.0
2017-09-14 12:07:00,49.36,49.36,49.32,49.32,1400.0
2017-09-14 12:08:00,49.36,49.36,49.36,49.36,200.0
2017-09-14 12:09:00,49.36,49.36,49.355,49.355,5334.0
2017-09-14 12:10:00,49.37,49.37,49.36,49.36,2603.0
2017-09-14 12:11:00,49.37,49.37,49.37,49.37,700.0
2017-09-14 12:12:00,49.36,49.36,49.35,49.36,4553.0
2017-09-14 12:13:00,49.34,49.36,49.34,49.36,2072.0
2017-09-14 12:14:00,49.34,49.34,49.34,49.34,1517.0
2017-09-14 12:15:00,49.335,49.35,49.335,49.34,1900.0
2017-09-14 12:16:00,49.36,49.36,49.34,49.34,2804.0
2017-09-14 12:17:00,49.39,49.4,49.355,49.36,2500.0
2017-09-14 12:18:00,49.36,49.4,49.36,49.39,6900.0
2017-09-14 12:19:00,49.36,49.36,49.355,49.36,1200.0
2017-09-14 12:21:00,49.37,49.395,49.365,49.38,7537.0
2017-09-14 12:22:00,49.37,49.37,49.3633,49.3633,808.0
2017-09-14 12:24:00,49.4,49.4,49.37,49.37,2435.0
2017-09-14 12:25:00,49.4,49.4,49.39,49.4,1000.0
2017-09-14 12:26:00,49.4,49.4,49.395,49.4,1837.0
2017-09-14 12:27:00,49.42,49.42,49.39,49.39,1328.0
2017-09-14 12:28:00,49.4,49.42,49.39,49.42,3900.0
2017-09-14 12:29:00,49.385,49.4,49.385,49.39,4861.0
2017-09-14 12:30:00,49.385,49.39,49.385,49.39,3500.0
2017-09-14 12:31:00,49.37,49.39,49.37,49.39,2700.0
2017-09-14 12:32:00,49.39,49.39,49.37,49.37,3062.0
2017-09-14 12:33:00,49.38,49.39,49.38,49.39,1200.0
2017-09-14 12:34:00,49.38,49.38,49.38,49.38,100.0
2017-09-14 12:35:00,49.37,49.375,49.37,49.375,1394.0
2017-09-14 12:36:00,49.36,49.36,49.35,49.36,1700.0
2017-09-14 12:37:00,49.38,49.39,49.36,49.36,2400.0
2017-09-14 12:38:00,49.38,49.38,49.38,49.38,400.0
2017-09-14 12:39:00,49.39,49.39,49.39,49.39,200.0
2017-09-14 12:40:00,49.39,49.4,49.38,49.39,1800.0
2017-09-14 12:42:00,49.4,49.4,49.4,49.4,200.0
2017-09-14 12:43:00,49.42,49.43,49.41,49.41,3966.0
2017-09-14 12:44:00,49.44,49.44,49.42,49.42,800.0
2017-09-14 12:45:00,49.43,49.43,49.42,49.42,900.0
2017-09-14 12:46:00,49.44,49.44,49.43,49.43,2100.0
2017-09-14 12:47:00,49.42,49.42,49.42,49.42,400.0
2017-09-14 12:48:00,49.44,49.44,49.42,49.42,900.0
2017-09-14 12:49:00,49.41,49.42,49.4,49.42,2256.0
2017-09-14 12:50:00,49.41,49.41,49.41,49.41,500.0
2017-09-14 12:51:00,49.41,49.42,49.41,49.41,1567.0
2017-09-14 12:52:00,49.42,49.42,49.41,49.41,1200.0
2017-09-14 12:53:00,49.42,49.42,49.42,49.42,100.0
2017-09-14 12:54:00,49.4,49.41,49.39,49.41,1900.0
2017-09-14 12:57:00,49.41,49.41,49.39,49.39,1201.0
2017-09-14 12:58:00,49.41,49.41,49.405,49.41,1733.0
2017-09-14 12:59:00,49.41,49.41,49.405,49.41,1200.0
2017-09-14 13:00:00,49.42,49.42,49.41,49.41,600.0
2017-09-14 13:01:00,49.42,49.42,49.415,49.42,500.0
2017-09-14 13:02:00,49.43,49.43,49.4102,49.4102,3741.0
2017-09-14 13:03:00,49.44,49.45,49.44,49.44,1349.0
2017-09-14 13:04:00,49.44,49.44,49.44,49.44,100.0
2017-09-14 13:05:00,49.41,49.43,49.41,49.43,3500.0
2017-09-14 13:06:00,49.41,49.41,49.41,49.41,300.0
2017-09-14 13:07:00,49.41,49.41,49.4,49.4,600.0
2017-09-14 13:08:00,49.39,49.4,49.39,49.4,2201.0
2017-09-14 13:10:00,49.39,49.39,49.38,49.39,1774.0
2017-09-14 13:11:00,49.39,49.39,49.37,49.38,3746.0
2017-09-14 13:13:00,49.39,49.39,49.39,49.39,800.0
2017-09-14 13:15:00,49.395,49.4,49.3901,49.3901,730.0
2017-09-14 13:16:00,49.37,49.39,49.37,49.39,2817.0
2017-09-14 13:17:00,49.38,49.38,49.37,49.37,300.0
2017-09-14 13:18:00,49.3902,49.4,49.37,49.38,1706.0
2017-09-14 13:20:00,49.44,49.44,49.4,49.4,4156.0
2017-09-14 13:21:00,49.43,49.44,49.42,49.44,6002.0
2017-09-14 13:22:00,49.43,49.43,49.43,49.43,226.0
2017-09-14 13:23:00,49.43,49.43,49.4,49.42,4000.0
2017-09-14 13:24:00,49.44,49.44,49.42,49.42,2775.0
2017-09-14 13:25:00,49.43,49.43,49.43,49.43,100.0
2017-09-14 13:26:00,49.45,49.45,49.42,49.43,4204.0
2017-09-14 13:27:00,49.47,49.47,49.47,49.47,200.0
2017-09-14 13:28:00,49.47,49.47,49.47,49.47,100.0
2017-09-14 13:29:00,49.47,49.48,49.47,49.47,2509.0
2017-09-14 13:30:00,49.5,49.5,49.48,49.48,2599.0
2017-09-14 13:31:00,49.51,49.53,49.51,49.52,2207.0
2017-09-14 13:33:00,49.515,49.52,49.505,49.51,4046.0
2017-09-14 13:34:00,49.51,49.51,49.51,49.51,1100.0
2017-09-14 13:35:00,49.51,49.51,49.51,49.51,201.0
2017-09-14 13:36:00,49.51,49.51,49.5,49.5,11287.0
2017-09-14 13:37:00,49.54,49.55,49.53,49.53,3974.0
2017-09-14 13:39:00,49.53,49.53,49.53,49.53,600.0
2017-09-14 13:40:00,49.52,49.53,49.52,49.53,600.0
2017-09-14 13:41:00,49.53,49.54,49.525,49.53,1500.0
2017-09-14 13:42:00,49.53,49.53,49.52,49.53,1900.0
2017-09-14 13:43:00,49.54,49.545,49.53,49.535,7892.0
2017-09-14 13:45:00,49.555,49.555,49.545,49.55,3975.0
2017-09-14 13:46:00,49.535,49.56,49.535,49.555,9439.0
2017-09-14 13:47:00,49.545,49.545,49.545,49.545,300.0
2017-09-14 13:48:00,49.53,49.55,49.53,49.54,8312.0
2017-09-14 13:49:00,49.52,49.52,49.52,49.52,200.0
2017-09-14 13:50:00,49.51,49.52,49.505,49.52,2953.0
2017-09-14 13:51:00,49.51,49.525,49.51,49.515,3384.0
2017-09-14 13:53:00,49.5,49.5,49.5,49.5,1400.0
2017-09-14 13:54:00,49.52,49.52,49.5,49.5,2932.0
2017-09-14 13:56:00,49.54,49.55,49.5147,49.5147,3017.0
2017-09-14 13:57:00,49.55,49.55,49.54,49.54,770.0
2017-09-14 13:58:00,49.55,49.56,49.55,49.55,2548.0
2017-09-14 13:59:00,49.55,49.55,49.55,49.55,400.0
2017-09-14 14:00:00,49.57,49.57,49.5628,49.5628,333.0
2017-09-14 14:01:00,49.565,49.57,49.565,49.5664,930.0
2017-09-14 14:02:00,49.55,49.56,49.55,49.56,2482.0
2017-09-14 14:03:00,49.56,49.56,49.54,49.54,2266.0
2017-09-14 14:04:00,49.57,49.57,49.56,49.56,1500.0
2017-09-14 14:05:00,49.58,49.59,49.57,49.57,2988.0
2017-09-14 14:06:00,49.57,49.58,49.57,49.58,400.0
2017-09-14 14:07:00,49.565,49.575,49.56,49.575,2042.0
2017-09-14 14:08:00,49.565,49.5699,49.56,49.56,395.0
2017-09-14 14:09:00,49.565,49.565,49.56,49.56,500.0
2017-09-14 14:10:00,49.56,49.5656,49.56,49.5656,425.0
2017-09-14 14:11:00,49.565,49.565,49.565,49.565,100.0
2017-09-14 14:12:00,49.57,49.58,49.56,49.565,4181.0
2017-09-14 14:13:00,49.6,49.6,49.57,49.57,3444.0
2017-09-14 14:15:00,49.6,49.6,49.58,49.59,3860.0
2017-09-14 14:16:00,49.59,49.595,49.59,49.595,1100.0
2017-09-14 14:17:00,49.58,49.58,49.575,49.58,2361.0
2017-09-14 14:18:00,49.57,49.58,49.57,49.58,500.0
2017-09-14 14:19:00,49.575,49.575,49.575,49.575,152.0
2017-09-14 14:20:00,49.575,49.5795,49.57,49.575,1280.0
2017-09-14 14:21:00,49.595,49.595,49.57,49.57,4176.0
2017-09-14 14:22:00,49.58,49.59,49.57,49.59,3113.0
2017-09-14 14:23:00,49.57,49.57,49.57,49.57,1151.0
2017-09-14 14:24:00,49.565,49.57,49.565,49.57,400.0
2017-09-14 14:26:00,49.55,49.56,49.55,49.56,2096.0
2017-09-14 14:27:00,49.54,49.55,49.535,49.55,2320.0
2017-09-14 14:28:00,49.54,49.54,49.535,49.54,1400.0
2017-09-14 14:29:00,49.5521,49.5521,49.55,49.55,756.0
2017-09-14 14:30:00,49.56,49.56,49.56,49.56,400.0
2017-09-14 14:31:00,49.58,49.58,49.56,49.56,2390.0
2017-09-14 14:32:00,49.58,49.585,49.58,49.58,3185.0
2017-09-14 14:33:00,49.6,49.61,49.58,49.58,1100.0
2017-09-14 14:34:00,49.6,49.61,49.6,49.61,200.0
2017-09-14 14:36:00,49.59,49.605,49.59,49.605,3195.0
2017-09-14 14:37:00,49.58,49.595,49.58,49.595,2506.0
2017-09-14 14:38:00,49.57,49.59,49.57,49.58,6714.0
2017-09-14 14:39:00,49.56,49.565,49.56,49.56,1500.0
2017-09-14 14:40:00,49.55,49.555,49.54,49.55,1229.0
2017-09-14 14:41:00,49.54,49.55,49.54,49.54,1100.0
2017-09-14 14:42:00,49.57,49.57,49.55,49.55,2532.0
2017-09-14 14:43:00,49.57,49.575,49.565,49.57,5890.0
2017-09-14 14:44:00,49.565,49.565,49.565,49.565,198.0
2017-09-14 14:45:00,49.56,49.57,49.56,49.565,1763.0
2017-09-14 14:46:00,49.56,49.56,49.55,49.55,300.0
2017-09-14 14:47:00,49.56,49.56,49.55,49.56,3008.0
2017-09-14 14:48:00,49.55,49.55,49.55,49.55,100.0
2017-09-14 14:49:00,49.56,49.56,49.55,49.555,1300.0
2017-09-14 14:50:00,49.57,49.57,49.56,49.56,4094.0
2017-09-14 14:51:00,49.555,49.57,49.555,49.57,2573.0
2017-09-14 14:52:00,49.55,49.555,49.55,49.555,300.0
2017-09-14 14:53:00,49.56,49.56,49.55,49.55,1200.0
2017-09-14 14:54:00,49.57,49.575,49.56,49.56,5238.0
2017-09-14 14:55:00,49.54,49.56,49.54,49.56,3057.0
2017-09-14 14:56:00,49.54,49.54,49.53,49.53,1397.0
2017-09-14 14:57:00,49.53,49.545,49.53,49.54,1400.0
2017-09-14 14:58:00,49.54,49.54,49.53,49.53,5778.0
2017-09-14 14:59:00,49.55,49.55,49.55,49.55,200.0
2017-09-14 15:00:00,49.545,49.545,49.545,49.545,100.0
2017-09-14 15:01:00,49.55,49.55,49.54,49.545,1200.0
2017-09-14 15:02:00,49.55,49.55,49.55,49.55,2832.0
2017-09-14 15:03:00,49.54,49.54,49.54,49.54,360.0
2017-09-14 15:04:00,49.54,49.5499,49.54,49.545,1178.0
2017-09-14 15:05:00,49.54,49.55,49.54,49.55,600.0
2017-09-14 15:06:00,49.55,49.55,49.54,49.55,3000.0
2017-09-14 15:07:00,49.54,49.55,49.54,49.55,1100.0
2017-09-14 15:08:00,49.545,49.545,49.545,49.545,700.0
2017-09-14 15:09:00,49.55,49.55,49.55,49.55,200.0
2017-09-14 15:10:00,49.545,49.55,49.545,49.55,500.0
2017-09-14 15:11:00,49.56,49.56,49.55,49.55,3476.0
2017-09-14 15:12:00,49.57,49.57,49.56,49.56,4327.0
2017-09-14 15:13:00,49.57,49.58,49.565,49.57,16681.0
2017-09-14 15:14:00,49.57,49.58,49.565,49.57,4375.0
2017-09-14 15:15:00,49.55,49.56,49.55,49.56,2400.0
2017-09-14 15:16:00,49.54,49.555,49.54,49.55,1637.0
2017-09-14 15:17:00,49.52,49.54,49.52,49.54,2800.0
2017-09-14 15:18:00,49.52,49.53,49.52,49.53,1183.0
2017-09-14 15:19:00,49.52,49.53,49.52,49.527,2185.0
2017-09-14 15:20:00,49.54,49.54,49.52,49.525,7592.0
2017-09-14 15:21:00,49.545,49.55,49.545,49.55,400.0
2017-09-14 15:22:00,49.56,49.57,49.54,49.54,6757.0
2017-09-14 15:23:00,49.55,49.56,49.55,49.56,475.0
2017-09-14 15:24:00,49.555,49.575,49.555,49.56,6921.0
2017-09-14 15:25:00,49.56,49.56,49.555,49.555,300.0
2017-09-14 15:26:00,49.55,49.56,49.55,49.56,200.0
2017-09-14 15:27:00,49.55,49.5599,49.55,49.5599,2304.0
2017-09-14 15:28:00,49.56,49.56,49.54,49.54,2092.0
2017-09-14 15:29:00,49.55,49.57,49.55,49.555,4275.0
2017-09-14 15:30:00,49.56,49.56,49.56,49.56,900.0
2017-09-14 15:31:00,49.5401,49.56,49.54,49.56,2807.0
2017-09-14 15:32:00,49.54,49.54,49.54,49.54,750.0
2017-09-14 15:33:00,49.55,49.55,49.54,49.545,500.0
2017-09-14 15:34:00,49.57,49.57,49.54,49.54,5866.0
2017-09-14 15:35:00,49.56,49.57,49.56,49.57,891.0
2017-09-14 15:36:00,49.545,49.5641,49.54,49.5641,7672.0
2017-09-14 15:37:00,49.555,49.56,49.54,49.5415,5809.0
2017-09-14 15:38:00,49.55,49.56,49.545,49.56,11343.0
2017-09-14 15:39:00,49.57,49.57,49.54,49.55,4584.0
2017-09-14 15:40:00,49.585,49.605,49.58,49.58,6221.0
2017-09-14 15:41:00,49.59,49.59,49.585,49.59,600.0
2017-09-14 15:42:00,49.58,49.5801,49.57,49.5801,2700.0
2017-09-14 15:43:00,49.5837,49.585,49.57,49.58,4622.0
2017-09-14 15:44:00,49.62,49.62,49.59,49.59,8166.0
2017-09-14 15:45:00,49.6,49.615,49.6,49.615,5500.0
2017-09-14 15:46:00,49.61,49.61,49.6,49.605,1500.0
2017-09-14 15:47:00,49.59,49.61,49.59,49.61,3038.0
2017-09-14 15:48:00,49.605,49.61,49.59,49.59,7863.0
2017-09-14 15:49:00,49.605,49.61,49.6,49.6,1300.0
2017-09-14 15:50:00,49.655,49.66,49.6,49.61,10249.0
2017-09-14 15:51:00,49.63,49.655,49.62,49.655,5200.0
2017-09-14 15:52:00,49.615,49.63,49.615,49.62,5518.0
2017-09-14 15:53:00,49.64,49.65,49.61,49.615,11518.0
2017-09-14 15:54:00,49.625,49.64,49.625,49.635,9042.0
2017-09-14 15:55:00,49.66,49.66,49.62,49.63,7848.0
2017-09-14 15:56:00,49.64,49.66,49.63,49.655,12517.0
2017-09-14 15:57:00,49.6262,49.64,49.62,49.63,10332.0
2017-09-14 15:58:00,49.66,49.67,49.62,49.62,14468.0
2017-09-14 15:59:00,49.66,49.67,49.65,49.67,15378.0
2017-09-14 16:00:00,49.65,49.67,49.63,49.655,37638.0
2017-09-15 09:30:00,49.56,49.56,49.56,49.56,100.0
2017-09-15 09:31:00,49.73,49.73,49.73,49.73,259227.0
2017-09-15 09:33:00,49.57,49.57,49.57,49.57,100.0
2017-09-15 09:35:00,49.74,49.74,49.66,49.66,1462.0
2017-09-15 09:36:00,49.7099,49.7099,49.66,49.685,600.0
2017-09-15 09:37:00,49.66,49.72,49.66,49.72,900.0
2017-09-15 09:38:00,49.71,49.78,49.65,49.65,3608.0
2017-09-15 09:39:00,49.71,49.71,49.7,49.7,300.0
2017-09-15 09:40:00,49.67,49.72,49.67,49.72,769.0
2017-09-15 09:41:00,49.66,49.7,49.66,49.665,1300.0
2017-09-15 09:42:00,49.66,49.66,49.66,49.66,1200.0
2017-09-15 09:44:00,49.72,49.72,49.68,49.68,1015.0
2017-09-15 09:45:00,49.72,49.75,49.7,49.705,9000.0
2017-09-15 09:46:00,49.74,49.75,49.7,49.7,600.0
2017-09-15 09:47:00,49.77,49.79,49.74,49.78,2834.0
2017-09-15 09:48:00,49.71,49.77,49.71,49.77,1440.0
2017-09-15 09:49:00,49.75,49.75,49.74,49.74,1100.0
2017-09-15 09:50:00,49.74,49.76,49.71,49.76,1100.0
2017-09-15 09:51:00,49.8,49.8,49.75,49.75,7455.0
2017-09-15 09:52:00,49.81,49.86,49.78,49.78,7144.0
2017-09-15 09:53:00,49.8,49.8,49.8,49.8,100.0
2017-09-15 09:54:00,49.79,49.79,49.79,49.79,334.0
2017-09-15 09:55:00,49.79,49.79,49.79,49.79,200.0
2017-09-15 09:56:00,49.81,49.81,49.8099,49.8099,415.0
2017-09-15 09:57:00,49.79,49.81,49.79,49.81,4500.0
2017-09-15 09:58:00,49.75,49.8,49.75,49.79,1200.0
2017-09-15 09:59:00,49.74,49.76,49.74,49.76,700.0
2017-09-15 10:00:00,49.76,49.76,49.74,49.74,1800.0
2017-09-15 10:01:00,49.73,49.75,49.69,49.75,3178.0
2017-09-15 10:02:00,49.73,49.74,49.73,49.74,900.0
2017-09-15 10:03:00,49.72,49.72,49.71,49.71,300.0
2017-09-15 10:04:00,49.75,49.75,49.72,49.72,3300.0
2017-09-15 10:05:00,49.74,49.76,49.73,49.74,3477.0
2017-09-15 10:06:00,49.76,49.76,49.7,49.73,7131.0
2017-09-15 10:07:00,49.76,49.76,49.75,49.75,200.0
2017-09-15 10:08:00,49.78,49.78,49.77,49.77,400.0
2017-09-15 10:09:00,49.77,49.78,49.77,49.78,300.0
2017-09-15 10:10:00,49.76,49.77,49.76,49.77,1346.0
2017-09-15 10:11:00,49.785,49.785,49.75,49.75,4500.0
2017-09-15 10:12:00,49.76,49.76,49.76,49.76,100.0
2017-09-15 10:13:00,49.785,49.79,49.77,49.77,972.0
2017-09-15 10:14:00,49.78,49.79,49.7782,49.78,1915.0
2017-09-15 10:15:00,49.83,49.84,49.77,49.775,9214.0
2017-09-15 10:16:00,49.8,49.84,49.8,49.83,52871.0
2017-09-15 10:17:00,49.79,49.79,49.78,49.78,660.0
2017-09-15 10:18:00,49.84,49.84,49.79,49.79,1389.0
2017-09-15 10:19:00,49.86,49.88,49.85,49.85,1780.0
2017-09-15 10:20:00,49.86,49.86,49.86,49.86,200.0
2017-09-15 10:21:00,49.86,49.86,49.86,49.86,700.0
2017-09-15 10:22:00,49.87,49.87,49.87,49.87,100.0
2017-09-15 10:23:00,49.86,49.86,49.86,49.86,200.0
2017-09-15 10:24:00,49.86,49.865,49.86,49.865,300.0
2017-09-15 10:25:00,49.84,49.8525,49.835,49.85,1800.0
2017-09-15 10:26:00,49.85,49.85,49.85,49.85,200.0
2017-09-15 10:27:00,49.87,49.89,49.86,49.86,1800.0
2017-09-15 10:28:00,49.87,49.87,49.86,49.86,600.0
2017-09-15 10:29:00,49.885,49.89,49.8709,49.8709,2700.0
2017-09-15 10:30:00,49.8601,49.9,49.8601,49.89,2945.0
2017-09-15 10:31:00,49.9,49.9099,49.8734,49.8734,2264.0
2017-09-15 10:32:00,49.9,49.9,49.9,49.9,600.0
2017-09-15 10:33:00,49.93,49.94,49.91,49.91,1100.0
2017-09-15 10:34:00,49.96,49.96,49.94,49.94,1100.0
2017-09-15 10:35:00,49.94,49.9699,49.94,49.96,2000.0
2017-09-15 10:36:00,49.94,49.9699,49.94,49.94,2930.0
2017-09-15 10:37:00,49.96,49.96,49.96,49.96,100.0
2017-09-15 10:38:00,49.95,49.95,49.94,49.95,1741.0
2017-09-15 10:39:00,49.97,49.97,49.9557,49.96,1600.0
2017-09-15 10:40:00,49.9799,49.99,49.97,49.98,4100.0
2017-09-15 10:41:00,49.99,49.99,49.97,49.97,3429.0
2017-09-15 10:42:00,49.99,50.0,49.99,49.99,745.0
2017-09-15 10:43:00,50.01,50.02,49.98,50.0,4986.0
2017-09-15 10:44:00,50.0,50.0062,50.0,50.0,1023.0
2017-09-15 10:45:00,49.985,50.0099,49.985,50.0,4285.0
2017-09-15 10:46:00,49.98,50.0,49.98,49.99,1802.0
2017-09-15 10:47:00,49.95,49.975,49.95,49.975,1400.0
2017-09-15 10:48:00,49.95,49.96,49.95,49.96,800.0
2017-09-15 10:49:00,49.95,49.95,49.9412,49.9412,1100.0
2017-09-15 10:50:00,49.97,49.97,49.95,49.95,1400.0
2017-09-15 10:51:00,49.97,49.98,49.96,49.98,4404.0
2017-09-15 10:52:00,49.95,49.9613,49.95,49.9613,800.0
2017-09-15 10:53:00,49.95,49.97,49.95,49.95,2201.0
2017-09-15 10:54:00,49.93,49.945,49.92,49.945,1700.0
2017-09-15 10:55:00,49.93,49.94,49.92,49.92,801.0
2017-09-15 10:56:00,49.93,49.93,49.93,49.93,200.0
2017-09-15 10:57:00,49.9363,49.9363,49.912,49.92,6015.0
2017-09-15 10:58:00,49.97,49.97,49.94,49.94,2100.0
2017-09-15 10:59:00,49.98,49.985,49.97,49.98,8359.0
2017-09-15 11:00:00,50.0,50.01,49.985,49.985,3155.0
2017-09-15 11:01:00,49.985,50.0,49.985,50.0,2698.0
2017-09-15 11:02:00,49.95,49.99,49.93,49.97,11900.0
2017-09-15 11:03:00,49.97,49.97,49.93,49.95,4900.0
2017-09-15 11:04:00,49.96,49.97,49.95,49.97,11190.0
2017-09-15 11:05:00,49.96,49.96,49.96,49.96,100.0
2017-09-15 11:06:00,49.94,49.96,49.94,49.95,600.0
2017-09-15 11:07:00,49.95,49.97,49.94,49.96,4681.0
2017-09-15 11:08:00,49.95,49.9599,49.95,49.9599,1218.0
2017-09-15 11:09:00,49.95,49.96,49.95,49.95,2202.0
2017-09-15 11:10:00,49.96,49.96,49.95,49.95,200.0
2017-09-15 11:11:00,49.95,49.95,49.95,49.95,200.0
2017-09-15 11:12:00,49.95,49.96,49.94,49.96,3400.0
2017-09-15 11:13:00,49.95,49.96,49.94,49.95,6400.0
2017-09-15 11:14:00,49.95,49.96,49.94,49.94,13600.0
2017-09-15 11:15:00,49.96,49.96,49.95,49.95,13981.0
2017-09-15 11:16:00,49.95,49.97,49.94,49.96,7390.0
2017-09-15 11:17:00,49.93,49.99,49.93,49.93,7696.0
2017-09-15 11:18:00,49.95,49.96,49.95,49.95,5911.0
2017-09-15 11:19:00,49.96,49.97,49.95,49.96,28602.0
2017-09-15 11:20:00,49.97,49.97,49.97,49.97,100.0
2017-09-15 11:21:00,49.95,49.975,49.95,49.97,13996.0
2017-09-15 11:22:00,49.98,49.98,49.98,49.98,300.0
2017-09-15 11:23:00,50.0,50.0,49.98,49.98,799.0
2017-09-15 11:24:00,50.0,50.04,49.95,50.01,184588.0
2017-09-15 11:25:00,50.02,50.02,49.97,49.98,1888.0
2017-09-15 11:26:00,50.34,50.38,50.0,50.04,51846.0
2017-09-15 11:27:00,50.2,50.32,50.2,50.32,8627.0
2017-09-15 11:28:00,50.2212,50.23,50.2,50.2,2110.0
2017-09-15 11:29:00,50.3,50.37,50.214,50.2176,9118.0
2017-09-15 11:30:00,50.26,50.3,50.26,50.29,3817.0
2017-09-15 11:31:00,50.31,50.33,50.25,50.25,5324.0
2017-09-15 11:32:00,50.28,50.29,50.27,50.2886,2402.0
2017-09-15 11:33:00,50.265,50.27,50.265,50.27,564.0
2017-09-15 11:34:00,50.27,50.27,50.2221,50.26,6156.0
2017-09-15 11:35:00,50.23,50.28,50.23,50.28,3200.0
2017-09-15 11:36:00,50.21,50.23,50.2,50.23,1600.0
2017-09-15 11:37:00,50.22,50.22,50.2049,50.2049,1522.0
2017-09-15 11:38:00,50.25,50.25,50.22,50.22,4450.0
2017-09-15 11:39:00,50.22,50.26,50.22,50.26,1000.0
2017-09-15 11:40:00,50.2,50.23,50.2,50.22,1500.0
2017-09-15 11:41:00,50.17,50.21,50.15,50.21,2400.0
2017-09-15 11:42:00,50.13,50.18,50.13,50.13,7400.0
2017-09-15 11:43:00,50.13,50.13,50.13,50.13,1044.0
2017-09-15 11:44:00,50.14,50.15,50.14,50.15,1500.0
2017-09-15 11:45:00,50.15,50.15,50.14,50.14,1990.0
2017-09-15 11:46:00,50.13,50.17,50.13,50.14,11829.0
2017-09-15 11:47:00,50.1429,50.16,50.14,50.14,1129.0
2017-09-15 11:48:00,50.19,50.19,50.15,50.15,1300.0
2017-09-15 11:49:00,50.2,50.21,50.18,50.18,1542.0
2017-09-15 11:50:00,50.19,50.21,50.19,50.21,1100.0
2017-09-15 11:51:00,50.2,50.205,50.1788,50.1788,1511.0
2017-09-15 11:52:00,50.19,50.205,50.19,50.2,2500.0
2017-09-15 11:53:00,50.205,50.205,50.195,50.195,35621.0
2017-09-15 11:54:00,50.19,50.21,50.19,50.21,2271.0
2017-09-15 11:55:00,50.2,50.2,50.19,50.195,689.0
2017-09-15 11:56:00,50.17,50.205,50.17,50.205,2070.0
2017-09-15 11:57:00,50.17,50.1712,50.16,50.16,1100.0
2017-09-15 11:58:00,50.17,50.18,50.16,50.16,4389.0
2017-09-15 11:59:00,50.17,50.18,50.15,50.18,2826.0
2017-09-15 12:00:00,50.17,50.18,50.165,50.17,1900.0
2017-09-15 12:01:00,50.17,50.17,50.16,50.17,5101.0
2017-09-15 12:02:00,50.18,50.18,50.17,50.17,1551.0
2017-09-15 12:03:00,50.18,50.19,50.16,50.19,3600.0
2017-09-15 12:04:00,50.19,50.19,50.18,50.185,1105.0
2017-09-15 12:05:00,50.19,50.195,50.185,50.19,3329.0
2017-09-15 12:06:00,50.195,50.2,50.1875,50.1875,1655.0
2017-09-15 12:07:00,50.21,50.21,50.2,50.2,1591.0
2017-09-15 12:08:00,50.21,50.22,50.21,50.22,300.0
2017-09-15 12:09:00,50.22,50.22,50.19,50.21,9085.0
2017-09-15 12:11:00,50.22,50.225,50.22,50.225,800.0
2017-09-15 12:12:00,50.19,50.21,50.19,50.21,3543.0
2017-09-15 12:13:00,50.18,50.19,50.18,50.19,5706.0
2017-09-15 12:14:00,50.19,50.19,50.1875,50.19,1075.0
2017-09-15 12:15:00,50.2,50.2,50.19,50.19,400.0
2017-09-15 12:16:00,50.2,50.2,50.2,50.2,300.0
2017-09-15 12:17:00,50.19,50.19,50.19,50.19,200.0
2017-09-15 12:18:00,50.19,50.2,50.185,50.2,3646.0
2017-09-15 12:19:00,50.19,50.2,50.18,50.19,8535.0
2017-09-15 12:20:00,50.185,50.19,50.185,50.19,300.0
2017-09-15 12:21:00,50.2,50.2,50.19,50.19,1260.0
2017-09-15 12:22:00,50.19,50.2,50.18,50.2,1000.0
2017-09-15 12:23:00,50.18,50.18,50.1675,50.18,2547.0
2017-09-15 12:25:00,50.19,50.19,50.18,50.185,11676.0
2017-09-15 12:26:00,50.25,50.25,50.19,50.19,7942.0
2017-09-15 12:27:00,50.23,50.25,50.23,50.25,1800.0
2017-09-15 12:28:00,50.23,50.23,50.23,50.23,1300.0
2017-09-15 12:29:00,50.235,50.235,50.235,50.235,100.0
2017-09-15 12:30:00,50.23,50.23,50.23,50.23,200.0
2017-09-15 12:31:00,50.235,50.24,50.235,50.24,415.0
2017-09-15 12:32:00,50.24,50.24,50.23,50.23,200.0
2017-09-15 12:33:00,50.2,50.23,50.2,50.23,2619.0
2017-09-15 12:34:00,50.22,50.22,50.19,50.2,2701.0
2017-09-15 12:35:00,50.2,50.22,50.2,50.22,400.0
2017-09-15 12:36:00,50.18,50.2,50.1587,50.2,2802.0
2017-09-15 12:37:00,50.17,50.17,50.17,50.17,342.0
2017-09-15 12:38:00,50.17,50.17,50.17,50.17,1000.0
2017-09-15 12:39:00,50.16,50.17,50.16,50.17,800.0
2017-09-15 12:40:00,50.17,50.17,50.17,50.17,643.0
2017-09-15 12:41:00,50.17,50.17,50.17,50.17,100.0
2017-09-15 12:42:00,50.17,50.17,50.16,50.17,1000.0
2017-09-15 12:43:00,50.17,50.17,50.17,50.17,900.0
2017-09-15 12:44:00,50.16,50.17,50.16,50.17,400.0
2017-09-15 12:45:00,50.17,50.17,50.16,50.16,2475.0
2017-09-15 12:46:00,50.16,50.17,50.15,50.16,1402.0
2017-09-15 12:47:00,50.15,50.16,50.15,50.16,500.0
2017-09-15 12:48:00,50.16,50.16,50.14,50.14,980.0
2017-09-15 12:49:00,50.16,50.165,50.15,50.16,2285.0
2017-09-15 12:50:00,50.15,50.15,50.14,50.15,1300.0
2017-09-15 12:52:00,50.15,50.15,50.15,50.15,1601.0
2017-09-15 12:53:00,50.14,50.14,50.14,50.14,600.0
2017-09-15 12:54:00,50.14,50.15,50.13,50.15,1100.0
2017-09-15 12:55:00,50.13,50.13,50.13,50.13,200.0
2017-09-15 12:56:00,50.14,50.14,50.13,50.14,400.0
2017-09-15 12:58:00,50.15,50.15,50.1399,50.1399,1056.0
2017-09-15 12:59:00,50.16,50.16,50.15,50.15,300.0
2017-09-15 13:00:00,50.15,50.16,50.15,50.16,1399.0
2017-09-15 13:02:00,50.15,50.15,50.14,50.15,1810.0
2017-09-15 13:04:00,50.16,50.16,50.16,50.16,100.0
2017-09-15 13:05:00,50.15,50.15,50.14,50.15,1794.0
2017-09-15 13:06:00,50.15,50.15,50.14,50.14,800.0
2017-09-15 13:08:00,50.16,50.16,50.16,50.16,100.0
2017-09-15 13:09:00,50.15,50.15,50.15,50.15,100.0
2017-09-15 13:10:00,50.16,50.16,50.16,50.16,2400.0
2017-09-15 13:11:00,50.16,50.16,50.16,50.16,863.0
2017-09-15 13:12:00,50.15,50.15,50.15,50.15,300.0
2017-09-15 13:13:00,50.14,50.17,50.14,50.15,2157.0
2017-09-15 13:14:00,50.15,50.15,50.14,50.14,900.0
2017-09-15 13:15:00,50.15,50.15,50.15,50.15,100.0
2017-09-15 13:16:00,50.17,50.17,50.16,50.16,600.0
2017-09-15 13:18:00,50.18,50.18,50.18,50.18,1648.0
2017-09-15 13:19:00,50.17,50.19,50.17,50.19,2676.0
2017-09-15 13:20:00,50.16,50.16,50.16,50.16,707.0
2017-09-15 13:22:00,50.15,50.16,50.15,50.16,2001.0
2017-09-15 13:23:00,50.15,50.16,50.14,50.14,1100.0
2017-09-15 13:24:00,50.15,50.16,50.15,50.16,600.0
2017-09-15 13:25:00,50.155,50.155,50.15,50.15,600.0
2017-09-15 13:26:00,50.12,50.13,50.12,50.13,1077.0
2017-09-15 13:27:00,50.13,50.13,50.13,50.13,100.0
2017-09-15 13:28:00,50.13,50.13,50.12,50.1201,1447.0
2017-09-15 13:29:00,50.12,50.12,50.12,50.12,300.0
2017-09-15 13:30:00,50.1,50.11,50.1,50.1066,1300.0
2017-09-15 13:31:00,50.115,50.115,50.115,50.115,122.0
2017-09-15 13:32:00,50.12,50.12,50.11,50.11,1301.0
2017-09-15 13:33:00,50.12,50.12,50.12,50.12,100.0
2017-09-15 13:35:00,50.115,50.115,50.115,50.115,583.0
2017-09-15 13:36:00,50.12,50.12,50.12,50.12,600.0
2017-09-15 13:37:00,50.13,50.13,50.11,50.115,9966.0
2017-09-15 13:38:00,50.13,50.13,50.13,50.13,1799.0
2017-09-15 13:40:00,50.17,50.17,50.135,50.135,3909.0
2017-09-15 13:42:00,50.18,50.18,50.17,50.17,1050.0
2017-09-15 13:43:00,50.18,50.18,50.18,50.18,200.0
2017-09-15 13:44:00,50.18,50.18,50.18,50.18,100.0
2017-09-15 13:45:00,50.17,50.1799,50.17,50.17,1682.0
2017-09-15 13:46:00,50.17,50.17,50.17,50.17,200.0
2017-09-15 13:47:00,50.17,50.18,50.17,50.17,763.0
2017-09-15 13:48:00,50.2,50.2,50.18,50.18,2945.0
2017-09-15 13:49:00,50.195,50.205,50.195,50.2,5041.0
2017-09-15 13:50:00,50.21,50.23,50.2,50.2,6062.0
2017-09-15 13:51:00,50.22,50.22,50.21,50.21,1100.0
2017-09-15 13:52:00,50.23,50.23,50.22,50.22,1878.0
2017-09-15 13:53:00,50.25,50.25,50.23,50.23,1700.0
2017-09-15 13:54:00,50.23,50.24,50.23,50.24,1600.0
2017-09-15 13:55:00,50.23,50.23,50.23,50.23,900.0
2017-09-15 13:56:00,50.25,50.25,50.225,50.225,2670.0
2017-09-15 13:59:00,50.24,50.2402,50.24,50.24,1500.0
2017-09-15 14:00:00,50.24,50.25,50.23,50.25,2470.0
2017-09-15 14:01:00,50.24,50.2401,50.23,50.23,2344.0
2017-09-15 14:02:00,50.23,50.235,50.23,50.23,2030.0
2017-09-15 14:03:00,50.21,50.23,50.21,50.23,900.0
2017-09-15 14:04:00,50.23,50.23,50.21,50.21,1746.0
2017-09-15 14:05:00,50.24,50.24,50.24,50.24,500.0
2017-09-15 14:06:00,50.25,50.25,50.24,50.25,1284.0
2017-09-15 14:07:00,50.25,50.25,50.2431,50.2431,563.0
2017-09-15 14:08:00,50.26,50.26,50.26,50.26,450.0
2017-09-15 14:09:00,50.25,50.25,50.25,50.25,1600.0
2017-09-15 14:10:00,50.25,50.25,50.25,50.25,1500.0
2017-09-15 14:11:00,50.23,50.25,50.23,50.25,500.0
2017-09-15 14:12:00,50.25,50.25,50.23,50.23,2910.0
2017-09-15 14:13:00,50.24,50.25,50.24,50.24,598.0
2017-09-15 14:14:00,50.24,50.24,50.24,50.24,200.0
2017-09-15 14:15:00,50.21,50.24,50.21,50.235,2000.0
2017-09-15 14:16:00,50.21,50.22,50.21,50.22,900.0
2017-09-15 14:17:00,50.21,50.21,50.2,50.21,1900.0
2017-09-15 14:18:00,50.21,50.21,50.21,50.21,100.0
2017-09-15 14:20:00,50.2,50.2,50.19,50.2,2500.0
2017-09-15 14:21:00,50.195,50.2,50.19,50.2,2400.0
2017-09-15 14:22:00,50.2,50.2,50.2,50.2,2249.0
2017-09-15 14:23:00,50.195,50.2,50.19,50.2,500.0
2017-09-15 14:24:00,50.21,50.21,50.2,50.2,1739.0
2017-09-15 14:25:00,50.22,50.22,50.2,50.21,5301.0
2017-09-15 14:26:00,50.21,50.21,50.2,50.21,1558.0
2017-09-15 14:27:00,50.23,50.23,50.21,50.21,2508.0
2017-09-15 14:28:00,50.21,50.23,50.21,50.23,1198.0
2017-09-15 14:30:00,50.24,50.24,50.21,50.21,2300.0
2017-09-15 14:32:00,50.245,50.245,50.2302,50.2362,2396.0
2017-09-15 14:33:00,50.21,50.23,50.21,50.23,2014.0
2017-09-15 14:34:00,50.21,50.2159,50.21,50.21,2342.0
2017-09-15 14:35:00,50.21,50.215,50.21,50.21,849.0
2017-09-15 14:36:00,50.22,50.22,50.22,50.22,100.0
2017-09-15 14:37:00,50.21,50.2156,50.21,50.2156,398.0
2017-09-15 14:38:00,50.21,50.21,50.21,50.21,200.0
2017-09-15 14:39:00,50.23,50.24,50.21,50.215,7654.0
2017-09-15 14:40:00,50.235,50.24,50.23,50.24,3605.0
2017-09-15 14:41:00,50.24,50.24,50.23,50.23,5328.0
2017-09-15 14:42:00,50.255,50.255,50.25,50.25,1140.0
2017-09-15 14:43:00,50.245,50.255,50.24,50.255,7392.0
2017-09-15 14:44:00,50.245,50.25,50.24,50.25,999.0
2017-09-15 14:45:00,50.26,50.26,50.24,50.25,2577.0
2017-09-15 14:46:00,50.27,50.27,50.26,50.26,995.0
2017-09-15 14:47:00,50.27,50.27,50.265,50.265,300.0
2017-09-15 14:48:00,50.265,50.265,50.265,50.265,100.0
2017-09-15 14:49:00,50.26,50.27,50.25,50.26,3093.0
2017-09-15 14:50:00,50.26,50.26,50.26,50.26,598.0
2017-09-15 14:51:00,50.25,50.26,50.25,50.26,1149.0
2017-09-15 14:52:00,50.26,50.27,50.24,50.25,8000.0
2017-09-15 14:53:00,50.24,50.27,50.23,50.27,3687.0
2017-09-15 14:54:00,50.25,50.25,50.24,50.24,1397.0
2017-09-15 14:55:00,50.24,50.25,50.24,50.25,600.0
2017-09-15 14:56:00,50.26,50.26,50.25,50.25,1400.0
2017-09-15 14:57:00,50.26,50.26,50.25,50.26,3200.0
2017-09-15 14:58:00,50.26,50.26,50.26,50.26,300.0
2017-09-15 14:59:00,50.26,50.27,50.26,50.26,2900.0
2017-09-15 15:00:00,50.285,50.29,50.265,50.265,5758.0
2017-09-15 15:01:00,50.28,50.285,50.275,50.285,1100.0
2017-09-15 15:02:00,50.28,50.285,50.28,50.285,1383.0
2017-09-15 15:03:00,50.28,50.28,50.28,50.28,1350.0
2017-09-15 15:04:00,50.29,50.29,50.28,50.28,4811.0
2017-09-15 15:05:00,50.2955,50.2955,50.29,50.29,682.0
2017-09-15 15:06:00,50.29,50.29,50.29,50.29,1200.0
2017-09-15 15:07:00,50.275,50.28,50.275,50.28,1142.0
2017-09-15 15:08:00,50.28,50.285,50.28,50.28,2758.0
2017-09-15 15:09:00,50.2912,50.3,50.29,50.29,5199.0
2017-09-15 15:10:00,50.29,50.295,50.29,50.295,5500.0
2017-09-15 15:11:00,50.29,50.3,50.29,50.3,1789.0
2017-09-15 15:12:00,50.3,50.3,50.29,50.29,2106.0
2017-09-15 15:13:00,50.3062,50.31,50.3062,50.31,849.0
2017-09-15 15:14:00,50.3,50.31,50.3,50.3,799.0
2017-09-15 15:15:00,50.3,50.31,50.3,50.31,400.0
2017-09-15 15:16:00,50.29,50.3,50.29,50.3,2950.0
2017-09-15 15:17:00,50.29,50.295,50.285,50.29,3799.0
2017-09-15 15:18:00,50.36,50.39,50.29,50.29,16142.0
2017-09-15 15:19:00,50.33,50.35,50.325,50.35,5206.0
2017-09-15 15:20:00,50.32,50.32,50.32,50.32,200.0
2017-09-15 15:21:00,50.34,50.34,50.33,50.33,2519.0
2017-09-15 15:22:00,50.33,50.35,50.32,50.33,7541.0
2017-09-15 15:23:00,50.34,50.34,50.32,50.33,12437.0
2017-09-15 15:24:00,50.3399,50.3399,50.33,50.33,1209.0
2017-09-15 15:25:00,50.34,50.355,50.34,50.34,4477.0
2017-09-15 15:26:00,50.33,50.3462,50.33,50.34,2299.0
2017-09-15 15:27:00,50.33,50.34,50.33,50.33,1300.0
2017-09-15 15:28:00,50.335,50.335,50.33,50.335,600.0
2017-09-15 15:29:00,50.33,50.34,50.33,50.34,1816.0
2017-09-15 15:30:00,50.34,50.34,50.315,50.33,8571.0
2017-09-15 15:31:00,50.34,50.345,50.33,50.33,4186.0
2017-09-15 15:32:00,50.33,50.34,50.33,50.33,1287.0
2017-09-15 15:33:00,50.35,50.36,50.33,50.34,26268.0
2017-09-15 15:34:00,50.34,50.35,50.34,50.35,4350.0
2017-09-15 15:35:00,50.345,50.35,50.34,50.35,4191.0
2017-09-15 15:36:00,50.37,50.37,50.345,50.345,6507.0
2017-09-15 15:37:00,50.3702,50.3702,50.365,50.37,3018.0
2017-09-15 15:38:00,50.365,50.38,50.36,50.38,2805.0
2017-09-15 15:39:00,50.36,50.37,50.36,50.37,3073.0
2017-09-15 15:40:00,50.37,50.37,50.36,50.36,2939.0
2017-09-15 15:41:00,50.38,50.38,50.37,50.38,6981.0
2017-09-15 15:42:00,50.37,50.38,50.37,50.38,1500.0
2017-09-15 15:43:00,50.37,50.38,50.37,50.38,4314.0
2017-09-15 15:44:00,50.405,50.41,50.375,50.375,24077.0
2017-09-15 15:45:00,50.4075,50.41,50.4,50.4,30195.0
2017-09-15 15:46:00,50.41,50.41,50.4,50.41,2214.0
2017-09-15 15:47:00,50.41,50.41,50.4,50.41,16500.0
2017-09-15 15:48:00,50.41,50.43,50.4,50.4,29024.0
2017-09-15 15:49:00,50.41,50.41,50.4,50.405,34207.0
2017-09-15 15:50:00,50.425,50.44,50.42,50.42,29567.0
2017-09-15 15:51:00,50.42,50.43,50.41,50.4275,14339.0
2017-09-15 15:52:00,50.4,50.42,50.385,50.42,20207.0
2017-09-15 15:53:00,50.39,50.4,50.39,50.4,10451.0
2017-09-15 15:54:00,50.385,50.4,50.375,50.4,17940.0
2017-09-15 15:55:00,50.41,50.415,50.365,50.385,45868.0
2017-09-15 15:56:00,50.42,50.42,50.36,50.4,25530.0
2017-09-15 15:57:00,50.455,50.47,50.415,50.42,35138.0
2017-09-15 15:58:00,50.45,50.46,50.42,50.455,36932.0
2017-09-15 15:59:00,50.455,50.46,50.445,50.45,28679.0
2017-09-15 16:00:00,50.42,50.46,50.42,50.455,68954.0
2017-09-18 09:30:00,50.5,50.5,50.43,50.43,27195.0
2017-09-18 09:31:00,50.61,50.61,50.43,50.44,11505.0
2017-09-18 09:32:00,50.59,50.63,50.59,50.6,1459.0
2017-09-18 09:33:00,50.6,50.6,50.6,50.6,150.0
2017-09-18 09:34:00,50.44,50.475,50.415,50.46,700.0
2017-09-18 09:35:00,50.41,50.51,50.41,50.51,300.0
2017-09-18 09:36:00,50.46,50.48,50.33,50.38,3000.0
2017-09-18 09:37:00,50.41,50.45,50.41,50.45,400.0
2017-09-18 09:38:00,50.4,50.4,50.4,50.4,200.0
2017-09-18 09:39:00,50.45,50.45,50.315,50.355,6367.0
2017-09-18 09:40:00,50.5,50.5,50.44,50.44,2447.0
2017-09-18 09:41:00,50.505,50.52,50.46,50.49,8100.0
2017-09-18 09:42:00,50.51,50.51,50.51,50.51,400.0
2017-09-18 09:43:00,50.49,50.5,50.47,50.5,3316.0
2017-09-18 09:44:00,50.49,50.5,50.49,50.49,1459.0
2017-09-18 09:45:00,50.48,50.51,50.48,50.5,600.0
2017-09-18 09:46:00,50.44,50.49,50.44,50.49,3608.0
2017-09-18 09:47:00,50.43,50.445,50.405,50.42,5224.0
2017-09-18 09:48:00,50.43,50.43,50.43,50.43,500.0
2017-09-18 09:49:00,50.45,50.45,50.44,50.44,301.0
2017-09-18 09:50:00,50.4303,50.435,50.42,50.43,1300.0
2017-09-18 09:51:00,50.41,50.435,50.41,50.425,1800.0
2017-09-18 09:52:00,50.43,50.43,50.4,50.4,3188.0
2017-09-18 09:53:00,50.51,50.52,50.44,50.44,1900.0
2017-09-18 09:54:00,50.52,50.521,50.5,50.5,1559.0
2017-09-18 09:55:00,50.52,50.52,50.52,50.52,200.0
2017-09-18 09:56:00,50.565,50.565,50.5,50.51,1791.0
2017-09-18 09:58:00,50.55,50.55,50.54,50.54,800.0
2017-09-18 09:59:00,50.56,50.575,50.56,50.575,660.0
2017-09-18 10:00:00,50.6,50.6,50.57,50.58,1600.0
2017-09-18 10:01:00,50.58,50.59,50.58,50.59,200.0
2017-09-18 10:02:00,50.56,50.58,50.56,50.58,2650.0
2017-09-18 10:03:00,50.56,50.56,50.55,50.56,700.0
2017-09-18 10:04:00,50.55,50.55,50.55,50.55,100.0
2017-09-18 10:06:00,50.545,50.545,50.5244,50.54,2555.0
2017-09-18 10:07:00,50.56,50.57,50.55,50.55,1200.0
2017-09-18 10:08:00,50.56,50.56,50.56,50.56,100.0
2017-09-18 10:09:00,50.57,50.57,50.56,50.56,1102.0
2017-09-18 10:10:00,50.57,50.59,50.56,50.56,2977.0
2017-09-18 10:11:00,50.58,50.58,50.57,50.57,400.0
2017-09-18 10:12:00,50.56,50.58,50.55,50.57,4305.0
2017-09-18 10:13:00,50.57,50.57,50.57,50.57,100.0
2017-09-18 10:14:00,50.57,50.57,50.57,50.57,100.0
2017-09-18 10:15:00,50.54,50.56,50.54,50.56,300.0
2017-09-18 10:16:00,50.55,50.55,50.535,50.54,1581.0
2017-09-18 10:17:00,50.59,50.6,50.5639,50.5639,1988.0
2017-09-18 10:18:00,50.595,50.595,50.59,50.59,500.0
2017-09-18 10:19:00,50.59,50.59,50.59,50.59,500.0
2017-09-18 10:20:00,50.58,50.58,50.58,50.58,500.0
2017-09-18 10:21:00,50.57,50.58,50.56,50.58,1400.0
2017-09-18 10:22:00,50.55,50.56,50.55,50.56,360.0
2017-09-18 10:23:00,50.57,50.59,50.55,50.55,2722.0
2017-09-18 10:24:00,50.57,50.57,50.57,50.57,112.0
2017-09-18 10:27:00,50.56,50.56,50.53,50.55,2300.0
2017-09-18 10:28:00,50.54,50.54,50.54,50.54,400.0
2017-09-18 10:31:00,50.51,50.53,50.48,50.53,1733.0
2017-09-18 10:32:00,50.5,50.52,50.5,50.505,1504.0
2017-09-18 10:34:00,50.48,50.48,50.48,50.48,800.0
2017-09-18 10:35:00,50.47,50.47,50.42,50.45,3419.0
2017-09-18 10:36:00,50.46,50.47,50.44,50.47,1300.0
2017-09-18 10:37:00,50.46,50.46,50.46,50.46,801.0
2017-09-18 10:38:00,50.47,50.48,50.46,50.46,1667.0
2017-09-18 10:39:00,50.47,50.47,50.47,50.47,100.0
2017-09-18 10:40:00,50.47,50.48,50.47,50.48,300.0
2017-09-18 10:41:00,50.4675,50.47,50.4675,50.47,500.0
2017-09-18 10:42:00,50.45,50.47,50.45,50.47,1800.0
2017-09-18 10:44:00,50.46,50.46,50.43,50.44,3588.0
2017-09-18 10:45:00,50.47,50.48,50.46,50.46,1804.0
2017-09-18 10:46:00,50.46,50.48,50.45,50.47,3107.0
2017-09-18 10:47:00,50.47,50.47,50.46,50.46,300.0
2017-09-18 10:48:00,50.45,50.47,50.45,50.47,1602.0
2017-09-18 10:49:00,50.42,50.44,50.42,50.44,700.0
2017-09-18 10:50:00,50.44,50.45,50.44,50.44,1500.0
2017-09-18 10:51:00,50.43,50.44,50.43,50.44,800.0
2017-09-18 10:52:00,50.42,50.43,50.42,50.43,500.0
2017-09-18 10:53:00,50.45,50.45,50.43,50.43,2807.0
2017-09-18 10:54:00,50.43,50.45,50.43,50.45,1300.0
2017-09-18 10:55:00,50.43,50.445,50.4202,50.4202,3314.0
2017-09-18 10:57:00,50.45,50.47,50.4412,50.4412,1700.0
2017-09-18 10:58:00,50.45,50.46,50.45,50.46,295.0
2017-09-18 10:59:00,50.43,50.44,50.43,50.44,914.0
2017-09-18 11:00:00,50.44,50.44,50.42,50.42,2800.0
2017-09-18 11:01:00,50.44,50.445,50.42,50.44,2310.0
2017-09-18 11:02:00,50.46,50.46,50.43,50.43,3105.0
2017-09-18 11:03:00,50.48,50.48,50.46,50.46,900.0
2017-09-18 11:04:00,50.47,50.47,50.47,50.47,100.0
2017-09-18 11:05:00,50.48,50.49,50.4775,50.48,1700.0
2017-09-18 11:06:00,50.46,50.48,50.46,50.48,1562.0
2017-09-18 11:07:00,50.46,50.46,50.46,50.46,800.0
2017-09-18 11:08:00,50.43,50.4642,50.43,50.46,1753.0
2017-09-18 11:09:00,50.45,50.45,50.45,50.45,1000.0
2017-09-18 11:10:00,50.45,50.45,50.45,50.45,400.0
2017-09-18 11:11:00,50.45,50.45,50.42,50.44,2360.0
2017-09-18 11:12:00,50.45,50.455,50.45,50.455,517.0
2017-09-18 11:13:00,50.47,50.47,50.45,50.45,2003.0
2017-09-18 11:14:00,50.48,50.48,50.48,50.48,100.0
2017-09-18 11:15:00,50.48,50.48,50.475,50.475,300.0
2017-09-18 11:16:00,50.48,50.48,50.475,50.475,200.0
2017-09-18 11:17:00,50.48,50.48,50.4701,50.4701,248.0
2017-09-18 11:18:00,50.47,50.47,50.47,50.47,100.0
2017-09-18 11:19:00,50.41,50.47,50.41,50.47,3290.0
2017-09-18 11:20:00,50.415,50.42,50.41,50.42,1100.0
2017-09-18 11:21:00,50.41,50.41,50.41,50.41,200.0
2017-09-18 11:22:00,50.42,50.43,50.41,50.419,2944.0
2017-09-18 11:23:00,50.44,50.45,50.43,50.43,3904.0
2017-09-18 11:25:00,50.41,50.44,50.41,50.44,1400.0
2017-09-18 11:26:00,50.42,50.43,50.42,50.43,500.0
2017-09-18 11:27:00,50.38,50.42,50.38,50.42,1346.0
2017-09-18 11:28:00,50.38,50.4,50.37,50.38,3800.0
2017-09-18 11:29:00,50.4,50.41,50.39,50.39,500.0
2017-09-18 11:30:00,50.4,50.4,50.3975,50.4,600.0
2017-09-18 11:31:00,50.37,50.4,50.37,50.4,1400.0
2017-09-18 11:32:00,50.4,50.41,50.39,50.39,1217.0
2017-09-18 11:33:00,50.39,50.405,50.39,50.405,1000.0
2017-09-18 11:34:00,50.4,50.4,50.39,50.39,200.0
2017-09-18 11:35:00,50.39,50.3944,50.39,50.39,600.0
2017-09-18 11:37:00,50.39,50.39,50.39,50.39,649.0
2017-09-18 11:38:00,50.39,50.4,50.39,50.39,1932.0
2017-09-18 11:39:00,50.36,50.395,50.36,50.39,1400.0
2017-09-18 11:40:00,50.4175,50.42,50.37,50.37,2608.0
2017-09-18 11:41:00,50.42,50.42,50.42,50.42,400.0
2017-09-18 11:42:00,50.39,50.42,50.39,50.42,1959.0
2017-09-18 11:44:00,50.4,50.4,50.4,50.4,100.0
2017-09-18 11:45:00,50.395,50.405,50.395,50.4,1492.0
2017-09-18 11:46:00,50.39,50.39,50.38,50.39,1200.0
2017-09-18 11:47:00,50.39,50.4,50.39,50.39,900.0
2017-09-18 11:48:00,50.39,50.39,50.39,50.39,200.0
2017-09-18 11:50:00,50.38,50.39,50.38,50.39,600.0
2017-09-18 11:51:00,50.39,50.39,50.39,50.39,100.0
2017-09-18 11:52:00,50.37,50.38,50.37,50.38,1318.0
2017-09-18 11:53:00,50.37,50.38,50.37,50.37,400.0
2017-09-18 11:54:00,50.37,50.38,50.37,50.37,4796.0
2017-09-18 11:55:00,50.36,50.365,50.36,50.36,1300.0
2017-09-18 11:57:00,50.37,50.37,50.35,50.36,1080.0
2017-09-18 11:58:00,50.365,50.365,50.36,50.36,200.0
2017-09-18 11:59:00,50.37,50.37,50.37,50.37,250.0
2017-09-18 12:00:00,50.36,50.37,50.36,50.37,300.0
2017-09-18 12:01:00,50.36,50.37,50.36,50.37,350.0
2017-09-18 12:02:00,50.36,50.36,50.36,50.36,403.0
2017-09-18 12:03:00,50.32,50.361000000000004,50.32,50.361000000000004,3026.0
2017-09-18 12:04:00,50.31,50.325,50.31,50.325,1800.0
2017-09-18 12:05:00,50.315,50.315,50.31,50.31,525.0
2017-09-18 12:06:00,50.29,50.31,50.29,50.31,999.0
2017-09-18 12:07:00,50.29,50.295,50.29,50.295,200.0
2017-09-18 12:08:00,50.29,50.2925,50.29,50.29,2400.0
2017-09-18 12:09:00,50.29,50.3,50.29,50.3,300.0
2017-09-18 12:10:00,50.32,50.32,50.29,50.2944,3085.0
2017-09-18 12:11:00,50.31,50.32,50.31,50.31,500.0
2017-09-18 12:12:00,50.31,50.32,50.3,50.32,1759.0
2017-09-18 12:13:00,50.31,50.31,50.31,50.31,100.0
2017-09-18 12:14:00,50.318999999999996,50.318999999999996,50.318999999999996,50.318999999999996,238.0
2017-09-18 12:15:00,50.3,50.31,50.3,50.31,1000.0
2017-09-18 12:16:00,50.3,50.3024,50.3,50.3,844.0
2017-09-18 12:17:00,50.28,50.295,50.28,50.29,1600.0
2017-09-18 12:18:00,50.28,50.28,50.28,50.28,200.0
2017-09-18 12:19:00,50.3,50.3,50.27,50.28,6418.0
2017-09-18 12:20:00,50.31,50.31,50.305,50.31,2500.0
2017-09-18 12:21:00,50.305,50.31,50.305,50.31,2498.0
2017-09-18 12:22:00,50.305,50.305,50.305,50.305,300.0
2017-09-18 12:23:00,50.275,50.3,50.275,50.3,1362.0
2017-09-18 12:24:00,50.28,50.28,50.27,50.27,500.0
2017-09-18 12:25:00,50.27,50.27,50.27,50.27,100.0
2017-09-18 12:26:00,50.27,50.28,50.27,50.28,900.0
2017-09-18 12:27:00,50.26,50.28,50.26,50.27,4411.0
2017-09-18 12:28:00,50.25,50.26,50.25,50.26,790.0
2017-09-18 12:29:00,50.2344,50.2502,50.2344,50.2502,3265.0
2017-09-18 12:30:00,50.24,50.24,50.23,50.24,1400.0
2017-09-18 12:31:00,50.235,50.24,50.23,50.235,800.0
2017-09-18 12:32:00,50.23,50.24,50.23,50.24,981.0
2017-09-18 12:33:00,50.23,50.24,50.23,50.24,1840.0
2017-09-18 12:35:00,50.22,50.235,50.22,50.23,2900.0
2017-09-18 12:36:00,50.235,50.235,50.23,50.23,2000.0
2017-09-18 12:37:00,50.21,50.23,50.21,50.23,1700.0
2017-09-18 12:38:00,50.21,50.21,50.21,50.21,200.0
2017-09-18 12:39:00,50.21,50.22,50.21,50.22,8300.0
2017-09-18 12:40:00,50.215,50.24,50.21,50.22,31665.0
2017-09-18 12:41:00,50.24,50.245,50.21,50.21,16269.0
2017-09-18 12:42:00,50.28,50.28,50.24,50.24,3428.0
2017-09-18 12:43:00,50.27,50.29,50.27,50.28,9594.0
2017-09-18 12:44:00,50.24,50.27,50.24,50.27,1800.0
2017-09-18 12:45:00,50.23,50.25,50.22,50.24,5500.0
2017-09-18 12:46:00,50.24,50.24,50.23,50.23,1600.0
2017-09-18 12:47:00,50.26,50.26,50.23,50.24,7166.0
2017-09-18 12:48:00,50.29,50.29,50.25,50.25,10136.0
2017-09-18 12:49:00,50.26,50.3,50.25,50.3,6458.0
2017-09-18 12:50:00,50.25,50.26,50.25,50.26,1800.0
2017-09-18 12:51:00,50.23,50.25,50.23,50.25,1200.0
2017-09-18 12:52:00,50.22,50.24,50.22,50.23,8506.0
2017-09-18 12:53:00,50.22,50.25,50.22,50.23,5674.0
2017-09-18 12:54:00,50.26,50.26,50.22,50.22,6350.0
2017-09-18 12:55:00,50.24,50.255,50.23,50.25,8713.0
2017-09-18 12:56:00,50.27,50.29,50.24,50.25,4100.0
2017-09-18 12:57:00,50.28,50.29,50.27,50.27,2906.0
2017-09-18 12:59:00,50.29,50.29,50.28,50.28,1200.0
2017-09-18 13:00:00,50.28,50.29,50.28,50.29,805.0
2017-09-18 13:01:00,50.27,50.285,50.27,50.28,2303.0
2017-09-18 13:02:00,50.26,50.28,50.26,50.28,2400.0
2017-09-18 13:03:00,50.26,50.26,50.25,50.25,2500.0
2017-09-18 13:04:00,50.3,50.31,50.25,50.26,4990.0
2017-09-18 13:05:00,50.33,50.33,50.31,50.31,1900.0
2017-09-18 13:06:00,50.33,50.35,50.33,50.335,2900.0
2017-09-18 13:07:00,50.37,50.37,50.335,50.335,4664.0
2017-09-18 13:08:00,50.36,50.37,50.36,50.37,8172.0
2017-09-18 13:09:00,50.34,50.38,50.33,50.37,17141.0
2017-09-18 13:10:00,50.31,50.35,50.31,50.335,2600.0
2017-09-18 13:11:00,50.32,50.33,50.31,50.31,2902.0
2017-09-18 13:12:00,50.32,50.34,50.29,50.3,8778.0
2017-09-18 13:13:00,50.32,50.37,50.32,50.32,4088.0
2017-09-18 13:14:00,50.39,50.4,50.31,50.32,3993.0
2017-09-18 13:15:00,50.44,50.45,50.38,50.39,3700.0
2017-09-18 13:16:00,50.41,50.45,50.41,50.45,13600.0
2017-09-18 13:17:00,50.385,50.41,50.38,50.4,3942.0
2017-09-18 13:18:00,50.38,50.39,50.38,50.39,4825.0
2017-09-18 13:19:00,50.36,50.39,50.36,50.385,5153.0
2017-09-18 13:20:00,50.35,50.37,50.32,50.37,11340.0
2017-09-18 13:21:00,50.33,50.35,50.33,50.35,3150.0
2017-09-18 13:22:00,50.3102,50.33,50.31,50.33,2139.0
2017-09-18 13:23:00,50.35,50.35,50.31,50.31,3682.0
2017-09-18 13:24:00,50.36,50.37,50.35,50.36,6627.0
2017-09-18 13:25:00,50.33,50.375,50.33,50.36,15222.0
2017-09-18 13:26:00,50.34,50.34,50.31,50.31,5000.0
2017-09-18 13:27:00,50.32,50.35,50.3,50.35,10680.0
2017-09-18 13:28:00,50.32,50.33,50.27,50.3,10907.0
2017-09-18 13:29:00,50.25,50.32,50.25,50.32,5800.0
2017-09-18 13:30:00,50.315,50.32,50.26,50.26,6084.0
2017-09-18 13:31:00,50.3,50.315,50.3,50.315,970.0
2017-09-18 13:32:00,50.28,50.28,50.28,50.28,556.0
2017-09-18 13:33:00,50.29,50.29,50.29,50.29,200.0
2017-09-18 13:34:00,50.29,50.29,50.28,50.28,500.0
2017-09-18 13:35:00,50.28,50.28,50.28,50.28,100.0
2017-09-18 13:36:00,50.315,50.32,50.28,50.285,6850.0
2017-09-18 13:37:00,50.29,50.32,50.29,50.32,900.0
2017-09-18 13:38:00,50.28,50.31,50.28,50.305,2400.0
2017-09-18 13:39:00,50.328,50.33,50.29,50.29,3610.0
2017-09-18 13:40:00,50.31,50.33,50.31,50.33,400.0
2017-09-18 13:41:00,50.33,50.33,50.31,50.31,6776.0
2017-09-18 13:42:00,50.32,50.32,50.31,50.32,5748.0
2017-09-18 13:43:00,50.37,50.37,50.33,50.33,3516.0
2017-09-18 13:44:00,50.4,50.4,50.36,50.38,4002.0
2017-09-18 13:45:00,50.42,50.45,50.4,50.4,22249.0
2017-09-18 13:46:00,50.39,50.425,50.39,50.42,1199.0
2017-09-18 13:47:00,50.38,50.41,50.38,50.41,1000.0
2017-09-18 13:48:00,50.4,50.4,50.37,50.38,4680.0
2017-09-18 13:49:00,50.33,50.39,50.31,50.39,2400.0
2017-09-18 13:50:00,50.36,50.4,50.31,50.32,10606.0
2017-09-18 13:51:00,50.35,50.365,50.35,50.365,2200.0
2017-09-18 13:52:00,50.36,50.36,50.35,50.3593,2799.0
2017-09-18 13:53:00,50.33,50.36,50.31,50.36,3247.0
2017-09-18 13:54:00,50.33,50.345,50.33,50.34,1493.0
2017-09-18 13:55:00,50.32,50.325,50.32,50.32,900.0
2017-09-18 13:56:00,50.33,50.33,50.32,50.325,8000.0
2017-09-18 13:57:00,50.32,50.33,50.32,50.33,1800.0
2017-09-18 13:58:00,50.34,50.35,50.29,50.31,10027.0
2017-09-18 13:59:00,50.36,50.36,50.32,50.33,3000.0
2017-09-18 14:00:00,50.38,50.38,50.345,50.35,3761.0
2017-09-18 14:01:00,50.39,50.39,50.375,50.375,8664.0
2017-09-18 14:02:00,50.415,50.44,50.385,50.39,36180.0
2017-09-18 14:03:00,50.375,50.42,50.37,50.41,11547.0
2017-09-18 14:04:00,50.37,50.38,50.37,50.38,1200.0
2017-09-18 14:05:00,50.37,50.37,50.36,50.36,500.0
2017-09-18 14:06:00,50.395,50.4,50.37,50.37,20101.0
2017-09-18 14:07:00,50.4,50.4,50.39,50.3959,9606.0
2017-09-18 14:08:00,50.3925,50.4,50.38,50.3863,5940.0
2017-09-18 14:09:00,50.4,50.4,50.3902,50.4,1000.0
2017-09-18 14:10:00,50.45,50.45,50.4,50.4,5152.0
2017-09-18 14:11:00,50.46,50.46,50.445,50.445,3700.0
2017-09-18 14:12:00,50.48,50.48,50.45,50.46,2471.0
2017-09-18 14:13:00,50.5,50.5,50.485,50.49,2680.0
2017-09-18 14:14:00,50.5,50.5,50.49,50.5,7750.0
2017-09-18 14:15:00,50.51,50.51,50.49,50.495,12355.0
2017-09-18 14:16:00,50.51,50.53,50.495,50.51,11323.0
2017-09-18 14:17:00,50.56,50.58,50.51,50.51,8551.0
2017-09-18 14:18:00,50.525,50.56,50.52,50.55,10075.0
2017-09-18 14:19:00,50.54,50.54,50.52,50.525,6237.0
2017-09-18 14:20:00,50.5315,50.55,50.53,50.535,19338.0
2017-09-18 14:21:00,50.52,50.53,50.52,50.53,1500.0
2017-09-18 14:22:00,50.525,50.555,50.52,50.53,5034.0
2017-09-18 14:23:00,50.54,50.56,50.525,50.525,6136.0
2017-09-18 14:24:00,50.55,50.55,50.53,50.55,600.0
2017-09-18 14:25:00,50.55,50.55,50.55,50.55,500.0
2017-09-18 14:26:00,50.535,50.54,50.53,50.54,700.0
2017-09-18 14:27:00,50.51,50.53,50.51,50.53,1631.0
2017-09-18 14:28:00,50.53,50.53,50.515,50.515,2901.0
2017-09-18 14:29:00,50.52,50.5299,50.52,50.5299,200.0
2017-09-18 14:30:00,50.52,50.53,50.52,50.52,1544.0
2017-09-18 14:31:00,50.51,50.52,50.51,50.51,1402.0
2017-09-18 14:32:00,50.56,50.56,50.51,50.52,6478.0
2017-09-18 14:33:00,50.54,50.55,50.54,50.55,1200.0
2017-09-18 14:34:00,50.54,50.55,50.54,50.55,700.0
2017-09-18 14:35:00,50.535,50.54,50.52,50.52,1666.0
2017-09-18 14:36:00,50.525,50.54,50.52,50.54,1200.0
2017-09-18 14:37:00,50.5,50.525,50.5,50.52,1398.0
2017-09-18 14:38:00,50.51,50.51,50.5,50.5,2698.0
2017-09-18 14:39:00,50.52,50.52,50.51,50.51,1000.0
2017-09-18 14:40:00,50.52,50.52,50.51,50.51,400.0
2017-09-18 14:41:00,50.5001,50.52,50.5001,50.52,2625.0
2017-09-18 14:42:00,50.505,50.51,50.5,50.51,1700.0
2017-09-18 14:43:00,50.51,50.515,50.5025,50.51,720.0
2017-09-18 14:44:00,50.515,50.52,50.51,50.51,1300.0
2017-09-18 14:45:00,50.515,50.515,50.515,50.515,200.0
2017-09-18 14:46:00,50.51,50.515,50.5,50.51,2110.0
2017-09-18 14:47:00,50.52,50.52,50.51,50.51,1001.0
2017-09-18 14:48:00,50.52,50.52,50.52,50.52,100.0
2017-09-18 14:49:00,50.51,50.51,50.5,50.51,1053.0
2017-09-18 14:50:00,50.51,50.515,50.5,50.5,2770.0
2017-09-18 14:51:00,50.52,50.52,50.51,50.51,600.0
2017-09-18 14:52:00,50.5202,50.53,50.5202,50.53,283.0
2017-09-18 14:53:00,50.51,50.51,50.51,50.51,100.0
2017-09-18 14:54:00,50.515,50.52,50.515,50.52,500.0
2017-09-18 14:55:00,50.52,50.52,50.52,50.52,200.0
2017-09-18 14:56:00,50.5199,50.52,50.51,50.52,870.0
2017-09-18 14:57:00,50.52,50.52,50.51,50.51,300.0
2017-09-18 14:58:00,50.52,50.52,50.51,50.52,1180.0
2017-09-18 14:59:00,50.5,50.515,50.5,50.515,3523.0
2017-09-18 15:00:00,50.5,50.51,50.5,50.5,2780.0
2017-09-18 15:01:00,50.48,50.5,50.47,50.5,3600.0
2017-09-18 15:02:00,50.48,50.49,50.47,50.48,3728.0
2017-09-18 15:03:00,50.49,50.49,50.47,50.49,1741.0
2017-09-18 15:04:00,50.49,50.51,50.49,50.5,1300.0
2017-09-18 15:05:00,50.51,50.51,50.49,50.49,828.0
2017-09-18 15:06:00,50.51,50.51,50.5,50.5,500.0
2017-09-18 15:07:00,50.5,50.5,50.5,50.5,100.0
2017-09-18 15:08:00,50.49,50.5,50.49,50.49,600.0
2017-09-18 15:09:00,50.49,50.5,50.49,50.49,1183.0
2017-09-18 15:10:00,50.49,50.5,50.49,50.5,300.0
2017-09-18 15:11:00,50.49,50.5,50.49,50.5,1409.0
2017-09-18 15:12:00,50.49,50.4954,50.49,50.4954,900.0
2017-09-18 15:13:00,50.49,50.49,50.49,50.49,800.0
2017-09-18 15:14:00,50.49,50.495,50.49,50.49,400.0
2017-09-18 15:15:00,50.485,50.49,50.48,50.49,3624.0
2017-09-18 15:16:00,50.47,50.49,50.47,50.485,3817.0
2017-09-18 15:17:00,50.5,50.51,50.47,50.475,9917.0
2017-09-18 15:18:00,50.49,50.49,50.49,50.49,1138.0
2017-09-18 15:19:00,50.48,50.485,50.48,50.48,500.0
2017-09-18 15:20:00,50.48,50.48,50.47,50.47,500.0
2017-09-18 15:21:00,50.48,50.48,50.48,50.48,100.0
2017-09-18 15:22:00,50.48,50.4801,50.48,50.4801,416.0
2017-09-18 15:23:00,50.48,50.49,50.48,50.48,300.0
2017-09-18 15:24:00,50.49,50.49,50.48,50.48,3501.0
2017-09-18 15:25:00,50.47,50.485,50.47,50.48,1617.0
2017-09-18 15:26:00,50.47,50.47,50.465,50.465,200.0
2017-09-18 15:27:00,50.445,50.47,50.445,50.47,3600.0
2017-09-18 15:28:00,50.45,50.45,50.44,50.45,1800.0
2017-09-18 15:29:00,50.44,50.45,50.44,50.44,3880.0
2017-09-18 15:30:00,50.45,50.46,50.435,50.44,8009.0
2017-09-18 15:31:00,50.465,50.47,50.46,50.46,2300.0
2017-09-18 15:32:00,50.47,50.47,50.47,50.47,500.0
2017-09-18 15:33:00,50.49,50.5,50.46,50.46,6368.0
2017-09-18 15:34:00,50.51,50.51,50.4999,50.5,2107.0
2017-09-18 15:35:00,50.53,50.53,50.5101,50.5199,3410.0
2017-09-18 15:36:00,50.54,50.54,50.53,50.53,5285.0
2017-09-18 15:37:00,50.57,50.57,50.54,50.54,5880.0
2017-09-18 15:38:00,50.58,50.58,50.56,50.57,9646.0
2017-09-18 15:39:00,50.58,50.58,50.57,50.58,2000.0
2017-09-18 15:40:00,50.6,50.6,50.58,50.58,4992.0
2017-09-18 15:41:00,50.6099,50.61,50.6,50.6,3990.0
2017-09-18 15:42:00,50.61,50.61,50.6,50.6099,2000.0
2017-09-18 15:43:00,50.62,50.62,50.6,50.61,3000.0
2017-09-18 15:44:00,50.6,50.62,50.59,50.62,12553.0
2017-09-18 15:45:00,50.6,50.6,50.575,50.595,10455.0
2017-09-18 15:46:00,50.61,50.61,50.6,50.61,1400.0
2017-09-18 15:47:00,50.61,50.61,50.605,50.61,2300.0
2017-09-18 15:48:00,50.61,50.61,50.6,50.61,2900.0
2017-09-18 15:49:00,50.61,50.61,50.6002,50.61,3900.0
2017-09-18 15:50:00,50.61,50.61,50.6,50.61,4885.0
2017-09-18 15:51:00,50.61,50.61,50.6,50.61,2700.0
2017-09-18 15:52:00,50.63,50.63,50.605,50.61,9435.0
2017-09-18 15:53:00,50.63,50.63,50.62,50.63,6200.0
2017-09-18 15:54:00,50.6,50.63,50.6,50.63,18537.0
2017-09-18 15:55:00,50.61,50.61,50.6,50.6,2663.0
2017-09-18 15:56:00,50.605,50.61,50.6,50.61,3583.0
2017-09-18 15:57:00,50.6,50.61,50.6,50.61,17169.0
2017-09-18 15:58:00,50.56,50.605,50.55,50.605,19300.0
2017-09-18 15:59:00,50.57,50.57,50.55,50.56,14702.0
2017-09-18 16:00:00,50.61,50.61,50.57,50.57,45828.0
2017-09-19 09:30:00,50.75,50.75,50.69,50.69,22832.0
2017-09-19 09:31:00,50.85,50.99,50.7,50.75,5355.0
2017-09-19 09:32:00,50.82,50.82,50.805,50.805,200.0
2017-09-19 09:33:00,50.92,50.92,50.78,50.86,19596.0
2017-09-19 09:34:00,50.84,50.8676,50.83,50.86,2595.0
2017-09-19 09:35:00,50.79,50.86,50.79,50.86,1712.0
2017-09-19 09:36:00,50.77,50.7925,50.77,50.79,2500.0
2017-09-19 09:37:00,50.69,50.78,50.69,50.77,4012.0
2017-09-19 09:38:00,50.66,50.68,50.66,50.68,1483.0
2017-09-19 09:39:00,50.61,50.66,50.61,50.63,1017.0
2017-09-19 09:40:00,50.58,50.61,50.57,50.61,2468.0
2017-09-19 09:41:00,50.58,50.6,50.58,50.6,4179.0
2017-09-19 09:42:00,50.65,50.66,50.6,50.6,1414.0
2017-09-19 09:43:00,50.6894,50.7,50.65,50.65,2340.0
2017-09-19 09:44:00,50.67,50.6899,50.67,50.6899,5161.0
2017-09-19 09:45:00,50.68,50.68,50.66,50.67,2360.0
2017-09-19 09:46:00,50.67,50.695,50.67,50.68,1600.0
2017-09-19 09:47:00,50.67,50.67,50.67,50.67,100.0
2017-09-19 09:48:00,50.6623,50.69,50.66,50.69,780.0
2017-09-19 09:49:00,50.65,50.675,50.64,50.675,1500.0
2017-09-19 09:50:00,50.67,50.69,50.665,50.67,1400.0
2017-09-19 09:51:00,50.67,50.68,50.67,50.68,1681.0
2017-09-19 09:52:00,50.655,50.67,50.65,50.67,2030.0
2017-09-19 09:53:00,50.64,50.66,50.64,50.66,1000.0
2017-09-19 09:54:00,50.66,50.66,50.65,50.65,500.0
2017-09-19 09:55:00,50.64,50.66,50.64,50.65,2900.0
2017-09-19 09:56:00,50.65,50.665,50.645,50.645,5812.0
2017-09-19 09:58:00,50.6996,50.7,50.66,50.66,1900.0
2017-09-19 09:59:00,50.68,50.7,50.68,50.7,1600.0
2017-09-19 10:00:00,50.63,50.6883,50.6,50.6883,2040.0
2017-09-19 10:01:00,50.58,50.63,50.58,50.63,1600.0
2017-09-19 10:02:00,50.59,50.59,50.58,50.58,700.0
2017-09-19 10:03:00,50.58,50.59,50.57,50.59,2700.0
2017-09-19 10:04:00,50.65,50.65,50.58,50.58,8131.0
2017-09-19 10:05:00,50.62,50.66,50.62,50.65,2800.0
2017-09-19 10:06:00,50.58,50.64,50.58,50.62,5189.0
2017-09-19 10:07:00,50.55,50.57,50.55,50.57,1500.0
2017-09-19 10:08:00,50.53,50.55,50.48,50.55,5730.0
2017-09-19 10:09:00,50.53,50.53,50.53,50.53,700.0
2017-09-19 10:10:00,50.53,50.56,50.53,50.53,3193.0
2017-09-19 10:11:00,50.52,50.53,50.52,50.53,1000.0
2017-09-19 10:12:00,50.59,50.59,50.54,50.54,3500.0
2017-09-19 10:13:00,50.535,50.58,50.53,50.58,3971.0
2017-09-19 10:14:00,50.525,50.55,50.525,50.54,1200.0
2017-09-19 10:15:00,50.52,50.54,50.52,50.54,900.0
2017-09-19 10:16:00,50.52,50.52,50.5,50.51,1600.0
2017-09-19 10:17:00,50.55,50.568999999999996,50.53,50.53,2755.0
2017-09-19 10:18:00,50.515,50.53,50.515,50.53,600.0
2017-09-19 10:19:00,50.51,50.51,50.51,50.51,400.0
2017-09-19 10:20:00,50.45,50.47,50.45,50.47,400.0
2017-09-19 10:21:00,50.5,50.5,50.46,50.46,13681.0
2017-09-19 10:22:00,50.51,50.53,50.51,50.51,3773.0
2017-09-19 10:23:00,50.5,50.505,50.5,50.505,200.0
2017-09-19 10:24:00,50.5,50.5,50.5,50.5,260.0
2017-09-19 10:25:00,50.56,50.56,50.51,50.51,3286.0
2017-09-19 10:26:00,50.6,50.6,50.57,50.57,2452.0
2017-09-19 10:27:00,50.62,50.63,50.61,50.63,2011.0
2017-09-19 10:29:00,50.65,50.65,50.63,50.65,3200.0
2017-09-19 10:30:00,50.65,50.65,50.615,50.65,2611.0
2017-09-19 10:31:00,50.65,50.65,50.64,50.65,1000.0
2017-09-19 10:32:00,50.59,50.62,50.59,50.62,700.0
2017-09-19 10:33:00,50.605,50.605,50.605,50.605,200.0
2017-09-19 10:35:00,50.61,50.62,50.6,50.61,3009.0
2017-09-19 10:36:00,50.645,50.65,50.61,50.61,2438.0
2017-09-19 10:37:00,50.64,50.65,50.64,50.65,539.0
2017-09-19 10:38:00,50.7,50.7,50.64,50.64,9493.0
2017-09-19 10:39:00,50.72,50.72,50.71,50.71,700.0
2017-09-19 10:40:00,50.73,50.73,50.73,50.73,100.0
2017-09-19 10:41:00,50.72,50.73,50.71,50.73,4030.0
2017-09-19 10:42:00,50.685,50.71,50.685,50.71,1200.0
2017-09-19 10:43:00,50.69,50.7,50.67,50.7,300.0
2017-09-19 10:44:00,50.69,50.69,50.67,50.69,1209.0
2017-09-19 10:45:00,50.68,50.69,50.68,50.68,1025.0
2017-09-19 10:46:00,50.685,50.71,50.68,50.68,4133.0
2017-09-19 10:48:00,50.69,50.69,50.69,50.69,100.0
2017-09-19 10:49:00,50.695,50.695,50.695,50.695,200.0
2017-09-19 10:50:00,50.675,50.69,50.66,50.69,3150.0
2017-09-19 10:51:00,50.7,50.7,50.675,50.675,4174.0
2017-09-19 10:52:00,50.73,50.73,50.71,50.71,1000.0
2017-09-19 10:53:00,50.73,50.73,50.73,50.73,1132.0
2017-09-19 10:54:00,50.75,50.77,50.72,50.72,6201.0
2017-09-19 10:55:00,50.76,50.775,50.76,50.76,2170.0
2017-09-19 10:56:00,50.763999999999996,50.77,50.763999999999996,50.77,812.0
2017-09-19 10:57:00,50.74,50.77,50.74,50.77,2250.0
2017-09-19 10:58:00,50.74,50.75,50.735,50.75,1794.0
2017-09-19 10:59:00,50.75,50.75,50.735,50.735,3636.0
2017-09-19 11:00:00,50.75,50.75,50.735,50.74,2200.0
2017-09-19 11:01:00,50.7275,50.75,50.725,50.75,10184.0
2017-09-19 11:02:00,50.76,50.76,50.73,50.73,2984.0
2017-09-19 11:03:00,50.775,50.775,50.74,50.75,4512.0
2017-09-19 11:04:00,50.8,50.8,50.78,50.78,3811.0
2017-09-19 11:05:00,50.815,50.815,50.79,50.8,4791.0
2017-09-19 11:06:00,50.84,50.84,50.82,50.82,3286.0
2017-09-19 11:07:00,50.82,50.835,50.82,50.83,5225.0
2017-09-19 11:08:00,50.8,50.825,50.8,50.82,2491.0
2017-09-19 11:09:00,50.78,50.79,50.77,50.79,1288.0
2017-09-19 11:10:00,50.81,50.81,50.78,50.78,3286.0
2017-09-19 11:11:00,50.785,50.81,50.78,50.81,1701.0
2017-09-19 11:12:00,50.775,50.7849,50.7731,50.78,1642.0
2017-09-19 11:13:00,50.77,50.77,50.76,50.77,2603.0
2017-09-19 11:15:00,50.75,50.76,50.75,50.76,1800.0
2017-09-19 11:16:00,50.76,50.76,50.76,50.76,100.0
2017-09-19 11:17:00,50.76,50.76,50.75,50.75,1700.0
2017-09-19 11:18:00,50.75,50.76,50.75,50.755,1100.0
2017-09-19 11:19:00,50.76,50.76,50.75,50.75,800.0
2017-09-19 11:20:00,50.77,50.77,50.76,50.76,3046.0
2017-09-19 11:21:00,50.77,50.77,50.76,50.76,400.0
2017-09-19 11:22:00,50.77,50.775,50.77,50.77,1997.0
2017-09-19 11:23:00,50.77,50.77,50.77,50.77,1019.0
2017-09-19 11:24:00,50.77,50.77,50.76,50.77,800.0
2017-09-19 11:25:00,50.7634,50.7634,50.76,50.76,880.0
2017-09-19 11:26:00,50.74,50.76,50.74,50.76,4502.0
2017-09-19 11:27:00,50.74,50.74,50.73,50.74,800.0
2017-09-19 11:28:00,50.74,50.74,50.725,50.73,2390.0
2017-09-19 11:29:00,50.72,50.74,50.72,50.74,1600.0
2017-09-19 11:30:00,50.7,50.705,50.7,50.7,5459.0
2017-09-19 11:31:00,50.7352,50.7352,50.7,50.7,1909.0
2017-09-19 11:32:00,50.7488,50.75,50.74,50.74,3785.0
2017-09-19 11:34:00,50.765,50.765,50.76,50.76,800.0
2017-09-19 11:35:00,50.77,50.77,50.77,50.77,1100.0
2017-09-19 11:36:00,50.82,50.82,50.78,50.78,7510.0
2017-09-19 11:37:00,50.81,50.81,50.81,50.81,700.0
2017-09-19 11:38:00,50.79,50.81,50.79,50.81,2721.0
2017-09-19 11:39:00,50.79,50.79,50.79,50.79,100.0
2017-09-19 11:40:00,50.79,50.795,50.79,50.795,300.0
2017-09-19 11:41:00,50.8,50.8,50.7956,50.7956,477.0
2017-09-19 11:42:00,50.78,50.795,50.78,50.795,3090.0
2017-09-19 11:43:00,50.78,50.78,50.78,50.78,1900.0
2017-09-19 11:44:00,50.785,50.79,50.785,50.79,1194.0
2017-09-19 11:45:00,50.79,50.79,50.79,50.79,700.0
2017-09-19 11:46:00,50.78,50.78,50.78,50.78,400.0
2017-09-19 11:47:00,50.78,50.78,50.77,50.78,2352.0
2017-09-19 11:48:00,50.79,50.79,50.79,50.79,600.0
2017-09-19 11:49:00,50.78,50.79,50.78,50.79,300.0
2017-09-19 11:50:00,50.8,50.8,50.78,50.78,4562.0
2017-09-19 11:51:00,50.7799,50.79,50.7799,50.79,1396.0
2017-09-19 11:52:00,50.77,50.77,50.77,50.77,100.0
2017-09-19 11:53:00,50.79,50.8,50.78,50.78,1750.0
2017-09-19 11:54:00,50.81,50.81,50.8,50.8,2099.0
2017-09-19 11:55:00,50.82,50.82,50.8,50.805,3900.0
2017-09-19 11:56:00,50.82,50.825,50.82,50.82,2552.0
2017-09-19 11:57:00,50.83,50.83,50.82,50.83,20445.0
2017-09-19 11:58:00,50.835,50.85,50.82,50.82,5339.0
2017-09-19 11:59:00,50.79,50.83,50.79,50.83,2012.0
2017-09-19 12:00:00,50.8,50.81,50.79,50.79,1863.0
2017-09-19 12:01:00,50.77,50.79,50.77,50.79,768.0
2017-09-19 12:02:00,50.78,50.78,50.78,50.78,136.0
2017-09-19 12:03:00,50.725,50.775,50.72,50.775,2630.0
2017-09-19 12:04:00,50.715,50.72,50.7,50.7,2573.0
2017-09-19 12:05:00,50.7,50.705,50.7,50.705,600.0
2017-09-19 12:06:00,50.71,50.71,50.7,50.7,1102.0
2017-09-19 12:07:00,50.71,50.72,50.71,50.72,1300.0
2017-09-19 12:09:00,50.705,50.715,50.7,50.715,3260.0
2017-09-19 12:10:00,50.71,50.71,50.7,50.705,919.0
2017-09-19 12:11:00,50.705,50.705,50.705,50.705,203.0
2017-09-19 12:12:00,50.705,50.705,50.705,50.705,100.0
2017-09-19 12:13:00,50.71,50.71,50.7,50.705,3000.0
2017-09-19 12:14:00,50.68,50.7,50.68,50.7,1605.0
2017-09-19 12:15:00,50.7,50.7,50.68,50.68,1800.0
2017-09-19 12:16:00,50.69,50.69,50.69,50.69,100.0
2017-09-19 12:17:00,50.67,50.7,50.67,50.7,700.0
2017-09-19 12:18:00,50.69,50.69,50.69,50.69,600.0
2017-09-19 12:19:00,50.68,50.68,50.68,50.68,100.0
2017-09-19 12:20:00,50.7,50.7,50.695,50.7,1301.0
2017-09-19 12:21:00,50.71,50.71,50.71,50.71,100.0
2017-09-19 12:22:00,50.71,50.71,50.7,50.7,1300.0
2017-09-19 12:23:00,50.73,50.73,50.7157,50.7157,1105.0
2017-09-19 12:24:00,50.7295,50.7295,50.7295,50.7295,400.0
2017-09-19 12:25:00,50.725,50.725,50.72,50.72,200.0
2017-09-19 12:26:00,50.725,50.725,50.725,50.725,100.0
2017-09-19 12:27:00,50.75,50.75,50.72,50.72,3400.0
2017-09-19 12:28:00,50.74,50.75,50.74,50.74,600.0
2017-09-19 12:29:00,50.7,50.75,50.69,50.75,2718.0
2017-09-19 12:30:00,50.7,50.7,50.7,50.7,100.0
2017-09-19 12:31:00,50.7,50.7,50.7,50.7,100.0
2017-09-19 12:32:00,50.7,50.7,50.7,50.7,100.0
2017-09-19 12:33:00,50.71,50.71,50.695,50.7,600.0
2017-09-19 12:34:00,50.72,50.72,50.71,50.71,1776.0
2017-09-19 12:35:00,50.71,50.72,50.705,50.72,2028.0
2017-09-19 12:36:00,50.71,50.71,50.71,50.71,100.0
2017-09-19 12:37:00,50.72,50.72,50.71,50.71,600.0
2017-09-19 12:38:00,50.72,50.72,50.72,50.72,400.0
2017-09-19 12:40:00,50.7125,50.72,50.7125,50.715,500.0
2017-09-19 12:41:00,50.73,50.73,50.72,50.72,2261.0
2017-09-19 12:42:00,50.73,50.7342,50.73,50.7342,600.0
2017-09-19 12:44:00,50.725,50.725,50.72,50.72,200.0
2017-09-19 12:45:00,50.73,50.73,50.73,50.73,300.0
2017-09-19 12:46:00,50.73,50.73,50.73,50.73,200.0
2017-09-19 12:47:00,50.73,50.73,50.72,50.72,200.0
2017-09-19 12:48:00,50.72,50.73,50.72,50.73,200.0
2017-09-19 12:49:00,50.725,50.725,50.725,50.725,100.0
2017-09-19 12:50:00,50.72,50.73,50.72,50.73,200.0
2017-09-19 12:51:00,50.67,50.73,50.67,50.73,9447.0
2017-09-19 12:52:00,50.68,50.69,50.67,50.69,700.0
2017-09-19 12:53:00,50.67,50.68,50.67,50.68,600.0
2017-09-19 12:54:00,50.69,50.7,50.67,50.67,1894.0
2017-09-19 12:55:00,50.68,50.68,50.68,50.68,100.0
2017-09-19 12:56:00,50.685,50.69,50.68,50.68,938.0
2017-09-19 12:57:00,50.68,50.6801,50.68,50.6801,1276.0
2017-09-19 12:58:00,50.67,50.68,50.67,50.68,2101.0
2017-09-19 12:59:00,50.69,50.69,50.675,50.68,1443.0
2017-09-19 13:00:00,50.695,50.695,50.695,50.695,100.0
2017-09-19 13:01:00,50.68,50.69,50.68,50.69,1100.0
2017-09-19 13:02:00,50.695,50.695,50.6834,50.6834,792.0
2017-09-19 13:04:00,50.69,50.69,50.69,50.69,900.0
2017-09-19 13:05:00,50.69,50.69,50.69,50.69,100.0
2017-09-19 13:06:00,50.7,50.7,50.7,50.7,300.0
2017-09-19 13:07:00,50.695,50.7,50.695,50.695,500.0
2017-09-19 13:08:00,50.695,50.695,50.695,50.695,100.0
2017-09-19 13:09:00,50.71,50.71,50.7,50.7,1648.0
2017-09-19 13:10:00,50.73,50.73,50.72,50.72,500.0
2017-09-19 13:11:00,50.72,50.73,50.72,50.725,2400.0
2017-09-19 13:12:00,50.715,50.715,50.71,50.715,613.0
2017-09-19 13:13:00,50.715,50.715,50.715,50.715,100.0
2017-09-19 13:14:00,50.72,50.72,50.71,50.715,300.0
2017-09-19 13:15:00,50.72,50.72,50.72,50.72,1462.0
2017-09-19 13:16:00,50.73,50.73,50.73,50.73,100.0
2017-09-19 13:17:00,50.73,50.73,50.73,50.73,3318.0
2017-09-19 13:18:00,50.715,50.725,50.715,50.72,600.0
2017-09-19 13:21:00,50.725,50.725,50.715,50.72,3000.0
2017-09-19 13:22:00,50.725,50.7271,50.71,50.72,2409.0
2017-09-19 13:23:00,50.73,50.73,50.72,50.72,700.0
2017-09-19 13:24:00,50.72,50.72,50.72,50.72,100.0
2017-09-19 13:25:00,50.71,50.71,50.71,50.71,309.0
2017-09-19 13:26:00,50.72,50.72,50.72,50.72,100.0
2017-09-19 13:28:00,50.7101,50.715,50.71,50.71,1300.0
2017-09-19 13:29:00,50.71,50.71,50.71,50.71,300.0
2017-09-19 13:30:00,50.71,50.71,50.71,50.71,400.0
2017-09-19 13:31:00,50.71,50.72,50.71,50.71,700.0
2017-09-19 13:32:00,50.715,50.72,50.71,50.715,400.0
2017-09-19 13:33:00,50.71,50.718999999999994,50.71,50.715,813.0
2017-09-19 13:34:00,50.71,50.715,50.71,50.715,300.0
2017-09-19 13:35:00,50.74,50.74,50.71,50.71,3000.0
2017-09-19 13:36:00,50.75,50.75,50.75,50.75,800.0
2017-09-19 13:37:00,50.75,50.76,50.75,50.76,522.0
2017-09-19 13:38:00,50.74,50.75,50.74,50.75,1393.0
2017-09-19 13:39:00,50.74,50.74,50.74,50.74,200.0
2017-09-19 13:40:00,50.74,50.74,50.74,50.74,800.0
2017-09-19 13:41:00,50.735,50.74,50.73,50.74,1900.0
2017-09-19 13:42:00,50.73,50.735,50.73,50.73,442.0
2017-09-19 13:43:00,50.735,50.74,50.73,50.73,1098.0
2017-09-19 13:44:00,50.7366,50.7366,50.73,50.73,496.0
2017-09-19 13:45:00,50.74,50.74,50.73,50.73,400.0
2017-09-19 13:46:00,50.73,50.73,50.73,50.73,100.0
2017-09-19 13:47:00,50.73,50.73,50.73,50.73,100.0
2017-09-19 13:48:00,50.73,50.735,50.73,50.735,2400.0
2017-09-19 13:49:00,50.73,50.735,50.73,50.73,1000.0
2017-09-19 13:50:00,50.735,50.735,50.735,50.735,100.0
2017-09-19 13:51:00,50.73,50.745,50.73,50.74,3400.0
2017-09-19 13:52:00,50.75,50.76,50.74,50.74,1890.0
2017-09-19 13:53:00,50.75,50.75,50.75,50.75,1500.0
2017-09-19 13:54:00,50.75,50.76,50.74,50.75,2200.0
2017-09-19 13:55:00,50.73,50.745,50.73,50.74,3805.0
2017-09-19 13:56:00,50.73,50.73,50.72,50.72,300.0
2017-09-19 13:57:00,50.725,50.725,50.72,50.72,739.0
2017-09-19 13:58:00,50.73,50.73,50.72,50.72,3625.0
2017-09-19 13:59:00,50.72,50.73,50.72,50.73,1400.0
2017-09-19 14:00:00,50.69,50.72,50.68,50.72,7255.0
2017-09-19 14:01:00,50.7,50.7,50.69,50.6954,5029.0
2017-09-19 14:02:00,50.71,50.71,50.705,50.7066,936.0
2017-09-19 14:03:00,50.73,50.73,50.72,50.72,900.0
2017-09-19 14:04:00,50.73,50.73,50.73,50.73,100.0
2017-09-19 14:05:00,50.72,50.73,50.72,50.7293,301.0
2017-09-19 14:06:00,50.72,50.72,50.72,50.72,100.0
2017-09-19 14:07:00,50.715,50.73,50.71,50.73,2550.0
2017-09-19 14:08:00,50.73,50.73,50.71,50.715,2200.0
2017-09-19 14:09:00,50.72,50.74,50.72,50.74,1194.0
2017-09-19 14:10:00,50.72,50.73,50.72,50.72,4236.0
2017-09-19 14:11:00,50.72,50.72,50.72,50.72,500.0
2017-09-19 14:12:00,50.705,50.72,50.705,50.72,1800.0
2017-09-19 14:13:00,50.7,50.71,50.7,50.7,1500.0
2017-09-19 14:14:00,50.69,50.7,50.69,50.7,900.0
2017-09-19 14:15:00,50.7,50.7,50.69,50.695,3729.0
2017-09-19 14:16:00,50.67,50.685,50.67,50.685,1400.0
2017-09-19 14:17:00,50.7,50.7,50.64,50.67,4613.0
2017-09-19 14:18:00,50.67,50.68,50.67,50.67,300.0
2017-09-19 14:19:00,50.685,50.685,50.67,50.685,900.0
2017-09-19 14:20:00,50.67,50.68,50.67,50.68,600.0
2017-09-19 14:21:00,50.66,50.675,50.65,50.675,2300.0
2017-09-19 14:22:00,50.65,50.67,50.65,50.67,1999.0
2017-09-19 14:23:00,50.65,50.655,50.65,50.65,900.0
2017-09-19 14:24:00,50.66,50.66,50.65,50.65,500.0
2017-09-19 14:25:00,50.64,50.65,50.64,50.65,1405.0
2017-09-19 14:26:00,50.645,50.645,50.645,50.645,200.0
2017-09-19 14:27:00,50.64,50.64,50.64,50.64,200.0
2017-09-19 14:28:00,50.63,50.65,50.63,50.64,3433.0
2017-09-19 14:29:00,50.64,50.64,50.63,50.63,909.0
2017-09-19 14:30:00,50.63,50.64,50.63,50.64,300.0
2017-09-19 14:31:00,50.6341,50.6341,50.63,50.63,232.0
2017-09-19 14:32:00,50.63,50.64,50.62,50.64,3435.0
2017-09-19 14:33:00,50.63,50.63,50.63,50.63,100.0
2017-09-19 14:34:00,50.63,50.65,50.63,50.635,2226.0
2017-09-19 14:35:00,50.64,50.64,50.63,50.63,200.0
2017-09-19 14:36:00,50.67,50.67,50.65,50.65,928.0
2017-09-19 14:38:00,50.65,50.67,50.65,50.67,1000.0
2017-09-19 14:39:00,50.65,50.65,50.65,50.65,300.0
2017-09-19 14:40:00,50.65,50.67,50.65,50.65,300.0
2017-09-19 14:41:00,50.6593,50.6593,50.65,50.65,300.0
2017-09-19 14:42:00,50.665,50.67,50.65,50.65,1100.0
2017-09-19 14:43:00,50.67,50.67,50.66,50.66,601.0
2017-09-19 14:44:00,50.65,50.665,50.65,50.66,3024.0
2017-09-19 14:45:00,50.65,50.65,50.65,50.65,500.0
2017-09-19 14:46:00,50.65,50.66,50.65,50.66,1115.0
2017-09-19 14:47:00,50.65,50.65,50.65,50.65,100.0
2017-09-19 14:48:00,50.65,50.66,50.65,50.66,3500.0
2017-09-19 14:49:00,50.67,50.67,50.65,50.65,3095.0
2017-09-19 14:50:00,50.68,50.68,50.67,50.67,500.0
2017-09-19 14:51:00,50.67,50.675,50.67,50.675,1100.0
2017-09-19 14:52:00,50.65,50.67,50.645,50.67,3901.0
2017-09-19 14:53:00,50.645,50.65,50.645,50.65,1100.0
2017-09-19 14:54:00,50.64,50.645,50.64,50.64,1059.0
2017-09-19 14:55:00,50.65,50.65,50.64,50.64,600.0
2017-09-19 14:56:00,50.64,50.645,50.62,50.64,4502.0
2017-09-19 14:57:00,50.65,50.66,50.63,50.635,3490.0
2017-09-19 14:58:00,50.66,50.66,50.66,50.66,200.0
2017-09-19 14:59:00,50.65,50.67,50.64,50.66,1992.0
2017-09-19 15:00:00,50.65,50.66,50.64,50.6442,2800.0
2017-09-19 15:01:00,50.67,50.67,50.66,50.66,700.0
2017-09-19 15:02:00,50.6617,50.6669,50.66,50.6669,788.0
2017-09-19 15:03:00,50.655,50.66,50.65,50.66,1500.0
2017-09-19 15:04:00,50.67,50.67,50.655,50.66,1676.0
2017-09-19 15:05:00,50.62,50.675,50.62,50.675,17590.0
2017-09-19 15:06:00,50.63,50.6358,50.61,50.61,1607.0
2017-09-19 15:07:00,50.635,50.635,50.635,50.635,200.0
2017-09-19 15:08:00,50.62,50.64,50.62,50.635,2803.0
2017-09-19 15:09:00,50.61,50.615,50.61,50.61,1100.0
2017-09-19 15:10:00,50.61,50.61,50.61,50.61,300.0
2017-09-19 15:11:00,50.61,50.61,50.61,50.61,700.0
2017-09-19 15:12:00,50.61,50.62,50.61,50.61,900.0
2017-09-19 15:13:00,50.64,50.645,50.615,50.62,6680.0
2017-09-19 15:14:00,50.645,50.65,50.635,50.64,1741.0
2017-09-19 15:15:00,50.62,50.645,50.62,50.645,4189.0
2017-09-19 15:16:00,50.64,50.64,50.62,50.62,3260.0
2017-09-19 15:17:00,50.645,50.645,50.6402,50.645,1489.0
2017-09-19 15:18:00,50.64,50.645,50.64,50.64,863.0
2017-09-19 15:19:00,50.64,50.64,50.64,50.64,200.0
2017-09-19 15:20:00,50.645,50.645,50.64,50.64,900.0
2017-09-19 15:21:00,50.57,50.64,50.57,50.64,18171.0
2017-09-19 15:22:00,50.56,50.57,50.55,50.565,6802.0
2017-09-19 15:23:00,50.5725,50.58,50.55,50.55,2920.0
2017-09-19 15:24:00,50.56,50.5702,50.56,50.57,4063.0
2017-09-19 15:25:00,50.54,50.56,50.54,50.56,3476.0
2017-09-19 15:26:00,50.57,50.57,50.54,50.5456,6549.0
2017-09-19 15:27:00,50.57,50.57,50.565,50.565,200.0
2017-09-19 15:28:00,50.56,50.56,50.56,50.56,2200.0
2017-09-19 15:29:00,50.55,50.57,50.55,50.56,1400.0
2017-09-19 15:30:00,50.55,50.56,50.55,50.55,1600.0
2017-09-19 15:31:00,50.555,50.56,50.54,50.545,6067.0
2017-09-19 15:32:00,50.56,50.57,50.56,50.57,2950.0
2017-09-19 15:33:00,50.56,50.565,50.55,50.565,2795.0
2017-09-19 15:34:00,50.55,50.56,50.55,50.56,1300.0
2017-09-19 15:35:00,50.56,50.57,50.555,50.56,2448.0
2017-09-19 15:36:00,50.55,50.57,50.55,50.565,4695.0
2017-09-19 15:37:00,50.55,50.56,50.545,50.555,12300.0
2017-09-19 15:38:00,50.565,50.57,50.55,50.55,4100.0
2017-09-19 15:39:00,50.565,50.57,50.56,50.56,2600.0
2017-09-19 15:40:00,50.585,50.585,50.56,50.57,7565.0
2017-09-19 15:41:00,50.58,50.585,50.58,50.585,2700.0
2017-09-19 15:42:00,50.58,50.59,50.58,50.585,3643.0
2017-09-19 15:43:00,50.565,50.585,50.56,50.585,10298.0
2017-09-19 15:44:00,50.58,50.58,50.56,50.565,11529.0
2017-09-19 15:45:00,50.57,50.585,50.57,50.58,9468.0
2017-09-19 15:46:00,50.56,50.57,50.555,50.56,4261.0
2017-09-19 15:47:00,50.565,50.57,50.56,50.565,2700.0
2017-09-19 15:48:00,50.56,50.565,50.56,50.56,2950.0
2017-09-19 15:49:00,50.565,50.57,50.56,50.56,1500.0
2017-09-19 15:50:00,50.56,50.57,50.56,50.565,2800.0
2017-09-19 15:51:00,50.57,50.57,50.56,50.56,11565.0
2017-09-19 15:52:00,50.58,50.58,50.565,50.565,6966.0
2017-09-19 15:53:00,50.58,50.58,50.575,50.575,1407.0
2017-09-19 15:54:00,50.575,50.58,50.57,50.57,2500.0
2017-09-19 15:55:00,50.575,50.58,50.57,50.58,12123.0
2017-09-19 15:56:00,50.55,50.575,50.55,50.57,5750.0
2017-09-19 15:57:00,50.545,50.555,50.54,50.55,10020.0
2017-09-19 15:58:00,50.54,50.55,50.54,50.545,6400.0
2017-09-19 15:59:00,50.545,50.55,50.54,50.54,10752.0
2017-09-19 16:00:00,50.565,50.565,50.54,50.545,29897.0
2017-09-20 09:30:00,50.54,50.54,50.54,50.54,20730.0
2017-09-20 09:31:00,50.375,50.63,50.33,50.63,3038.0
2017-09-20 09:32:00,50.43,50.46,50.34,50.34,2001.0
2017-09-20 09:34:00,50.495,50.57,50.42,50.46,2500.0
2017-09-20 09:35:00,50.54,50.63,50.5,50.5,1103.0
2017-09-20 09:36:00,50.55,50.55,50.46,50.5,1500.0
2017-09-20 09:38:00,50.48,50.48,50.48,50.48,100.0
2017-09-20 09:39:00,50.51,50.51,50.47,50.49,400.0
2017-09-20 09:40:00,50.53,50.53,50.49,50.5,700.0
2017-09-20 09:41:00,50.56,50.57,50.51,50.51,1105.0
2017-09-20 09:42:00,50.56,50.58,50.56,50.57,1201.0
2017-09-20 09:43:00,50.61,50.61,50.61,50.61,100.0
2017-09-20 09:44:00,50.63,50.63,50.61,50.61,700.0
2017-09-20 09:45:00,50.5836,50.62,50.545,50.62,1260.0
2017-09-20 09:46:00,50.555,50.6,50.55,50.55,400.0
2017-09-20 09:47:00,50.52,50.54,50.52,50.54,1080.0
2017-09-20 09:48:00,50.47,50.52,50.47,50.5165,1900.0
2017-09-20 09:49:00,50.5,50.5,50.46,50.46,1405.0
2017-09-20 09:50:00,50.48,50.5,50.48,50.5,300.0
2017-09-20 09:52:00,50.425,50.47,50.42,50.47,2208.0
2017-09-20 09:53:00,50.428999999999995,50.43,50.42,50.42,480.0
2017-09-20 09:54:00,50.445,50.445,50.42,50.43,1701.0
2017-09-20 09:55:00,50.45,50.45,50.42,50.43,900.0
2017-09-20 09:56:00,50.47,50.47,50.42,50.42,1500.0
2017-09-20 09:57:00,50.5,50.5,50.48,50.49,1100.0
2017-09-20 09:58:00,50.5,50.52,50.49,50.52,400.0
2017-09-20 09:59:00,50.53,50.53,50.5,50.5,1175.0
2017-09-20 10:00:00,50.505,50.53,50.505,50.53,1988.0
2017-09-20 10:01:00,50.49,50.5,50.49,50.49,1009.0
2017-09-20 10:02:00,50.4628,50.49,50.4628,50.485,900.0
2017-09-20 10:03:00,50.5,50.5,50.47,50.48,23244.0
2017-09-20 10:04:00,50.51,50.52,50.51,50.51,1831.0
2017-09-20 10:06:00,50.52,50.52,50.51,50.51,773.0
2017-09-20 10:08:00,50.495,50.51,50.49,50.51,4418.0
2017-09-20 10:09:00,50.45,50.49,50.45,50.49,3250.0
2017-09-20 10:10:00,50.44,50.44,50.44,50.44,100.0
2017-09-20 10:11:00,50.455,50.46,50.45,50.46,900.0
2017-09-20 10:12:00,50.455,50.46,50.45,50.46,3300.0
2017-09-20 10:13:00,50.465,50.465,50.46,50.46,363.0
2017-09-20 10:14:00,50.49,50.49,50.46,50.46,2084.0
2017-09-20 10:15:00,50.53,50.54,50.49,50.49,3100.0
2017-09-20 10:16:00,50.513999999999996,50.53,50.51,50.53,1474.0
2017-09-20 10:17:00,50.525,50.54,50.52,50.52,1858.0
2017-09-20 10:18:00,50.52,50.53,50.52,50.53,1157.0
2017-09-20 10:19:00,50.5,50.51,50.49,50.51,1900.0
2017-09-20 10:20:00,50.48,50.4975,50.48,50.495,1900.0
2017-09-20 10:21:00,50.45,50.4766,50.45,50.47,1150.0
2017-09-20 10:22:00,50.45,50.45,50.44,50.44,600.0
2017-09-20 10:23:00,50.468999999999994,50.468999999999994,50.46,50.46,1857.0
2017-09-20 10:24:00,50.47,50.47,50.46,50.465,1147.0
2017-09-20 10:25:00,50.45,50.46,50.45,50.46,300.0
2017-09-20 10:26:00,50.45,50.45,50.44,50.45,417.0
2017-09-20 10:27:00,50.44,50.45,50.435,50.45,2100.0
2017-09-20 10:28:00,50.43,50.4325,50.43,50.43,705.0
2017-09-20 10:29:00,50.43,50.44,50.43,50.43,1256.0
2017-09-20 10:30:00,50.41,50.435,50.41,50.43,2501.0
2017-09-20 10:31:00,50.4,50.41,50.4,50.41,500.0
2017-09-20 10:32:00,50.41,50.42,50.41,50.42,1646.0
2017-09-20 10:33:00,50.38,50.42,50.37,50.42,2800.0
2017-09-20 10:34:00,50.39,50.39,50.38,50.38,1994.0
2017-09-20 10:35:00,50.39,50.3907,50.37,50.39,1300.0
2017-09-20 10:36:00,50.4,50.4,50.39,50.39,1000.0
2017-09-20 10:37:00,50.4,50.41,50.39,50.4,1300.0
2017-09-20 10:38:00,50.38,50.39,50.38,50.39,700.0
2017-09-20 10:39:00,50.37,50.38,50.37,50.37,1889.0
2017-09-20 10:40:00,50.39,50.39,50.36,50.36,1800.0
2017-09-20 10:41:00,50.41,50.41,50.4,50.4,1200.0
2017-09-20 10:42:00,50.415,50.415,50.415,50.415,100.0
2017-09-20 10:43:00,50.405,50.41,50.4,50.41,2278.0
2017-09-20 10:44:00,50.41,50.41,50.41,50.41,100.0
2017-09-20 10:45:00,50.4,50.4,50.4,50.4,100.0
2017-09-20 10:46:00,50.38,50.405,50.38,50.405,1200.0
2017-09-20 10:47:00,50.38,50.39,50.38,50.3856,1850.0
2017-09-20 10:48:00,50.37,50.3972,50.37,50.3972,900.0
2017-09-20 10:49:00,50.35,50.37,50.34,50.37,871.0
2017-09-20 10:50:00,50.35,50.35,50.34,50.34,1214.0
2017-09-20 10:51:00,50.29,50.355,50.29,50.355,5200.0
2017-09-20 10:52:00,50.29,50.29,50.29,50.29,100.0
2017-09-20 10:53:00,50.315,50.315,50.305,50.31,1700.0
2017-09-20 10:54:00,50.3,50.31,50.3,50.31,800.0
2017-09-20 10:55:00,50.28,50.29,50.28,50.29,1500.0
2017-09-20 10:56:00,50.275,50.285,50.27,50.28,1000.0
2017-09-20 10:57:00,50.31,50.31,50.275,50.275,1866.0
2017-09-20 10:58:00,50.2744,50.3299,50.2744,50.32,18002.0
2017-09-20 10:59:00,50.28,50.28,50.275,50.28,900.0
2017-09-20 11:00:00,50.27,50.29,50.27,50.29,1300.0
2017-09-20 11:01:00,50.275,50.275,50.275,50.275,456.0
2017-09-20 11:02:00,50.3,50.3,50.275,50.275,2812.0
2017-09-20 11:03:00,50.295,50.295,50.29,50.29,200.0
2017-09-20 11:04:00,50.29,50.295,50.29,50.29,1300.0
2017-09-20 11:05:00,50.29,50.29,50.27,50.28,3699.0
2017-09-20 11:06:00,50.27,50.29,50.26,50.29,2257.0
2017-09-20 11:07:00,50.27,50.27,50.26,50.26,900.0
2017-09-20 11:08:00,50.2844,50.29,50.27,50.27,1933.0
2017-09-20 11:09:00,50.26,50.285,50.26,50.285,1520.0
2017-09-20 11:10:00,50.31,50.31,50.26,50.26,1900.0
2017-09-20 11:11:00,50.3,50.32,50.3,50.3,5500.0
2017-09-20 11:12:00,50.29,50.295,50.285,50.295,600.0
2017-09-20 11:13:00,50.3,50.3,50.28,50.28,1780.0
2017-09-20 11:14:00,50.29,50.29,50.29,50.29,200.0
2017-09-20 11:15:00,50.25,50.29,50.25,50.29,1720.0
2017-09-20 11:16:00,50.25,50.26,50.25,50.26,1800.0
2017-09-20 11:17:00,50.26,50.26,50.25,50.25,600.0
2017-09-20 11:18:00,50.25,50.25,50.25,50.25,100.0
2017-09-20 11:19:00,50.23,50.26,50.23,50.26,2208.0
2017-09-20 11:20:00,50.23,50.23,50.23,50.23,500.0
2017-09-20 11:21:00,50.2,50.23,50.2,50.23,700.0
2017-09-20 11:22:00,50.21,50.22,50.21,50.21,600.0
2017-09-20 11:23:00,50.21,50.215,50.21,50.21,300.0
2017-09-20 11:24:00,50.21,50.21,50.205,50.21,1600.0
2017-09-20 11:25:00,50.2,50.21,50.2,50.21,400.0
2017-09-20 11:26:00,50.24,50.24,50.21,50.21,2630.0
2017-09-20 11:27:00,50.235,50.25,50.235,50.25,500.0
2017-09-20 11:28:00,50.25,50.25,50.24,50.245,300.0
2017-09-20 11:29:00,50.25,50.255,50.24,50.255,846.0
2017-09-20 11:31:00,50.26,50.26,50.24,50.24,933.0
2017-09-20 11:32:00,50.25,50.26,50.25,50.26,300.0
2017-09-20 11:33:00,50.255,50.255,50.25,50.25,200.0
2017-09-20 11:34:00,50.26,50.265,50.255,50.26,1700.0
2017-09-20 11:35:00,50.25,50.25,50.25,50.25,600.0
2017-09-20 11:36:00,50.225,50.25,50.22,50.25,2500.0
2017-09-20 11:37:00,50.23,50.24,50.23,50.23,998.0
2017-09-20 11:38:00,50.245,50.27,50.24,50.25,4504.0
2017-09-20 11:39:00,50.2,50.24,50.2,50.24,3249.0
2017-09-20 11:40:00,50.17,50.19,50.17,50.19,800.0
2017-09-20 11:41:00,50.18,50.19,50.165,50.18,5600.0
2017-09-20 11:42:00,50.16,50.185,50.16,50.17,1700.0
2017-09-20 11:43:00,50.185,50.19,50.17,50.17,2150.0
2017-09-20 11:45:00,50.17,50.1963,50.17,50.1963,3928.0
2017-09-20 11:46:00,50.19,50.19,50.19,50.19,390.0
2017-09-20 11:47:00,50.175,50.19,50.17,50.19,900.0
2017-09-20 11:48:00,50.165,50.17,50.16,50.17,700.0
2017-09-20 11:49:00,50.145,50.16,50.145,50.16,1318.0
2017-09-20 11:50:00,50.14,50.14,50.13,50.14,1600.0
2017-09-20 11:51:00,50.14,50.155,50.14,50.14,2977.0
2017-09-20 11:52:00,50.1301,50.145,50.1301,50.14,550.0
2017-09-20 11:53:00,50.2,50.2,50.14,50.14,1342.0
2017-09-20 11:54:00,50.2,50.2,50.19,50.2,1653.0
2017-09-20 11:55:00,50.2,50.2,50.2,50.2,200.0
2017-09-20 11:56:00,50.18,50.205,50.18,50.2,3921.0
2017-09-20 11:57:00,50.18,50.18,50.18,50.18,100.0
2017-09-20 11:58:00,50.2,50.2,50.2,50.2,600.0
2017-09-20 12:00:00,50.2,50.2,50.19,50.19,600.0
2017-09-20 12:01:00,50.195,50.195,50.195,50.195,100.0
2017-09-20 12:02:00,50.18,50.2,50.18,50.2,1434.0
2017-09-20 12:03:00,50.18,50.18,50.18,50.18,100.0
2017-09-20 12:04:00,50.16,50.18,50.16,50.17,2500.0
2017-09-20 12:06:00,50.16,50.165,50.16,50.16,1918.0
2017-09-20 12:07:00,50.155,50.155,50.15,50.15,300.0
2017-09-20 12:08:00,50.175,50.175,50.155,50.155,2088.0
2017-09-20 12:09:00,50.19,50.19,50.18,50.18,700.0
2017-09-20 12:10:00,50.22,50.22,50.21,50.21,400.0
2017-09-20 12:12:00,50.21,50.22,50.21,50.22,1060.0
2017-09-20 12:13:00,50.19,50.21,50.19,50.2,800.0
2017-09-20 12:14:00,50.18,50.19,50.18,50.19,1000.0
2017-09-20 12:15:00,50.18,50.18,50.162,50.17,2010.0
2017-09-20 12:16:00,50.17,50.18,50.17,50.18,200.0
2017-09-20 12:17:00,50.17,50.17,50.17,50.17,100.0
2017-09-20 12:19:00,50.17,50.17,50.17,50.17,300.0
2017-09-20 12:20:00,50.17,50.18,50.17,50.17,700.0
2017-09-20 12:21:00,50.17,50.17,50.17,50.17,100.0
2017-09-20 12:22:00,50.14,50.16,50.14,50.16,700.0
2017-09-20 12:23:00,50.165,50.1655,50.135,50.135,2400.0
2017-09-20 12:24:00,50.15,50.1643,50.15,50.1643,1100.0
2017-09-20 12:26:00,50.165,50.165,50.16,50.16,302.0
2017-09-20 12:27:00,50.16,50.16,50.16,50.16,100.0
2017-09-20 12:28:00,50.16,50.165,50.16,50.16,1000.0
2017-09-20 12:29:00,50.17,50.17,50.165,50.17,810.0
2017-09-20 12:30:00,50.16,50.16,50.16,50.16,300.0
2017-09-20 12:32:00,50.17,50.17,50.16,50.16,600.0
2017-09-20 12:33:00,50.15,50.17,50.15,50.17,1800.0
2017-09-20 12:34:00,50.15,50.16,50.14,50.15,1900.0
2017-09-20 12:35:00,50.14,50.14,50.14,50.14,100.0
2017-09-20 12:36:00,50.14,50.14,50.12,50.14,3681.0
2017-09-20 12:37:00,50.13,50.13,50.13,50.13,500.0
2017-09-20 12:39:00,50.12,50.12,50.12,50.12,300.0
2017-09-20 12:40:00,50.14,50.15,50.14,50.14,1200.0
2017-09-20 12:42:00,50.135,50.14,50.135,50.14,400.0
2017-09-20 12:43:00,50.13,50.14,50.13,50.14,200.0
2017-09-20 12:44:00,50.15,50.15,50.13,50.13,200.0
2017-09-20 12:45:00,50.13,50.13,50.13,50.13,400.0
2017-09-20 12:46:00,50.12,50.13,50.12,50.13,300.0
2017-09-20 12:47:00,50.125,50.13,50.12,50.13,400.0
2017-09-20 12:48:00,50.13,50.13,50.13,50.13,712.0
2017-09-20 12:49:00,50.14,50.14,50.13,50.13,200.0
2017-09-20 12:50:00,50.14,50.14,50.14,50.14,200.0
2017-09-20 12:51:00,50.15,50.155,50.15,50.15,1106.0
2017-09-20 12:52:00,50.16,50.16,50.16,50.16,100.0
2017-09-20 12:53:00,50.16,50.16,50.1486,50.1486,325.0
2017-09-20 12:54:00,50.14,50.15,50.14,50.14,2186.0
2017-09-20 12:55:00,50.14,50.14,50.14,50.14,100.0
2017-09-20 12:56:00,50.14,50.15,50.14,50.15,557.0
2017-09-20 12:57:00,50.13,50.13,50.13,50.13,200.0
2017-09-20 12:59:00,50.145,50.15,50.145,50.15,200.0
2017-09-20 13:00:00,50.14,50.14,50.14,50.14,300.0
2017-09-20 13:01:00,50.145,50.145,50.145,50.145,100.0
2017-09-20 13:02:00,50.13,50.14,50.12,50.14,1309.0
2017-09-20 13:03:00,50.135,50.1399,50.13,50.1399,450.0
2017-09-20 13:04:00,50.13,50.13,50.13,50.13,300.0
2017-09-20 13:05:00,50.13,50.135,50.13,50.13,500.0
2017-09-20 13:06:00,50.14,50.14,50.14,50.14,1017.0
2017-09-20 13:07:00,50.15,50.15,50.15,50.15,800.0
2017-09-20 13:08:00,50.14,50.145,50.14,50.14,300.0
2017-09-20 13:10:00,50.13,50.13,50.13,50.13,300.0
2017-09-20 13:11:00,50.13,50.15,50.13,50.14,1200.0
2017-09-20 13:12:00,50.12,50.14,50.12,50.1372,10290.0
2017-09-20 13:13:00,50.1,50.13,50.09,50.13,3100.0
2017-09-20 13:14:00,50.11,50.11,50.11,50.11,100.0
2017-09-20 13:15:00,50.1,50.11,50.1,50.11,500.0
2017-09-20 13:16:00,50.09,50.1069,50.09,50.1,1429.0
2017-09-20 13:17:00,50.091,50.0966,50.09,50.09,400.0
2017-09-20 13:18:00,50.09,50.09,50.08,50.09,1560.0
2017-09-20 13:19:00,50.07,50.08,50.07,50.08,200.0
2017-09-20 13:20:00,50.06,50.07,50.06,50.07,2325.0
2017-09-20 13:21:00,50.06,50.065,50.06,50.06,1000.0
2017-09-20 13:22:00,50.051,50.06,50.05,50.06,600.0
2017-09-20 13:23:00,50.06,50.07,50.06,50.07,1280.0
2017-09-20 13:24:00,50.07,50.07,50.07,50.07,300.0
2017-09-20 13:26:00,50.06,50.08,50.06,50.06,300.0
2017-09-20 13:27:00,50.06,50.06,50.06,50.06,302.0
2017-09-20 13:28:00,50.05,50.055,50.04,50.05,2252.0
2017-09-20 13:29:00,50.05,50.05,50.04,50.04,400.0
2017-09-20 13:30:00,50.05,50.05,50.04,50.05,400.0
2017-09-20 13:31:00,50.04,50.05,50.04,50.05,700.0
2017-09-20 13:32:00,50.04,50.05,50.04,50.04,500.0
2017-09-20 13:33:00,50.05,50.05,50.045,50.05,500.0
2017-09-20 13:34:00,50.04,50.0402,50.04,50.0402,200.0
2017-09-20 13:35:00,50.04,50.05,50.04,50.045,500.0
2017-09-20 13:36:00,50.03,50.04,50.03,50.04,900.0
2017-09-20 13:37:00,50.02,50.03,50.02,50.03,1600.0
2017-09-20 13:38:00,49.97,50.01,49.96,50.01,4398.0
2017-09-20 13:39:00,49.99,49.99,49.97,49.99,1012.0
2017-09-20 13:40:00,49.99,49.99,49.99,49.99,200.0
2017-09-20 13:41:00,49.97,49.97,49.97,49.97,100.0
2017-09-20 13:42:00,49.97,49.97,49.97,49.97,100.0
2017-09-20 13:43:00,49.98,49.99,49.97,49.97,2591.0
2017-09-20 13:44:00,49.98,49.98,49.94,49.97,3800.0
2017-09-20 13:45:00,49.975,49.98,49.97,49.98,1299.0
2017-09-20 13:46:00,49.9607,49.9607,49.9607,49.9607,200.0
2017-09-20 13:47:00,49.965,49.965,49.96,49.96,200.0
2017-09-20 13:48:00,49.96,49.97,49.96,49.96,1192.0
2017-09-20 13:49:00,49.96,49.97,49.96,49.96,1548.0
2017-09-20 13:50:00,49.96,49.96,49.95,49.95,1800.0
2017-09-20 13:51:00,49.97,49.97,49.97,49.97,200.0
2017-09-20 13:52:00,49.97,49.98,49.97,49.98,652.0
2017-09-20 13:53:00,49.96,49.97,49.96,49.97,1200.0
2017-09-20 13:54:00,49.965,49.965,49.965,49.965,100.0
2017-09-20 13:55:00,49.96,49.96,49.96,49.96,100.0
2017-09-20 13:56:00,49.95,49.95,49.95,49.95,500.0
2017-09-20 13:57:00,49.955,49.96,49.95,49.95,1475.0
2017-09-20 13:58:00,49.9755,49.9755,49.96,49.96,2147.0
2017-09-20 13:59:00,49.975,49.98,49.975,49.98,300.0
2017-09-20 14:00:00,50.03,50.03,49.975,49.98,2455.0
2017-09-20 14:01:00,49.95,50.02,49.95,50.02,3884.0
2017-09-20 14:02:00,49.91,49.95,49.9,49.95,1145.0
2017-09-20 14:03:00,49.89,49.92,49.88,49.92,1444.0
2017-09-20 14:04:00,49.86,49.89,49.86,49.89,1071.0
2017-09-20 14:05:00,49.865,49.89,49.86,49.88,1397.0
2017-09-20 14:06:00,49.77,49.85,49.77,49.85,2700.0
2017-09-20 14:07:00,49.755,49.78,49.75,49.78,6600.0
2017-09-20 14:08:00,49.685,49.745,49.64,49.74,3216.0
2017-09-20 14:09:00,49.72,49.76,49.68,49.69,9222.0
2017-09-20 14:10:00,49.75,49.75,49.72,49.72,600.0
2017-09-20 14:11:00,49.72,49.725,49.7,49.72,1305.0
2017-09-20 14:12:00,49.75,49.75,49.72,49.72,1300.0
2017-09-20 14:13:00,49.73,49.76,49.72,49.76,4302.0
2017-09-20 14:14:00,49.74,49.76,49.71,49.72,2600.0
2017-09-20 14:15:00,49.74,49.76,49.72,49.73,1952.0
2017-09-20 14:16:00,49.73,49.75,49.72,49.75,1500.0
2017-09-20 14:17:00,49.71,49.74,49.71,49.7372,2764.0
2017-09-20 14:18:00,49.73,49.73,49.73,49.73,100.0
2017-09-20 14:20:00,49.68,49.725,49.68,49.72,3200.0
2017-09-20 14:21:00,49.67,49.67,49.64,49.64,1800.0
2017-09-20 14:22:00,49.6,49.655,49.591,49.655,3027.0
2017-09-20 14:23:00,49.61,49.62,49.61,49.62,500.0
2017-09-20 14:24:00,49.61,49.61,49.61,49.61,200.0
2017-09-20 14:25:00,49.63,49.63,49.63,49.63,100.0
2017-09-20 14:26:00,49.65,49.65,49.62,49.63,1819.0
2017-09-20 14:27:00,49.68,49.68,49.65,49.65,1700.0
2017-09-20 14:28:00,49.69,49.71,49.69,49.69,500.0
2017-09-20 14:29:00,49.72,49.73,49.69,49.69,936.0
2017-09-20 14:30:00,49.71,49.71,49.69,49.71,1398.0
2017-09-20 14:31:00,49.67,49.7,49.65,49.7,6002.0
2017-09-20 14:32:00,49.67,49.69,49.66,49.66,4701.0
2017-09-20 14:33:00,49.655,49.66,49.65,49.66,3000.0
2017-09-20 14:34:00,49.6275,49.65,49.61,49.65,3193.0
2017-09-20 14:35:00,49.63,49.65,49.63,49.64,4300.0
2017-09-20 14:36:00,49.62,49.635,49.62,49.625,2600.0
2017-09-20 14:37:00,49.6,49.62,49.59,49.62,2314.0
2017-09-20 14:38:00,49.63,49.63,49.6,49.61,2816.0
2017-09-20 14:39:00,49.65,49.65,49.62,49.64,4805.0
2017-09-20 14:40:00,49.635,49.64,49.635,49.64,403.0
2017-09-20 14:41:00,49.63,49.64,49.61,49.63,3150.0
2017-09-20 14:42:00,49.65,49.65,49.63,49.63,754.0
2017-09-20 14:43:00,49.64,49.64,49.63,49.64,700.0
2017-09-20 14:44:00,49.63,49.64,49.63,49.64,3078.0
2017-09-20 14:45:00,49.64,49.64,49.6361,49.6361,450.0
2017-09-20 14:46:00,49.63,49.64,49.62,49.64,3139.0
2017-09-20 14:47:00,49.64,49.65,49.64,49.64,1917.0
2017-09-20 14:48:00,49.64,49.65,49.64,49.64,1006.0
2017-09-20 14:49:00,49.62,49.66,49.62,49.65,2005.0
2017-09-20 14:50:00,49.6,49.63,49.59,49.63,3834.0
2017-09-20 14:51:00,49.6,49.6,49.6,49.6,100.0
2017-09-20 14:52:00,49.61,49.61,49.61,49.61,100.0
2017-09-20 14:53:00,49.62,49.64,49.605,49.61,3550.0
2017-09-20 14:54:00,49.625,49.625,49.61,49.61,1700.0
2017-09-20 14:55:00,49.62,49.63,49.61,49.62,8086.0
2017-09-20 14:56:00,49.58,49.62,49.58,49.6125,12293.0
2017-09-20 14:57:00,49.61,49.61,49.58,49.59,7244.0
2017-09-20 14:58:00,49.61,49.61,49.59,49.61,4922.0
2017-09-20 14:59:00,49.62,49.64,49.6175,49.62,3683.0
2017-09-20 15:00:00,49.6,49.63,49.6,49.62,4711.0
2017-09-20 15:01:00,49.585,49.6,49.585,49.6,700.0
2017-09-20 15:02:00,49.5912,49.5912,49.58,49.585,1182.0
2017-09-20 15:03:00,49.5899,49.6,49.5899,49.59,2410.0
2017-09-20 15:04:00,49.595,49.595,49.58,49.58,2131.0
2017-09-20 15:05:00,49.59,49.6,49.59,49.6,500.0
2017-09-20 15:06:00,49.635,49.64,49.6,49.6,6625.0
2017-09-20 15:07:00,49.62,49.63,49.61,49.63,3548.0
2017-09-20 15:08:00,49.61,49.62,49.61,49.61,1552.0
2017-09-20 15:09:00,49.61,49.64,49.61,49.61,12533.0
2017-09-20 15:10:00,49.61,49.61,49.61,49.61,900.0
2017-09-20 15:11:00,49.615,49.615,49.61,49.61,200.0
2017-09-20 15:12:00,49.63,49.63,49.615,49.62,4031.0
2017-09-20 15:13:00,49.63,49.63,49.63,49.63,200.0
2017-09-20 15:14:00,49.635,49.64,49.625,49.625,1907.0
2017-09-20 15:15:00,49.635,49.64,49.63,49.63,1159.0
2017-09-20 15:16:00,49.65,49.65,49.64,49.64,1659.0
2017-09-20 15:17:00,49.65,49.65,49.64,49.65,1509.0
2017-09-20 15:18:00,49.635,49.645,49.63,49.645,3971.0
2017-09-20 15:19:00,49.635,49.64,49.63,49.64,522.0
2017-09-20 15:20:00,49.62,49.63,49.62,49.63,2700.0
2017-09-20 15:21:00,49.65,49.65,49.62,49.63,5875.0
2017-09-20 15:22:00,49.655,49.67,49.65,49.66,3450.0
2017-09-20 15:23:00,49.645,49.65,49.64,49.65,4492.0
2017-09-20 15:24:00,49.645,49.65,49.645,49.65,300.0
2017-09-20 15:25:00,49.645,49.65,49.635,49.645,6904.0
2017-09-20 15:26:00,49.645,49.645,49.645,49.645,550.0
2017-09-20 15:27:00,49.64,49.64,49.64,49.64,200.0
2017-09-20 15:28:00,49.64,49.65,49.635,49.65,20244.0
2017-09-20 15:29:00,49.63,49.64,49.63,49.635,2996.0
2017-09-20 15:30:00,49.63,49.64,49.63,49.63,5569.0
2017-09-20 15:31:00,49.625,49.64,49.62,49.64,8840.0
2017-09-20 15:32:00,49.62,49.63,49.62,49.63,1726.0
2017-09-20 15:33:00,49.63,49.63,49.62,49.625,3711.0
2017-09-20 15:34:00,49.63,49.63,49.625,49.63,2723.0
2017-09-20 15:35:00,49.66,49.66,49.63,49.63,6315.0
2017-09-20 15:36:00,49.68,49.68,49.665,49.665,4619.0
2017-09-20 15:37:00,49.695,49.695,49.675,49.6775,4260.0
2017-09-20 15:38:00,49.695,49.695,49.69,49.695,486.0
2017-09-20 15:39:00,49.69,49.7,49.68,49.7,4357.0
2017-09-20 15:40:00,49.69,49.69,49.68,49.6899,1141.0
2017-09-20 15:41:00,49.68,49.69,49.68,49.68,1200.0
2017-09-20 15:42:00,49.66,49.69,49.66,49.69,6020.0
2017-09-20 15:43:00,49.65,49.6689,49.65,49.66,2600.0
2017-09-20 15:44:00,49.63,49.65,49.625,49.65,5599.0
2017-09-20 15:45:00,49.61,49.64,49.59,49.63,15602.0
2017-09-20 15:46:00,49.625,49.63,49.605,49.615,27349.0
2017-09-20 15:47:00,49.62,49.63,49.61,49.625,24368.0
2017-09-20 15:48:00,49.63,49.63,49.62,49.625,22988.0
2017-09-20 15:49:00,49.62,49.635,49.62,49.635,4090.0
2017-09-20 15:50:00,49.62,49.63,49.62,49.63,4515.0
2017-09-20 15:51:00,49.635,49.64,49.62,49.62,15197.0
2017-09-20 15:52:00,49.635,49.64,49.63,49.635,1700.0
2017-09-20 15:53:00,49.625,49.64,49.62,49.635,7815.0
2017-09-20 15:54:00,49.63,49.63,49.62,49.625,2650.0
2017-09-20 15:55:00,49.625,49.63,49.62,49.625,9218.0
2017-09-20 15:56:00,49.665,49.67,49.62,49.625,13803.0
2017-09-20 15:57:00,49.7,49.7,49.665,49.665,12484.0
2017-09-20 15:58:00,49.715,49.73,49.695,49.695,12345.0
2017-09-20 15:59:00,49.69,49.72,49.69,49.715,7605.0
2017-09-20 16:00:00,49.69,49.71,49.68,49.69,16829.0
2017-09-21 09:33:00,49.59,49.67,49.57,49.58,16125.0
2017-09-21 09:34:00,49.52,49.605,49.52,49.605,800.0
2017-09-21 09:35:00,49.53,49.53,49.48,49.52,800.0
2017-09-21 09:37:00,49.48,49.5045,49.48,49.5045,303.0
2017-09-21 09:38:00,49.49,49.49,49.48,49.48,400.0
2017-09-21 09:39:00,49.48,49.48,49.47,49.47,300.0
2017-09-21 09:40:00,49.485,49.485,49.475,49.475,400.0
2017-09-21 09:41:00,49.49,49.49,49.475,49.475,1100.0
2017-09-21 09:42:00,49.42,49.48,49.42,49.47,1300.0
2017-09-21 09:43:00,49.39,49.42,49.39,49.42,1852.0
2017-09-21 09:44:00,49.4,49.4,49.4,49.4,600.0
2017-09-21 09:45:00,49.405,49.41,49.395,49.4,3700.0
2017-09-21 09:46:00,49.3,49.4,49.26,49.4,28153.0
2017-09-21 09:47:00,49.33,49.35,49.3,49.32,3164.0
2017-09-21 09:48:00,49.37,49.37,49.33,49.33,1500.0
2017-09-21 09:49:00,49.25,49.33,49.25,49.33,3100.0
2017-09-21 09:50:00,49.29,49.29,49.23,49.23,2520.0
2017-09-21 09:51:00,49.3,49.3,49.29,49.29,700.0
2017-09-21 09:52:00,49.29,49.3,49.29,49.3,868.0
2017-09-21 09:53:00,49.3,49.3,49.26,49.28,300.0
2017-09-21 09:54:00,49.29,49.29,49.28,49.28,508.0
2017-09-21 09:55:00,49.29,49.3,49.29,49.29,490.0
2017-09-21 09:56:00,49.31,49.31,49.281000000000006,49.281000000000006,464.0
2017-09-21 09:57:00,49.34,49.34,49.32,49.32,1375.0
2017-09-21 09:58:00,49.35,49.35,49.35,49.35,1500.0
2017-09-21 09:59:00,49.34,49.35,49.34,49.35,1510.0
2017-09-21 10:00:00,49.2719,49.33,49.2719,49.33,940.0
2017-09-21 10:01:00,49.33,49.33,49.25,49.25,1839.0
2017-09-21 10:02:00,49.31,49.31,49.31,49.31,573.0
2017-09-21 10:03:00,49.29,49.3,49.29,49.3,600.0
2017-09-21 10:04:00,49.33,49.33,49.31,49.31,1877.0
2017-09-21 10:05:00,49.32,49.34,49.3,49.32,2229.0
2017-09-21 10:06:00,49.31,49.32,49.31,49.31,1501.0
2017-09-21 10:07:00,49.28,49.31,49.28,49.31,4157.0
2017-09-21 10:08:00,49.28,49.29,49.27,49.285,2407.0
2017-09-21 10:09:00,49.29,49.29,49.2701,49.2701,2112.0
2017-09-21 10:10:00,49.24,49.27,49.24,49.27,900.0
2017-09-21 10:11:00,49.2,49.23,49.2,49.23,2807.0
2017-09-21 10:12:00,49.13,49.2,49.1,49.2,13639.0
2017-09-21 10:13:00,49.1,49.13,49.1,49.13,1300.0
2017-09-21 10:14:00,49.105,49.12,49.09,49.12,1124.0
2017-09-21 10:15:00,49.09,49.1,49.09,49.1,1100.0
2017-09-21 10:16:00,49.18,49.19,49.095,49.1,24169.0
2017-09-21 10:17:00,49.199,49.2,49.175,49.19,3400.0
2017-09-21 10:18:00,49.19,49.2,49.18,49.19,4042.0
2017-09-21 10:19:00,49.165,49.2,49.165,49.2,4234.0
2017-09-21 10:20:00,49.11,49.16,49.11,49.16,3810.0
2017-09-21 10:21:00,49.1,49.1001,49.1,49.1001,210.0
2017-09-21 10:22:00,49.0998,49.11,49.09,49.09,9700.0
2017-09-21 10:23:00,49.1,49.13,49.1,49.1,5952.0
2017-09-21 10:24:00,49.08,49.09,49.08,49.09,2209.0
2017-09-21 10:25:00,49.1054,49.1054,49.09,49.09,2600.0
2017-09-21 10:26:00,49.12,49.12,49.1,49.1,3368.0
2017-09-21 10:27:00,49.11,49.14,49.11,49.14,1400.0
2017-09-21 10:28:00,49.085,49.09,49.085,49.0856,677.0
2017-09-21 10:29:00,49.02,49.09,49.01,49.09,4848.0
2017-09-21 10:30:00,49.01,49.02,48.97,49.02,4162.0
2017-09-21 10:31:00,48.97,49.01,48.96,49.01,5660.0
2017-09-21 10:32:00,48.96,48.96,48.94,48.96,3103.0
2017-09-21 10:33:00,48.97,49.01,48.9662,48.9662,5210.0
2017-09-21 10:34:00,48.91,48.97,48.91,48.96,3245.0
2017-09-21 10:35:00,48.9,48.92,48.9,48.92,1454.0
2017-09-21 10:36:00,48.9,48.9,48.9,48.9,300.0
2017-09-21 10:37:00,48.86,48.905,48.86,48.9,3000.0
2017-09-21 10:38:00,48.86,48.875,48.85,48.875,10404.0
2017-09-21 10:39:00,48.86,48.86,48.86,48.86,200.0
2017-09-21 10:40:00,48.81,48.86,48.81,48.85,4839.0
2017-09-21 10:41:00,48.79,48.835,48.79,48.81,3935.0
2017-09-21 10:42:00,48.78,48.79,48.74,48.79,4072.0
2017-09-21 10:43:00,48.78,48.8,48.78,48.78,8787.0
2017-09-21 10:44:00,48.83,48.83,48.79,48.79,7116.0
2017-09-21 10:45:00,48.8,48.82,48.8,48.82,1100.0
2017-09-21 10:46:00,48.81,48.82,48.79,48.81,16836.0
2017-09-21 10:47:00,48.8,48.81,48.8,48.81,2200.0
2017-09-21 10:48:00,48.76,48.79,48.75,48.79,10773.0
2017-09-21 10:49:00,48.8,48.82,48.77,48.77,6300.0
2017-09-21 10:50:00,48.775,48.84,48.775,48.83,6400.0
2017-09-21 10:51:00,48.78,48.78,48.775,48.775,1200.0
2017-09-21 10:52:00,48.78,48.78,48.76,48.7768,4274.0
2017-09-21 10:53:00,48.8,48.81,48.78,48.78,1400.0
2017-09-21 10:54:00,48.81,48.83,48.81,48.82,2000.0
2017-09-21 10:55:00,48.84,48.86,48.81,48.81,3900.0
2017-09-21 10:56:00,48.85,48.85,48.84,48.84,2373.0
2017-09-21 10:57:00,48.85,48.851000000000006,48.841,48.841,4100.0
2017-09-21 10:58:00,48.85,48.85,48.85,48.85,200.0
2017-09-21 10:59:00,48.89,48.89,48.85,48.85,1481.0
2017-09-21 11:00:00,48.9,48.91,48.9,48.9,1200.0
2017-09-21 11:01:00,48.9,48.9,48.9,48.9,10800.0
2017-09-21 11:02:00,48.92,48.92,48.88,48.89,4000.0
2017-09-21 11:03:00,48.9,48.92,48.9,48.92,900.0
2017-09-21 11:04:00,48.92,48.92,48.92,48.92,400.0
2017-09-21 11:05:00,48.95,48.95,48.9499,48.9499,500.0
2017-09-21 11:06:00,48.9498,48.9565,48.9498,48.9565,645.0
2017-09-21 11:07:00,48.92,48.95,48.92,48.95,1500.0
2017-09-21 11:08:00,48.92,48.935,48.91,48.935,4100.0
2017-09-21 11:09:00,48.9,48.92,48.89,48.92,7100.0
2017-09-21 11:10:00,48.91,48.915,48.88,48.9,9334.0
2017-09-21 11:11:00,48.9,48.915,48.9,48.91,4300.0
2017-09-21 11:12:00,48.93,48.93,48.89,48.9,4244.0
2017-09-21 11:13:00,48.95,48.96,48.945,48.945,1500.0
2017-09-21 11:14:00,48.975,48.975,48.95,48.96,1000.0
2017-09-21 11:15:00,49.0,49.0,48.94,48.965,46370.0
2017-09-21 11:16:00,49.0,49.01,48.98,49.01,5890.0
2017-09-21 11:17:00,48.96,48.995,48.955,48.99,13917.0
2017-09-21 11:18:00,48.92,48.96,48.92,48.96,14340.0
2017-09-21 11:19:00,48.93,48.94,48.92,48.93,54088.0
2017-09-21 11:20:00,48.97,48.97,48.95,48.95,600.0
2017-09-21 11:21:00,49.01,49.01,48.98,48.98,1400.0
2017-09-21 11:23:00,49.02,49.03,49.02,49.02,800.0
2017-09-21 11:24:00,49.05,49.05,49.01,49.02,2019.0
2017-09-21 11:25:00,49.05,49.05,49.05,49.05,1558.0
2017-09-21 11:26:00,49.05,49.08,49.05,49.06,4528.0
2017-09-21 11:27:00,49.02,49.04,49.011,49.04,4414.0
2017-09-21 11:28:00,49.03,49.03,49.025,49.03,500.0
2017-09-21 11:29:00,49.0,49.02,49.0,49.02,1561.0
2017-09-21 11:31:00,49.005,49.005,49.0,49.0,698.0
2017-09-21 11:32:00,49.02,49.02,49.01,49.01,900.0
2017-09-21 11:33:00,49.01,49.025,49.01,49.02,1700.0
2017-09-21 11:34:00,49.01,49.01,49.005,49.005,700.0
2017-09-21 11:35:00,49.0,49.0,49.0,49.0,100.0
2017-09-21 11:36:00,49.025,49.025,49.01,49.015,1300.0
2017-09-21 11:37:00,48.985,49.02,48.985,49.02,5873.0
2017-09-21 11:38:00,48.95,48.975,48.95,48.971000000000004,1988.0
2017-09-21 11:39:00,48.97,48.97,48.95,48.95,800.0
2017-09-21 11:40:00,48.98,48.99,48.96,48.98,1700.0
2017-09-21 11:41:00,48.97,48.98,48.97,48.98,390.0
2017-09-21 11:42:00,48.95,48.97,48.95,48.97,1490.0
2017-09-21 11:43:00,48.95,48.96,48.95,48.95,1642.0
2017-09-21 11:44:00,48.94,48.94,48.94,48.94,1352.0
2017-09-21 11:45:00,48.93,48.93,48.93,48.93,100.0
2017-09-21 11:46:00,48.94,48.94,48.94,48.94,200.0
2017-09-21 11:47:00,48.96,48.96,48.95,48.95,1100.0
2017-09-21 11:48:00,48.94,48.97,48.94,48.96,1710.0
2017-09-21 11:50:00,48.94,48.94,48.94,48.94,300.0
2017-09-21 11:51:00,48.96,48.965,48.94,48.95,3452.0
2017-09-21 11:52:00,48.96,48.965,48.96,48.965,1866.0
2017-09-21 11:53:00,48.94,48.96,48.94,48.96,1200.0
2017-09-21 11:54:00,48.89,48.94,48.89,48.93,4131.0
2017-09-21 11:55:00,48.9,48.91,48.9,48.9,1600.0
2017-09-21 11:58:00,48.86,48.9,48.86,48.9,2237.0
2017-09-21 11:59:00,48.85,48.87,48.85,48.85,1684.0
2017-09-21 12:00:00,48.84,48.851000000000006,48.83,48.851000000000006,1159.0
2017-09-21 12:02:00,48.87,48.89,48.85,48.85,2200.0
2017-09-21 12:03:00,48.88,48.88,48.88,48.88,600.0
2017-09-21 12:04:00,48.87,48.87,48.87,48.87,400.0
2017-09-21 12:05:00,48.8,48.86,48.8,48.86,2131.0
2017-09-21 12:06:00,48.83,48.835,48.8,48.81,2200.0
2017-09-21 12:08:00,48.82,48.83,48.81,48.83,3063.0
2017-09-21 12:10:00,48.82,48.82,48.81,48.82,500.0
2017-09-21 12:11:00,48.821000000000005,48.821000000000005,48.821000000000005,48.821000000000005,500.0
2017-09-21 12:13:00,48.81,48.83,48.81,48.83,2300.0
2017-09-21 12:14:00,48.81,48.81,48.8,48.8047,1141.0
2017-09-21 12:15:00,48.81,48.81,48.8,48.806000000000004,4208.0
2017-09-21 12:16:00,48.82,48.82,48.8,48.8,3676.0
2017-09-21 12:19:00,48.81,48.81,48.81,48.81,1100.0
2017-09-21 12:20:00,48.81,48.81,48.81,48.81,300.0
2017-09-21 12:21:00,48.83,48.83,48.81,48.81,3152.0
2017-09-21 12:22:00,48.81,48.83,48.81,48.83,1750.0
2017-09-21 12:23:00,48.81,48.81,48.8,48.8,700.0
2017-09-21 12:24:00,48.81,48.81,48.805,48.805,222.0
2017-09-21 12:25:00,48.78,48.81,48.76,48.81,4071.0
2017-09-21 12:26:00,48.78,48.78,48.78,48.78,400.0
2017-09-21 12:27:00,48.795,48.795,48.78,48.78,260.0
2017-09-21 12:28:00,48.8199,48.8199,48.8,48.8,400.0
2017-09-21 12:30:00,48.81,48.8167,48.81,48.8167,337.0
2017-09-21 12:31:00,48.79,48.81,48.79,48.81,1800.0
2017-09-21 12:32:00,48.79,48.79,48.78,48.79,800.0
2017-09-21 12:33:00,48.79,48.79,48.77,48.77,514.0
2017-09-21 12:34:00,48.81,48.81,48.81,48.81,400.0
2017-09-21 12:36:00,48.81,48.81,48.81,48.81,538.0
2017-09-21 12:37:00,48.81,48.82,48.8,48.82,2600.0
2017-09-21 12:38:00,48.85,48.85,48.81,48.81,2542.0
2017-09-21 12:39:00,48.87,48.88,48.85,48.85,6140.0
2017-09-21 12:40:00,48.88,48.88,48.88,48.88,1000.0
2017-09-21 12:41:00,48.85,48.88,48.85,48.88,1528.0
2017-09-21 12:42:00,48.845,48.845,48.845,48.845,229.0
2017-09-21 12:43:00,48.83,48.84,48.83,48.84,500.0
2017-09-21 12:44:00,48.83,48.83,48.83,48.83,700.0
2017-09-21 12:47:00,48.83,48.84,48.81,48.84,3300.0
2017-09-21 12:48:00,48.82,48.83,48.82,48.83,1713.0
2017-09-21 12:53:00,48.82,48.84,48.82,48.83,2800.0
2017-09-21 12:54:00,48.8,48.83,48.8,48.83,5221.0
2017-09-21 12:55:00,48.8216,48.8216,48.81,48.81,600.0
2017-09-21 12:56:00,48.83,48.83,48.81,48.825,1009.0
2017-09-21 12:57:00,48.82,48.82,48.82,48.82,600.0
2017-09-21 12:58:00,48.82,48.82,48.815,48.815,600.0
2017-09-21 12:59:00,48.83,48.83,48.83,48.83,100.0
2017-09-21 13:00:00,48.823,48.83,48.82,48.82,2100.0
2017-09-21 13:01:00,48.82,48.83,48.82,48.83,915.0
2017-09-21 13:02:00,48.82,48.82,48.81,48.815,600.0
2017-09-21 13:03:00,48.8188,48.8188,48.8188,48.8188,100.0
2017-09-21 13:04:00,48.82,48.82,48.81,48.81,200.0
2017-09-21 13:05:00,48.82,48.82,48.8199,48.82,492.0
2017-09-21 13:06:00,48.85,48.85,48.815,48.82,2101.0
2017-09-21 13:07:00,48.86,48.86,48.86,48.86,100.0
2017-09-21 13:08:00,48.84,48.85,48.84,48.8402,830.0
2017-09-21 13:11:00,48.84,48.85,48.84,48.85,500.0
2017-09-21 13:12:00,48.83,48.84,48.81,48.84,2603.0
2017-09-21 13:13:00,48.84,48.84,48.83,48.83,1907.0
2017-09-21 13:14:00,48.84,48.85,48.84,48.84,1822.0
2017-09-21 13:15:00,48.83,48.84,48.83,48.84,1300.0
2017-09-21 13:16:00,48.82,48.83,48.82,48.83,200.0
2017-09-21 13:17:00,48.82,48.82,48.82,48.82,100.0
2017-09-21 13:19:00,48.85,48.85,48.83,48.83,1058.0
2017-09-21 13:20:00,48.86,48.86,48.84,48.84,200.0
2017-09-21 13:23:00,48.85,48.86,48.84,48.86,2607.0
2017-09-21 13:24:00,48.84,48.84,48.84,48.84,600.0
2017-09-21 13:25:00,48.86,48.86,48.85,48.85,997.0
2017-09-21 13:26:00,48.87,48.87,48.85,48.85,9650.0
2017-09-21 13:27:00,48.86,48.87,48.86,48.87,8559.0
2017-09-21 13:28:00,48.83,48.85,48.83,48.85,1400.0
2017-09-21 13:29:00,48.82,48.84,48.82,48.835,1100.0
2017-09-21 13:30:00,48.82,48.825,48.82,48.825,1236.0
2017-09-21 13:33:00,48.83,48.83,48.83,48.83,400.0
2017-09-21 13:35:00,48.84,48.84,48.84,48.84,332.0
2017-09-21 13:36:00,48.85,48.85,48.84,48.84,500.0
2017-09-21 13:37:00,48.85,48.85,48.8499,48.8499,200.0
2017-09-21 13:38:00,48.81,48.85,48.81,48.85,2800.0
2017-09-21 13:39:00,48.82,48.83,48.82,48.83,350.0
2017-09-21 13:40:00,48.81,48.82,48.81,48.81,730.0
2017-09-21 13:41:00,48.81,48.81,48.81,48.81,200.0
2017-09-21 13:42:00,48.83,48.83,48.83,48.83,1300.0
2017-09-21 13:44:00,48.83,48.83,48.82,48.83,775.0
2017-09-21 13:45:00,48.825,48.825,48.825,48.825,100.0
2017-09-21 13:46:00,48.81,48.82,48.81,48.82,3075.0
2017-09-21 13:47:00,48.8,48.82,48.8,48.8,500.0
2017-09-21 13:48:00,48.81,48.81,48.81,48.81,100.0
2017-09-21 13:49:00,48.79,48.81,48.78,48.81,3300.0
2017-09-21 13:50:00,48.8,48.8,48.8,48.8,660.0
2017-09-21 13:51:00,48.803999999999995,48.805,48.8,48.8,1051.0
2017-09-21 13:52:00,48.7975,48.8,48.7975,48.8,1412.0
2017-09-21 13:53:00,48.8,48.8,48.795,48.8,1449.0
2017-09-21 13:54:00,48.81,48.82,48.8,48.81,1078.0
2017-09-21 13:55:00,48.8,48.81,48.8,48.8,1726.0
2017-09-21 13:56:00,48.79,48.8,48.79,48.8,1127.0
2017-09-21 13:57:00,48.78,48.7955,48.78,48.7955,424.0
2017-09-21 13:58:00,48.78,48.78,48.78,48.78,1320.0
2017-09-21 13:59:00,48.76,48.77,48.76,48.77,1500.0
2017-09-21 14:00:00,48.76,48.76,48.76,48.76,200.0
2017-09-21 14:01:00,48.76,48.77,48.74,48.76,13280.0
2017-09-21 14:02:00,48.73,48.75,48.73,48.75,1200.0
2017-09-21 14:03:00,48.7499,48.7499,48.74,48.7499,306.0
2017-09-21 14:04:00,48.74,48.75,48.74,48.75,200.0
2017-09-21 14:05:00,48.74,48.75,48.74,48.75,600.0
2017-09-21 14:06:00,48.73,48.74,48.73,48.74,1706.0
2017-09-21 14:07:00,48.75,48.75,48.75,48.75,1072.0
2017-09-21 14:08:00,48.75,48.75,48.75,48.75,200.0
2017-09-21 14:09:00,48.75,48.7544,48.75,48.7544,400.0
2017-09-21 14:10:00,48.73,48.75,48.73,48.75,3063.0
2017-09-21 14:11:00,48.72,48.73,48.72,48.73,2050.0
2017-09-21 14:12:00,48.71,48.72,48.71,48.72,500.0
2017-09-21 14:13:00,48.71,48.72,48.71,48.71,1600.0
2017-09-21 14:14:00,48.72,48.73,48.72,48.72,1828.0
2017-09-21 14:16:00,48.72,48.72,48.72,48.72,100.0
2017-09-21 14:19:00,48.72,48.72,48.72,48.72,100.0
2017-09-21 14:20:00,48.69,48.72,48.66,48.72,6741.0
2017-09-21 14:21:00,48.7,48.7,48.7,48.7,300.0
2017-09-21 14:22:00,48.69,48.69,48.69,48.69,100.0
2017-09-21 14:23:00,48.69,48.69,48.69,48.69,100.0
2017-09-21 14:24:00,48.68,48.69,48.6738,48.68,3095.0
2017-09-21 14:25:00,48.68,48.69,48.67,48.67,2247.0
2017-09-21 14:26:00,48.68,48.68,48.675,48.68,2300.0
2017-09-21 14:27:00,48.65,48.67,48.65,48.67,3563.0
2017-09-21 14:28:00,48.66,48.66,48.66,48.66,600.0
2017-09-21 14:29:00,48.66,48.665,48.66,48.66,400.0
2017-09-21 14:30:00,48.64,48.66,48.64,48.66,1000.0
2017-09-21 14:31:00,48.64,48.65,48.64,48.64,700.0
2017-09-21 14:32:00,48.67,48.67,48.65,48.65,2400.0
2017-09-21 14:34:00,48.65,48.665,48.648999999999994,48.66,2756.0
2017-09-21 14:36:00,48.63,48.64,48.63,48.64,1741.0
2017-09-21 14:37:00,48.64,48.64,48.61,48.63,4111.0
2017-09-21 14:38:00,48.62,48.635,48.62,48.6346,3693.0
2017-09-21 14:39:00,48.63,48.63,48.63,48.63,712.0
2017-09-21 14:40:00,48.62,48.63,48.62,48.63,633.0
2017-09-21 14:42:00,48.62,48.62,48.62,48.62,800.0
2017-09-21 14:43:00,48.615,48.615,48.61,48.61,428.0
2017-09-21 14:44:00,48.6,48.615,48.59,48.615,3135.0
2017-09-21 14:45:00,48.57,48.6,48.57,48.6,1850.0
2017-09-21 14:46:00,48.55,48.565,48.55,48.56,1400.0
2017-09-21 14:47:00,48.58,48.58,48.56,48.57,1894.0
2017-09-21 14:49:00,48.57,48.58,48.57,48.58,715.0
2017-09-21 14:50:00,48.58,48.59,48.5711,48.5711,2337.0
2017-09-21 14:52:00,48.56,48.57,48.56,48.57,754.0
2017-09-21 14:54:00,48.57,48.57,48.56,48.56,3822.0
2017-09-21 14:55:00,48.56,48.58,48.56,48.57,1806.0
2017-09-21 14:56:00,48.55,48.565,48.55,48.565,1000.0
2017-09-21 14:58:00,48.56,48.56,48.555,48.555,771.0
2017-09-21 14:59:00,48.5499,48.563,48.54,48.563,2950.0
2017-09-21 15:00:00,48.54,48.5475,48.54,48.545,1670.0
2017-09-21 15:01:00,48.52,48.54,48.52,48.54,3400.0
2017-09-21 15:02:00,48.5243,48.5243,48.52,48.52,1225.0
2017-09-21 15:03:00,48.5,48.53,48.5,48.52,9374.0
2017-09-21 15:04:00,48.51,48.515,48.505,48.505,4606.0
2017-09-21 15:05:00,48.51,48.51,48.51,48.51,300.0
2017-09-21 15:06:00,48.52,48.52,48.5,48.5,1084.0
2017-09-21 15:07:00,48.51,48.53,48.51,48.515,6065.0
2017-09-21 15:08:00,48.51,48.52,48.5,48.51,5310.0
2017-09-21 15:09:00,48.5186,48.5186,48.5186,48.5186,200.0
2017-09-21 15:10:00,48.515,48.515,48.51,48.51,200.0
2017-09-21 15:11:00,48.515,48.52,48.515,48.52,900.0
2017-09-21 15:13:00,48.52,48.52,48.51,48.515,1360.0
2017-09-21 15:14:00,48.525,48.525,48.515,48.52,7475.0
2017-09-21 15:15:00,48.5,48.525,48.5,48.525,7002.0
2017-09-21 15:16:00,48.51,48.51,48.49,48.49,2523.0
2017-09-21 15:17:00,48.52,48.53,48.52,48.52,11104.0
2017-09-21 15:18:00,48.53,48.54,48.525,48.525,12772.0
2017-09-21 15:19:00,48.51,48.53,48.5,48.53,24857.0
2017-09-21 15:20:00,48.51,48.51,48.51,48.51,464.0
2017-09-21 15:21:00,48.5107,48.5107,48.51,48.51,200.0
2017-09-21 15:22:00,48.5,48.51,48.48,48.51,6166.0
2017-09-21 15:23:00,48.5,48.5,48.49,48.5,1000.0
2017-09-21 15:24:00,48.49,48.49,48.49,48.49,300.0
2017-09-21 15:25:00,48.5,48.51,48.5,48.5,1783.0
2017-09-21 15:26:00,48.5,48.51,48.495,48.51,2865.0
2017-09-21 15:27:00,48.4956,48.5,48.49,48.4957,1299.0
2017-09-21 15:28:00,48.48,48.5,48.48,48.4902,3351.0
2017-09-21 15:29:00,48.5,48.5101,48.483000000000004,48.483000000000004,8419.0
2017-09-21 15:30:00,48.51,48.52,48.51,48.51,1700.0
2017-09-21 15:32:00,48.515,48.52,48.515,48.52,300.0
2017-09-21 15:33:00,48.5103,48.52,48.51,48.51,1657.0
2017-09-21 15:34:00,48.515,48.52,48.51,48.51,1000.0
2017-09-21 15:35:00,48.505,48.515,48.5,48.515,6203.0
2017-09-21 15:36:00,48.525,48.53,48.505,48.505,4228.0
2017-09-21 15:37:00,48.52,48.53,48.52,48.53,1630.0
2017-09-21 15:38:00,48.52,48.525,48.51,48.525,2991.0
2017-09-21 15:39:00,48.511,48.52,48.51,48.51,1100.0
2017-09-21 15:40:00,48.5,48.52,48.5,48.51,3775.0
2017-09-21 15:41:00,48.49,48.52,48.49,48.5,34568.0
2017-09-21 15:42:00,48.51,48.51,48.5,48.5,3200.0
2017-09-21 15:43:00,48.5,48.51,48.5,48.5,1219.0
2017-09-21 15:44:00,48.455,48.5,48.45,48.5,10633.0
2017-09-21 15:45:00,48.45,48.45,48.43,48.45,10083.0
2017-09-21 15:46:00,48.47,48.51,48.46,48.46,8387.0
2017-09-21 15:47:00,48.46,48.47,48.46,48.47,3805.0
2017-09-21 15:48:00,48.4611,48.47,48.46,48.46,5879.0
2017-09-21 15:49:00,48.46,48.47,48.45,48.46,6892.0
2017-09-21 15:50:00,48.42,48.46,48.41,48.46,63818.0
2017-09-21 15:51:00,48.47,48.47,48.415,48.415,11493.0
2017-09-21 15:52:00,48.495,48.495,48.475,48.475,4300.0
2017-09-21 15:53:00,48.52,48.53,48.5,48.5,5200.0
2017-09-21 15:54:00,48.51,48.5275,48.495,48.5275,14354.0
2017-09-21 15:55:00,48.51,48.52,48.505,48.51,7663.0
2017-09-21 15:56:00,48.485,48.51,48.48,48.51,15594.0
2017-09-21 15:57:00,48.49,48.49,48.47,48.485,14134.0
2017-09-21 15:58:00,48.481,48.49,48.48,48.49,5312.0
2017-09-21 15:59:00,48.48,48.49,48.475,48.48,13686.0
2017-09-21 16:00:00,48.49,48.5,48.47,48.4701,18411.0
2017-09-22 09:30:00,48.45,48.45,48.45,48.45,17502.0
2017-09-22 09:31:00,48.48,48.51,48.38,48.39,3310.0
2017-09-22 09:32:00,48.45,48.52,48.43600000000001,48.43600000000001,6600.0
2017-09-22 09:33:00,48.64,48.64,48.545,48.5899,2181.0
2017-09-22 09:34:00,48.7,48.7,48.67,48.67,300.0
2017-09-22 09:35:00,48.64,48.65,48.64,48.65,300.0
2017-09-22 09:36:00,48.58,48.64,48.58,48.64,1338.0
2017-09-22 09:37:00,48.59,48.59,48.59,48.59,100.0
2017-09-22 09:38:00,48.58,48.61,48.57,48.61,1300.0
2017-09-22 09:39:00,48.55,48.56,48.55,48.56,300.0
2017-09-22 09:40:00,48.62,48.62,48.57,48.57,445.0
2017-09-22 09:41:00,48.61,48.62,48.61,48.62,1300.0
2017-09-22 09:42:00,48.68,48.68,48.64,48.64,2425.0
2017-09-22 09:43:00,48.73,48.73,48.67,48.67,695.0
2017-09-22 09:44:00,48.73,48.74,48.6976,48.73,2009.0
2017-09-22 09:45:00,48.77,48.77,48.73,48.73,500.0
2017-09-22 09:46:00,48.8,48.8,48.72,48.73,4269.0
2017-09-22 09:47:00,48.84,48.84,48.8096,48.8096,650.0
2017-09-22 09:48:00,48.77,48.85,48.77,48.85,2900.0
2017-09-22 09:49:00,48.78,48.805,48.75,48.805,1061.0
2017-09-22 09:50:00,48.86,48.86,48.84,48.84,400.0
2017-09-22 09:51:00,48.83,48.86,48.79,48.845,6455.0
2017-09-22 09:52:00,48.77,48.78,48.77,48.78,639.0
2017-09-22 09:53:00,48.83,48.84,48.802,48.8199,11880.0
2017-09-22 09:54:00,48.86,48.86,48.83,48.83,600.0
2017-09-22 09:55:00,48.82,48.86,48.82,48.86,1526.0
2017-09-22 09:56:00,48.86,48.86,48.84,48.84,300.0
2017-09-22 09:57:00,48.83,48.86,48.83,48.86,300.0
2017-09-22 09:58:00,48.79,48.81,48.79,48.81,1400.0
2017-09-22 09:59:00,48.73,48.79,48.73,48.79,5200.0
2017-09-22 10:00:00,48.68,48.75,48.68,48.75,2600.0
2017-09-22 10:01:00,48.63,48.69,48.59,48.69,10836.0
2017-09-22 10:02:00,48.61,48.625,48.61,48.61,400.0
2017-09-22 10:03:00,48.6,48.62,48.6,48.61,1822.0
2017-09-22 10:04:00,48.61,48.61,48.6,48.6,4200.0
2017-09-22 10:05:00,48.59,48.62,48.59,48.61,2600.0
2017-09-22 10:06:00,48.67,48.67,48.61,48.61,1095.0
2017-09-22 10:07:00,48.73,48.75,48.665,48.665,3590.0
2017-09-22 10:08:00,48.715,48.72,48.7025,48.72,1300.0
2017-09-22 10:09:00,48.72,48.72,48.71,48.72,1000.0
2017-09-22 10:10:00,48.69,48.72,48.69,48.72,2700.0
2017-09-22 10:11:00,48.65,48.7,48.65,48.7,4506.0
2017-09-22 10:12:00,48.655,48.655,48.655,48.655,700.0
2017-09-22 10:13:00,48.59,48.64,48.59,48.64,3300.0
2017-09-22 10:14:00,48.6,48.605,48.59,48.605,2700.0
2017-09-22 10:15:00,48.6,48.6044,48.59,48.6,469.0
2017-09-22 10:16:00,48.59,48.6,48.58,48.6,2800.0
2017-09-22 10:17:00,48.58,48.61,48.58,48.595,2475.0
2017-09-22 10:18:00,48.55,48.57,48.55,48.56,2500.0
2017-09-22 10:19:00,48.56,48.56,48.56,48.56,100.0
2017-09-22 10:20:00,48.57,48.59,48.56,48.565,2800.0
2017-09-22 10:21:00,48.575,48.58,48.562,48.57,6300.0
2017-09-22 10:22:00,48.57,48.59,48.55,48.58,2465.0
2017-09-22 10:23:00,48.5,48.545,48.5,48.53,1000.0
2017-09-22 10:24:00,48.51,48.54,48.505,48.505,5700.0
2017-09-22 10:25:00,48.54,48.54,48.52,48.52,1800.0
2017-09-22 10:26:00,48.51,48.535,48.51,48.535,1014.0
2017-09-22 10:27:00,48.535,48.535,48.51,48.51,2937.0
2017-09-22 10:28:00,48.54,48.55,48.5395,48.5395,2021.0
2017-09-22 10:29:00,48.55,48.55,48.53,48.54,700.0
2017-09-22 10:30:00,48.6,48.6,48.59,48.59,300.0
2017-09-22 10:31:00,48.595,48.6,48.58,48.6,1616.0
2017-09-22 10:32:00,48.56,48.58,48.56,48.58,1397.0
2017-09-22 10:33:00,48.58,48.58,48.58,48.58,100.0
2017-09-22 10:34:00,48.55,48.58,48.55,48.58,1692.0
2017-09-22 10:35:00,48.53,48.58,48.53,48.56,3824.0
2017-09-22 10:36:00,48.565,48.565,48.54,48.55,600.0
2017-09-22 10:37:00,48.56,48.58,48.53,48.57,4490.0
2017-09-22 10:38:00,48.56,48.59,48.56,48.59,800.0
2017-09-22 10:39:00,48.55,48.56,48.55,48.56,300.0
2017-09-22 10:40:00,48.57,48.57,48.56,48.57,300.0
2017-09-22 10:41:00,48.6,48.6,48.56,48.57,3450.0
2017-09-22 10:42:00,48.6,48.6,48.595,48.6,900.0
2017-09-22 10:43:00,48.6,48.6,48.59,48.59,660.0
2017-09-22 10:44:00,48.58,48.6,48.58,48.6,1152.0
2017-09-22 10:45:00,48.59,48.6,48.58,48.59,3790.0
2017-09-22 10:46:00,48.57,48.59,48.57,48.59,2150.0
2017-09-22 10:47:00,48.58,48.58,48.56,48.57,1800.0
2017-09-22 10:48:00,48.605,48.605,48.57,48.57,2500.0
2017-09-22 10:49:00,48.61,48.615,48.61,48.61,500.0
2017-09-22 10:50:00,48.6,48.61,48.59,48.61,2192.0
2017-09-22 10:51:00,48.6,48.6,48.59,48.59,1500.0
2017-09-22 10:52:00,48.6,48.61,48.59,48.6,2390.0
2017-09-22 10:53:00,48.58,48.61,48.58,48.6,1292.0
2017-09-22 10:54:00,48.54,48.57,48.54,48.57,3040.0
2017-09-22 10:55:00,48.54,48.55,48.54,48.54,700.0
2017-09-22 10:56:00,48.498000000000005,48.54,48.48,48.54,5656.0
2017-09-22 10:57:00,48.54,48.54,48.5,48.5,700.0
2017-09-22 10:58:00,48.52,48.54,48.52,48.54,800.0
2017-09-22 10:59:00,48.55,48.56,48.53,48.53,1540.0
2017-09-22 11:00:00,48.54,48.57,48.53,48.56,1809.0
2017-09-22 11:01:00,48.54,48.54,48.54,48.54,200.0
2017-09-22 11:02:00,48.54,48.54,48.535,48.535,500.0
2017-09-22 11:03:00,48.53,48.54,48.53,48.53,1396.0
2017-09-22 11:04:00,48.52,48.535,48.52,48.535,800.0
2017-09-22 11:06:00,48.48,48.53,48.48,48.53,1286.0
2017-09-22 11:08:00,48.485,48.49,48.48,48.48,400.0
2017-09-22 11:09:00,48.49,48.49,48.49,48.49,100.0
2017-09-22 11:10:00,48.43,48.48,48.43,48.48,6558.0
2017-09-22 11:11:00,48.44,48.44,48.43,48.43,400.0
2017-09-22 11:12:00,48.44,48.44,48.43,48.43,200.0
2017-09-22 11:13:00,48.41,48.43,48.41,48.43,600.0
2017-09-22 11:14:00,48.41,48.41,48.405,48.41,1466.0
2017-09-22 11:15:00,48.4,48.41,48.4,48.4,1447.0
2017-09-22 11:16:00,48.4,48.41,48.4,48.41,586.0
2017-09-22 11:17:00,48.41,48.41,48.41,48.41,745.0
2017-09-22 11:18:00,48.4,48.4,48.39,48.4,400.0
2017-09-22 11:19:00,48.4,48.41,48.4,48.41,1699.0
2017-09-22 11:21:00,48.41,48.41,48.41,48.41,700.0
2017-09-22 11:22:00,48.435,48.44,48.401,48.41,4956.0
2017-09-22 11:23:00,48.416000000000004,48.44,48.416000000000004,48.435,2710.0
2017-09-22 11:24:00,48.4199,48.4199,48.4199,48.4199,300.0
2017-09-22 11:25:00,48.405,48.4156,48.405,48.4156,1165.0
2017-09-22 11:26:00,48.37,48.4,48.37,48.4,1600.0
2017-09-22 11:27:00,48.39,48.4,48.38,48.38,2240.0
2017-09-22 11:28:00,48.38,48.385,48.38,48.385,1900.0
2017-09-22 11:30:00,48.39,48.39,48.361999999999995,48.37,2325.0
2017-09-22 11:31:00,48.405,48.405,48.395,48.395,1900.0
2017-09-22 11:32:00,48.4,48.41,48.4,48.41,1576.0
2017-09-22 11:33:00,48.41,48.41,48.39,48.39,1000.0
2017-09-22 11:34:00,48.38,48.41,48.38,48.405,4092.0
2017-09-22 11:35:00,48.38,48.38,48.38,48.38,700.0
2017-09-22 11:36:00,48.36,48.36,48.36,48.36,100.0
2017-09-22 11:37:00,48.37,48.37,48.365,48.37,700.0
2017-09-22 11:38:00,48.36,48.36,48.36,48.36,100.0
2017-09-22 11:40:00,48.37,48.37,48.36,48.36,700.0
2017-09-22 11:41:00,48.37,48.37,48.37,48.37,400.0
2017-09-22 11:42:00,48.375,48.38,48.37,48.375,1944.0
2017-09-22 11:43:00,48.37,48.38,48.36,48.375,8621.0
2017-09-22 11:44:00,48.35,48.375,48.35,48.375,1800.0
2017-09-22 11:45:00,48.34,48.37,48.34,48.36,1450.0
2017-09-22 11:46:00,48.35,48.35,48.35,48.35,100.0
2017-09-22 11:47:00,48.38,48.38,48.37,48.37,200.0
2017-09-22 11:48:00,48.39,48.39,48.39,48.39,392.0
2017-09-22 11:49:00,48.385,48.39,48.385,48.39,200.0
2017-09-22 11:50:00,48.39,48.39,48.38,48.38,475.0
2017-09-22 11:51:00,48.36,48.385,48.36,48.385,1684.0
2017-09-22 11:52:00,48.37,48.37,48.36,48.36,1300.0
2017-09-22 11:53:00,48.34,48.38,48.34,48.375,3947.0
2017-09-22 11:54:00,48.32,48.34,48.32,48.34,1521.0
2017-09-22 11:55:00,48.33,48.33,48.32,48.32,1100.0
2017-09-22 11:56:00,48.32,48.32,48.32,48.32,100.0
2017-09-22 11:57:00,48.325,48.33,48.32,48.33,1600.0
2017-09-22 11:58:00,48.33,48.33,48.27,48.32,11423.0
2017-09-22 11:59:00,48.34,48.34,48.32,48.34,2600.0
2017-09-22 12:00:00,48.38,48.38,48.335,48.34,7800.0
2017-09-22 12:01:00,48.39,48.39,48.39,48.39,605.0
2017-09-22 12:02:00,48.44,48.45,48.4,48.4,2780.0
2017-09-22 12:03:00,48.42,48.43,48.42,48.43,1072.0
2017-09-22 12:04:00,48.45,48.45,48.42,48.42,1892.0
2017-09-22 12:06:00,48.45,48.45,48.45,48.45,1200.0
2017-09-22 12:07:00,48.44,48.44,48.44,48.44,395.0
2017-09-22 12:08:00,48.44,48.44,48.44,48.44,200.0
2017-09-22 12:09:00,48.44,48.44,48.43,48.44,300.0
2017-09-22 12:10:00,48.405,48.44,48.405,48.44,2559.0
2017-09-22 12:11:00,48.4141,48.4141,48.39,48.4,1899.0
2017-09-22 12:12:00,48.4,48.41,48.4,48.41,1577.0
2017-09-22 12:13:00,48.4,48.4,48.38,48.38,200.0
2017-09-22 12:14:00,48.38,48.38,48.38,48.38,200.0
2017-09-22 12:15:00,48.36,48.38,48.36,48.38,800.0
2017-09-22 12:16:00,48.38,48.38,48.36,48.36,1300.0
2017-09-22 12:17:00,48.3875,48.39,48.3875,48.39,200.0
2017-09-22 12:19:00,48.38,48.39,48.38,48.39,1300.0
2017-09-22 12:20:00,48.375,48.375,48.375,48.375,400.0
2017-09-22 12:21:00,48.385,48.385,48.37,48.37,1441.0
2017-09-22 12:22:00,48.4,48.41,48.38,48.385,5500.0
2017-09-22 12:24:00,48.37,48.39,48.37,48.39,1900.0
2017-09-22 12:25:00,48.34,48.36,48.34,48.36,1100.0
2017-09-22 12:26:00,48.34,48.34,48.32,48.34,1704.0
2017-09-22 12:27:00,48.33,48.33,48.33,48.33,200.0
2017-09-22 12:28:00,48.33,48.33,48.33,48.33,1613.0
2017-09-22 12:29:00,48.32,48.325,48.32,48.325,300.0
2017-09-22 12:30:00,48.325,48.325,48.32,48.32,305.0
2017-09-22 12:31:00,48.37,48.37,48.33,48.33,2614.0
2017-09-22 12:32:00,48.4,48.4,48.4,48.4,100.0
2017-09-22 12:33:00,48.39,48.4,48.39,48.4,1025.0
2017-09-22 12:34:00,48.39,48.39,48.38,48.38,200.0
2017-09-22 12:35:00,48.41,48.41,48.38,48.38,2050.0
2017-09-22 12:36:00,48.42,48.42,48.4007,48.4007,5178.0
2017-09-22 12:37:00,48.42,48.42,48.4,48.41,2500.0
2017-09-22 12:38:00,48.42,48.42,48.42,48.42,800.0
2017-09-22 12:39:00,48.42,48.42,48.415,48.415,600.0
2017-09-22 12:40:00,48.43,48.43,48.43,48.43,300.0
2017-09-22 12:41:00,48.4175,48.42,48.415,48.42,2200.0
2017-09-22 12:42:00,48.41,48.415,48.4,48.4146,1990.0
2017-09-22 12:43:00,48.39,48.39,48.39,48.39,1047.0
2017-09-22 12:44:00,48.4,48.4,48.4,48.4,300.0
2017-09-22 12:45:00,48.3925,48.395,48.39,48.395,1987.0
2017-09-22 12:46:00,48.38,48.39,48.38,48.39,5600.0
2017-09-22 12:47:00,48.37,48.375,48.37,48.375,800.0
2017-09-22 12:48:00,48.375,48.375,48.37,48.37,600.0
2017-09-22 12:49:00,48.375,48.375,48.375,48.375,300.0
2017-09-22 12:50:00,48.375,48.375,48.375,48.375,100.0
2017-09-22 12:51:00,48.4,48.4,48.38,48.38,1465.0
2017-09-22 12:52:00,48.415,48.415,48.4,48.4,1612.0
2017-09-22 12:53:00,48.42,48.42,48.42,48.42,100.0
2017-09-22 12:54:00,48.415,48.42,48.415,48.415,400.0
2017-09-22 12:55:00,48.4,48.42,48.4,48.42,3277.0
2017-09-22 12:56:00,48.39,48.4,48.39,48.4,1649.0
2017-09-22 12:57:00,48.41,48.42,48.395,48.4,7625.0
2017-09-22 12:58:00,48.4,48.405,48.4,48.4,900.0
2017-09-22 12:59:00,48.39,48.39,48.39,48.39,1400.0
2017-09-22 13:01:00,48.42,48.42,48.42,48.42,100.0
2017-09-22 13:03:00,48.4,48.41,48.4,48.41,2173.0
2017-09-22 13:04:00,48.41,48.41,48.4,48.4,455.0
2017-09-22 13:05:00,48.405,48.41,48.405,48.41,300.0
2017-09-22 13:06:00,48.4225,48.43,48.41,48.41,3647.0
2017-09-22 13:07:00,48.46,48.46,48.43,48.43,6992.0
2017-09-22 13:08:00,48.48,48.48,48.455,48.455,3900.0
2017-09-22 13:09:00,48.48,48.495,48.47,48.48,5400.0
2017-09-22 13:10:00,48.45,48.47,48.45,48.47,1400.0
2017-09-22 13:11:00,48.42,48.45,48.42,48.45,3869.0
2017-09-22 13:12:00,48.425,48.44,48.42,48.42,2719.0
2017-09-22 13:14:00,48.425,48.425,48.42,48.42,200.0
2017-09-22 13:15:00,48.4,48.42,48.39,48.42,1400.0
2017-09-22 13:16:00,48.4,48.4,48.4,48.4,700.0
2017-09-22 13:17:00,48.41,48.41,48.41,48.41,100.0
2017-09-22 13:18:00,48.4,48.4,48.4,48.4,200.0
2017-09-22 13:19:00,48.4,48.41,48.4,48.41,300.0
2017-09-22 13:20:00,48.3725,48.4,48.37,48.4,5056.0
2017-09-22 13:21:00,48.37,48.38,48.37,48.3725,700.0
2017-09-22 13:22:00,48.375,48.375,48.375,48.375,100.0
2017-09-22 13:23:00,48.375,48.375,48.375,48.375,100.0
2017-09-22 13:24:00,48.43,48.43,48.375,48.375,64200.0
2017-09-22 13:25:00,48.43,48.43,48.43,48.43,100.0
2017-09-22 13:26:00,48.44,48.44,48.42,48.42,4900.0
2017-09-22 13:27:00,48.44,48.44,48.42,48.43,2200.0
2017-09-22 13:28:00,48.44,48.44,48.43,48.43,300.0
2017-09-22 13:29:00,48.442,48.442,48.43,48.43,825.0
2017-09-22 13:30:00,48.445,48.445,48.43,48.44,1900.0
2017-09-22 13:31:00,48.43,48.43,48.43,48.43,100.0
2017-09-22 13:32:00,48.43,48.43,48.43,48.43,200.0
2017-09-22 13:33:00,48.425,48.43,48.425,48.43,1021.0
2017-09-22 13:34:00,48.44,48.44,48.433,48.44,1100.0
2017-09-22 13:35:00,48.44,48.44,48.44,48.44,700.0
2017-09-22 13:36:00,48.44,48.45,48.44,48.45,1200.0
2017-09-22 13:39:00,48.435,48.44,48.43,48.435,700.0
2017-09-22 13:40:00,48.45,48.45,48.43,48.435,2300.0
2017-09-22 13:41:00,48.435,48.45,48.435,48.45,3783.0
2017-09-22 13:42:00,48.435,48.44,48.43,48.44,3000.0
2017-09-22 13:43:00,48.44,48.44,48.435,48.435,1300.0
2017-09-22 13:44:00,48.44,48.44,48.435,48.435,500.0
2017-09-22 13:45:00,48.44,48.44,48.435,48.44,800.0
2017-09-22 13:46:00,48.47,48.47,48.44,48.44,3036.0
2017-09-22 13:47:00,48.4839,48.485,48.47,48.47,900.0
2017-09-22 13:48:00,48.485,48.485,48.485,48.485,800.0
2017-09-22 13:49:00,48.49,48.49,48.48,48.48,1100.0
2017-09-22 13:50:00,48.49,48.49,48.48,48.48,200.0
2017-09-22 13:51:00,48.47,48.49,48.47,48.48,6257.0
2017-09-22 13:52:00,48.48,48.48,48.48,48.48,200.0
2017-09-22 13:53:00,48.47,48.47,48.47,48.47,1000.0
2017-09-22 13:54:00,48.451,48.46,48.451,48.46,1475.0
2017-09-22 13:55:00,48.49,48.49,48.455,48.455,5600.0
2017-09-22 13:56:00,48.485,48.49,48.485,48.485,400.0
2017-09-22 13:57:00,48.49,48.49,48.48,48.48,400.0
2017-09-22 13:58:00,48.475,48.49,48.475,48.49,2865.0
2017-09-22 13:59:00,48.48,48.48,48.475,48.475,700.0
2017-09-22 14:00:00,48.52,48.52,48.49,48.49,2430.0
2017-09-22 14:01:00,48.505,48.53,48.5,48.53,5582.0
2017-09-22 14:02:00,48.5,48.515,48.5,48.515,1299.0
2017-09-22 14:03:00,48.51,48.51,48.5,48.505,1084.0
2017-09-22 14:04:00,48.5,48.51,48.5,48.5,500.0
2017-09-22 14:05:00,48.5,48.505,48.5,48.5,800.0
2017-09-22 14:06:00,48.505,48.505,48.505,48.505,300.0
2017-09-22 14:07:00,48.495,48.5,48.49,48.5,1535.0
2017-09-22 14:08:00,48.49,48.495,48.49,48.495,400.0
2017-09-22 14:09:00,48.495,48.495,48.49,48.495,573.0
2017-09-22 14:10:00,48.505,48.505,48.49,48.495,2475.0
2017-09-22 14:11:00,48.5,48.51,48.5,48.51,400.0
2017-09-22 14:12:00,48.48,48.5,48.47,48.5,4936.0
2017-09-22 14:13:00,48.47,48.475,48.47,48.475,850.0
2017-09-22 14:14:00,48.46,48.47,48.455,48.47,2650.0
2017-09-22 14:15:00,48.46,48.465,48.44,48.465,3808.0
2017-09-22 14:16:00,48.46,48.46,48.46,48.46,1050.0
2017-09-22 14:17:00,48.465,48.4675,48.46,48.46,634.0
2017-09-22 14:18:00,48.465,48.47,48.465,48.465,600.0
2017-09-22 14:19:00,48.45,48.46,48.45,48.46,1440.0
2017-09-22 14:20:00,48.455,48.455,48.455,48.455,567.0
2017-09-22 14:21:00,48.44,48.455,48.44,48.455,1381.0
2017-09-22 14:22:00,48.455,48.455,48.435,48.435,1038.0
2017-09-22 14:23:00,48.45,48.45,48.45,48.45,900.0
2017-09-22 14:24:00,48.4453,48.45,48.44,48.445,1100.0
2017-09-22 14:25:00,48.44,48.45,48.44,48.44,600.0
2017-09-22 14:26:00,48.445,48.45,48.445,48.445,800.0
2017-09-22 14:27:00,48.45,48.45,48.44,48.445,2648.0
2017-09-22 14:28:00,48.445,48.45,48.44,48.44,4453.0
2017-09-22 14:29:00,48.445,48.45,48.44,48.445,500.0
2017-09-22 14:30:00,48.435,48.45,48.435,48.445,4100.0
2017-09-22 14:31:00,48.4601,48.4601,48.435,48.435,5173.0
2017-09-22 14:32:00,48.46,48.47,48.46,48.47,1337.0
2017-09-22 14:33:00,48.45,48.46,48.45,48.46,1500.0
2017-09-22 14:34:00,48.455,48.455,48.455,48.455,200.0
2017-09-22 14:35:00,48.455,48.455,48.455,48.455,200.0
2017-09-22 14:36:00,48.455,48.46,48.455,48.455,800.0
2017-09-22 14:37:00,48.455,48.455,48.455,48.455,200.0
2017-09-22 14:38:00,48.4575,48.46,48.45,48.455,2500.0
2017-09-22 14:39:00,48.455,48.46,48.455,48.455,1700.0
2017-09-22 14:40:00,48.46,48.46,48.45,48.45,900.0
2017-09-22 14:41:00,48.455,48.4575,48.455,48.4575,600.0
2017-09-22 14:42:00,48.455,48.455,48.435,48.455,7158.0
2017-09-22 14:43:00,48.46,48.46,48.455,48.455,200.0
2017-09-22 14:44:00,48.455,48.46,48.45,48.45,1900.0
2017-09-22 14:45:00,48.455,48.455,48.455,48.455,200.0
2017-09-22 14:46:00,48.45,48.46,48.45,48.455,600.0
2017-09-22 14:47:00,48.455,48.455,48.45,48.455,671.0
2017-09-22 14:48:00,48.44,48.455,48.44,48.455,4516.0
2017-09-22 14:49:00,48.425,48.43,48.42,48.43,2477.0
2017-09-22 14:50:00,48.42,48.425,48.42,48.425,600.0
2017-09-22 14:51:00,48.425,48.43,48.42,48.425,612.0
2017-09-22 14:52:00,48.45,48.46,48.43,48.43,4181.0
2017-09-22 14:53:00,48.45,48.45,48.445,48.45,1782.0
2017-09-22 14:54:00,48.46,48.46,48.46,48.46,800.0
2017-09-22 14:55:00,48.465,48.47,48.46,48.465,400.0
2017-09-22 14:56:00,48.465,48.465,48.46,48.465,1334.0
2017-09-22 14:57:00,48.465,48.47,48.46,48.465,780.0
2017-09-22 14:58:00,48.465,48.47,48.46,48.47,519.0
2017-09-22 14:59:00,48.465,48.47,48.465,48.465,300.0
2017-09-22 15:00:00,48.48,48.495,48.47,48.47,5600.0
2017-09-22 15:01:00,48.5,48.5,48.485,48.49,1009.0
2017-09-22 15:02:00,48.5,48.5,48.5,48.5,206.0
2017-09-22 15:03:00,48.495,48.5,48.495,48.5,500.0
2017-09-22 15:04:00,48.51,48.51,48.495,48.495,1900.0
2017-09-22 15:05:00,48.505,48.505,48.5,48.5025,507.0
2017-09-22 15:06:00,48.505,48.51,48.5,48.5,1100.0
2017-09-22 15:07:00,48.52,48.52,48.505,48.505,1752.0
2017-09-22 15:08:00,48.515,48.52,48.51,48.515,1968.0
2017-09-22 15:09:00,48.495,48.515,48.495,48.515,2340.0
2017-09-22 15:10:00,48.495,48.495,48.49,48.495,750.0
2017-09-22 15:11:00,48.495,48.495,48.49,48.49,400.0
2017-09-22 15:12:00,48.4908,48.495,48.49,48.49,500.0
2017-09-22 15:13:00,48.495,48.5,48.49,48.495,600.0
2017-09-22 15:14:00,48.53,48.53,48.495,48.5,5829.0
2017-09-22 15:15:00,48.53,48.53,48.53,48.53,300.0
2017-09-22 15:16:00,48.53,48.53,48.525,48.525,827.0
2017-09-22 15:17:00,48.525,48.525,48.525,48.525,400.0
2017-09-22 15:18:00,48.525,48.53,48.52,48.525,650.0
2017-09-22 15:19:00,48.525,48.525,48.525,48.525,700.0
2017-09-22 15:20:00,48.54,48.54,48.52,48.53,62600.0
2017-09-22 15:21:00,48.58,48.62,48.54,48.54,16075.0
2017-09-22 15:22:00,48.59,48.59,48.58,48.585,800.0
2017-09-22 15:23:00,48.585,48.59,48.58,48.59,800.0
2017-09-22 15:24:00,48.58,48.59,48.58,48.585,1155.0
2017-09-22 15:25:00,48.59,48.59,48.58,48.58,7057.0
2017-09-22 15:26:00,48.595,48.6,48.59,48.6,700.0
2017-09-22 15:27:00,48.575,48.595,48.5747,48.595,4450.0
2017-09-22 15:28:00,48.6,48.6,48.575,48.58,5477.0
2017-09-22 15:29:00,48.605,48.61,48.6,48.61,1500.0
2017-09-22 15:30:00,48.595,48.61,48.59,48.605,2729.0
2017-09-22 15:31:00,48.595,48.6,48.585,48.595,6590.0
2017-09-22 15:32:00,48.6,48.61,48.6,48.6,1906.0
2017-09-22 15:33:00,48.595,48.6,48.595,48.595,700.0
2017-09-22 15:34:00,48.595,48.6,48.59,48.595,1727.0
2017-09-22 15:35:00,48.585,48.595,48.58,48.595,2664.0
2017-09-22 15:36:00,48.59,48.59,48.58,48.585,2980.0
2017-09-22 15:37:00,48.59,48.6,48.59,48.59,2300.0
2017-09-22 15:38:00,48.58,48.59,48.58,48.585,1244.0
2017-09-22 15:39:00,48.5838,48.59,48.58,48.585,2675.0
2017-09-22 15:40:00,48.585,48.59,48.58,48.58,1950.0
2017-09-22 15:41:00,48.58,48.59,48.58,48.585,3553.0
2017-09-22 15:42:00,48.585,48.585,48.58,48.585,1600.0
2017-09-22 15:43:00,48.58,48.59,48.58,48.585,2203.0
2017-09-22 15:44:00,48.585,48.59,48.58,48.59,1900.0
2017-09-22 15:45:00,48.585,48.59,48.57,48.585,9934.0
2017-09-22 15:46:00,48.58,48.59,48.58,48.58,1900.0
2017-09-22 15:47:00,48.61,48.61,48.58,48.58,7906.0
2017-09-22 15:48:00,48.61,48.62,48.6,48.61,9196.0
2017-09-22 15:49:00,48.595,48.6,48.59,48.6,5177.0
2017-09-22 15:50:00,48.58,48.6,48.575,48.59,5656.0
2017-09-22 15:51:00,48.575,48.58,48.57,48.58,2000.0
2017-09-22 15:52:00,48.585,48.6,48.575,48.58,6659.0
2017-09-22 15:53:00,48.585,48.59,48.58,48.585,1800.0
2017-09-22 15:54:00,48.58,48.59,48.58,48.585,6500.0
2017-09-22 15:55:00,48.58,48.59,48.575,48.59,10900.0
2017-09-22 15:56:00,48.585,48.59,48.58,48.585,3700.0
2017-09-22 15:57:00,48.59,48.61,48.58,48.58,19849.0
2017-09-22 15:58:00,48.6,48.6,48.59,48.59,8300.0
2017-09-22 15:59:00,48.62,48.62,48.59,48.59,21790.0
2017-09-22 16:00:00,48.61,48.625,48.59,48.62,57518.0
2017-09-25 09:30:00,48.71,48.71,48.71,48.71,12229.0
2017-09-25 09:31:00,48.6539,48.6539,48.53,48.57,672.0
2017-09-25 09:32:00,48.68,48.72,48.67,48.69,700.0
2017-09-25 09:33:00,48.72,48.72,48.69,48.7,300.0
2017-09-25 09:34:00,48.6544,48.73,48.6544,48.7299,1120.0
2017-09-25 09:36:00,48.64,48.67,48.56,48.67,3476.0
2017-09-25 09:37:00,48.6,48.65,48.6,48.63,705.0
2017-09-25 09:38:00,48.69,48.69,48.66,48.66,823.0
2017-09-25 09:39:00,48.63,48.67,48.63,48.66,700.0
2017-09-25 09:40:00,48.66,48.6867,48.66,48.6756,2466.0
2017-09-25 09:41:00,48.73,48.73,48.69,48.69,700.0
2017-09-25 09:42:00,48.67,48.7176,48.67,48.7176,680.0
2017-09-25 09:44:00,48.65,48.7019,48.65,48.67,1602.0
2017-09-25 09:45:00,48.64,48.64,48.64,48.64,600.0
2017-09-25 09:46:00,48.68,48.6901,48.68,48.68,1800.0
2017-09-25 09:47:00,48.6335,48.71,48.63,48.705,1430.0
2017-09-25 09:48:00,48.62,48.64,48.6,48.63,1911.0
2017-09-25 09:49:00,48.65,48.65,48.64,48.64,1200.0
2017-09-25 09:50:00,48.63,48.64,48.63,48.64,300.0
2017-09-25 09:51:00,48.67,48.72,48.63,48.64,3700.0
2017-09-25 09:52:00,48.63,48.72,48.59,48.67,2832.0
2017-09-25 09:53:00,48.66,48.69,48.61,48.61,4003.0
2017-09-25 09:54:00,48.71,48.71,48.64,48.66,1000.0
2017-09-25 09:55:00,48.6601,48.67,48.66,48.66,400.0
2017-09-25 09:56:00,48.66,48.66,48.63,48.66,700.0
2017-09-25 09:57:00,48.59,48.63,48.59,48.62,700.0
2017-09-25 09:58:00,48.58,48.62,48.58,48.59,600.0
2017-09-25 09:59:00,48.6,48.6,48.53,48.54,1600.0
2017-09-25 10:00:00,48.54,48.6,48.54,48.58,500.0
2017-09-25 10:01:00,48.55,48.6,48.55,48.59,1242.0
2017-09-25 10:02:00,48.58,48.59,48.55,48.55,1300.0
2017-09-25 10:03:00,48.57,48.57,48.54,48.55,500.0
2017-09-25 10:04:00,48.55,48.58,48.5,48.54,7389.0
2017-09-25 10:05:00,48.66,48.66,48.575,48.575,2692.0
2017-09-25 10:06:00,48.6101,48.66,48.6,48.66,3801.0
2017-09-25 10:07:00,48.64,48.67,48.63,48.63,4100.0
2017-09-25 10:08:00,48.71,48.71,48.64,48.66,3700.0
2017-09-25 10:09:00,48.71,48.75,48.705,48.705,2500.0
2017-09-25 10:11:00,48.76,48.76,48.71,48.73,2105.0
2017-09-25 10:12:00,48.799,48.799,48.73,48.73,4600.0
2017-09-25 10:13:00,48.78,48.8,48.77,48.8,1100.0
2017-09-25 10:14:00,48.765,48.78,48.75,48.77,500.0
2017-09-25 10:15:00,48.79,48.79,48.75,48.75,1541.0
2017-09-25 10:16:00,48.81,48.81,48.79,48.79,400.0
2017-09-25 10:17:00,48.81,48.82,48.79,48.806000000000004,2201.0
2017-09-25 10:18:00,48.84,48.84,48.77,48.8,6614.0
2017-09-25 10:19:00,48.825,48.84,48.81,48.82,1300.0
2017-09-25 10:20:00,48.8,48.825,48.78,48.82,1400.0
2017-09-25 10:21:00,48.795,48.81,48.78,48.78,500.0
2017-09-25 10:22:00,48.81,48.81,48.81,48.81,600.0
2017-09-25 10:23:00,48.77,48.8,48.77,48.8,2200.0
2017-09-25 10:24:00,48.77,48.8,48.77,48.78,1200.0
2017-09-25 10:25:00,48.76,48.7601,48.76,48.76,300.0
2017-09-25 10:26:00,48.72,48.76,48.7,48.76,18015.0
2017-09-25 10:27:00,48.73,48.75,48.705,48.72,9655.0
2017-09-25 10:28:00,48.69,48.74,48.69,48.74,2393.0
2017-09-25 10:29:00,48.71,48.71,48.6876,48.6876,3400.0
2017-09-25 10:30:00,48.68,48.71,48.68,48.69,3900.0
2017-09-25 10:31:00,48.69,48.7,48.68,48.68,800.0
2017-09-25 10:32:00,48.73,48.75,48.705,48.71,4009.0
2017-09-25 10:33:00,48.7301,48.75,48.73,48.73,2700.0
2017-09-25 10:34:00,48.75,48.75,48.73,48.73,1400.0
2017-09-25 10:35:00,48.78,48.79,48.72,48.75,8676.0
2017-09-25 10:36:00,48.78,48.8,48.745,48.77,14726.0
2017-09-25 10:37:00,48.78,48.8,48.76,48.78,4381.0
2017-09-25 10:38:00,48.74,48.78,48.74,48.74,700.0
2017-09-25 10:40:00,48.73,48.76,48.73,48.74,4338.0
2017-09-25 10:41:00,48.72,48.76,48.7,48.72,2000.0
2017-09-25 10:42:00,48.71,48.72,48.705,48.71,1119.0
2017-09-25 10:43:00,48.715,48.72,48.68,48.68,4139.0
2017-09-25 10:44:00,48.725,48.73,48.72,48.72,1818.0
2017-09-25 10:45:00,48.7125,48.73,48.71,48.73,3000.0
2017-09-25 10:46:00,48.73,48.73,48.72,48.72,1480.0
2017-09-25 10:47:00,48.725,48.725,48.715,48.72,1220.0
2017-09-25 10:48:00,48.73,48.74,48.72,48.72,10050.0
2017-09-25 10:49:00,48.77,48.78,48.73,48.73,3878.0
2017-09-25 10:50:00,48.79,48.79,48.7688,48.7801,1200.0
2017-09-25 10:51:00,48.7525,48.785,48.7525,48.785,290.0
2017-09-25 10:52:00,48.75,48.78,48.75,48.765,4149.0
2017-09-25 10:53:00,48.72,48.74,48.72,48.73,2356.0
2017-09-25 10:54:00,48.77,48.77,48.72,48.72,13035.0
2017-09-25 10:55:00,48.7537,48.76,48.74,48.75,1400.0
2017-09-25 10:56:00,48.75,48.76,48.74,48.74,300.0
2017-09-25 10:57:00,48.75,48.77,48.735,48.75,1402.0
2017-09-25 10:58:00,48.75,48.75,48.75,48.75,137.0
2017-09-25 10:59:00,48.73,48.75,48.73,48.74,598.0
2017-09-25 11:00:00,48.73,48.74,48.71,48.72,3699.0
2017-09-25 11:02:00,48.67,48.72,48.67,48.72,1900.0
2017-09-25 11:03:00,48.66,48.69,48.65,48.66,1300.0
2017-09-25 11:04:00,48.66,48.66,48.65,48.65,600.0
2017-09-25 11:05:00,48.63,48.65,48.61,48.65,3016.0
2017-09-25 11:06:00,48.655,48.68,48.635,48.64,5246.0
2017-09-25 11:07:00,48.67,48.68,48.64,48.64,1300.0
2017-09-25 11:08:00,48.67,48.67,48.67,48.67,100.0
2017-09-25 11:09:00,48.7,48.7,48.68,48.68,1301.0
2017-09-25 11:10:00,48.71,48.71,48.69,48.7,2290.0
2017-09-25 11:11:00,48.6801,48.7,48.6801,48.7,400.0
2017-09-25 11:12:00,48.68,48.7099,48.67,48.69,1275.0
2017-09-25 11:13:00,48.7,48.7,48.66,48.67,3222.0
2017-09-25 11:14:00,48.69,48.69,48.67,48.69,2900.0
2017-09-25 11:15:00,48.65,48.68,48.65,48.68,4869.0
2017-09-25 11:16:00,48.68,48.68,48.65,48.66,4100.0
2017-09-25 11:17:00,48.63,48.67,48.63,48.67,2314.0
2017-09-25 11:18:00,48.65,48.66,48.635,48.64,2000.0
2017-09-25 11:19:00,48.64,48.65,48.64,48.6401,500.0
2017-09-25 11:20:00,48.6297,48.64,48.605,48.64,2505.0
2017-09-25 11:21:00,48.63,48.64,48.62,48.62,500.0
2017-09-25 11:22:00,48.63,48.63,48.63,48.63,200.0
2017-09-25 11:23:00,48.63,48.64,48.62,48.63,1500.0
2017-09-25 11:24:00,48.63,48.64,48.62,48.63,800.0
2017-09-25 11:25:00,48.63,48.66,48.63,48.64,4980.0
2017-09-25 11:26:00,48.67,48.68,48.645,48.65,5005.0
2017-09-25 11:27:00,48.65,48.69,48.65,48.67,3200.0
2017-09-25 11:28:00,48.63,48.65,48.63,48.65,1500.0
2017-09-25 11:29:00,48.6201,48.64,48.62,48.62,2505.0
2017-09-25 11:30:00,48.63,48.635,48.625,48.625,717.0
2017-09-25 11:31:00,48.62,48.64,48.62,48.635,2093.0
2017-09-25 11:33:00,48.63,48.63,48.62,48.63,660.0
2017-09-25 11:34:00,48.6101,48.6256,48.61,48.6256,1296.0
2017-09-25 11:35:00,48.6001,48.63,48.6,48.62,2500.0
2017-09-25 11:36:00,48.5918,48.62,48.5918,48.62,1400.0
2017-09-25 11:37:00,48.6001,48.62,48.6,48.608000000000004,7789.0
2017-09-25 11:38:00,48.61,48.61,48.58,48.61,3400.0
2017-09-25 11:39:00,48.64,48.64,48.62,48.62,1500.0
2017-09-25 11:40:00,48.62,48.63,48.62,48.63,2005.0
2017-09-25 11:41:00,48.62,48.62,48.6125,48.62,1002.0
2017-09-25 11:42:00,48.62,48.62,48.62,48.62,100.0
2017-09-25 11:43:00,48.6292,48.63,48.625,48.625,800.0
2017-09-25 11:44:00,48.63,48.64,48.63,48.63,1900.0
2017-09-25 11:45:00,48.65,48.65,48.63,48.6301,900.0
2017-09-25 11:46:00,48.63,48.66,48.62,48.66,1361.0
2017-09-25 11:47:00,48.63,48.64,48.62,48.63,700.0
2017-09-25 11:48:00,48.61,48.64,48.605,48.64,1000.0
2017-09-25 11:49:00,48.63,48.63,48.6,48.61,2698.0
2017-09-25 11:50:00,48.64,48.64,48.62,48.62,300.0
2017-09-25 11:51:00,48.63,48.63,48.63,48.63,500.0
2017-09-25 11:52:00,48.63,48.64,48.605,48.62,6212.0
2017-09-25 11:53:00,48.63,48.63,48.6,48.62,2100.0
2017-09-25 11:54:00,48.65,48.65,48.64,48.64,900.0
2017-09-25 11:55:00,48.66,48.67,48.655,48.66,886.0
2017-09-25 11:56:00,48.65,48.66,48.65,48.66,400.0
2017-09-25 11:57:00,48.63,48.653999999999996,48.6,48.653999999999996,5522.0
2017-09-25 11:58:00,48.61,48.6201,48.61,48.6201,650.0
2017-09-25 11:59:00,48.61,48.62,48.6,48.6,1100.0
2017-09-25 12:00:00,48.63,48.64,48.62,48.63,4300.0
2017-09-25 12:01:00,48.6499,48.6499,48.63,48.63,400.0
2017-09-25 12:02:00,48.61,48.645,48.61,48.645,1300.0
2017-09-25 12:03:00,48.61,48.61,48.61,48.61,100.0
2017-09-25 12:04:00,48.63,48.63,48.61,48.61,1100.0
2017-09-25 12:05:00,48.64,48.64,48.615,48.62,2000.0
2017-09-25 12:06:00,48.6201,48.64,48.62,48.64,1200.0
2017-09-25 12:07:00,48.62,48.63,48.615,48.63,900.0
2017-09-25 12:08:00,48.62,48.64,48.62,48.6201,1100.0
2017-09-25 12:09:00,48.64,48.65,48.64,48.65,1300.0
2017-09-25 12:10:00,48.67,48.67,48.6301,48.65,2700.0
2017-09-25 12:11:00,48.65,48.6501,48.65,48.65,318.0
2017-09-25 12:13:00,48.71,48.71,48.67,48.67,4819.0
2017-09-25 12:14:00,48.745,48.76,48.72,48.72,2388.0
2017-09-25 12:15:00,48.71,48.73,48.71,48.73,500.0
2017-09-25 12:16:00,48.72,48.72,48.72,48.72,100.0
2017-09-25 12:17:00,48.7,48.7201,48.7,48.7201,601.0
2017-09-25 12:18:00,48.7,48.7,48.695,48.7,1800.0
2017-09-25 12:19:00,48.725,48.725,48.7,48.7,3120.0
2017-09-25 12:20:00,48.72,48.72,48.715,48.72,1150.0
2017-09-25 12:21:00,48.72,48.72,48.72,48.72,400.0
2017-09-25 12:22:00,48.73,48.73,48.72,48.73,2420.0
2017-09-25 12:23:00,48.73,48.73,48.73,48.73,100.0
2017-09-25 12:24:00,48.74,48.74,48.7301,48.74,300.0
2017-09-25 12:25:00,48.735,48.74,48.735,48.74,300.0
2017-09-25 12:26:00,48.7201,48.74,48.72,48.74,3700.0
2017-09-25 12:27:00,48.7201,48.73,48.72,48.72,1800.0
2017-09-25 12:28:00,48.732,48.75,48.725,48.73,4000.0
2017-09-25 12:29:00,48.71,48.74,48.71,48.73,2706.0
2017-09-25 12:30:00,48.71,48.73,48.71,48.71,2600.0
2017-09-25 12:31:00,48.7,48.72,48.7,48.7,4200.0
2017-09-25 12:32:00,48.7,48.7001,48.685,48.7001,2900.0
2017-09-25 12:33:00,48.68,48.695,48.675,48.6901,1032.0
2017-09-25 12:34:00,48.67,48.7,48.67,48.68,4494.0
2017-09-25 12:35:00,48.68,48.69,48.67,48.68,900.0
2017-09-25 12:36:00,48.69,48.69,48.67,48.67,2963.0
2017-09-25 12:37:00,48.68,48.69,48.67,48.68,3200.0
2017-09-25 12:38:00,48.6801,48.69,48.66,48.68,8244.0
2017-09-25 12:39:00,48.69,48.69,48.68,48.68,1300.0
2017-09-25 12:40:00,48.74,48.74,48.7,48.7,1666.0
2017-09-25 12:41:00,48.75,48.75,48.735,48.74,3805.0
2017-09-25 12:42:00,48.75,48.76,48.74,48.75,2004.0
2017-09-25 12:43:00,48.755,48.76,48.75,48.75,900.0
2017-09-25 12:44:00,48.75,48.77,48.75,48.77,700.0
2017-09-25 12:46:00,48.74,48.765,48.74,48.75,1900.0
2017-09-25 12:47:00,48.74,48.74,48.74,48.74,200.0
2017-09-25 12:48:00,48.7301,48.74,48.7301,48.74,400.0
2017-09-25 12:50:00,48.74,48.74,48.74,48.74,200.0
2017-09-25 12:51:00,48.71,48.74,48.71,48.74,1398.0
2017-09-25 12:52:00,48.7,48.71,48.7,48.7,531.0
2017-09-25 12:53:00,48.7,48.71,48.69,48.7,2201.0
2017-09-25 12:54:00,48.68,48.7,48.66,48.7,3401.0
2017-09-25 12:55:00,48.66,48.68,48.66,48.66,1472.0
2017-09-25 12:56:00,48.67,48.68,48.66,48.675,4300.0
2017-09-25 12:57:00,48.6701,48.69,48.67,48.68,3000.0
2017-09-25 12:58:00,48.66,48.68,48.66,48.67,1600.0
2017-09-25 12:59:00,48.66,48.6601,48.65,48.6601,4525.0
2017-09-25 13:00:00,48.64,48.66,48.64,48.6537,3079.0
2017-09-25 13:01:00,48.63,48.65,48.62,48.65,2718.0
2017-09-25 13:02:00,48.6201,48.63,48.6201,48.63,801.0
2017-09-25 13:03:00,48.62,48.6265,48.62,48.6265,1175.0
2017-09-25 13:04:00,48.63,48.63,48.63,48.63,1655.0
2017-09-25 13:05:00,48.61,48.63,48.61,48.6201,2190.0
2017-09-25 13:06:00,48.61,48.61,48.61,48.61,500.0
2017-09-25 13:07:00,48.62,48.63,48.62,48.62,2328.0
2017-09-25 13:08:00,48.63,48.63,48.63,48.63,1102.0
2017-09-25 13:09:00,48.6001,48.63,48.6,48.6201,2106.0
2017-09-25 13:10:00,48.6001,48.6001,48.6001,48.6001,100.0
2017-09-25 13:11:00,48.61,48.62,48.6,48.62,2500.0
2017-09-25 13:12:00,48.62,48.62,48.6,48.6,1060.0
2017-09-25 13:13:00,48.6,48.61,48.6,48.61,200.0
2017-09-25 13:14:00,48.6,48.62,48.6,48.62,200.0
2017-09-25 13:16:00,48.59,48.61,48.59,48.6,1297.0
2017-09-25 13:17:00,48.59,48.59,48.58,48.59,1066.0
2017-09-25 13:18:00,48.59,48.59,48.59,48.59,100.0
2017-09-25 13:19:00,48.57,48.59,48.57,48.5801,1587.0
2017-09-25 13:20:00,48.56,48.57,48.56,48.57,926.0
2017-09-25 13:21:00,48.535,48.56,48.535,48.56,2072.0
2017-09-25 13:22:00,48.52,48.53,48.51,48.53,10187.0
2017-09-25 13:23:00,48.52,48.52,48.52,48.52,100.0
2017-09-25 13:24:00,48.51,48.5101,48.51,48.51,2471.0
2017-09-25 13:25:00,48.5,48.5,48.5,48.5,500.0
2017-09-25 13:26:00,48.51,48.51,48.51,48.51,300.0
2017-09-25 13:27:00,48.5,48.51,48.4986,48.5,5263.0
2017-09-25 13:28:00,48.5,48.505,48.5,48.505,1501.0
2017-09-25 13:30:00,48.51,48.51,48.5,48.5,2300.0
2017-09-25 13:32:00,48.5037,48.51,48.5,48.5,2143.0
2017-09-25 13:33:00,48.505,48.505,48.5,48.5,660.0
2017-09-25 13:34:00,48.5,48.5,48.5,48.5,482.0
2017-09-25 13:35:00,48.4962,48.5001,48.49,48.5001,1637.0
2017-09-25 13:36:00,48.48,48.49,48.48,48.49,2071.0
2017-09-25 13:37:00,48.5,48.5,48.48,48.481,5800.0
2017-09-25 13:39:00,48.5,48.505,48.5,48.505,300.0
2017-09-25 13:40:00,48.5,48.5,48.5,48.5,600.0
2017-09-25 13:41:00,48.51,48.51,48.5,48.5,2400.0
2017-09-25 13:42:00,48.5,48.5,48.5,48.5,1100.0
2017-09-25 13:43:00,48.49,48.49,48.49,48.49,100.0
2017-09-25 13:44:00,48.49,48.5,48.49,48.4945,1426.0
2017-09-25 13:45:00,48.485,48.49,48.48,48.49,1452.0
2017-09-25 13:46:00,48.5,48.5,48.49,48.49,2400.0
2017-09-25 13:47:00,48.5,48.50899999999999,48.5,48.5,800.0
2017-09-25 13:48:00,48.46,48.5,48.46,48.5,4850.0
2017-09-25 13:49:00,48.48,48.48,48.48,48.48,1800.0
2017-09-25 13:50:00,48.48,48.48,48.48,48.48,100.0
2017-09-25 13:51:00,48.475,48.475,48.455,48.47,3604.0
2017-09-25 13:52:00,48.47,48.47,48.47,48.47,829.0
2017-09-25 13:53:00,48.465,48.47,48.45,48.46,3839.0
2017-09-25 13:54:00,48.46,48.4601,48.46,48.4601,4830.0
2017-09-25 13:55:00,48.45,48.45,48.45,48.45,100.0
2017-09-25 13:56:00,48.45,48.46,48.45,48.45,3420.0
2017-09-25 13:57:00,48.46,48.46,48.45,48.45,4000.0
2017-09-25 13:58:00,48.47,48.47,48.47,48.47,200.0
2017-09-25 13:59:00,48.46,48.46,48.44,48.45,918.0
2017-09-25 14:00:00,48.44,48.45,48.44,48.45,900.0
2017-09-25 14:01:00,48.47,48.47,48.43,48.44,6192.0
2017-09-25 14:02:00,48.47,48.47,48.4642,48.47,1609.0
2017-09-25 14:03:00,48.47,48.47,48.46,48.46,900.0
2017-09-25 14:04:00,48.475,48.475,48.47,48.47,600.0
2017-09-25 14:05:00,48.48,48.48,48.48,48.48,900.0
2017-09-25 14:06:00,48.49,48.49,48.49,48.49,1185.0
2017-09-25 14:07:00,48.5,48.5,48.5,48.5,100.0
2017-09-25 14:08:00,48.48,48.5,48.48,48.5,2737.0
2017-09-25 14:09:00,48.495,48.4999,48.49,48.49,907.0
2017-09-25 14:10:00,48.49,48.49,48.49,48.49,500.0
2017-09-25 14:11:00,48.48,48.4926,48.48,48.4926,700.0
2017-09-25 14:12:00,48.48,48.48,48.48,48.48,1480.0
2017-09-25 14:13:00,48.48,48.48,48.48,48.48,601.0
2017-09-25 14:14:00,48.4732,48.48,48.47,48.47,1500.0
2017-09-25 14:16:00,48.46,48.4825,48.46,48.47,3203.0
2017-09-25 14:17:00,48.5,48.5,48.47,48.47,4550.0
2017-09-25 14:18:00,48.51,48.52,48.49,48.49,1400.0
2017-09-25 14:19:00,48.49,48.51,48.49,48.51,1000.0
2017-09-25 14:21:00,48.49,48.49,48.49,48.49,100.0
2017-09-25 14:22:00,48.49,48.5,48.48,48.5,700.0
2017-09-25 14:24:00,48.5,48.5,48.495,48.495,200.0
2017-09-25 14:25:00,48.5,48.5,48.5,48.5,500.0
2017-09-25 14:26:00,48.5,48.5,48.49,48.49,1289.0
2017-09-25 14:27:00,48.49,48.51,48.49,48.5,4110.0
2017-09-25 14:28:00,48.49,48.49,48.49,48.49,462.0
2017-09-25 14:29:00,48.49,48.49,48.49,48.49,300.0
2017-09-25 14:30:00,48.5,48.5,48.485,48.49,4300.0
2017-09-25 14:31:00,48.51,48.52,48.5,48.5,2988.0
2017-09-25 14:32:00,48.52,48.54,48.5,48.515,4475.0
2017-09-25 14:33:00,48.51,48.53,48.51,48.51,3106.0
2017-09-25 14:34:00,48.5,48.52,48.5,48.52,1720.0
2017-09-25 14:35:00,48.5,48.5001,48.5,48.5,300.0
2017-09-25 14:36:00,48.51,48.51,48.5,48.5,1804.0
2017-09-25 14:37:00,48.51,48.52,48.5,48.515,3799.0
2017-09-25 14:38:00,48.5101,48.5101,48.5,48.5,2683.0
2017-09-25 14:39:00,48.51,48.52,48.51,48.52,1798.0
2017-09-25 14:40:00,48.525,48.525,48.51,48.52,2150.0
2017-09-25 14:41:00,48.52,48.52,48.51,48.52,2499.0
2017-09-25 14:42:00,48.519,48.52,48.51,48.52,1345.0
2017-09-25 14:43:00,48.52,48.52,48.51,48.51,1500.0
2017-09-25 14:44:00,48.52,48.52,48.5,48.51,3940.0
2017-09-25 14:45:00,48.53,48.53,48.51,48.51,2102.0
2017-09-25 14:46:00,48.52,48.52,48.52,48.52,100.0
2017-09-25 14:47:00,48.55,48.55,48.525,48.53,3215.0
2017-09-25 14:48:00,48.545,48.57,48.545,48.57,1280.0
2017-09-25 14:49:00,48.56,48.57,48.5469,48.5469,5426.0
2017-09-25 14:50:00,48.565,48.58,48.54,48.56,3864.0
2017-09-25 14:51:00,48.56,48.57,48.555,48.56,1952.0
2017-09-25 14:52:00,48.56,48.57,48.55,48.55,827.0
2017-09-25 14:55:00,48.55,48.58,48.55,48.58,2019.0
2017-09-25 14:56:00,48.57,48.57,48.55,48.55,1171.0
2017-09-25 14:57:00,48.55,48.57,48.55,48.56,1355.0
2017-09-25 14:58:00,48.5501,48.56,48.55,48.56,900.0
2017-09-25 14:59:00,48.53,48.55,48.53,48.55,3689.0
2017-09-25 15:00:00,48.52,48.54,48.52,48.54,1600.0
2017-09-25 15:01:00,48.53,48.53,48.52,48.52,2172.0
2017-09-25 15:02:00,48.5301,48.5301,48.53,48.53,200.0
2017-09-25 15:03:00,48.515,48.53,48.51,48.53,1200.0
2017-09-25 15:04:00,48.5,48.5201,48.5,48.5201,1848.0
2017-09-25 15:05:00,48.5001,48.5001,48.5,48.5,1683.0
2017-09-25 15:06:00,48.53,48.53,48.5,48.5,3008.0
2017-09-25 15:07:00,48.51,48.525,48.51,48.525,1354.0
2017-09-25 15:08:00,48.51,48.52,48.5,48.52,3790.0
2017-09-25 15:09:00,48.5301,48.5301,48.5,48.5,1803.0
2017-09-25 15:10:00,48.5,48.535,48.5,48.5301,1612.0
2017-09-25 15:11:00,48.49,48.5,48.49,48.5,1100.0
2017-09-25 15:12:00,48.5,48.505,48.49,48.5,1200.0
2017-09-25 15:13:00,48.49,48.5,48.48,48.5,2443.0
2017-09-25 15:14:00,48.4808,48.49,48.4808,48.49,320.0
2017-09-25 15:15:00,48.49,48.49,48.48,48.48,1100.0
2017-09-25 15:16:00,48.49,48.49,48.47,48.48,4810.0
2017-09-25 15:17:00,48.49,48.5,48.49,48.49,1260.0
2017-09-25 15:18:00,48.4933,48.4933,48.49,48.49,306.0
2017-09-25 15:19:00,48.51,48.52,48.495,48.495,2154.0
2017-09-25 15:20:00,48.51,48.52,48.51,48.52,2341.0
2017-09-25 15:21:00,48.5,48.52,48.5,48.52,800.0
2017-09-25 15:22:00,48.49,48.495,48.49,48.4944,470.0
2017-09-25 15:23:00,48.49,48.5,48.49,48.5,300.0
2017-09-25 15:24:00,48.5,48.5,48.5,48.5,200.0
2017-09-25 15:25:00,48.5,48.5,48.495,48.495,2800.0
2017-09-25 15:26:00,48.48,48.51,48.48,48.5,8287.0
2017-09-25 15:27:00,48.4842,48.4842,48.4842,48.4842,126.0
2017-09-25 15:28:00,48.485,48.485,48.485,48.485,100.0
2017-09-25 15:29:00,48.47,48.48,48.465,48.48,4054.0
2017-09-25 15:30:00,48.47,48.4799,48.46,48.4799,1575.0
2017-09-25 15:31:00,48.47,48.47,48.465,48.465,2713.0
2017-09-25 15:32:00,48.45,48.48,48.45,48.48,3023.0
2017-09-25 15:33:00,48.46,48.46,48.45,48.455,2157.0
2017-09-25 15:35:00,48.44,48.47,48.44,48.47,4571.0
2017-09-25 15:36:00,48.43,48.44,48.42,48.44,2124.0
2017-09-25 15:37:00,48.42,48.4399,48.41,48.4399,3281.0
2017-09-25 15:38:00,48.42,48.42,48.415,48.42,800.0
2017-09-25 15:39:00,48.43,48.43,48.41,48.415,4234.0
2017-09-25 15:41:00,48.43,48.435,48.43,48.43,1826.0
2017-09-25 15:42:00,48.43,48.43,48.425,48.425,907.0
2017-09-25 15:43:00,48.425,48.43,48.425,48.43,1192.0
2017-09-25 15:44:00,48.425,48.43,48.42,48.43,1100.0
2017-09-25 15:45:00,48.465,48.47,48.42,48.43,11943.0
2017-09-25 15:46:00,48.47,48.48,48.46,48.47,9098.0
2017-09-25 15:47:00,48.47,48.48,48.4601,48.47,1741.0
2017-09-25 15:48:00,48.4999,48.4999,48.4769,48.4769,4678.0
2017-09-25 15:49:00,48.49,48.49,48.48,48.49,4180.0
2017-09-25 15:50:00,48.47,48.49,48.47,48.485,3615.0
2017-09-25 15:51:00,48.47,48.48,48.47,48.48,1600.0
2017-09-25 15:52:00,48.45,48.48,48.45,48.475,6290.0
2017-09-25 15:53:00,48.45,48.46,48.45,48.46,1826.0
2017-09-25 15:54:00,48.475,48.48,48.46,48.46,9477.0
2017-09-25 15:55:00,48.47,48.475,48.46,48.47,4843.0
2017-09-25 15:56:00,48.485,48.485,48.465,48.465,8819.0
2017-09-25 15:57:00,48.49,48.49,48.48,48.48,6228.0
2017-09-25 15:58:00,48.485,48.5,48.485,48.49,10856.0
2017-09-25 15:59:00,48.48,48.49,48.48,48.49,4200.0
2017-09-25 16:00:00,48.48,48.49,48.48,48.49,27596.0
2017-09-26 09:30:00,48.37,48.5,48.37,48.5,28767.0
2017-09-26 09:31:00,48.46,48.515,48.46,48.5,7497.0
2017-09-26 09:33:00,48.51,48.537,48.51,48.537,500.0
2017-09-26 09:34:00,48.45,48.5,48.45,48.5,400.0
2017-09-26 09:35:00,48.41,48.53,48.41,48.493,1460.0
2017-09-26 09:36:00,48.36,48.4,48.36,48.4,800.0
2017-09-26 09:37:00,48.44,48.47,48.41,48.41,1740.0
2017-09-26 09:38:00,48.41,48.46,48.41,48.46,900.0
2017-09-26 09:39:00,48.48,48.48,48.44,48.46,1500.0
2017-09-26 09:40:00,48.49,48.49,48.46,48.47,1300.0
2017-09-26 09:41:00,48.47,48.47,48.45,48.45,200.0
2017-09-26 09:42:00,48.4631,48.48,48.4401,48.47,507.0
2017-09-26 09:43:00,48.44,48.47,48.43,48.45,2518.0
2017-09-26 09:45:00,48.48,48.5,48.46,48.46,950.0
2017-09-26 09:46:00,48.47,48.49,48.47,48.48,2349.0
2017-09-26 09:47:00,48.47,48.47,48.4687,48.4687,300.0
2017-09-26 09:48:00,48.48,48.48,48.46,48.4667,840.0
2017-09-26 09:49:00,48.5,48.5,48.49,48.49,285.0
2017-09-26 09:50:00,48.52,48.53,48.51,48.52,1530.0
2017-09-26 09:51:00,48.49,48.52,48.49,48.51,1340.0
2017-09-26 09:52:00,48.5,48.5,48.49,48.5,616.0
2017-09-26 09:53:00,48.48,48.51,48.47,48.51,1005.0
2017-09-26 09:54:00,48.5025,48.51,48.5,48.5,800.0
2017-09-26 09:55:00,48.5025,48.51,48.5,48.5,800.0
2017-09-26 09:56:00,48.5,48.51,48.49,48.505,3331.0
2017-09-26 09:57:00,48.48,48.503,48.48,48.503,571.0
2017-09-26 09:59:00,48.49,48.49,48.49,48.49,700.0
2017-09-26 10:00:00,48.49,48.5,48.48,48.49,2056.0
2017-09-26 10:01:00,48.5,48.5,48.5,48.5,100.0
2017-09-26 10:02:00,48.48,48.495,48.47,48.49,1599.0
2017-09-26 10:03:00,48.47,48.485,48.47,48.48,2000.0
2017-09-26 10:04:00,48.48,48.49,48.48,48.48,3700.0
2017-09-26 10:05:00,48.48,48.49,48.48,48.49,1736.0
2017-09-26 10:06:00,48.44,48.48,48.44,48.48,1749.0
2017-09-26 10:07:00,48.43,48.43,48.43,48.43,188.0
2017-09-26 10:08:00,48.42,48.44,48.41,48.44,2600.0
2017-09-26 10:09:00,48.41,48.43,48.41,48.42,2045.0
2017-09-26 10:10:00,48.4144,48.42,48.407,48.407,2442.0
2017-09-26 10:11:00,48.375,48.41,48.36,48.41,1583.0
2017-09-26 10:13:00,48.38,48.39,48.38,48.3831,500.0
2017-09-26 10:14:00,48.38,48.39,48.38,48.39,1500.0
2017-09-26 10:15:00,48.38,48.38,48.38,48.38,200.0
2017-09-26 10:16:00,48.38,48.38,48.37,48.375,900.0
2017-09-26 10:17:00,48.38,48.39,48.38,48.39,200.0
2017-09-26 10:18:00,48.37,48.38,48.36,48.38,1504.0
2017-09-26 10:20:00,48.36,48.37,48.36,48.37,1228.0
2017-09-26 10:21:00,48.36,48.36,48.36,48.36,1300.0
2017-09-26 10:22:00,48.36,48.36,48.34,48.34,300.0
2017-09-26 10:23:00,48.35,48.35,48.34,48.34,1000.0
2017-09-26 10:24:00,48.35,48.35,48.33,48.34,3016.0
2017-09-26 10:25:00,48.35,48.36,48.35,48.36,700.0
2017-09-26 10:27:00,48.33,48.34,48.33,48.34,200.0
2017-09-26 10:28:00,48.34,48.34,48.33,48.34,1200.0
2017-09-26 10:29:00,48.33,48.35,48.33,48.35,500.0
2017-09-26 10:30:00,48.36,48.36,48.35,48.35,920.0
2017-09-26 10:31:00,48.37,48.37,48.35,48.35,1898.0
2017-09-26 10:32:00,48.38,48.41,48.38,48.38,3046.0
2017-09-26 10:33:00,48.39,48.39,48.38,48.38,500.0
2017-09-26 10:34:00,48.395,48.4,48.3945,48.4,810.0
2017-09-26 10:35:00,48.43,48.43,48.4,48.4,1100.0
2017-09-26 10:36:00,48.44,48.44,48.42,48.43,2132.0
2017-09-26 10:37:00,48.44,48.44,48.42,48.42,2669.0
2017-09-26 10:38:00,48.4303,48.44,48.41,48.4388,2404.0
2017-09-26 10:39:00,48.41,48.41,48.39,48.39,300.0
2017-09-26 10:40:00,48.39,48.4001,48.39,48.4001,1300.0
2017-09-26 10:41:00,48.39,48.39,48.39,48.39,100.0
2017-09-26 10:42:00,48.3839,48.3839,48.3839,48.3839,102.0
2017-09-26 10:43:00,48.375,48.38,48.36,48.38,2609.0
2017-09-26 10:44:00,48.32,48.3524,48.32,48.3524,301.0
2017-09-26 10:45:00,48.34,48.34,48.34,48.34,300.0
2017-09-26 10:46:00,48.365,48.365,48.35,48.35,500.0
2017-09-26 10:47:00,48.4,48.4,48.37,48.37,511.0
2017-09-26 10:48:00,48.37,48.385,48.37,48.38,2046.0
2017-09-26 10:49:00,48.365,48.37,48.35,48.37,700.0
2017-09-26 10:50:00,48.39,48.39,48.37,48.37,800.0
2017-09-26 10:51:00,48.39,48.39,48.38,48.38,800.0
2017-09-26 10:52:00,48.43,48.43,48.3814,48.3814,2587.0
2017-09-26 10:53:00,48.4,48.44,48.4,48.43,17247.0
2017-09-26 10:54:00,48.43,48.44,48.42,48.42,1400.0
2017-09-26 10:55:00,48.48,48.48,48.45,48.45,800.0
2017-09-26 10:56:00,48.48,48.48,48.48,48.48,700.0
2017-09-26 10:57:00,48.485,48.485,48.47,48.475,1800.0
2017-09-26 10:58:00,48.49,48.49,48.49,48.49,609.0
2017-09-26 10:59:00,48.49,48.49,48.49,48.49,100.0
2017-09-26 11:00:00,48.52,48.52,48.51,48.51,900.0
2017-09-26 11:01:00,48.46,48.51,48.46,48.51,2100.0
2017-09-26 11:02:00,48.47,48.49,48.46,48.46,2842.0
2017-09-26 11:06:00,48.48,48.48,48.48,48.48,890.0
2017-09-26 11:07:00,48.47,48.47,48.4644,48.47,1200.0
2017-09-26 11:08:00,48.47,48.47,48.47,48.47,100.0
2017-09-26 11:09:00,48.49,48.49,48.48,48.48,600.0
2017-09-26 11:10:00,48.5056,48.5056,48.48,48.49,4515.0
2017-09-26 11:11:00,48.51,48.51,48.51,48.51,100.0
2017-09-26 11:12:00,48.51,48.52,48.51,48.51,1372.0
2017-09-26 11:14:00,48.52,48.52,48.5,48.51,800.0
2017-09-26 11:16:00,48.54,48.54,48.5365,48.54,300.0
2017-09-26 11:17:00,48.515,48.55,48.51,48.55,3321.0
2017-09-26 11:18:00,48.51,48.51,48.51,48.51,500.0
2017-09-26 11:19:00,48.505,48.505,48.5,48.505,975.0
2017-09-26 11:20:00,48.475,48.5,48.475,48.5,1768.0
2017-09-26 11:21:00,48.4975,48.505,48.475,48.475,3100.0
2017-09-26 11:22:00,48.51,48.51,48.5,48.5,500.0
2017-09-26 11:23:00,48.515,48.515,48.515,48.515,200.0
2017-09-26 11:24:00,48.5,48.51,48.5,48.51,1518.0
2017-09-26 11:25:00,48.51,48.51,48.505,48.51,800.0
2017-09-26 11:26:00,48.51,48.51,48.51,48.51,1310.0
2017-09-26 11:27:00,48.505,48.51,48.505,48.51,600.0
2017-09-26 11:28:00,48.5,48.51,48.495,48.505,5620.0
2017-09-26 11:29:00,48.51,48.52,48.505,48.505,1703.0
2017-09-26 11:30:00,48.52,48.52,48.515,48.515,200.0
2017-09-26 11:31:00,48.515,48.52,48.51,48.515,1440.0
2017-09-26 11:32:00,48.515,48.515,48.51,48.515,1170.0
2017-09-26 11:33:00,48.515,48.52,48.515,48.515,1950.0
2017-09-26 11:34:00,48.52,48.52,48.515,48.515,5089.0
2017-09-26 11:35:00,48.515,48.515,48.515,48.515,1300.0
2017-09-26 11:36:00,48.57,48.57,48.515,48.515,2997.0
2017-09-26 11:37:00,48.58,48.58,48.57,48.57,300.0
2017-09-26 11:38:00,48.6,48.62,48.58,48.58,1100.0
2017-09-26 11:39:00,48.59,48.61,48.58,48.61,1500.0
2017-09-26 11:40:00,48.61,48.61,48.59,48.59,915.0
2017-09-26 11:41:00,48.595,48.61,48.595,48.61,5486.0
2017-09-26 11:42:00,48.6,48.6,48.6,48.6,300.0
2017-09-26 11:44:00,48.5901,48.61,48.5901,48.61,293.0
2017-09-26 11:45:00,48.61,48.61,48.59,48.59,1200.0
2017-09-26 11:47:00,48.5744,48.5925,48.5744,48.59,2600.0
2017-09-26 11:49:00,48.56,48.59,48.56,48.59,1592.0
2017-09-26 11:50:00,48.54,48.54,48.54,48.54,200.0
2017-09-26 11:51:00,48.535,48.535,48.52,48.52,610.0
2017-09-26 11:52:00,48.521,48.54,48.521,48.54,1105.0
2017-09-26 11:53:00,48.54,48.56,48.53,48.53,2336.0
2017-09-26 11:54:00,48.54,48.54,48.54,48.54,225.0
2017-09-26 11:55:00,48.53,48.54,48.53,48.54,500.0
2017-09-26 11:56:00,48.55,48.55,48.55,48.55,100.0
2017-09-26 11:58:00,48.56,48.56,48.55,48.55,701.0
2017-09-26 11:59:00,48.6,48.6,48.58,48.58,700.0
2017-09-26 12:00:00,48.59,48.595,48.59,48.59,1119.0
2017-09-26 12:01:00,48.59,48.59,48.59,48.59,300.0
2017-09-26 12:02:00,48.59,48.59,48.59,48.59,1205.0
2017-09-26 12:03:00,48.63,48.63,48.59,48.59,5894.0
2017-09-26 12:04:00,48.6225,48.6255,48.62,48.6255,365.0
2017-09-26 12:05:00,48.62,48.63,48.62,48.62,2500.0
2017-09-26 12:06:00,48.659,48.66,48.62,48.62,10600.0
2017-09-26 12:07:00,48.66,48.66,48.65,48.65,200.0
2017-09-26 12:08:00,48.69,48.69,48.66,48.66,3837.0
2017-09-26 12:09:00,48.67,48.69,48.67,48.69,1565.0
2017-09-26 12:10:00,48.6688,48.68,48.6688,48.68,220.0
2017-09-26 12:11:00,48.66,48.67,48.66,48.66,300.0
2017-09-26 12:12:00,48.67,48.67,48.67,48.67,100.0
2017-09-26 12:13:00,48.67,48.67,48.66,48.67,600.0
2017-09-26 12:14:00,48.65,48.675,48.65,48.675,4505.0
2017-09-26 12:15:00,48.685,48.685,48.66,48.66,1700.0
2017-09-26 12:16:00,48.65,48.68,48.65,48.68,2444.0
2017-09-26 12:18:00,48.64,48.64,48.64,48.64,100.0
2017-09-26 12:19:00,48.63,48.64,48.63,48.64,900.0
2017-09-26 12:20:00,48.63,48.63,48.63,48.63,100.0
2017-09-26 12:21:00,48.6,48.62,48.6,48.62,1200.0
2017-09-26 12:22:00,48.59,48.6,48.59,48.6,900.0
2017-09-26 12:23:00,48.57,48.58,48.57,48.58,200.0
2017-09-26 12:25:00,48.59,48.59,48.58,48.58,2886.0
2017-09-26 12:26:00,48.58,48.58,48.58,48.58,200.0
2017-09-26 12:28:00,48.5712,48.5712,48.5712,48.5712,200.0
2017-09-26 12:29:00,48.59,48.59,48.59,48.59,300.0
2017-09-26 12:31:00,48.6,48.6,48.59,48.59,300.0
2017-09-26 12:32:00,48.59,48.6,48.59,48.5902,2856.0
2017-09-26 12:33:00,48.57,48.58,48.57,48.58,875.0
2017-09-26 12:34:00,48.57,48.57,48.57,48.57,100.0
2017-09-26 12:35:00,48.57,48.59,48.57,48.57,3527.0
2017-09-26 12:36:00,48.57,48.58,48.565,48.57,1729.0
2017-09-26 12:37:00,48.525,48.56,48.52,48.56,1193.0
2017-09-26 12:38:00,48.51,48.51,48.51,48.51,100.0
2017-09-26 12:39:00,48.51,48.54,48.51,48.52,1400.0
2017-09-26 12:40:00,48.54,48.54,48.51,48.51,4641.0
2017-09-26 12:41:00,48.52,48.54,48.515,48.54,1142.0
2017-09-26 12:42:00,48.52,48.52,48.52,48.52,100.0
2017-09-26 12:43:00,48.52,48.52,48.52,48.52,300.0
2017-09-26 12:44:00,48.55,48.55,48.53,48.53,400.0
2017-09-26 12:45:00,48.54,48.55,48.54,48.55,764.0
2017-09-26 12:46:00,48.53,48.53,48.53,48.53,500.0
2017-09-26 12:47:00,48.52,48.52,48.52,48.52,400.0
2017-09-26 12:48:00,48.52,48.52,48.52,48.52,500.0
2017-09-26 12:49:00,48.52,48.525,48.52,48.525,286.0
2017-09-26 12:50:00,48.54,48.55,48.5256,48.53,3828.0
2017-09-26 12:51:00,48.55,48.55,48.55,48.55,200.0
2017-09-26 12:52:00,48.55,48.55,48.55,48.55,100.0
2017-09-26 12:53:00,48.55,48.55,48.54,48.54,600.0
2017-09-26 12:54:00,48.553999999999995,48.553999999999995,48.55,48.55,937.0
2017-09-26 12:55:00,48.55,48.55,48.54,48.54,1100.0
2017-09-26 12:56:00,48.57,48.57,48.54,48.54,1500.0
2017-09-26 12:57:00,48.57,48.57,48.56,48.57,1100.0
2017-09-26 12:58:00,48.58,48.58,48.56,48.575,900.0
2017-09-26 13:01:00,48.63,48.63,48.58,48.59,1221.0
2017-09-26 13:02:00,48.61,48.62,48.6,48.62,2595.0
2017-09-26 13:03:00,48.62,48.62,48.6,48.6,800.0
2017-09-26 13:04:00,48.64,48.64,48.64,48.64,1000.0
2017-09-26 13:05:00,48.64,48.64,48.64,48.64,200.0
2017-09-26 13:06:00,48.635,48.65,48.63,48.65,1987.0
2017-09-26 13:07:00,48.635,48.635,48.63,48.635,1200.0
2017-09-26 13:08:00,48.6279,48.63,48.6279,48.63,1200.0
2017-09-26 13:09:00,48.635,48.64,48.63,48.63,1500.0
2017-09-26 13:10:00,48.64,48.64,48.64,48.64,100.0
2017-09-26 13:11:00,48.65,48.65,48.63,48.63,3870.0
2017-09-26 13:12:00,48.65,48.65,48.65,48.65,300.0
2017-09-26 13:13:00,48.6562,48.6562,48.65,48.65,315.0
2017-09-26 13:14:00,48.65,48.655,48.64,48.65,2295.0
2017-09-26 13:15:00,48.65,48.65,48.65,48.65,300.0
2017-09-26 13:16:00,48.635,48.65,48.635,48.65,1042.0
2017-09-26 13:17:00,48.63,48.63,48.63,48.63,700.0
2017-09-26 13:18:00,48.62,48.63,48.62,48.63,400.0
2017-09-26 13:19:00,48.65,48.65,48.63,48.63,900.0
2017-09-26 13:20:00,48.64,48.65,48.64,48.65,1111.0
2017-09-26 13:21:00,48.6368,48.6368,48.6368,48.6368,175.0
2017-09-26 13:23:00,48.65,48.655,48.6368,48.6368,960.0
2017-09-26 13:24:00,48.66,48.66,48.64,48.65,3400.0
2017-09-26 13:25:00,48.65,48.65,48.64,48.64,600.0
2017-09-26 13:26:00,48.67,48.67,48.64,48.65,2300.0
2017-09-26 13:27:00,48.675,48.69,48.675,48.68,785.0
2017-09-26 13:28:00,48.68,48.68,48.66,48.67,1300.0
2017-09-26 13:29:00,48.685,48.685,48.67,48.68,963.0
2017-09-26 13:30:00,48.68,48.68,48.67,48.6711,1000.0
2017-09-26 13:31:00,48.68,48.68,48.68,48.68,2044.0
2017-09-26 13:32:00,48.68,48.69,48.68,48.68,1406.0
2017-09-26 13:33:00,48.6723,48.6723,48.6723,48.6723,130.0
2017-09-26 13:34:00,48.67,48.68,48.67,48.68,500.0
2017-09-26 13:35:00,48.67,48.68,48.66,48.67,4924.0
2017-09-26 13:36:00,48.675,48.68,48.67,48.68,300.0
2017-09-26 13:37:00,48.64,48.675,48.64,48.67,2769.0
2017-09-26 13:38:00,48.625,48.625,48.625,48.625,100.0
2017-09-26 13:39:00,48.63,48.63,48.62,48.62,200.0
2017-09-26 13:40:00,48.65,48.65,48.63,48.63,4500.0
2017-09-26 13:41:00,48.645,48.66,48.64,48.66,2240.0
2017-09-26 13:42:00,48.65,48.65,48.65,48.65,135.0
2017-09-26 13:43:00,48.68,48.68,48.67,48.67,398.0
2017-09-26 13:44:00,48.675,48.69,48.67,48.67,2785.0
2017-09-26 13:45:00,48.675,48.675,48.675,48.675,200.0
2017-09-26 13:46:00,48.68,48.68,48.68,48.68,300.0
2017-09-26 13:47:00,48.7,48.71,48.7,48.7,300.0
2017-09-26 13:48:00,48.68,48.7,48.68,48.7,1800.0
2017-09-26 13:49:00,48.68,48.68,48.68,48.68,160.0
2017-09-26 13:50:00,48.6878,48.6878,48.6773,48.68,1065.0
2017-09-26 13:51:00,48.72,48.72,48.68,48.68,1911.0
2017-09-26 13:52:00,48.7,48.715,48.7,48.715,2226.0
2017-09-26 13:53:00,48.7,48.7,48.69,48.69,200.0
2017-09-26 13:54:00,48.71,48.71,48.695,48.7,2462.0
2017-09-26 13:55:00,48.72,48.73,48.715,48.72,1800.0
2017-09-26 13:56:00,48.7099,48.7099,48.69,48.7,500.0
2017-09-26 13:57:00,48.70399999999999,48.71,48.6969,48.6984,844.0
2017-09-26 13:58:00,48.708999999999996,48.708999999999996,48.708999999999996,48.708999999999996,100.0
2017-09-26 13:59:00,48.69,48.71,48.69,48.71,200.0
2017-09-26 14:00:00,48.71,48.71,48.7,48.7,800.0
2017-09-26 14:01:00,48.72,48.72,48.72,48.72,300.0
2017-09-26 14:02:00,48.73,48.73,48.72,48.725,4471.0
2017-09-26 14:03:00,48.71,48.73,48.71,48.73,2258.0
2017-09-26 14:04:00,48.7071,48.7071,48.7071,48.7071,1440.0
2017-09-26 14:05:00,48.65,48.7,48.65,48.7,3350.0
2017-09-26 14:06:00,48.64,48.65,48.63,48.65,1342.0
2017-09-26 14:07:00,48.65,48.65,48.63,48.64,2000.0
2017-09-26 14:08:00,48.66,48.66,48.64,48.65,1300.0
2017-09-26 14:11:00,48.67,48.67,48.66,48.66,400.0
2017-09-26 14:12:00,48.68,48.68,48.67,48.67,600.0
2017-09-26 14:13:00,48.68,48.68,48.6755,48.6755,617.0
2017-09-26 14:14:00,48.69,48.69,48.68,48.68,690.0
2017-09-26 14:15:00,48.67,48.69,48.67,48.69,3886.0
2017-09-26 14:16:00,48.68,48.69,48.68,48.68,1100.0
2017-09-26 14:17:00,48.68,48.68,48.68,48.68,500.0
2017-09-26 14:18:00,48.69,48.69,48.69,48.69,100.0
2017-09-26 14:19:00,48.685,48.685,48.68,48.6834,1712.0
2017-09-26 14:21:00,48.69,48.7,48.69,48.69,1487.0
2017-09-26 14:22:00,48.7,48.7,48.68,48.69,1103.0
2017-09-26 14:23:00,48.67,48.71,48.67,48.71,2722.0
2017-09-26 14:24:00,48.675,48.68,48.67,48.68,713.0
2017-09-26 14:25:00,48.69,48.69,48.68,48.68,1280.0
2017-09-26 14:26:00,48.685,48.685,48.685,48.685,210.0
2017-09-26 14:27:00,48.65,48.68,48.65,48.68,1821.0
2017-09-26 14:28:00,48.67,48.6732,48.66,48.66,636.0
2017-09-26 14:29:00,48.68,48.68,48.67,48.67,200.0
2017-09-26 14:30:00,48.66,48.6745,48.655,48.6745,1634.0
2017-09-26 14:31:00,48.68,48.68,48.655,48.67,1000.0
2017-09-26 14:32:00,48.68,48.68,48.68,48.68,306.0
2017-09-26 14:33:00,48.69,48.69,48.69,48.69,717.0
2017-09-26 14:35:00,48.69,48.69,48.68,48.68,550.0
2017-09-26 14:36:00,48.675,48.6825,48.67,48.68,1737.0
2017-09-26 14:37:00,48.67,48.67,48.67,48.67,100.0
2017-09-26 14:38:00,48.7,48.7,48.6755,48.6755,2156.0
2017-09-26 14:39:00,48.69,48.71,48.685,48.7,3500.0
2017-09-26 14:40:00,48.69,48.705,48.69,48.7,800.0
2017-09-26 14:41:00,48.68,48.68,48.68,48.68,700.0
2017-09-26 14:43:00,48.69,48.69,48.685,48.685,508.0
2017-09-26 14:44:00,48.695,48.7,48.69,48.69,900.0
2017-09-26 14:45:00,48.68,48.696999999999996,48.68,48.695,4552.0
2017-09-26 14:46:00,48.7,48.7,48.685,48.69,1900.0
2017-09-26 14:47:00,48.7,48.705,48.7,48.705,1080.0
2017-09-26 14:49:00,48.695,48.7,48.695,48.7,245.0
2017-09-26 14:50:00,48.7,48.7,48.7,48.7,300.0
2017-09-26 14:51:00,48.705,48.705,48.691,48.691,1240.0
2017-09-26 14:52:00,48.705,48.705,48.7,48.7,400.0
2017-09-26 14:54:00,48.71,48.71,48.71,48.71,100.0
2017-09-26 14:55:00,48.7,48.7,48.695,48.7,5400.0
2017-09-26 14:56:00,48.7,48.7,48.7,48.7,300.0
2017-09-26 14:57:00,48.7,48.71,48.69,48.69,1000.0
2017-09-26 14:58:00,48.71,48.71,48.6904,48.71,388.0
2017-09-26 14:59:00,48.69,48.7,48.68,48.69,2338.0
2017-09-26 15:00:00,48.695,48.695,48.69,48.695,600.0
2017-09-26 15:02:00,48.72,48.72,48.695,48.695,2726.0
2017-09-26 15:03:00,48.72,48.72,48.7101,48.715,1578.0
2017-09-26 15:04:00,48.74,48.74,48.71,48.71,5641.0
2017-09-26 15:05:00,48.725,48.735,48.725,48.73,2322.0
2017-09-26 15:06:00,48.745,48.76,48.73,48.73,5875.0
2017-09-26 15:07:00,48.745,48.745,48.74,48.745,400.0
2017-09-26 15:08:00,48.765,48.765,48.745,48.745,1000.0
2017-09-26 15:09:00,48.76,48.76,48.75,48.76,1421.0
2017-09-26 15:10:00,48.76,48.76,48.75,48.75,2100.0
2017-09-26 15:11:00,48.75,48.765,48.75,48.76,2680.0
2017-09-26 15:12:00,48.745,48.745,48.745,48.745,100.0
2017-09-26 15:13:00,48.73,48.7436,48.73,48.74,3455.0
2017-09-26 15:14:00,48.76,48.76,48.71,48.72,4092.0
2017-09-26 15:15:00,48.77,48.77,48.76,48.76,2655.0
2017-09-26 15:16:00,48.75,48.765,48.75,48.765,3646.0
2017-09-26 15:17:00,48.77,48.77,48.76,48.76,624.0
2017-09-26 15:18:00,48.78,48.79,48.765,48.77,8453.0
2017-09-26 15:19:00,48.79,48.79,48.78,48.79,300.0
2017-09-26 15:20:00,48.79,48.79,48.78,48.7832,1800.0
2017-09-26 15:21:00,48.78,48.8,48.77,48.79,8134.0
2017-09-26 15:22:00,48.77,48.77,48.77,48.77,200.0
2017-09-26 15:23:00,48.765,48.775,48.765,48.77,1200.0
2017-09-26 15:24:00,48.775,48.78,48.77,48.77,700.0
2017-09-26 15:25:00,48.79,48.79,48.78,48.78,800.0
2017-09-26 15:26:00,48.77,48.79,48.77,48.79,3836.0
2017-09-26 15:27:00,48.77,48.77,48.77,48.77,800.0
2017-09-26 15:28:00,48.77,48.775,48.77,48.77,2961.0
2017-09-26 15:29:00,48.79,48.79,48.7645,48.765,2594.0
2017-09-26 15:30:00,48.79,48.79,48.78,48.79,1636.0
2017-09-26 15:31:00,48.81,48.81,48.79,48.791000000000004,2518.0
2017-09-26 15:32:00,48.8,48.81,48.795,48.81,1296.0
2017-09-26 15:33:00,48.79,48.795,48.79,48.795,1645.0
2017-09-26 15:34:00,48.785,48.79,48.785,48.79,200.0
2017-09-26 15:35:00,48.8,48.8,48.785,48.79,2000.0
2017-09-26 15:36:00,48.815,48.82,48.795,48.795,4616.0
2017-09-26 15:37:00,48.82,48.82,48.81,48.82,9423.0
2017-09-26 15:38:00,48.84,48.85,48.82,48.82,8717.0
2017-09-26 15:39:00,48.83,48.83,48.82,48.83,1216.0
2017-09-26 15:40:00,48.839,48.84,48.83,48.83,400.0
2017-09-26 15:41:00,48.83,48.84,48.83,48.83,900.0
2017-09-26 15:42:00,48.85,48.85,48.83,48.835,8035.0
2017-09-26 15:43:00,48.88,48.88,48.8544,48.8544,4876.0
2017-09-26 15:44:00,48.87,48.88,48.87,48.88,3100.0
2017-09-26 15:45:00,48.85,48.88,48.85,48.875,7033.0
2017-09-26 15:46:00,48.83,48.855,48.825,48.85,6904.0
2017-09-26 15:47:00,48.825,48.83,48.82,48.825,1059.0
2017-09-26 15:48:00,48.8,48.825,48.8,48.82,4100.0
2017-09-26 15:49:00,48.78,48.81,48.78,48.805,9231.0
2017-09-26 15:50:00,48.775,48.79,48.77,48.7801,6633.0
2017-09-26 15:51:00,48.77,48.78,48.76,48.77,4197.0
2017-09-26 15:52:00,48.76,48.775,48.76,48.775,3300.0
2017-09-26 15:53:00,48.785,48.79,48.76,48.765,6804.0
2017-09-26 15:54:00,48.79,48.79,48.775,48.79,3714.0
2017-09-26 15:55:00,48.78,48.785,48.78,48.78,5200.0
2017-09-26 15:56:00,48.765,48.78,48.76,48.775,6329.0
2017-09-26 15:57:00,48.765,48.77,48.76,48.765,4250.0
2017-09-26 15:58:00,48.765,48.77,48.74,48.76,14231.0
2017-09-26 15:59:00,48.765,48.77,48.76,48.765,4861.0
2017-09-26 16:00:00,48.76,48.765,48.74,48.765,31348.0
2017-09-27 09:30:00,48.65,48.65,48.65,48.65,12645.0
2017-09-27 09:31:00,48.72,48.72,48.72,48.72,100.0
2017-09-27 09:32:00,48.64,48.74,48.64,48.74,1200.0
2017-09-27 09:33:00,48.55,48.6399,48.54,48.63,2745.0
2017-09-27 09:35:00,48.53,48.55,48.52,48.55,400.0
2017-09-27 09:36:00,48.5,48.5,48.5,48.5,100.0
2017-09-27 09:37:00,48.49,48.58,48.43,48.58,7702.0
2017-09-27 09:38:00,48.35,48.47,48.35,48.47,4436.0
2017-09-27 09:39:00,48.37,48.4,48.365,48.4,600.0
2017-09-27 09:40:00,48.38,48.4,48.35,48.35,2641.0
2017-09-27 09:41:00,48.42,48.43,48.38,48.38,2050.0
2017-09-27 09:42:00,48.37,48.46,48.37,48.46,3600.0
2017-09-27 09:43:00,48.37,48.43,48.35,48.37,4700.0
2017-09-27 09:44:00,48.4,48.4,48.4,48.4,100.0
2017-09-27 09:46:00,48.32,48.36,48.26,48.36,4164.0
2017-09-27 09:47:00,48.28,48.305,48.28,48.305,200.0
2017-09-27 09:51:00,48.175,48.305,48.14,48.3,5386.0
2017-09-27 09:52:00,48.1,48.17,48.07,48.1664,14891.0
2017-09-27 09:53:00,48.2,48.2,48.125,48.133,4300.0
2017-09-27 09:54:00,48.12,48.19,48.12,48.16,12800.0
2017-09-27 09:55:00,48.13,48.16,48.09,48.13,5100.0
2017-09-27 09:56:00,48.11,48.13,48.1,48.1,2152.0
2017-09-27 09:57:00,48.12,48.12,48.12,48.12,100.0
2017-09-27 09:58:00,48.1328,48.1328,48.1328,48.1328,213.0
2017-09-27 09:59:00,48.12,48.12,48.12,48.12,602.0
2017-09-27 10:00:00,48.125,48.125,48.125,48.125,100.0
2017-09-27 10:01:00,48.13,48.14,48.125,48.125,600.0
2017-09-27 10:02:00,48.11,48.13,48.1,48.13,1094.0
2017-09-27 10:03:00,48.1,48.11,48.1,48.1,400.0
2017-09-27 10:05:00,48.08,48.1,48.08,48.1,400.0
2017-09-27 10:06:00,48.08,48.105,48.08,48.09,3131.0
2017-09-27 10:07:00,48.1,48.1,48.08,48.08,688.0
2017-09-27 10:08:00,48.05,48.08,48.05,48.08,6100.0
2017-09-27 10:09:00,47.985,48.04,47.94,48.04,24461.0
2017-09-27 10:10:00,48.01,48.01,47.98,48.0,4600.0
2017-09-27 10:11:00,48.04,48.04,47.99,48.0,2210.0
2017-09-27 10:12:00,48.11,48.11,48.05,48.08,3209.0
2017-09-27 10:13:00,48.1,48.11,48.1,48.11,400.0
2017-09-27 10:14:00,48.14,48.14,48.1232,48.1232,300.0
2017-09-27 10:15:00,48.185,48.2,48.14,48.14,2213.0
2017-09-27 10:16:00,48.19,48.2,48.1886,48.19,1107.0
2017-09-27 10:17:00,48.21,48.21,48.19,48.205,2297.0
2017-09-27 10:18:00,48.19,48.19,48.19,48.19,100.0
2017-09-27 10:19:00,48.13,48.17,48.12,48.17,25657.0
2017-09-27 10:20:00,48.1,48.1189,48.09,48.1189,1468.0
2017-09-27 10:21:00,48.14,48.15,48.11,48.11,1416.0
2017-09-27 10:22:00,48.1,48.15,48.1,48.15,2000.0
2017-09-27 10:23:00,48.1,48.11,48.09,48.09,800.0
2017-09-27 10:24:00,48.09,48.1,48.06,48.07,1000.0
2017-09-27 10:25:00,48.07,48.09,48.07,48.08,900.0
2017-09-27 10:26:00,48.06,48.06,48.06,48.06,100.0
2017-09-27 10:27:00,48.05,48.06,48.0348,48.06,2260.0
2017-09-27 10:28:00,48.04,48.065,48.04,48.06,1356.0
2017-09-27 10:29:00,48.05,48.052,48.05,48.052,4100.0
2017-09-27 10:30:00,47.985,48.04,47.985,48.04,2008.0
2017-09-27 10:31:00,48.0,48.01,47.99,48.0,1195.0
2017-09-27 10:32:00,47.99,48.01,47.98,48.01,2253.0
2017-09-27 10:33:00,48.0199,48.0199,48.01,48.01,400.0
2017-09-27 10:34:00,47.96,48.015,47.96,48.01,3500.0
2017-09-27 10:35:00,48.01,48.01,47.98,47.98,1500.0
2017-09-27 10:36:00,48.02,48.02,48.02,48.02,400.0
2017-09-27 10:37:00,47.96,48.03,47.96,48.03,1480.0
2017-09-27 10:38:00,47.96,47.98,47.96,47.97,900.0
2017-09-27 10:39:00,47.96,47.96,47.95,47.95,700.0
2017-09-27 10:40:00,47.91,47.95,47.9,47.95,4859.0
2017-09-27 10:41:00,47.91,47.92,47.91,47.92,800.0
2017-09-27 10:42:00,47.91,47.915,47.89,47.905,2751.0
2017-09-27 10:43:00,47.9,47.915,47.9,47.91,800.0
2017-09-27 10:44:00,47.8871,47.8871,47.8871,47.8871,110.0
2017-09-27 10:45:00,47.91,47.91,47.89,47.89,1200.0
2017-09-27 10:46:00,47.93,47.95,47.91,47.92,3700.0
2017-09-27 10:47:00,47.92,47.92,47.89,47.92,5474.0
2017-09-27 10:48:00,47.9,47.93,47.9,47.93,800.0
2017-09-27 10:49:00,47.92,47.92,47.9,47.9,400.0
2017-09-27 10:50:00,47.9,47.93,47.9,47.92,11551.0
2017-09-27 10:51:00,47.88,47.94,47.87,47.92,3238.0
2017-09-27 10:52:00,47.9158,47.94,47.9036,47.9036,775.0
2017-09-27 10:53:00,47.86,47.91,47.86,47.91,2200.0
2017-09-27 10:54:00,47.805,47.83,47.77,47.83,2608.0
2017-09-27 10:55:00,47.79,47.79,47.7784,47.79,1560.0
2017-09-27 10:56:00,47.77,47.79,47.73,47.79,3930.0
2017-09-27 10:57:00,47.6995,47.77,47.68,47.76,12275.0
2017-09-27 10:58:00,47.7216,47.76,47.69,47.71,3707.0
2017-09-27 10:59:00,47.76,47.76,47.72,47.72,2159.0
2017-09-27 11:00:00,47.8,47.8,47.76,47.77,3500.0
2017-09-27 11:01:00,47.8,47.8,47.78,47.79,1900.0
2017-09-27 11:02:00,47.79,47.8,47.79,47.8,1000.0
2017-09-27 11:03:00,47.78,47.78,47.78,47.78,400.0
2017-09-27 11:04:00,47.75,47.81,47.75,47.81,1504.0
2017-09-27 11:05:00,47.7645,47.7645,47.7645,47.7645,3125.0
2017-09-27 11:06:00,47.85,47.85,47.77,47.77,2900.0
2017-09-27 11:07:00,47.8711,47.88,47.87,47.88,1900.0
2017-09-27 11:08:00,47.87,47.87,47.87,47.87,110.0
2017-09-27 11:09:00,47.89,47.89,47.87,47.875,1400.0
2017-09-27 11:10:00,47.91,47.91,47.9,47.9,300.0
2017-09-27 11:11:00,47.905,47.91,47.89,47.91,2439.0
2017-09-27 11:12:00,47.89,47.91,47.89,47.905,1637.0
2017-09-27 11:13:00,47.88,47.88,47.87,47.88,2029.0
2017-09-27 11:14:00,47.92,47.92,47.88,47.88,1900.0
2017-09-27 11:15:00,47.92,47.925,47.895,47.91,3889.0
2017-09-27 11:16:00,47.94,47.94,47.91,47.915,1436.0
2017-09-27 11:17:00,47.93,47.93,47.93,47.93,700.0
2017-09-27 11:18:00,47.91,47.93,47.91,47.92,1000.0
2017-09-27 11:19:00,47.9,47.9,47.895,47.9,800.0
2017-09-27 11:20:00,47.88,47.9,47.88,47.9,1200.0
2017-09-27 11:21:00,47.87,47.88,47.87,47.88,2150.0
2017-09-27 11:22:00,47.89,47.89,47.88,47.88,600.0
2017-09-27 11:24:00,47.9,47.91,47.9,47.91,900.0
2017-09-27 11:25:00,47.9,47.905,47.9,47.905,800.0
2017-09-27 11:26:00,47.86,47.89,47.86,47.89,900.0
2017-09-27 11:27:00,47.86,47.87,47.85,47.85,3000.0
2017-09-27 11:28:00,47.87,47.87,47.8658,47.8696,901.0
2017-09-27 11:29:00,47.89,47.89,47.87,47.87,900.0
2017-09-27 11:30:00,47.91,47.91,47.91,47.91,1000.0
2017-09-27 11:31:00,47.9,47.9,47.9,47.9,200.0
2017-09-27 11:32:00,47.9099,47.9099,47.9099,47.9099,108.0
2017-09-27 11:33:00,47.89,47.9,47.88,47.9,1900.0
2017-09-27 11:34:00,47.85,47.8868,47.85,47.8868,1394.0
2017-09-27 11:35:00,47.82,47.86,47.82,47.83,5335.0
2017-09-27 11:36:00,47.81,47.825,47.8,47.82,2381.0
2017-09-27 11:37:00,47.82,47.82,47.81,47.82,1305.0
2017-09-27 11:38:00,47.82,47.835,47.82,47.82,11887.0
2017-09-27 11:39:00,47.805,47.82,47.805,47.82,700.0
2017-09-27 11:40:00,47.83,47.83,47.8,47.8,1363.0
2017-09-27 11:41:00,47.81,47.82,47.81,47.82,1546.0
2017-09-27 11:42:00,47.8,47.8092,47.8,47.8,1200.0
2017-09-27 11:43:00,47.85,47.85,47.8,47.8,6062.0
2017-09-27 11:44:00,47.84,47.85,47.84,47.85,1007.0
2017-09-27 11:45:00,47.83,47.83,47.83,47.83,100.0
2017-09-27 11:46:00,47.83,47.83,47.83,47.83,2300.0
2017-09-27 11:47:00,47.83,47.84,47.81,47.83,1700.0
2017-09-27 11:48:00,47.8,47.82,47.8,47.82,702.0
2017-09-27 11:49:00,47.79,47.79,47.79,47.79,663.0
2017-09-27 11:50:00,47.785,47.785,47.78,47.78,200.0
2017-09-27 11:51:00,47.785,47.785,47.77,47.78,2300.0
2017-09-27 11:52:00,47.79,47.8,47.79,47.79,700.0
2017-09-27 11:53:00,47.79,47.79,47.79,47.79,300.0
2017-09-27 11:54:00,47.78,47.79,47.78,47.78,300.0
2017-09-27 11:55:00,47.78,47.78,47.78,47.78,100.0
2017-09-27 11:56:00,47.79,47.8,47.79,47.79,1884.0
2017-09-27 11:57:00,47.79,47.79,47.78,47.78,741.0
2017-09-27 11:58:00,47.78,47.785,47.78,47.785,200.0
2017-09-27 11:59:00,47.78,47.8,47.78,47.8,600.0
2017-09-27 12:00:00,47.77,47.7799,47.7699,47.77,1600.0
2017-09-27 12:01:00,47.83,47.83,47.78,47.78,3762.0
2017-09-27 12:02:00,47.84,47.85,47.83,47.83,1332.0
2017-09-27 12:03:00,47.83,47.83,47.83,47.83,300.0
2017-09-27 12:04:00,47.85,47.87,47.84,47.85,1317.0
2017-09-27 12:05:00,47.85,47.85,47.85,47.85,100.0
2017-09-27 12:06:00,47.82,47.84,47.82,47.84,500.0
2017-09-27 12:07:00,47.82,47.83,47.82,47.82,868.0
2017-09-27 12:08:00,47.82,47.82,47.81,47.81,1606.0
2017-09-27 12:09:00,47.85,47.855,47.82,47.82,1700.0
2017-09-27 12:10:00,47.87,47.87,47.86,47.86,1468.0
2017-09-27 12:11:00,47.86,47.86,47.86,47.86,200.0
2017-09-27 12:12:00,47.84,47.86,47.83,47.86,2213.0
2017-09-27 12:13:00,47.845,47.85,47.84,47.84,400.0
2017-09-27 12:14:00,47.84,47.87,47.84,47.85,1199.0
2017-09-27 12:15:00,47.83,47.83,47.83,47.83,300.0
2017-09-27 12:16:00,47.825,47.83,47.81,47.82,1549.0
2017-09-27 12:17:00,47.84,47.84,47.81,47.81,1270.0
2017-09-27 12:18:00,47.88,47.88,47.84,47.85,1200.0
2017-09-27 12:19:00,47.8301,47.85,47.83,47.85,1700.0
2017-09-27 12:20:00,47.84,47.84,47.83,47.83,400.0
2017-09-27 12:21:00,47.83,47.84,47.83,47.84,700.0
2017-09-27 12:22:00,47.82,47.82,47.82,47.82,200.0
2017-09-27 12:23:00,47.84,47.84,47.825,47.825,2090.0
2017-09-27 12:24:00,47.83,47.83,47.83,47.83,800.0
2017-09-27 12:25:00,47.8,47.82,47.8,47.82,711.0
2017-09-27 12:26:00,47.8194,47.82,47.81,47.81,1078.0
2017-09-27 12:27:00,47.81,47.82,47.8,47.82,1150.0
2017-09-27 12:28:00,47.8,47.8,47.8,47.8,600.0
2017-09-27 12:29:00,47.79,47.82,47.79,47.82,1988.0
2017-09-27 12:30:00,47.8,47.8,47.79,47.79,1100.0
2017-09-27 12:31:00,47.8,47.8,47.79,47.8,800.0
2017-09-27 12:32:00,47.79,47.8022,47.79,47.8,544.0
2017-09-27 12:33:00,47.77,47.79,47.77,47.79,1662.0
2017-09-27 12:34:00,47.78,47.78,47.78,47.78,100.0
2017-09-27 12:35:00,47.755,47.79,47.75,47.79,1868.0
2017-09-27 12:36:00,47.75,47.75,47.74,47.75,1885.0
2017-09-27 12:37:00,47.77,47.78,47.74,47.74,3222.0
2017-09-27 12:38:00,47.76,47.79,47.76,47.78,3000.0
2017-09-27 12:39:00,47.748000000000005,47.75,47.7302,47.75,3701.0
2017-09-27 12:40:00,47.75,47.76,47.745,47.745,1200.0
2017-09-27 12:42:00,47.765,47.77,47.76,47.76,1300.0
2017-09-27 12:43:00,47.77,47.77,47.77,47.77,100.0
2017-09-27 12:44:00,47.77,47.77,47.77,47.77,100.0
2017-09-27 12:45:00,47.77,47.775,47.77,47.775,1400.0
2017-09-27 12:46:00,47.785,47.79,47.76,47.7656,2200.0
2017-09-27 12:47:00,47.79,47.79,47.79,47.79,100.0
2017-09-27 12:48:00,47.78,47.78,47.78,47.78,800.0
2017-09-27 12:49:00,47.7775,47.7775,47.775,47.775,200.0
2017-09-27 12:50:00,47.76,47.77,47.76,47.76,300.0
2017-09-27 12:51:00,47.7732,47.7732,47.76,47.76,405.0
2017-09-27 12:52:00,47.77,47.77,47.77,47.77,100.0
2017-09-27 12:53:00,47.77,47.77,47.77,47.77,200.0
2017-09-27 12:54:00,47.77,47.78,47.76,47.76,1400.0
2017-09-27 12:55:00,47.77,47.78,47.765,47.765,791.0
2017-09-27 12:56:00,47.78,47.79,47.77,47.7788,800.0
2017-09-27 12:57:00,47.7688,47.78,47.76,47.78,2307.0
2017-09-27 12:58:00,47.77,47.77,47.77,47.77,400.0
2017-09-27 12:59:00,47.79,47.8,47.76,47.77,1994.0
2017-09-27 13:00:00,47.79,47.8,47.78,47.79,400.0
2017-09-27 13:01:00,47.78,47.795,47.78,47.795,1546.0
2017-09-27 13:02:00,47.78,47.78,47.78,47.78,1940.0
2017-09-27 13:03:00,47.78,47.785,47.77,47.78,1604.0
2017-09-27 13:04:00,47.77,47.78,47.77,47.78,1000.0
2017-09-27 13:05:00,47.77,47.775,47.77,47.77,2820.0
2017-09-27 13:06:00,47.77,47.78,47.77,47.77,3670.0
2017-09-27 13:07:00,47.76,47.78,47.76,47.78,1500.0
2017-09-27 13:08:00,47.77,47.77,47.76,47.76,1173.0
2017-09-27 13:09:00,47.77,47.77,47.76,47.77,1200.0
2017-09-27 13:10:00,47.77,47.77,47.77,47.77,700.0
2017-09-27 13:11:00,47.77,47.77,47.77,47.77,933.0
2017-09-27 13:12:00,47.77,47.77,47.76,47.765,2899.0
2017-09-27 13:13:00,47.81,47.82,47.78,47.78,3337.0
2017-09-27 13:14:00,47.8,47.81,47.79,47.81,1300.0
2017-09-27 13:15:00,47.8,47.8,47.79,47.8,400.0
2017-09-27 13:16:00,47.79,47.79,47.79,47.79,200.0
2017-09-27 13:17:00,47.79,47.79,47.79,47.79,1500.0
2017-09-27 13:18:00,47.76,47.78,47.76,47.78,1883.0
2017-09-27 13:19:00,47.75,47.765,47.75,47.76,500.0
2017-09-27 13:20:00,47.75,47.751000000000005,47.75,47.751000000000005,621.0
2017-09-27 13:21:00,47.74,47.75,47.73,47.75,5149.0
2017-09-27 13:22:00,47.74,47.74,47.74,47.74,900.0
2017-09-27 13:23:00,47.73,47.73,47.72,47.73,7017.0
2017-09-27 13:24:00,47.73,47.74,47.73,47.73,3657.0
2017-09-27 13:25:00,47.72,47.72,47.71,47.72,4826.0
2017-09-27 13:26:00,47.735,47.74,47.725,47.73,1262.0
2017-09-27 13:27:00,47.74,47.74,47.73,47.73,1300.0
2017-09-27 13:28:00,47.735,47.74,47.73,47.74,1100.0
2017-09-27 13:29:00,47.75,47.75,47.73,47.73,2228.0
2017-09-27 13:30:00,47.75,47.755,47.7345,47.75,3350.0
2017-09-27 13:31:00,47.755,47.755,47.75,47.755,1900.0
2017-09-27 13:32:00,47.75,47.76,47.75,47.76,1185.0
2017-09-27 13:33:00,47.75,47.77,47.75,47.76,1200.0
2017-09-27 13:34:00,47.75,47.77,47.75,47.76,500.0
2017-09-27 13:35:00,47.76,47.76,47.76,47.76,907.0
2017-09-27 13:36:00,47.77,47.77,47.76,47.77,800.0
2017-09-27 13:37:00,47.75,47.77,47.75,47.76,500.0
2017-09-27 13:38:00,47.77,47.77,47.76,47.76,2318.0
2017-09-27 13:39:00,47.8,47.8,47.765,47.77,1250.0
2017-09-27 13:40:00,47.8,47.8,47.79,47.79,635.0
2017-09-27 13:41:00,47.8,47.805,47.79,47.8,1200.0
2017-09-27 13:42:00,47.825,47.825,47.805,47.805,1596.0
2017-09-27 13:43:00,47.8,47.82,47.8,47.82,3238.0
2017-09-27 13:44:00,47.81,47.81,47.81,47.81,510.0
2017-09-27 13:45:00,47.8,47.805,47.8,47.8,2898.0
2017-09-27 13:46:00,47.8,47.8,47.8,47.8,100.0
2017-09-27 13:47:00,47.815,47.82,47.805,47.81,3112.0
2017-09-27 13:48:00,47.81,47.82,47.81,47.815,1600.0
2017-09-27 13:49:00,47.81,47.81,47.81,47.81,400.0
2017-09-27 13:50:00,47.81,47.81,47.81,47.81,500.0
2017-09-27 13:51:00,47.805,47.8112,47.805,47.8112,1000.0
2017-09-27 13:52:00,47.81,47.81,47.8,47.805,1829.0
2017-09-27 13:53:00,47.81,47.81,47.8,47.805,2577.0
2017-09-27 13:54:00,47.81,47.815,47.81,47.81,950.0
2017-09-27 13:55:00,47.81,47.81,47.81,47.81,200.0
2017-09-27 13:56:00,47.83,47.83,47.81,47.82,1723.0
2017-09-27 13:57:00,47.82,47.83,47.82,47.83,300.0
2017-09-27 13:58:00,47.845,47.845,47.83,47.83,1400.0
2017-09-27 13:59:00,47.85,47.85,47.845,47.85,300.0
2017-09-27 14:00:00,47.85,47.86,47.85,47.86,1540.0
2017-09-27 14:01:00,47.85,47.86,47.85,47.86,960.0
2017-09-27 14:02:00,47.86,47.86,47.86,47.86,829.0
2017-09-27 14:03:00,47.86,47.86,47.86,47.86,1992.0
2017-09-27 14:05:00,47.86,47.86,47.85,47.85,400.0
2017-09-27 14:06:00,47.85,47.8641,47.85,47.86,342.0
2017-09-27 14:07:00,47.85,47.861000000000004,47.85,47.85,500.0
2017-09-27 14:08:00,47.865,47.87,47.845,47.8562,6837.0
2017-09-27 14:09:00,47.85,47.86,47.85,47.86,200.0
2017-09-27 14:10:00,47.85,47.86,47.85,47.8584,1600.0
2017-09-27 14:11:00,47.86,47.87,47.85,47.85,9270.0
2017-09-27 14:12:00,47.85,47.85,47.84,47.85,2911.0
2017-09-27 14:13:00,47.85,47.88,47.85,47.85,5303.0
2017-09-27 14:14:00,47.85,47.87,47.84,47.87,16069.0
2017-09-27 14:15:00,47.86,47.86,47.84,47.84,4852.0
2017-09-27 14:16:00,47.86,47.87,47.85,47.85,2100.0
2017-09-27 14:17:00,47.86,47.86,47.86,47.86,100.0
2017-09-27 14:18:00,47.9,47.9,47.86,47.86,3276.0
2017-09-27 14:19:00,47.9,47.9,47.89,47.9,900.0
2017-09-27 14:20:00,47.9,47.9,47.9,47.9,700.0
2017-09-27 14:21:00,47.9,47.9,47.9,47.9,100.0
2017-09-27 14:22:00,47.92,47.93,47.91,47.92,1400.0
2017-09-27 14:23:00,47.94,47.94,47.91,47.92,3373.0
2017-09-27 14:24:00,47.92,47.95,47.92,47.95,300.0
2017-09-27 14:25:00,47.92,47.935,47.92,47.92,2300.0
2017-09-27 14:26:00,47.9247,47.9247,47.92,47.92,600.0
2017-09-27 14:27:00,47.92,47.93,47.92,47.93,1000.0
2017-09-27 14:28:00,47.92,47.94,47.91,47.93,3106.0
2017-09-27 14:29:00,47.92,47.93,47.92,47.92,1000.0
2017-09-27 14:30:00,47.87,47.92,47.87,47.92,3834.0
2017-09-27 14:31:00,47.9,47.9,47.87,47.885,1500.0
2017-09-27 14:32:00,47.89,47.9,47.89,47.9,700.0
2017-09-27 14:33:00,47.87,47.89,47.87,47.89,2775.0
2017-09-27 14:34:00,47.87,47.87,47.86,47.87,1195.0
2017-09-27 14:35:00,47.84,47.865,47.83,47.865,7367.0
2017-09-27 14:36:00,47.84,47.85,47.84,47.845,1513.0
2017-09-27 14:37:00,47.84,47.85,47.84,47.84,300.0
2017-09-27 14:38:00,47.845,47.845,47.84,47.84,3046.0
2017-09-27 14:39:00,47.84,47.8499,47.84,47.84,581.0
2017-09-27 14:40:00,47.85,47.85,47.845,47.845,2550.0
2017-09-27 14:41:00,47.85,47.85,47.84,47.845,500.0
2017-09-27 14:42:00,47.85,47.85,47.85,47.85,1100.0
2017-09-27 14:43:00,47.855,47.855,47.85,47.85,1461.0
2017-09-27 14:44:00,47.86,47.86,47.855,47.855,1830.0
2017-09-27 14:45:00,47.855,47.865,47.85,47.86,3335.0
2017-09-27 14:46:00,47.85,47.87,47.85,47.855,1853.0
2017-09-27 14:47:00,47.85,47.85,47.84,47.84,300.0
2017-09-27 14:48:00,47.84,47.855,47.84,47.84,27300.0
2017-09-27 14:49:00,47.85,47.85,47.84,47.84,3115.0
2017-09-27 14:50:00,47.84,47.84,47.84,47.84,200.0
2017-09-27 14:51:00,47.865,47.865,47.85,47.86,1573.0
2017-09-27 14:52:00,47.89,47.89,47.865,47.87,2395.0
2017-09-27 14:53:00,47.915,47.915,47.9,47.9,1908.0
2017-09-27 14:54:00,47.92,47.92,47.915,47.915,945.0
2017-09-27 14:55:00,47.925,47.93,47.925,47.925,2520.0
2017-09-27 14:56:00,47.91,47.93,47.91,47.92,1400.0
2017-09-27 14:57:00,47.91,47.92,47.91,47.91,1100.0
2017-09-27 14:58:00,47.945,47.945,47.92,47.93,1900.0
2017-09-27 14:59:00,47.96,47.96,47.93,47.94,2750.0
2017-09-27 15:00:00,47.975,47.98,47.96,47.96,1500.0
2017-09-27 15:01:00,47.98,47.98,47.98,47.98,1189.0
2017-09-27 15:02:00,48.0,48.0,47.99,47.99,2899.0
2017-09-27 15:03:00,47.985,48.0,47.98,48.0,5597.0
2017-09-27 15:04:00,48.01,48.01,47.985,47.99,1801.0
2017-09-27 15:05:00,48.045,48.05,48.01,48.01,1700.0
2017-09-27 15:06:00,48.06,48.065,48.04,48.045,4019.0
2017-09-27 15:07:00,48.06,48.06,48.05,48.06,1400.0
2017-09-27 15:08:00,48.05,48.06,48.04,48.05,2174.0
2017-09-27 15:09:00,48.08,48.09,48.06,48.06,3500.0
2017-09-27 15:10:00,48.07,48.08,48.065,48.08,1850.0
2017-09-27 15:11:00,48.06,48.065,48.06,48.06,2200.0
2017-09-27 15:12:00,48.055,48.06,48.05,48.06,3000.0
2017-09-27 15:13:00,48.06,48.06,48.05,48.055,1400.0
2017-09-27 15:14:00,48.055,48.065,48.05,48.065,1940.0
2017-09-27 15:15:00,48.05,48.05,48.04,48.05,2405.0
2017-09-27 15:16:00,48.04,48.05,48.04,48.05,500.0
2017-09-27 15:17:00,48.04,48.04,48.04,48.04,400.0
2017-09-27 15:18:00,48.045,48.05,48.04,48.04,3900.0
2017-09-27 15:19:00,48.01,48.045,48.01,48.045,11270.0
2017-09-27 15:20:00,48.04,48.04,48.015,48.02,1700.0
2017-09-27 15:21:00,48.06,48.06,48.035,48.04,2846.0
2017-09-27 15:22:00,48.07,48.07,48.06,48.06,1600.0
2017-09-27 15:23:00,48.075,48.08,48.07,48.075,1130.0
2017-09-27 15:24:00,48.08,48.08,48.075,48.075,400.0
2017-09-27 15:25:00,48.075,48.075,48.075,48.075,1900.0
2017-09-27 15:26:00,48.06,48.08,48.05,48.08,6858.0
2017-09-27 15:27:00,48.09,48.09,48.05,48.05,12592.0
2017-09-27 15:28:00,48.09,48.1,48.09,48.09,4000.0
2017-09-27 15:29:00,48.08,48.08,48.08,48.08,3400.0
2017-09-27 15:30:00,48.08,48.085,48.08,48.08,900.0
2017-09-27 15:31:00,48.075,48.085,48.07,48.08,1300.0
2017-09-27 15:32:00,48.07,48.075,48.07,48.075,700.0
2017-09-27 15:33:00,48.09,48.09,48.065,48.07,8989.0
2017-09-27 15:34:00,48.085,48.09,48.0804,48.09,805.0
2017-09-27 15:35:00,48.085,48.085,48.08,48.085,790.0
2017-09-27 15:36:00,48.085,48.085,48.075,48.08,4948.0
2017-09-27 15:37:00,48.08,48.09,48.08,48.08,1400.0
2017-09-27 15:38:00,48.07,48.08,48.07,48.08,2160.0
2017-09-27 15:39:00,48.075,48.075,48.07,48.075,900.0
2017-09-27 15:40:00,48.085,48.09,48.07,48.075,3900.0
2017-09-27 15:41:00,48.08,48.09,48.08,48.09,3335.0
2017-09-27 15:42:00,48.05,48.08,48.05,48.08,5826.0
2017-09-27 15:43:00,48.04,48.055,48.04,48.05,1900.0
2017-09-27 15:44:00,48.0201,48.045,48.0201,48.04,4291.0
2017-09-27 15:45:00,48.035,48.04,48.02,48.02,4124.0
2017-09-27 15:46:00,48.03,48.0374,48.02,48.03,1891.0
2017-09-27 15:47:00,48.0,48.03,48.0,48.03,8500.0
2017-09-27 15:48:00,48.01,48.01,48.0,48.0,2440.0
2017-09-27 15:49:00,48.01,48.02,48.0,48.01,4288.0
2017-09-27 15:50:00,48.015,48.02,48.01,48.01,2735.0
2017-09-27 15:51:00,48.02,48.02,48.005,48.01,10462.0
2017-09-27 15:52:00,48.01,48.02,48.01,48.02,6300.0
2017-09-27 15:53:00,48.01,48.02,48.01,48.01,2312.0
2017-09-27 15:54:00,48.045,48.045,48.015,48.015,9007.0
2017-09-27 15:55:00,48.04,48.05,48.04,48.045,6101.0
2017-09-27 15:56:00,48.03,48.045,48.03,48.04,6921.0
2017-09-27 15:57:00,48.02,48.035,48.015,48.03,7374.0
2017-09-27 15:58:00,48.025,48.04,48.01,48.02,22127.0
2017-09-27 15:59:00,48.04,48.05,48.025,48.025,9217.0
2017-09-27 16:00:00,48.05,48.05,48.02,48.035,23076.0
2017-09-28 09:30:00,47.97,47.97,47.97,47.97,13709.0
2017-09-28 09:31:00,48.02,48.02,47.82,47.82,500.0
2017-09-28 09:32:00,48.0,48.0,47.946000000000005,47.946000000000005,1688.0
2017-09-28 09:33:00,48.08,48.08,48.03,48.03,400.0
2017-09-28 09:34:00,48.12,48.12,48.08,48.08,400.0
2017-09-28 09:35:00,48.0,48.1,48.0,48.1,3574.0
2017-09-28 09:36:00,48.06,48.08,48.0,48.0,1792.0
2017-09-28 09:37:00,48.07,48.07,48.07,48.07,200.0
2017-09-28 09:38:00,48.04,48.07,48.04,48.05,2300.0
2017-09-28 09:39:00,48.02,48.05,48.01,48.04,2700.0
2017-09-28 09:40:00,48.0,48.0,48.0,48.0,100.0
2017-09-28 09:41:00,48.0202,48.085,48.01,48.01,4542.0
2017-09-28 09:43:00,48.01,48.03,48.01,48.03,1536.0
2017-09-28 09:44:00,47.98,48.01,47.98,48.01,1100.0
2017-09-28 09:45:00,47.95,47.97,47.95,47.97,900.0
2017-09-28 09:46:00,47.99,47.99,47.95,47.96,2123.0
2017-09-28 09:47:00,47.96,47.98,47.96,47.98,2103.0
2017-09-28 09:48:00,47.96,47.96,47.96,47.96,510.0
2017-09-28 09:50:00,48.0,48.01,47.97,48.01,2591.0
2017-09-28 09:51:00,48.02,48.02,48.01,48.02,879.0
2017-09-28 09:52:00,48.02,48.02,48.02,48.02,496.0
2017-09-28 09:53:00,47.99,48.015,47.99,48.0,1450.0
2017-09-28 09:54:00,48.02,48.02,48.01,48.01,1251.0
2017-09-28 09:55:00,48.01,48.01,48.01,48.01,500.0
2017-09-28 09:56:00,48.02,48.02,48.01,48.01,1066.0
2017-09-28 09:57:00,48.03,48.03,48.02,48.025,2000.0
2017-09-28 09:58:00,48.01,48.04,48.0,48.04,1910.0
2017-09-28 09:59:00,47.94,47.98,47.94,47.98,1200.0
2017-09-28 10:00:00,47.94,47.96,47.94,47.95,2439.0
2017-09-28 10:01:00,47.93,47.95,47.93,47.945,3400.0
2017-09-28 10:02:00,47.92,47.925,47.92,47.925,500.0
2017-09-28 10:03:00,47.965,47.97,47.9299,47.93,4877.0
2017-09-28 10:04:00,47.945,47.97,47.94,47.97,1800.0
2017-09-28 10:05:00,47.92,47.93,47.92,47.93,1400.0
2017-09-28 10:06:00,47.9,47.9,47.9,47.9,100.0
2017-09-28 10:07:00,47.9,47.9,47.9,47.9,100.0
2017-09-28 10:08:00,47.91,47.91,47.9,47.9,700.0
2017-09-28 10:09:00,47.915,47.915,47.91,47.91,506.0
2017-09-28 10:10:00,47.92,47.92,47.895,47.92,3112.0
2017-09-28 10:11:00,47.92,47.92,47.92,47.92,300.0
2017-09-28 10:12:00,47.98,47.98,47.93,47.93,5426.0
2017-09-28 10:13:00,48.04,48.06,47.98,47.98,7799.0
2017-09-28 10:14:00,48.0799,48.0799,48.04,48.04,3812.0
2017-09-28 10:15:00,48.06,48.075,48.05,48.07,4400.0
2017-09-28 10:16:00,48.03,48.06,48.03,48.05,3499.0
2017-09-28 10:17:00,48.07,48.07,48.02,48.03,5166.0
2017-09-28 10:18:00,48.06,48.085,48.06,48.07,4943.0
2017-09-28 10:19:00,48.06,48.07,48.06,48.07,3326.0
2017-09-28 10:20:00,48.05,48.05,48.045,48.05,1500.0
2017-09-28 10:21:00,48.03,48.045,48.03,48.045,700.0
2017-09-28 10:22:00,48.03,48.04,48.0,48.02,3900.0
2017-09-28 10:23:00,48.01,48.04,48.01,48.02,4299.0
2017-09-28 10:24:00,48.01,48.03,48.01,48.015,2167.0
2017-09-28 10:25:00,48.08,48.08,48.01,48.02,3968.0
2017-09-28 10:26:00,48.08,48.08,48.06,48.08,2500.0
2017-09-28 10:27:00,48.075,48.09,48.07,48.08,3833.0
2017-09-28 10:28:00,48.08,48.08,48.075,48.08,1309.0
2017-09-28 10:29:00,48.0775,48.09,48.07,48.075,1500.0
2017-09-28 10:30:00,48.08,48.09,48.08,48.08,1660.0
2017-09-28 10:31:00,48.08,48.08,48.08,48.08,600.0
2017-09-28 10:32:00,48.085,48.085,48.085,48.085,100.0
2017-09-28 10:33:00,48.085,48.09,48.085,48.09,628.0
2017-09-28 10:34:00,48.1,48.11,48.09,48.09,2918.0
2017-09-28 10:35:00,48.185,48.19,48.11,48.11,12612.0
2017-09-28 10:36:00,48.2,48.2,48.185,48.185,8656.0
2017-09-28 10:37:00,48.19,48.2,48.19,48.2,700.0
2017-09-28 10:38:00,48.18,48.19,48.18,48.19,2175.0
2017-09-28 10:39:00,48.22,48.22,48.15,48.1845,6617.0
2017-09-28 10:40:00,48.21,48.22,48.2,48.21,4500.0
2017-09-28 10:41:00,48.195,48.21,48.19,48.21,2568.0
2017-09-28 10:42:00,48.21,48.22,48.1925,48.195,5200.0
2017-09-28 10:43:00,48.18,48.21,48.17,48.21,3546.0
2017-09-28 10:44:00,48.2,48.21,48.18,48.18,1100.0
2017-09-28 10:45:00,48.14,48.18,48.14,48.18,1800.0
2017-09-28 10:46:00,48.11,48.14,48.1,48.14,2699.0
2017-09-28 10:47:00,48.0992,48.11,48.097,48.11,500.0
2017-09-28 10:48:00,48.1,48.1,48.09,48.09,400.0
2017-09-28 10:49:00,48.09,48.1,48.09,48.1,4021.0
2017-09-28 10:50:00,48.0892,48.09,48.086999999999996,48.09,500.0
2017-09-28 10:51:00,48.05,48.08,48.05,48.08,2066.0
2017-09-28 10:52:00,48.085,48.09,48.06,48.06,2780.0
2017-09-28 10:53:00,48.11,48.12,48.11,48.11,1500.0
2017-09-28 10:54:00,48.12,48.12,48.095,48.1044,2839.0
2017-09-28 10:55:00,48.1,48.11,48.1,48.11,800.0
2017-09-28 10:56:00,48.105,48.11,48.105,48.11,1338.0
2017-09-28 10:57:00,48.09,48.11,48.09,48.11,1900.0
2017-09-28 10:58:00,48.0925,48.1,48.09,48.1,817.0
2017-09-28 10:59:00,48.11,48.11,48.1,48.11,1500.0
2017-09-28 11:00:00,48.1175,48.13,48.11,48.12,2804.0
2017-09-28 11:01:00,48.15,48.16,48.12,48.12,3890.0
2017-09-28 11:02:00,48.14,48.15,48.14,48.15,448.0
2017-09-28 11:05:00,48.1465,48.15,48.145,48.15,1327.0
2017-09-28 11:06:00,48.13,48.145,48.13,48.14,1188.0
2017-09-28 11:07:00,48.13,48.14,48.13,48.13,3365.0
2017-09-28 11:08:00,48.12,48.16,48.12,48.14,5492.0
2017-09-28 11:09:00,48.145,48.15,48.12,48.13,2400.0
2017-09-28 11:10:00,48.14,48.15,48.14,48.1425,400.0
2017-09-28 11:11:00,48.145,48.15,48.145,48.145,1429.0
2017-09-28 11:12:00,48.14,48.14,48.13,48.14,1807.0
2017-09-28 11:13:00,48.14,48.14,48.12,48.14,2400.0
2017-09-28 11:14:00,48.14,48.14,48.14,48.14,1115.0
2017-09-28 11:15:00,48.14,48.14,48.14,48.14,200.0
2017-09-28 11:16:00,48.12,48.14,48.12,48.14,1615.0
2017-09-28 11:17:00,48.09,48.12,48.09,48.12,3000.0
2017-09-28 11:19:00,48.095,48.1,48.08,48.09,1900.0
2017-09-28 11:20:00,48.07,48.07,48.07,48.07,600.0
2017-09-28 11:21:00,48.08,48.08,48.075,48.08,600.0
2017-09-28 11:22:00,48.05,48.075,48.04,48.07,2500.0
2017-09-28 11:23:00,48.08,48.095,48.05,48.05,3109.0
2017-09-28 11:24:00,48.09,48.09,48.09,48.09,100.0
2017-09-28 11:26:00,48.1,48.1,48.095,48.095,765.0
2017-09-28 11:27:00,48.09,48.1,48.075,48.1,1600.0
2017-09-28 11:28:00,48.1,48.1,48.08,48.08,2998.0
2017-09-28 11:29:00,48.11,48.12,48.1,48.1,2300.0
2017-09-28 11:30:00,48.12,48.12,48.09,48.11,5330.0
2017-09-28 11:31:00,48.1175,48.12,48.1175,48.12,900.0
2017-09-28 11:32:00,48.115,48.115,48.115,48.115,300.0
2017-09-28 11:33:00,48.1275,48.1275,48.115,48.12,4404.0
2017-09-28 11:34:00,48.085,48.12,48.075,48.12,4751.0
2017-09-28 11:35:00,48.1,48.1,48.1,48.1,100.0
2017-09-28 11:36:00,48.0938,48.0938,48.0938,48.0938,322.0
2017-09-28 11:37:00,48.1,48.1,48.09,48.1,1416.0
2017-09-28 11:38:00,48.11,48.11,48.09,48.1,2955.0
2017-09-28 11:39:00,48.115,48.115,48.105,48.11,1340.0
2017-09-28 11:40:00,48.115,48.1175,48.115,48.115,930.0
2017-09-28 11:42:00,48.12,48.12,48.12,48.12,103.0
2017-09-28 11:43:00,48.13,48.14,48.115,48.12,2930.0
2017-09-28 11:44:00,48.17,48.17,48.14,48.14,6484.0
2017-09-28 11:45:00,48.18,48.18,48.16,48.16,2550.0
2017-09-28 11:46:00,48.22,48.22,48.18,48.18,2000.0
2017-09-28 11:47:00,48.23,48.24,48.22,48.22,800.0
2017-09-28 11:48:00,48.21,48.225,48.21,48.22,1500.0
2017-09-28 11:49:00,48.22,48.22,48.21,48.22,3809.0
2017-09-28 11:50:00,48.21,48.215,48.21,48.21,1500.0
2017-09-28 11:51:00,48.23,48.24,48.215,48.22,2600.0
2017-09-28 11:52:00,48.27,48.27,48.235,48.24,3000.0
2017-09-28 11:53:00,48.285,48.29,48.26,48.29,4598.0
2017-09-28 11:54:00,48.28,48.28,48.28,48.28,100.0
2017-09-28 11:55:00,48.27,48.28,48.26,48.28,2000.0
2017-09-28 11:56:00,48.23,48.26,48.23,48.26,2123.0
2017-09-28 11:57:00,48.19,48.225,48.19,48.225,1400.0
2017-09-28 11:58:00,48.22,48.25,48.2,48.2,1953.0
2017-09-28 11:59:00,48.24,48.24,48.24,48.24,300.0
2017-09-28 12:01:00,48.24,48.25,48.23,48.23,806.0
2017-09-28 12:02:00,48.22,48.24,48.22,48.24,3020.0
2017-09-28 12:03:00,48.2186,48.2186,48.2,48.2,300.0
2017-09-28 12:05:00,48.22,48.22,48.22,48.22,300.0
2017-09-28 12:06:00,48.22,48.22,48.22,48.22,1000.0
2017-09-28 12:07:00,48.25,48.26,48.22,48.22,2000.0
2017-09-28 12:08:00,48.225,48.248999999999995,48.22,48.248999999999995,3838.0
2017-09-28 12:09:00,48.23,48.24,48.23,48.23,1000.0
2017-09-28 12:10:00,48.2549,48.2549,48.24,48.24,500.0
2017-09-28 12:11:00,48.28,48.28,48.25,48.25,1200.0
2017-09-28 12:12:00,48.27,48.275,48.27,48.275,1000.0
2017-09-28 12:13:00,48.27,48.27,48.26,48.26,1205.0
2017-09-28 12:15:00,48.24,48.27,48.22,48.27,3300.0
2017-09-28 12:16:00,48.23,48.23,48.22,48.23,1218.0
2017-09-28 12:17:00,48.22,48.23,48.22,48.23,1100.0
2017-09-28 12:18:00,48.22,48.22,48.22,48.22,1157.0
2017-09-28 12:19:00,48.2,48.22,48.2,48.22,2000.0
2017-09-28 12:20:00,48.18,48.1938,48.18,48.19,1200.0
2017-09-28 12:21:00,48.19,48.2,48.18,48.18,600.0
2017-09-28 12:22:00,48.2,48.2,48.19,48.19,600.0
2017-09-28 12:23:00,48.21,48.21,48.19,48.19,2501.0
2017-09-28 12:24:00,48.205,48.21,48.2,48.21,1500.0
2017-09-28 12:25:00,48.2,48.21,48.195,48.21,1600.0
2017-09-28 12:27:00,48.17,48.19,48.165,48.19,1529.0
2017-09-28 12:28:00,48.17,48.17,48.17,48.17,100.0
2017-09-28 12:29:00,48.185,48.19,48.17,48.17,1958.0
2017-09-28 12:30:00,48.185,48.19,48.185,48.19,200.0
2017-09-28 12:31:00,48.185,48.185,48.185,48.185,103.0
2017-09-28 12:33:00,48.185,48.185,48.185,48.185,300.0
2017-09-28 12:34:00,48.18,48.19,48.17,48.19,7167.0
2017-09-28 12:35:00,48.155,48.18,48.15,48.18,2794.0
2017-09-28 12:36:00,48.155,48.155,48.15,48.155,400.0
2017-09-28 12:37:00,48.165,48.165,48.1556,48.1556,1640.0
2017-09-28 12:38:00,48.19,48.19,48.165,48.17,1000.0
2017-09-28 12:39:00,48.2,48.2,48.19,48.19,3504.0
2017-09-28 12:40:00,48.2,48.2,48.195,48.195,200.0
2017-09-28 12:41:00,48.18,48.19,48.17,48.19,2849.0
2017-09-28 12:42:00,48.18,48.18,48.175,48.175,462.0
2017-09-28 12:43:00,48.19,48.19,48.18,48.18,900.0
2017-09-28 12:44:00,48.2,48.2,48.19,48.19,1904.0
2017-09-28 12:45:00,48.195,48.195,48.195,48.195,100.0
2017-09-28 12:46:00,48.2,48.2,48.2,48.2,100.0
2017-09-28 12:48:00,48.2,48.2,48.2,48.2,100.0
2017-09-28 12:50:00,48.205,48.205,48.2,48.2,600.0
2017-09-28 12:51:00,48.215,48.215,48.2,48.2,500.0
2017-09-28 12:52:00,48.215,48.215,48.215,48.215,100.0
2017-09-28 12:53:00,48.2,48.215,48.2,48.215,3921.0
2017-09-28 12:54:00,48.195,48.195,48.195,48.195,188.0
2017-09-28 12:55:00,48.19,48.195,48.18,48.19,2632.0
2017-09-28 12:56:00,48.185,48.185,48.18,48.185,300.0
2017-09-28 12:57:00,48.19,48.2,48.19,48.19,508.0
2017-09-28 12:58:00,48.17,48.195,48.17,48.195,2300.0
2017-09-28 12:59:00,48.16,48.16,48.16,48.16,200.0
2017-09-28 13:00:00,48.15,48.15,48.14,48.15,900.0
2017-09-28 13:01:00,48.15,48.15,48.15,48.15,300.0
2017-09-28 13:02:00,48.15,48.155,48.14,48.155,1804.0
2017-09-28 13:03:00,48.14,48.15,48.14,48.15,600.0
2017-09-28 13:04:00,48.145,48.15,48.145,48.15,789.0
2017-09-28 13:05:00,48.145,48.16,48.14,48.16,2100.0
2017-09-28 13:06:00,48.13,48.132,48.13,48.132,600.0
2017-09-28 13:07:00,48.13,48.13,48.13,48.13,200.0
2017-09-28 13:08:00,48.14,48.14,48.13,48.13,200.0
2017-09-28 13:09:00,48.12,48.15,48.12,48.15,1275.0
2017-09-28 13:13:00,48.08,48.11,48.08,48.11,1900.0
2017-09-28 13:14:00,48.075,48.09,48.075,48.08,500.0
2017-09-28 13:15:00,48.11,48.11,48.08,48.08,5023.0
2017-09-28 13:16:00,48.09,48.1,48.09,48.1,1531.0
2017-09-28 13:17:00,48.09,48.09,48.09,48.09,300.0
2017-09-28 13:18:00,48.12,48.13,48.1,48.1,6202.0
2017-09-28 13:19:00,48.11,48.12,48.11,48.12,800.0
2017-09-28 13:20:00,48.11,48.11,48.11,48.11,200.0
2017-09-28 13:21:00,48.11,48.11,48.11,48.11,500.0
2017-09-28 13:22:00,48.11,48.11,48.11,48.11,200.0
2017-09-28 13:23:00,48.125,48.125,48.12,48.12,689.0
2017-09-28 13:24:00,48.125,48.125,48.125,48.125,100.0
2017-09-28 13:25:00,48.13,48.13,48.13,48.13,400.0
2017-09-28 13:26:00,48.125,48.125,48.12,48.125,400.0
2017-09-28 13:27:00,48.125,48.13,48.12,48.12,500.0
2017-09-28 13:28:00,48.125,48.125,48.12,48.12,200.0
2017-09-28 13:29:00,48.13,48.13,48.12,48.12,700.0
2017-09-28 13:30:00,48.16,48.16,48.12,48.125,4001.0
2017-09-28 13:31:00,48.17,48.17,48.16,48.165,1200.0
2017-09-28 13:32:00,48.165,48.165,48.165,48.165,400.0
2017-09-28 13:34:00,48.165,48.17,48.165,48.17,500.0
2017-09-28 13:35:00,48.1689,48.1689,48.16,48.16,400.0
2017-09-28 13:36:00,48.1699,48.17,48.16,48.165,600.0
2017-09-28 13:37:00,48.17,48.17,48.165,48.17,300.0
2017-09-28 13:38:00,48.165,48.17,48.16,48.17,600.0
2017-09-28 13:39:00,48.16,48.17,48.16,48.165,1311.0
2017-09-28 13:40:00,48.12,48.16,48.11,48.16,7923.0
2017-09-28 13:41:00,48.17,48.17,48.13,48.13,1300.0
2017-09-28 13:42:00,48.165,48.165,48.165,48.165,100.0
2017-09-28 13:43:00,48.17,48.17,48.17,48.17,100.0
2017-09-28 13:44:00,48.16,48.16,48.155,48.16,1900.0
2017-09-28 13:45:00,48.16,48.1656,48.16,48.1656,204.0
2017-09-28 13:46:00,48.18,48.18,48.17,48.17,1224.0
2017-09-28 13:47:00,48.195,48.2,48.19,48.19,705.0
2017-09-28 13:48:00,48.165,48.1989,48.16,48.1973,4836.0
2017-09-28 13:50:00,48.16,48.17,48.16,48.17,1200.0
2017-09-28 13:51:00,48.16,48.16,48.16,48.16,100.0
2017-09-28 13:53:00,48.16,48.16,48.14,48.16,6813.0
2017-09-28 13:54:00,48.16,48.16,48.16,48.16,400.0
2017-09-28 13:55:00,48.165,48.17,48.16,48.16,900.0
2017-09-28 13:56:00,48.165,48.17,48.165,48.17,500.0
2017-09-28 13:57:00,48.195,48.2,48.17,48.17,2107.0
2017-09-28 13:58:00,48.2051,48.21,48.2,48.2,1582.0
2017-09-28 13:59:00,48.22,48.22,48.2,48.2,5304.0
2017-09-28 14:00:00,48.21,48.22,48.21,48.22,200.0
2017-09-28 14:01:00,48.19,48.21,48.17,48.21,5141.0
2017-09-28 14:02:00,48.19,48.19,48.18,48.19,900.0
2017-09-28 14:03:00,48.18,48.19,48.17,48.19,1424.0
2017-09-28 14:04:00,48.2,48.2,48.19,48.19,900.0
2017-09-28 14:05:00,48.19,48.195,48.19,48.19,800.0
2017-09-28 14:06:00,48.19,48.19,48.18,48.18,200.0
2017-09-28 14:07:00,48.18,48.18,48.18,48.18,100.0
2017-09-28 14:08:00,48.175,48.18,48.16,48.18,1948.0
2017-09-28 14:09:00,48.16,48.17,48.16,48.17,1200.0
2017-09-28 14:10:00,48.16,48.17,48.15,48.17,1400.0
2017-09-28 14:11:00,48.145,48.15,48.135,48.15,2300.0
2017-09-28 14:12:00,48.16,48.16,48.1501,48.1501,625.0
2017-09-28 14:13:00,48.17,48.17,48.15,48.16,1940.0
2017-09-28 14:14:00,48.17,48.17,48.17,48.17,100.0
2017-09-28 14:15:00,48.17,48.17,48.16,48.165,5505.0
2017-09-28 14:16:00,48.165,48.17,48.165,48.17,1086.0
2017-09-28 14:17:00,48.16,48.18,48.16,48.18,3097.0
2017-09-28 14:18:00,48.12,48.16,48.115,48.16,2863.0
2017-09-28 14:19:00,48.12,48.13,48.12,48.13,200.0
2017-09-28 14:20:00,48.125,48.125,48.125,48.125,300.0
2017-09-28 14:21:00,48.1301,48.14,48.13,48.13,1913.0
2017-09-28 14:22:00,48.12,48.13,48.12,48.13,2698.0
2017-09-28 14:23:00,48.12,48.12,48.12,48.12,100.0
2017-09-28 14:24:00,48.12,48.12,48.12,48.12,200.0
2017-09-28 14:25:00,48.13,48.13,48.11,48.11,1840.0
2017-09-28 14:26:00,48.14,48.14,48.14,48.14,100.0
2017-09-28 14:27:00,48.135,48.14,48.13,48.13,414.0
2017-09-28 14:28:00,48.14,48.14,48.14,48.14,400.0
2017-09-28 14:29:00,48.175,48.175,48.14,48.14,5184.0
2017-09-28 14:30:00,48.14,48.17,48.14,48.17,4424.0
2017-09-28 14:31:00,48.15,48.15,48.15,48.15,300.0
2017-09-28 14:32:00,48.13,48.15,48.12,48.15,4349.0
2017-09-28 14:33:00,48.13,48.13,48.13,48.13,100.0
2017-09-28 14:34:00,48.13,48.14,48.125,48.14,1623.0
2017-09-28 14:35:00,48.15,48.15,48.13,48.13,2682.0
2017-09-28 14:36:00,48.1305,48.145,48.1305,48.145,1398.0
2017-09-28 14:37:00,48.145,48.145,48.135,48.135,1971.0
2017-09-28 14:38:00,48.15,48.15,48.15,48.15,596.0
2017-09-28 14:39:00,48.145,48.145,48.145,48.145,200.0
2017-09-28 14:40:00,48.145,48.15,48.145,48.15,300.0
2017-09-28 14:41:00,48.15,48.15,48.15,48.15,700.0
2017-09-28 14:42:00,48.15,48.15,48.15,48.15,100.0
2017-09-28 14:43:00,48.14,48.15,48.14,48.15,200.0
2017-09-28 14:44:00,48.145,48.145,48.145,48.145,100.0
2017-09-28 14:45:00,48.145,48.145,48.145,48.145,100.0
2017-09-28 14:46:00,48.15,48.15,48.125,48.145,7277.0
2017-09-28 14:47:00,48.165,48.1656,48.145,48.15,4754.0
2017-09-28 14:48:00,48.155,48.16,48.15,48.16,3432.0
2017-09-28 14:49:00,48.17,48.17,48.155,48.155,2724.0
2017-09-28 14:50:00,48.16,48.18,48.16,48.175,3300.0
2017-09-28 14:52:00,48.19,48.19,48.18,48.18,3562.0
2017-09-28 14:53:00,48.19,48.195,48.19,48.195,1800.0
2017-09-28 14:54:00,48.18,48.19,48.18,48.18,1941.0
2017-09-28 14:55:00,48.175,48.18,48.175,48.18,1100.0
2017-09-28 14:56:00,48.185,48.19,48.175,48.175,2171.0
2017-09-28 14:57:00,48.1858,48.1858,48.1858,48.1858,100.0
2017-09-28 14:58:00,48.185,48.185,48.185,48.185,200.0
2017-09-28 14:59:00,48.175,48.19,48.175,48.185,3822.0
2017-09-28 15:00:00,48.17,48.17,48.17,48.17,910.0
2017-09-28 15:01:00,48.15,48.175,48.15,48.175,1300.0
2017-09-28 15:02:00,48.14,48.15,48.14,48.15,825.0
2017-09-28 15:03:00,48.155,48.16,48.15,48.15,3480.0
2017-09-28 15:04:00,48.175,48.175,48.155,48.16,3534.0
2017-09-28 15:05:00,48.165,48.175,48.15,48.17,2817.0
2017-09-28 15:07:00,48.16,48.165,48.16,48.165,700.0
2017-09-28 15:08:00,48.16,48.165,48.16,48.165,962.0
2017-09-28 15:09:00,48.16,48.16,48.16,48.16,200.0
2017-09-28 15:10:00,48.16,48.165,48.16,48.16,800.0
2017-09-28 15:11:00,48.165,48.165,48.16,48.16,949.0
2017-09-28 15:12:00,48.14,48.165,48.14,48.165,5529.0
2017-09-28 15:13:00,48.145,48.145,48.14,48.14,400.0
2017-09-28 15:14:00,48.18,48.18,48.135,48.14,8595.0
2017-09-28 15:16:00,48.175,48.1756,48.175,48.175,1505.0
2017-09-28 15:17:00,48.1799,48.18,48.17,48.18,3700.0
2017-09-28 15:18:00,48.18,48.18,48.18,48.18,200.0
2017-09-28 15:19:00,48.18,48.18,48.17,48.18,1500.0
2017-09-28 15:20:00,48.13,48.18,48.13,48.18,6534.0
2017-09-28 15:21:00,48.15,48.15,48.13,48.13,8982.0
2017-09-28 15:22:00,48.145,48.15,48.145,48.15,200.0
2017-09-28 15:23:00,48.15,48.15,48.14,48.14,400.0
2017-09-28 15:24:00,48.13,48.145,48.13,48.145,2456.0
2017-09-28 15:25:00,48.13,48.135,48.125,48.135,2866.0
2017-09-28 15:26:00,48.13,48.13,48.12,48.125,2227.0
2017-09-28 15:27:00,48.14,48.14,48.125,48.13,6209.0
2017-09-28 15:28:00,48.14,48.14,48.135,48.135,1000.0
2017-09-28 15:29:00,48.14,48.14,48.135,48.135,1070.0
2017-09-28 15:30:00,48.135,48.14,48.135,48.14,1700.0
2017-09-28 15:31:00,48.1134,48.135,48.1134,48.135,36484.0
2017-09-28 15:32:00,48.11,48.115,48.1,48.11,14538.0
2017-09-28 15:33:00,48.115,48.13,48.115,48.12,5754.0
2017-09-28 15:34:00,48.115,48.12,48.11,48.115,3626.0
2017-09-28 15:35:00,48.12,48.12,48.115,48.115,1600.0
2017-09-28 15:36:00,48.15,48.15,48.115,48.12,11299.0
2017-09-28 15:37:00,48.185,48.19,48.145,48.15,5200.0
2017-09-28 15:38:00,48.145,48.185,48.145,48.185,9743.0
2017-09-28 15:39:00,48.16,48.16,48.15,48.15,2425.0
2017-09-28 15:40:00,48.16,48.16,48.155,48.155,800.0
2017-09-28 15:41:00,48.16,48.16,48.155,48.16,3326.0
2017-09-28 15:42:00,48.155,48.16,48.15,48.155,1300.0
2017-09-28 15:43:00,48.16,48.16,48.15,48.155,1700.0
2017-09-28 15:44:00,48.195,48.21,48.155,48.155,20950.0
2017-09-28 15:45:00,48.15,48.18,48.15,48.175,8262.0
2017-09-28 15:46:00,48.185,48.19,48.15,48.1501,13962.0
2017-09-28 15:47:00,48.185,48.2,48.18,48.185,3769.0
2017-09-28 15:48:00,48.185,48.19,48.185,48.185,500.0
2017-09-28 15:49:00,48.17,48.19,48.17,48.19,6861.0
2017-09-28 15:50:00,48.145,48.16,48.14,48.16,8400.0
2017-09-28 15:51:00,48.17,48.17,48.155,48.155,3050.0
2017-09-28 15:52:00,48.165,48.17,48.16,48.165,2851.0
2017-09-28 15:53:00,48.165,48.17,48.16,48.165,2300.0
2017-09-28 15:54:00,48.155,48.165,48.15,48.165,8432.0
2017-09-28 15:55:00,48.15,48.16,48.15,48.15,5700.0
2017-09-28 15:56:00,48.14,48.16,48.14,48.15,10195.0
2017-09-28 15:57:00,48.12,48.15,48.12,48.14,15294.0
2017-09-28 15:58:00,48.105,48.13,48.1,48.12,13600.0
2017-09-28 15:59:00,48.105,48.11,48.1,48.105,27152.0
2017-09-28 16:00:00,48.12,48.13,48.095,48.11,48456.0
2017-09-29 09:30:00,48.21,48.21,48.21,48.21,11755.0
2017-09-29 09:34:00,48.2,48.3,48.175,48.175,1100.0
2017-09-29 09:35:00,48.22,48.22,48.22,48.22,100.0
2017-09-29 09:36:00,48.215,48.25,48.215,48.25,597.0
2017-09-29 09:37:00,48.15,48.21,48.15,48.21,1600.0
2017-09-29 09:38:00,48.17,48.2,48.12,48.145,8797.0
2017-09-29 09:39:00,48.155,48.19,48.14,48.19,6200.0
2017-09-29 09:40:00,48.16,48.17,48.16,48.17,506.0
2017-09-29 09:42:00,48.18,48.18,48.17,48.17,1600.0
2017-09-29 09:43:00,48.24,48.24,48.1795,48.1795,1250.0
2017-09-29 09:44:00,48.27,48.27,48.24,48.24,1446.0
2017-09-29 09:46:00,48.27,48.28,48.26,48.26,1800.0
2017-09-29 09:47:00,48.31,48.31,48.27,48.27,1917.0
2017-09-29 09:48:00,48.29,48.295,48.29,48.29,700.0
2017-09-29 09:49:00,48.31,48.31,48.3,48.3,500.0
2017-09-29 09:50:00,48.32,48.33,48.32,48.33,200.0
2017-09-29 09:51:00,48.3,48.33,48.29,48.33,2700.0
2017-09-29 09:52:00,48.25,48.3,48.25,48.29,4897.0
2017-09-29 09:53:00,48.28,48.28,48.27,48.27,400.0
2017-09-29 09:54:00,48.28,48.29,48.28,48.29,800.0
2017-09-29 09:55:00,48.2225,48.27,48.2225,48.255,2007.0
2017-09-29 09:56:00,48.225,48.225,48.2,48.2,500.0
2017-09-29 09:57:00,48.28,48.28,48.23,48.23,4500.0
2017-09-29 09:58:00,48.28,48.28,48.28,48.28,400.0
2017-09-29 09:59:00,48.3,48.3,48.29,48.3,1654.0
2017-09-29 10:00:00,48.31,48.31,48.28,48.31,1798.0
2017-09-29 10:01:00,48.29,48.3,48.26,48.3,2272.0
2017-09-29 10:02:00,48.295,48.3,48.285,48.285,800.0
2017-09-29 10:03:00,48.305,48.3193,48.305,48.305,1501.0
2017-09-29 10:04:00,48.29,48.305,48.29,48.305,1000.0
2017-09-29 10:05:00,48.24,48.29,48.23,48.29,2945.0
2017-09-29 10:06:00,48.21,48.23,48.21,48.23,1100.0
2017-09-29 10:07:00,48.21,48.21,48.21,48.21,400.0
2017-09-29 10:08:00,48.225,48.23,48.21,48.21,1000.0
2017-09-29 10:09:00,48.23,48.24,48.23,48.23,3506.0
2017-09-29 10:10:00,48.26,48.26,48.24,48.25,1700.0
2017-09-29 10:11:00,48.23,48.25,48.23,48.25,900.0
2017-09-29 10:12:00,48.23,48.24,48.21,48.23,4052.0
2017-09-29 10:13:00,48.3,48.3,48.25,48.25,1362.0
2017-09-29 10:14:00,48.28,48.3,48.28,48.3,1849.0
2017-09-29 10:15:00,48.27,48.27,48.27,48.27,838.0
2017-09-29 10:16:00,48.28,48.28,48.28,48.28,100.0
2017-09-29 10:17:00,48.28,48.29,48.27,48.27,2000.0
2017-09-29 10:18:00,48.27,48.27,48.27,48.27,300.0
2017-09-29 10:19:00,48.2501,48.29,48.25,48.27,3726.0
2017-09-29 10:20:00,48.26,48.275,48.26,48.26,850.0
2017-09-29 10:21:00,48.27,48.27,48.27,48.27,100.0
2017-09-29 10:22:00,48.3,48.3,48.27,48.27,1441.0
2017-09-29 10:23:00,48.29,48.32,48.28,48.32,3428.0
2017-09-29 10:24:00,48.28,48.28,48.28,48.28,100.0
2017-09-29 10:25:00,48.28,48.29,48.27,48.28,1300.0
2017-09-29 10:26:00,48.26,48.27,48.26,48.27,990.0
2017-09-29 10:27:00,48.28,48.28,48.26,48.26,1143.0
2017-09-29 10:28:00,48.28,48.28,48.2737,48.2737,300.0
2017-09-29 10:29:00,48.29,48.29,48.275,48.28,13610.0
2017-09-29 10:30:00,48.33,48.33,48.3,48.3,878.0
2017-09-29 10:31:00,48.36,48.36,48.32,48.32,3002.0
2017-09-29 10:32:00,48.37,48.3712,48.36,48.36,855.0
2017-09-29 10:33:00,48.38,48.38,48.36,48.36,500.0
2017-09-29 10:34:00,48.4,48.4,48.38,48.38,900.0
2017-09-29 10:35:00,48.41,48.41,48.3999,48.3999,400.0
2017-09-29 10:36:00,48.41,48.41,48.4,48.41,400.0
2017-09-29 10:37:00,48.44,48.44,48.41,48.41,5839.0
2017-09-29 10:38:00,48.43,48.43,48.43,48.43,702.0
2017-09-29 10:39:00,48.48,48.48,48.44,48.44,3184.0
2017-09-29 10:40:00,48.47,48.48,48.47,48.48,1009.0
2017-09-29 10:41:00,48.49,48.49,48.45,48.46,2000.0
2017-09-29 10:42:00,48.48,48.48,48.48,48.48,400.0
2017-09-29 10:43:00,48.49,48.49,48.48,48.48,1005.0
2017-09-29 10:44:00,48.49,48.49,48.49,48.49,400.0
2017-09-29 10:45:00,48.48,48.49,48.48,48.49,2852.0
2017-09-29 10:46:00,48.49,48.49,48.48,48.48,1100.0
2017-09-29 10:47:00,48.47,48.5,48.47,48.49,6099.0
2017-09-29 10:48:00,48.46,48.465,48.46,48.46,1200.0
2017-09-29 10:49:00,48.42,48.44,48.42,48.44,800.0
2017-09-29 10:50:00,48.415,48.43,48.415,48.43,700.0
2017-09-29 10:51:00,48.46,48.46,48.41,48.41,5357.0
2017-09-29 10:52:00,48.46,48.47,48.45,48.46,2300.0
2017-09-29 10:53:00,48.44,48.46,48.43,48.46,1800.0
2017-09-29 10:54:00,48.46,48.47,48.446999999999996,48.446999999999996,1526.0
2017-09-29 10:55:00,48.48,48.49,48.455,48.47,1995.0
2017-09-29 10:56:00,48.47,48.47,48.46,48.47,3300.0
2017-09-29 10:57:00,48.4428,48.47,48.4428,48.47,2503.0
2017-09-29 10:58:00,48.46,48.46,48.46,48.46,1900.0
2017-09-29 10:59:00,48.47,48.47,48.45,48.46,900.0
2017-09-29 11:00:00,48.475,48.48,48.47,48.47,2600.0
2017-09-29 11:01:00,48.45,48.48,48.45,48.47,1579.0
2017-09-29 11:02:00,48.45,48.45,48.45,48.45,100.0
2017-09-29 11:03:00,48.41,48.445,48.405,48.44,2700.0
2017-09-29 11:05:00,48.385,48.39,48.38,48.39,959.0
2017-09-29 11:06:00,48.39,48.39,48.38,48.3899,1149.0
2017-09-29 11:07:00,48.385,48.3899,48.385,48.3899,200.0
2017-09-29 11:08:00,48.37,48.385,48.37,48.38,1241.0
2017-09-29 11:09:00,48.36,48.36,48.36,48.36,200.0
2017-09-29 11:10:00,48.36,48.365,48.36,48.3649,375.0
2017-09-29 11:11:00,48.39,48.4,48.37,48.37,3616.0
2017-09-29 11:12:00,48.39,48.39,48.39,48.39,300.0
2017-09-29 11:13:00,48.39,48.4,48.39,48.4,2340.0
2017-09-29 11:15:00,48.4,48.4,48.39,48.39,1387.0
2017-09-29 11:16:00,48.41,48.41,48.395,48.405,3506.0
2017-09-29 11:17:00,48.42,48.42,48.42,48.42,500.0
2017-09-29 11:18:00,48.4,48.415,48.4,48.415,1000.0
2017-09-29 11:20:00,48.4,48.4,48.4,48.4,100.0
2017-09-29 11:21:00,48.41,48.41,48.4,48.4,1460.0
2017-09-29 11:22:00,48.39,48.41,48.39,48.41,2445.0
2017-09-29 11:23:00,48.38,48.39,48.38,48.39,1200.0
2017-09-29 11:24:00,48.39,48.39,48.381,48.381,212.0
2017-09-29 11:25:00,48.33,48.38,48.33,48.38,4448.0
2017-09-29 11:26:00,48.34,48.35,48.32,48.32,4225.0
2017-09-29 11:27:00,48.3201,48.33,48.3201,48.33,303.0
2017-09-29 11:30:00,48.31,48.32,48.31,48.32,2913.0
2017-09-29 11:31:00,48.285,48.3007,48.28,48.3007,3618.0
2017-09-29 11:32:00,48.29,48.3,48.29,48.29,300.0
2017-09-29 11:33:00,48.32,48.325,48.3,48.3,4042.0
2017-09-29 11:34:00,48.32,48.32,48.3,48.315,1457.0
2017-09-29 11:35:00,48.32,48.32,48.315,48.315,1000.0
2017-09-29 11:36:00,48.36,48.37,48.325,48.33,3207.0
2017-09-29 11:37:00,48.35,48.36,48.35,48.36,200.0
2017-09-29 11:38:00,48.34,48.34,48.34,48.34,300.0
2017-09-29 11:39:00,48.33,48.335,48.33,48.33,1007.0
2017-09-29 11:40:00,48.325,48.325,48.325,48.325,100.0
2017-09-29 11:41:00,48.32,48.32899999999999,48.32,48.32899999999999,322.0
2017-09-29 11:42:00,48.33,48.33,48.325,48.33,1200.0
2017-09-29 11:43:00,48.34,48.34,48.335,48.335,700.0
2017-09-29 11:44:00,48.35,48.35,48.33,48.33,3545.0
2017-09-29 11:45:00,48.35,48.35,48.35,48.35,454.0
2017-09-29 11:46:00,48.35,48.36,48.35,48.35,700.0
2017-09-29 11:47:00,48.345,48.345,48.345,48.345,100.0
2017-09-29 11:48:00,48.34,48.35,48.33,48.34,2171.0
2017-09-29 11:49:00,48.34,48.34,48.34,48.34,100.0
2017-09-29 11:50:00,48.3207,48.335,48.32,48.33,3300.0
2017-09-29 11:51:00,48.33,48.33,48.325,48.325,400.0
2017-09-29 11:53:00,48.34,48.34,48.32,48.32,1797.0
2017-09-29 11:54:00,48.33,48.34,48.33,48.34,1800.0
2017-09-29 11:55:00,48.335,48.335,48.335,48.335,500.0
2017-09-29 11:56:00,48.33,48.33,48.325,48.33,900.0
2017-09-29 11:57:00,48.33,48.33,48.33,48.33,200.0
2017-09-29 11:58:00,48.33,48.34,48.3231,48.3231,1166.0
2017-09-29 11:59:00,48.335,48.34,48.335,48.34,300.0
2017-09-29 12:00:00,48.335,48.34,48.333,48.335,424.0
2017-09-29 12:01:00,48.33,48.335,48.33,48.33,1800.0
2017-09-29 12:02:00,48.331,48.331,48.331,48.331,110.0
2017-09-29 12:03:00,48.35,48.35,48.325,48.33,2200.0
2017-09-29 12:04:00,48.35,48.35,48.335,48.34,2978.0
2017-09-29 12:05:00,48.345,48.345,48.34,48.34,200.0
2017-09-29 12:06:00,48.35,48.35,48.35,48.35,200.0
2017-09-29 12:07:00,48.345,48.345,48.345,48.345,100.0
2017-09-29 12:08:00,48.34,48.34,48.34,48.34,100.0
2017-09-29 12:09:00,48.35,48.35,48.34,48.3481,754.0
2017-09-29 12:10:00,48.353,48.355,48.35,48.35,1500.0
2017-09-29 12:12:00,48.345,48.36,48.345,48.36,1800.0
2017-09-29 12:13:00,48.33,48.345,48.33,48.34,1700.0
2017-09-29 12:15:00,48.32,48.325,48.32,48.325,700.0
2017-09-29 12:16:00,48.31,48.315,48.31,48.31,1600.0
2017-09-29 12:17:00,48.29,48.305,48.29,48.3,1400.0
2017-09-29 12:18:00,48.285,48.285,48.28,48.285,400.0
2017-09-29 12:19:00,48.28,48.28,48.28,48.28,100.0
2017-09-29 12:20:00,48.2899,48.2899,48.28,48.285,425.0
2017-09-29 12:21:00,48.28,48.29,48.28,48.29,300.0
2017-09-29 12:22:00,48.29,48.29,48.28,48.29,1136.0
2017-09-29 12:24:00,48.28,48.285,48.28,48.285,1000.0
2017-09-29 12:25:00,48.285,48.285,48.2801,48.2801,200.0
2017-09-29 12:26:00,48.3,48.3,48.285,48.285,7309.0
2017-09-29 12:27:00,48.31,48.31,48.3,48.3,2793.0
2017-09-29 12:28:00,48.31,48.32,48.31,48.31100000000001,1300.0
2017-09-29 12:29:00,48.316,48.316,48.316,48.316,330.0
2017-09-29 12:30:00,48.3139,48.3151,48.3139,48.3151,300.0
2017-09-29 12:31:00,48.315,48.32,48.315,48.32,900.0
2017-09-29 12:32:00,48.3,48.31,48.295,48.31,3489.0
2017-09-29 12:33:00,48.285,48.3,48.28,48.3,2730.0
2017-09-29 12:34:00,48.28,48.29,48.28,48.29,400.0
2017-09-29 12:36:00,48.295,48.305,48.29,48.29,4272.0
2017-09-29 12:38:00,48.295,48.295,48.295,48.295,100.0
2017-09-29 12:39:00,48.285,48.295,48.285,48.29,1312.0
2017-09-29 12:40:00,48.27,48.29,48.27,48.28,2369.0
2017-09-29 12:41:00,48.285,48.29,48.28,48.29,962.0
2017-09-29 12:42:00,48.26,48.29,48.26,48.29,1525.0
2017-09-29 12:43:00,48.265,48.27,48.26,48.27,700.0
2017-09-29 12:45:00,48.27,48.27,48.27,48.27,333.0
2017-09-29 12:48:00,48.25,48.27,48.25,48.265,2700.0
2017-09-29 12:50:00,48.24,48.255,48.24,48.2501,2200.0
2017-09-29 12:51:00,48.26,48.27,48.235,48.24,5204.0
2017-09-29 12:52:00,48.24,48.25,48.24,48.25,1045.0
2017-09-29 12:53:00,48.23,48.23,48.23,48.23,600.0
2017-09-29 12:54:00,48.23,48.23,48.22,48.22,400.0
2017-09-29 12:56:00,48.225,48.23,48.225,48.23,200.0
2017-09-29 12:57:00,48.22,48.225,48.22,48.22,1800.0
2017-09-29 12:58:00,48.225,48.23,48.21,48.22,2847.0
2017-09-29 12:59:00,48.215,48.23,48.21,48.22,2700.0
2017-09-29 13:00:00,48.21,48.22,48.21,48.215,948.0
2017-09-29 13:01:00,48.22,48.22,48.21,48.21,200.0
2017-09-29 13:02:00,48.21,48.22,48.21,48.21,800.0
2017-09-29 13:03:00,48.2075,48.215,48.2075,48.21,1301.0
2017-09-29 13:04:00,48.2,48.2,48.2,48.2,800.0
2017-09-29 13:05:00,48.22,48.23,48.195,48.2,5774.0
2017-09-29 13:06:00,48.22,48.23,48.22,48.22,1650.0
2017-09-29 13:07:00,48.22,48.22,48.21,48.21,2400.0
2017-09-29 13:09:00,48.2,48.215,48.2,48.21,1030.0
2017-09-29 13:10:00,48.25,48.25,48.2025,48.2025,6542.0
2017-09-29 13:11:00,48.245,48.25,48.245,48.245,900.0
2017-09-29 13:12:00,48.25,48.25,48.25,48.25,100.0
2017-09-29 13:14:00,48.3,48.3,48.25,48.25,4648.0
2017-09-29 13:15:00,48.31,48.31,48.3,48.3,630.0
2017-09-29 13:16:00,48.31,48.31,48.3,48.3,5350.0
2017-09-29 13:17:00,48.305,48.31,48.3,48.305,4371.0
2017-09-29 13:18:00,48.34,48.35,48.305,48.305,3424.0
2017-09-29 13:19:00,48.3699,48.37,48.34,48.34,10622.0
2017-09-29 13:20:00,48.39,48.39,48.37,48.37,2000.0
2017-09-29 13:21:00,48.3744,48.39,48.3744,48.39,1849.0
2017-09-29 13:22:00,48.3644,48.375,48.3644,48.375,800.0
2017-09-29 13:23:00,48.39,48.4,48.37,48.37,2408.0
2017-09-29 13:24:00,48.39,48.4,48.3884,48.39,4137.0
2017-09-29 13:25:00,48.405,48.41,48.38,48.38,7391.0
2017-09-29 13:26:00,48.44,48.46,48.41,48.41,8982.0
2017-09-29 13:28:00,48.42,48.42,48.42,48.42,100.0
2017-09-29 13:30:00,48.42,48.425,48.415,48.42,2108.0
2017-09-29 13:32:00,48.4167,48.4167,48.4167,48.4167,186.0
2017-09-29 13:33:00,48.425,48.435,48.42,48.42,3370.0
2017-09-29 13:34:00,48.44,48.44,48.42,48.42,3589.0
2017-09-29 13:35:00,48.42,48.43,48.42,48.42,1300.0
2017-09-29 13:37:00,48.42,48.425,48.4156,48.42,410.0
2017-09-29 13:38:00,48.41,48.42,48.41,48.42,312.0
2017-09-29 13:40:00,48.39,48.41,48.38,48.41,3500.0
2017-09-29 13:41:00,48.3938,48.42,48.38,48.38,4864.0
2017-09-29 13:42:00,48.39,48.39,48.39,48.39,200.0
2017-09-29 13:43:00,48.385,48.385,48.385,48.385,100.0
2017-09-29 13:44:00,48.37,48.38,48.37,48.38,700.0
2017-09-29 13:45:00,48.37,48.375,48.37,48.37,1165.0
2017-09-29 13:46:00,48.37,48.37,48.37,48.37,500.0
2017-09-29 13:47:00,48.35,48.36,48.35,48.36,1000.0
2017-09-29 13:49:00,48.35,48.36,48.34,48.3599,1927.0
2017-09-29 13:51:00,48.39,48.39,48.33,48.33,2368.0
2017-09-29 13:52:00,48.37,48.38,48.37,48.38,1100.0
2017-09-29 13:53:00,48.37,48.37,48.37,48.37,200.0
2017-09-29 13:54:00,48.361000000000004,48.361000000000004,48.361000000000004,48.361000000000004,100.0
2017-09-29 13:55:00,48.4,48.41,48.37,48.37,1858.0
2017-09-29 13:56:00,48.39,48.39,48.39,48.39,800.0
2017-09-29 13:57:00,48.38,48.39,48.38,48.39,300.0
2017-09-29 13:58:00,48.38,48.38,48.38,48.38,100.0
2017-09-29 13:59:00,48.375,48.375,48.375,48.375,520.0
2017-09-29 14:00:00,48.36,48.37,48.36,48.37,1500.0
2017-09-29 14:01:00,48.36,48.36,48.35,48.36,2017.0
2017-09-29 14:02:00,48.36,48.38,48.36,48.37,1657.0
2017-09-29 14:03:00,48.36,48.36,48.36,48.36,200.0
2017-09-29 14:04:00,48.36,48.36,48.36,48.36,100.0
2017-09-29 14:05:00,48.35,48.355,48.34,48.35,1800.0
2017-09-29 14:06:00,48.34,48.35,48.34,48.35,300.0
2017-09-29 14:07:00,48.34,48.34,48.33,48.34,2101.0
2017-09-29 14:08:00,48.34,48.35,48.34,48.35,400.0
2017-09-29 14:09:00,48.3356,48.3356,48.3356,48.3356,100.0
2017-09-29 14:10:00,48.3397,48.3397,48.335,48.335,200.0
2017-09-29 14:11:00,48.39,48.39,48.3399,48.3399,2998.0
2017-09-29 14:12:00,48.36,48.38,48.32,48.38,13615.0
2017-09-29 14:13:00,48.35,48.35,48.35,48.35,400.0
2017-09-29 14:15:00,48.34,48.345,48.34,48.345,500.0
2017-09-29 14:16:00,48.345,48.345,48.343,48.343,300.0
2017-09-29 14:17:00,48.35,48.35,48.35,48.35,100.0
2017-09-29 14:18:00,48.34,48.34,48.34,48.34,100.0
2017-09-29 14:19:00,48.35,48.35,48.35,48.35,100.0
2017-09-29 14:21:00,48.35,48.35,48.345,48.35,600.0
2017-09-29 14:22:00,48.33,48.34,48.33,48.34,2355.0
2017-09-29 14:23:00,48.34,48.34,48.34,48.34,200.0
2017-09-29 14:24:00,48.335,48.34,48.33,48.34,400.0
2017-09-29 14:25:00,48.32,48.335,48.32,48.335,1187.0
2017-09-29 14:26:00,48.3134,48.32,48.31,48.32,1200.0
2017-09-29 14:27:00,48.305,48.315,48.305,48.31,700.0
2017-09-29 14:28:00,48.31,48.32,48.31,48.31,1261.0
2017-09-29 14:29:00,48.31,48.32,48.31,48.32,500.0
2017-09-29 14:31:00,48.305,48.305,48.305,48.305,100.0
2017-09-29 14:32:00,48.3,48.31,48.3,48.3,2274.0
2017-09-29 14:33:00,48.29,48.3,48.29,48.3,500.0
2017-09-29 14:35:00,48.3,48.31,48.29,48.29,2307.0
2017-09-29 14:36:00,48.31,48.31,48.31,48.31,100.0
2017-09-29 14:37:00,48.305,48.31,48.305,48.31,500.0
2017-09-29 14:39:00,48.34,48.34,48.305,48.305,3451.0
2017-09-29 14:40:00,48.34,48.34,48.33,48.33,1099.0
2017-09-29 14:41:00,48.335,48.34,48.335,48.34,749.0
2017-09-29 14:42:00,48.325,48.33,48.32,48.33,2200.0
2017-09-29 14:43:00,48.325,48.33,48.32,48.32,1003.0
2017-09-29 14:44:00,48.32,48.33,48.32,48.32,1000.0
2017-09-29 14:45:00,48.31,48.32,48.31,48.31,800.0
2017-09-29 14:46:00,48.31,48.31,48.3,48.31,806.0
2017-09-29 14:47:00,48.305,48.305,48.305,48.305,100.0
2017-09-29 14:48:00,48.33,48.33,48.31,48.31,3764.0
2017-09-29 14:49:00,48.325,48.325,48.325,48.325,100.0
2017-09-29 14:50:00,48.325,48.325,48.32,48.325,300.0
2017-09-29 14:51:00,48.325,48.325,48.32,48.32,400.0
2017-09-29 14:52:00,48.32,48.32,48.32,48.32,200.0
2017-09-29 14:53:00,48.33,48.33,48.33,48.33,200.0
2017-09-29 14:54:00,48.325,48.33,48.325,48.325,451.0
2017-09-29 14:55:00,48.3216,48.3216,48.3216,48.3216,175.0
2017-09-29 14:56:00,48.33,48.33,48.32,48.325,1100.0
2017-09-29 14:57:00,48.325,48.325,48.32,48.32,200.0
2017-09-29 14:58:00,48.321000000000005,48.33,48.32,48.33,1600.0
2017-09-29 14:59:00,48.325,48.33,48.325,48.33,700.0
2017-09-29 15:00:00,48.35,48.36,48.325,48.325,4621.0
2017-09-29 15:01:00,48.36,48.36,48.3547,48.355,1877.0
2017-09-29 15:03:00,48.45,48.45,48.365,48.37,3652.0
2017-09-29 15:04:00,48.45,48.46,48.435,48.46,6143.0
2017-09-29 15:05:00,48.4499,48.455,48.44,48.445,2200.0
2017-09-29 15:06:00,48.4499,48.45,48.4499,48.45,450.0
2017-09-29 15:07:00,48.47,48.4755,48.445,48.445,7994.0
2017-09-29 15:08:00,48.4299,48.47,48.4299,48.47,2150.0
2017-09-29 15:09:00,48.43,48.43,48.425,48.425,600.0
2017-09-29 15:10:00,48.42,48.4299,48.42,48.4299,700.0
2017-09-29 15:11:00,48.4299,48.43,48.425,48.425,1000.0
2017-09-29 15:12:00,48.425,48.43,48.425,48.43,1000.0
2017-09-29 15:13:00,48.42,48.4299,48.41,48.4228,4099.0
2017-09-29 15:14:00,48.4199,48.42,48.415,48.415,600.0
2017-09-29 15:15:00,48.445,48.45,48.4199,48.42,5229.0
2017-09-29 15:16:00,48.455,48.46,48.45,48.45,1440.0
2017-09-29 15:17:00,48.42,48.455,48.42,48.455,4258.0
2017-09-29 15:18:00,48.42,48.425,48.42,48.42,812.0
2017-09-29 15:19:00,48.41,48.42,48.41,48.415,1390.0
2017-09-29 15:20:00,48.42,48.42,48.41,48.41,1598.0
2017-09-29 15:21:00,48.44,48.45,48.42,48.42,2800.0
2017-09-29 15:22:00,48.45,48.45,48.445,48.445,900.0
2017-09-29 15:23:00,48.49,48.49,48.445,48.445,1930.0
2017-09-29 15:24:00,48.47,48.495,48.4699,48.49,5106.0
2017-09-29 15:25:00,48.475,48.49,48.47,48.47,16131.0
2017-09-29 15:26:00,48.4642,48.48,48.4642,48.48,1848.0
2017-09-29 15:27:00,48.44,48.4699,48.44,48.4699,2907.0
2017-09-29 15:28:00,48.415,48.4499,48.41,48.44,2900.0
2017-09-29 15:29:00,48.41,48.42,48.41,48.415,2671.0
2017-09-29 15:30:00,48.45,48.45,48.415,48.42,3156.0
2017-09-29 15:31:00,48.44,48.45,48.435,48.44,1800.0
2017-09-29 15:32:00,48.44,48.44,48.435,48.44,600.0
2017-09-29 15:33:00,48.43,48.44,48.43,48.44,3812.0
2017-09-29 15:34:00,48.44,48.44,48.43,48.44,700.0
2017-09-29 15:35:00,48.44,48.44,48.43,48.44,1200.0
2017-09-29 15:36:00,48.435,48.44,48.435,48.44,2803.0
2017-09-29 15:37:00,48.44,48.44,48.43,48.435,1300.0
2017-09-29 15:38:00,48.42,48.44,48.42,48.435,5369.0
2017-09-29 15:39:00,48.4399,48.44,48.4238,48.4238,3690.0
2017-09-29 15:40:00,48.44,48.44,48.435,48.44,1700.0
2017-09-29 15:41:00,48.44,48.44,48.435,48.435,2714.0
2017-09-29 15:42:00,48.44,48.44,48.435,48.44,1000.0
2017-09-29 15:43:00,48.44,48.44,48.43,48.435,2200.0
2017-09-29 15:44:00,48.445,48.445,48.435,48.435,4605.0
2017-09-29 15:45:00,48.48,48.48,48.44,48.45,7686.0
2017-09-29 15:46:00,48.445,48.48,48.445,48.48,10787.0
2017-09-29 15:47:00,48.46,48.46,48.445,48.4499,3260.0
2017-09-29 15:48:00,48.455,48.46,48.45,48.46,1800.0
2017-09-29 15:49:00,48.4599,48.46,48.45,48.46,3400.0
2017-09-29 15:50:00,48.47,48.47,48.455,48.455,6014.0
2017-09-29 15:51:00,48.4699,48.48,48.46,48.47,7614.0
2017-09-29 15:52:00,48.47,48.47,48.46,48.47,2200.0
2017-09-29 15:53:00,48.4699,48.47,48.46,48.47,1829.0
2017-09-29 15:54:00,48.46,48.47,48.455,48.465,11037.0
2017-09-29 15:55:00,48.46,48.46,48.45,48.455,1700.0
2017-09-29 15:56:00,48.425,48.46,48.425,48.455,11801.0
2017-09-29 15:57:00,48.41,48.43,48.395,48.43,13345.0
2017-09-29 15:58:00,48.415,48.42,48.405,48.405,6539.0
2017-09-29 15:59:00,48.42,48.42,48.415,48.415,5183.0
2017-09-29 16:00:00,48.4,48.44,48.4,48.42,36012.0
2017-10-02 09:30:00,48.46,48.46,48.46,48.46,44314.0
2017-10-02 09:31:00,48.5,48.5,48.5,48.5,300.0
2017-10-02 09:32:00,48.54,48.54,48.49,48.49,200.0
2017-10-02 09:34:00,48.52,48.58,48.52,48.55,1050.0
2017-10-02 09:37:00,48.51,48.51,48.5,48.5,200.0
2017-10-02 09:38:00,48.51,48.51,48.51,48.51,300.0
2017-10-02 09:39:00,48.52,48.53,48.52,48.53,600.0
2017-10-02 09:40:00,48.55,48.55,48.55,48.55,100.0
2017-10-02 09:41:00,48.53,48.56,48.51,48.56,900.0
2017-10-02 09:42:00,48.5,48.5,48.5,48.5,300.0
2017-10-02 09:43:00,48.48,48.49,48.47,48.47,563.0
2017-10-02 09:44:00,48.5,48.51,48.4997,48.4997,2569.0
2017-10-02 09:45:00,48.49,48.5,48.46,48.5,500.0
2017-10-02 09:46:00,48.54,48.56,48.51,48.51,2180.0
2017-10-02 09:48:00,48.57,48.57,48.56,48.56,578.0
2017-10-02 09:49:00,48.59,48.59,48.57,48.58,900.0
2017-10-02 09:50:00,48.58,48.63,48.58,48.59,3024.0
2017-10-02 09:51:00,48.56,48.56,48.56,48.56,100.0
2017-10-02 09:52:00,48.55,48.57,48.55,48.56,1000.0
2017-10-02 09:53:00,48.54,48.59,48.54,48.56,1800.0
2017-10-02 09:54:00,48.55,48.55,48.54,48.54,734.0
2017-10-02 09:57:00,48.51,48.51,48.51,48.51,100.0
2017-10-02 09:58:00,48.54,48.54,48.52,48.52,700.0
2017-10-02 09:59:00,48.52,48.53,48.52,48.53,300.0
2017-10-02 10:00:00,48.58,48.58,48.53,48.53,600.0
2017-10-02 10:01:00,48.55,48.57,48.5,48.57,1907.0
2017-10-02 10:02:00,48.5,48.53,48.5,48.53,500.0
2017-10-02 10:03:00,48.465,48.51,48.45,48.51,1100.0
2017-10-02 10:05:00,48.46,48.46,48.45,48.45,808.0
2017-10-02 10:06:00,48.45,48.45,48.45,48.45,201.0
2017-10-02 10:07:00,48.45,48.45,48.45,48.45,200.0
2017-10-02 10:08:00,48.48,48.48,48.46,48.46,2100.0
2017-10-02 10:10:00,48.47,48.5,48.47,48.485,4900.0
2017-10-02 10:11:00,48.46,48.47,48.46,48.47,600.0
2017-10-02 10:12:00,48.47,48.495,48.465,48.465,1700.0
2017-10-02 10:13:00,48.48,48.49,48.48,48.49,600.0
2017-10-02 10:14:00,48.47,48.49,48.47,48.48,1807.0
2017-10-02 10:15:00,48.475,48.48,48.46,48.46,1100.0
2017-10-02 10:16:00,48.49,48.49,48.47,48.47,900.0
2017-10-02 10:17:00,48.54,48.54,48.5,48.5,1200.0
2017-10-02 10:19:00,48.56,48.57,48.56,48.56,1100.0
2017-10-02 10:20:00,48.54,48.54,48.54,48.54,100.0
2017-10-02 10:21:00,48.53,48.53,48.52,48.53,700.0
2017-10-02 10:22:00,48.54,48.54,48.53,48.53,884.0
2017-10-02 10:23:00,48.54,48.54,48.52,48.5358,722.0
2017-10-02 10:24:00,48.53,48.53,48.5202,48.5202,256.0
2017-10-02 10:25:00,48.5,48.52,48.5,48.52,1400.0
2017-10-02 10:26:00,48.53,48.53,48.51,48.51,1000.0
2017-10-02 10:27:00,48.485,48.52,48.485,48.52,1700.0
2017-10-02 10:28:00,48.51,48.51,48.49,48.49,1393.0
2017-10-02 10:29:00,48.515,48.52,48.515,48.52,200.0
2017-10-02 10:30:00,48.52,48.52,48.51,48.51,500.0
2017-10-02 10:31:00,48.53,48.54,48.53,48.53,900.0
2017-10-02 10:32:00,48.55,48.55,48.53,48.53,1429.0
2017-10-02 10:33:00,48.54,48.57,48.54,48.57,400.0
2017-10-02 10:34:00,48.55,48.55,48.54,48.54,700.0
2017-10-02 10:35:00,48.52,48.57,48.52,48.55,1700.0
2017-10-02 10:38:00,48.52,48.52,48.52,48.52,400.0
2017-10-02 10:39:00,48.5,48.5,48.5,48.5,100.0
2017-10-02 10:40:00,48.51,48.51,48.49,48.49,200.0
2017-10-02 10:41:00,48.52,48.52,48.505,48.51,1400.0
2017-10-02 10:42:00,48.53,48.55,48.52,48.52,2107.0
2017-10-02 10:43:00,48.54,48.54,48.52,48.52,500.0
2017-10-02 10:44:00,48.56,48.56,48.53,48.53,5100.0
2017-10-02 10:45:00,48.57,48.57,48.56,48.56,600.0
2017-10-02 10:46:00,48.56,48.56,48.56,48.56,368.0
2017-10-02 10:47:00,48.56,48.57,48.56,48.57,666.0
2017-10-02 10:48:00,48.56,48.57,48.55,48.55,1254.0
2017-10-02 10:49:00,48.56,48.56,48.56,48.56,500.0
2017-10-02 10:50:00,48.53,48.55,48.53,48.55,788.0
2017-10-02 10:51:00,48.5,48.51,48.5,48.51,300.0
2017-10-02 10:52:00,48.49,48.5,48.48,48.5,505.0
2017-10-02 10:53:00,48.46,48.48,48.46,48.48,711.0
2017-10-02 10:54:00,48.44,48.4625,48.44,48.46,750.0
2017-10-02 10:55:00,48.4674,48.4674,48.44,48.44,1617.0
2017-10-02 10:56:00,48.45,48.47,48.45,48.47,500.0
2017-10-02 10:58:00,48.45,48.45,48.45,48.45,600.0
2017-10-02 10:59:00,48.4314,48.4314,48.4314,48.4314,134.0
2017-10-02 11:00:00,48.46,48.46,48.45,48.45,1153.0
2017-10-02 11:01:00,48.48,48.48,48.47,48.47,400.0
2017-10-02 11:02:00,48.47,48.48,48.47,48.48,814.0
2017-10-02 11:05:00,48.47,48.47,48.47,48.47,200.0
2017-10-02 11:06:00,48.45,48.45,48.45,48.45,100.0
2017-10-02 11:07:00,48.4403,48.443000000000005,48.4403,48.443000000000005,268.0
2017-10-02 11:09:00,48.45,48.47,48.45,48.47,814.0
2017-10-02 11:10:00,48.44,48.45,48.44,48.45,200.0
2017-10-02 11:11:00,48.44,48.44,48.44,48.44,610.0
2017-10-02 11:15:00,48.44,48.45,48.4389,48.44,1200.0
2017-10-02 11:16:00,48.44,48.44,48.43,48.435,10300.0
2017-10-02 11:17:00,48.42,48.46,48.42,48.44,4100.0
2017-10-02 11:18:00,48.43,48.43,48.41,48.42,2300.0
2017-10-02 11:20:00,48.42,48.43,48.42,48.43,300.0
2017-10-02 11:21:00,48.42,48.42,48.4172,48.4172,200.0
2017-10-02 11:22:00,48.41,48.41,48.4,48.41,700.0
2017-10-02 11:23:00,48.39,48.39,48.39,48.39,100.0
2017-10-02 11:24:00,48.39,48.43,48.39,48.4,2000.0
2017-10-02 11:25:00,48.41,48.41,48.39,48.39,656.0
2017-10-02 11:26:00,48.4,48.41,48.4,48.41,300.0
2017-10-02 11:28:00,48.42,48.43,48.42,48.43,801.0
2017-10-02 11:29:00,48.4,48.4,48.4,48.4,100.0
2017-10-02 11:30:00,48.42,48.42,48.41,48.41,1478.0
2017-10-02 11:31:00,48.4,48.4,48.4,48.4,100.0
2017-10-02 11:32:00,48.46,48.46,48.41,48.41,2067.0
2017-10-02 11:33:00,48.43,48.45,48.42,48.45,600.0
2017-10-02 11:35:00,48.44,48.45,48.43,48.45,2100.0
2017-10-02 11:36:00,48.46,48.46,48.45,48.45,400.0
2017-10-02 11:38:00,48.46,48.48,48.46,48.47,1391.0
2017-10-02 11:39:00,48.47,48.47,48.46,48.46,900.0
2017-10-02 11:40:00,48.49,48.49,48.47,48.47,500.0
2017-10-02 11:41:00,48.48,48.48,48.48,48.48,100.0
2017-10-02 11:42:00,48.48,48.4834,48.48,48.4834,300.0
2017-10-02 11:43:00,48.47,48.48,48.47,48.48,600.0
2017-10-02 11:44:00,48.48,48.48,48.48,48.48,200.0
2017-10-02 11:45:00,48.51,48.51,48.48,48.48,1540.0
2017-10-02 11:48:00,48.51,48.51,48.51,48.51,100.0
2017-10-02 11:49:00,48.5,48.51,48.5,48.51,1000.0
2017-10-02 11:50:00,48.49,48.49,48.48,48.48,600.0
2017-10-02 11:51:00,48.48,48.49,48.48,48.49,635.0
2017-10-02 11:52:00,48.47,48.48,48.47,48.48,500.0
2017-10-02 11:53:00,48.47,48.47,48.4628,48.4628,400.0
2017-10-02 11:54:00,48.47,48.49,48.47,48.48,2298.0
2017-10-02 11:55:00,48.45,48.48,48.45,48.48,1900.0
2017-10-02 11:56:00,48.47,48.47,48.47,48.47,550.0
2017-10-02 11:57:00,48.44,48.46,48.43,48.46,2100.0
2017-10-02 11:58:00,48.46,48.46,48.45,48.45,1400.0
2017-10-02 11:59:00,48.44,48.45,48.44,48.45,2600.0
2017-10-02 12:00:00,48.39,48.45,48.39,48.45,2400.0
2017-10-02 12:01:00,48.36,48.4,48.36,48.4,1100.0
2017-10-02 12:02:00,48.39,48.39,48.36,48.37,4434.0
2017-10-02 12:03:00,48.36,48.39,48.34,48.38,3600.0
2017-10-02 12:04:00,48.34,48.36,48.33,48.36,2779.0
2017-10-02 12:05:00,48.37,48.37,48.345,48.345,3340.0
2017-10-02 12:06:00,48.33,48.35,48.33,48.35,703.0
2017-10-02 12:07:00,48.29,48.32,48.28,48.32,1100.0
2017-10-02 12:08:00,48.3,48.3,48.29,48.3,1500.0
2017-10-02 12:09:00,48.27,48.31,48.27,48.31,1021.0
2017-10-02 12:10:00,48.27,48.275,48.27,48.27,400.0
2017-10-02 12:11:00,48.26,48.28,48.26,48.28,1209.0
2017-10-02 12:12:00,48.305,48.31,48.27,48.27,1200.0
2017-10-02 12:13:00,48.29,48.3,48.29,48.3,1602.0
2017-10-02 12:14:00,48.26,48.29,48.26,48.29,1200.0
2017-10-02 12:15:00,48.27,48.28,48.26,48.26,700.0
2017-10-02 12:16:00,48.28,48.28,48.26,48.27,2000.0
2017-10-02 12:17:00,48.27,48.29,48.27,48.29,1020.0
2017-10-02 12:20:00,48.295,48.3,48.295,48.3,1731.0
2017-10-02 12:21:00,48.28,48.3,48.28,48.3,2200.0
2017-10-02 12:22:00,48.2721,48.2721,48.2721,48.2721,113.0
2017-10-02 12:23:00,48.275,48.28,48.26,48.28,3052.0
2017-10-02 12:25:00,48.26,48.27,48.26,48.27,1100.0
2017-10-02 12:26:00,48.26,48.26,48.26,48.26,200.0
2017-10-02 12:27:00,48.25,48.26,48.24,48.26,1200.0
2017-10-02 12:28:00,48.251999999999995,48.2632,48.251999999999995,48.26,1405.0
2017-10-02 12:29:00,48.25,48.26,48.25,48.26,320.0
2017-10-02 12:30:00,48.27,48.28,48.26,48.26,2682.0
2017-10-02 12:31:00,48.27,48.285,48.27,48.285,500.0
2017-10-02 12:34:00,48.275,48.29,48.275,48.28,2273.0
2017-10-02 12:36:00,48.28,48.29,48.28,48.28,1000.0
2017-10-02 12:37:00,48.27,48.28,48.255,48.28,2513.0
2017-10-02 12:38:00,48.265,48.27,48.26,48.2672,564.0
2017-10-02 12:39:00,48.265,48.265,48.265,48.265,100.0
2017-10-02 12:40:00,48.27,48.27,48.27,48.27,200.0
2017-10-02 12:41:00,48.25,48.27,48.24,48.265,8457.0
2017-10-02 12:42:00,48.24,48.25,48.24,48.25,954.0
2017-10-02 12:43:00,48.24,48.255,48.24,48.24,3589.0
2017-10-02 12:44:00,48.25,48.25,48.25,48.25,2100.0
2017-10-02 12:45:00,48.245,48.25,48.235,48.24,5000.0
2017-10-02 12:46:00,48.27,48.28,48.26,48.26,800.0
2017-10-02 12:47:00,48.265,48.27,48.26,48.26,1400.0
2017-10-02 12:48:00,48.28,48.28,48.28,48.28,400.0
2017-10-02 12:49:00,48.27,48.275,48.265,48.27,2000.0
2017-10-02 12:50:00,48.26,48.265,48.26,48.26,1474.0
2017-10-02 12:51:00,48.25,48.27,48.25,48.27,2276.0
2017-10-02 12:52:00,48.25,48.25,48.25,48.25,900.0
2017-10-02 12:53:00,48.26,48.26,48.2589,48.2589,1019.0
2017-10-02 12:54:00,48.24,48.265,48.24,48.26,1200.0
2017-10-02 12:55:00,48.26,48.26,48.25,48.25,300.0
2017-10-02 12:56:00,48.27,48.27,48.26,48.26,1100.0
2017-10-02 12:58:00,48.26,48.265,48.26,48.265,1700.0
2017-10-02 12:59:00,48.26,48.26,48.26,48.26,100.0
2017-10-02 13:00:00,48.24,48.27,48.24,48.26,3717.0
2017-10-02 13:01:00,48.22,48.23,48.21,48.23,600.0
2017-10-02 13:02:00,48.2,48.22,48.2,48.22,2941.0
2017-10-02 13:03:00,48.2,48.2,48.2,48.2,1300.0
2017-10-02 13:04:00,48.17,48.18,48.17,48.18,859.0
2017-10-02 13:05:00,48.18,48.18,48.16,48.16,600.0
2017-10-02 13:06:00,48.19,48.19,48.175,48.18,2900.0
2017-10-02 13:07:00,48.18,48.191,48.17,48.19,3391.0
2017-10-02 13:08:00,48.18,48.18,48.18,48.18,100.0
2017-10-02 13:10:00,48.19,48.19,48.19,48.19,100.0
2017-10-02 13:11:00,48.19,48.2,48.19,48.2,200.0
2017-10-02 13:12:00,48.21,48.21,48.2,48.2,3100.0
2017-10-02 13:13:00,48.22,48.22,48.21,48.21,200.0
2017-10-02 13:14:00,48.19,48.21,48.19,48.21,2100.0
2017-10-02 13:15:00,48.16,48.16,48.16,48.16,100.0
2017-10-02 13:16:00,48.17,48.17,48.17,48.17,300.0
2017-10-02 13:17:00,48.17,48.17,48.16,48.17,2248.0
2017-10-02 13:18:00,48.19,48.2,48.17,48.17,2500.0
2017-10-02 13:19:00,48.19,48.19,48.19,48.19,100.0
2017-10-02 13:20:00,48.18,48.18,48.18,48.18,600.0
2017-10-02 13:21:00,48.19,48.19,48.18,48.18,1000.0
2017-10-02 13:22:00,48.18,48.18,48.18,48.18,706.0
2017-10-02 13:23:00,48.18,48.18,48.17,48.17,2643.0
2017-10-02 13:25:00,48.19,48.19,48.19,48.19,100.0
2017-10-02 13:26:00,48.2,48.2,48.19,48.19,2000.0
2017-10-02 13:27:00,48.195,48.2,48.19,48.2,773.0
2017-10-02 13:28:00,48.195,48.2,48.1912,48.2,845.0
2017-10-02 13:29:00,48.2,48.21,48.2,48.2,5300.0
2017-10-02 13:30:00,48.19,48.2,48.19,48.2,1872.0
2017-10-02 13:31:00,48.2,48.2,48.1941,48.2,6416.0
2017-10-02 13:33:00,48.19,48.19,48.19,48.19,100.0
2017-10-02 13:34:00,48.18,48.18,48.18,48.18,1085.0
2017-10-02 13:35:00,48.17,48.17,48.17,48.17,743.0
2017-10-02 13:36:00,48.16,48.17,48.15,48.17,1225.0
2017-10-02 13:37:00,48.16,48.1601,48.1599,48.1599,4028.0
2017-10-02 13:38:00,48.15,48.16,48.15,48.16,2350.0
2017-10-02 13:39:00,48.145,48.15,48.145,48.15,200.0
2017-10-02 13:40:00,48.15,48.15,48.15,48.15,100.0
2017-10-02 13:41:00,48.13,48.14,48.13,48.14,1988.0
2017-10-02 13:42:00,48.12,48.13,48.12,48.13,800.0
2017-10-02 13:43:00,48.11,48.12,48.11,48.12,1200.0
2017-10-02 13:44:00,48.11,48.12,48.11,48.11,4800.0
2017-10-02 13:45:00,48.11,48.125,48.11,48.11,5020.0
2017-10-02 13:46:00,48.125,48.13,48.12,48.12,600.0
2017-10-02 13:47:00,48.12,48.15,48.12,48.125,7586.0
2017-10-02 13:48:00,48.12,48.13,48.12,48.12,2487.0
2017-10-02 13:49:00,48.18,48.18,48.13,48.13,2000.0
2017-10-02 13:51:00,48.21,48.22,48.2,48.2005,4021.0
2017-10-02 13:52:00,48.21,48.21,48.21,48.21,1300.0
2017-10-02 13:53:00,48.19,48.215,48.19,48.215,1439.0
2017-10-02 13:54:00,48.19,48.2,48.1802,48.1802,700.0
2017-10-02 13:55:00,48.19,48.19,48.185,48.185,300.0
2017-10-02 13:56:00,48.19,48.19,48.185,48.185,431.0
2017-10-02 13:58:00,48.18,48.18,48.18,48.18,100.0
2017-10-02 13:59:00,48.17,48.18,48.17,48.18,2676.0
2017-10-02 14:00:00,48.17,48.18,48.16,48.18,6433.0
2017-10-02 14:01:00,48.16,48.165,48.155,48.16,2200.0
2017-10-02 14:02:00,48.14,48.15,48.13,48.15,1400.0
2017-10-02 14:03:00,48.145,48.15,48.145,48.15,700.0
2017-10-02 14:04:00,48.15,48.15,48.14,48.15,1200.0
2017-10-02 14:05:00,48.15,48.15,48.15,48.15,700.0
2017-10-02 14:06:00,48.14,48.14,48.14,48.14,624.0
2017-10-02 14:07:00,48.11,48.15,48.11,48.15,4801.0
2017-10-02 14:08:00,48.15,48.15,48.11,48.12,3225.0
2017-10-02 14:09:00,48.15,48.15,48.15,48.15,780.0
2017-10-02 14:10:00,48.12,48.15,48.12,48.141000000000005,3491.0
2017-10-02 14:11:00,48.13,48.13,48.13,48.13,100.0
2017-10-02 14:12:00,48.12,48.12,48.1113,48.12,868.0
2017-10-02 14:13:00,48.11,48.12,48.11,48.1134,1100.0
2017-10-02 14:15:00,48.11,48.11,48.11,48.11,200.0
2017-10-02 14:16:00,48.11,48.11,48.11,48.11,200.0
2017-10-02 14:17:00,48.095,48.11,48.095,48.11,3986.0
2017-10-02 14:18:00,48.105,48.105,48.095,48.1,3675.0
2017-10-02 14:19:00,48.09,48.11,48.09,48.11,5020.0
2017-10-02 14:20:00,48.075,48.09,48.075,48.09,900.0
2017-10-02 14:21:00,48.07,48.08,48.07,48.08,523.0
2017-10-02 14:22:00,48.07,48.07,48.07,48.07,100.0
2017-10-02 14:24:00,48.08,48.09,48.08,48.08,800.0
2017-10-02 14:25:00,48.07,48.08,48.07,48.08,1500.0
2017-10-02 14:26:00,48.07,48.07,48.06,48.07,3300.0
2017-10-02 14:28:00,48.0575,48.06,48.0475,48.06,4148.0
2017-10-02 14:29:00,48.04,48.05,48.03,48.05,1110.0
2017-10-02 14:30:00,48.0394,48.05,48.03,48.04,1100.0
2017-10-02 14:31:00,48.02,48.045,48.02,48.04,4703.0
2017-10-02 14:32:00,48.02,48.02,48.02,48.02,100.0
2017-10-02 14:34:00,48.015,48.015,48.015,48.015,200.0
2017-10-02 14:36:00,48.015,48.02,48.015,48.015,6700.0
2017-10-02 14:37:00,48.02,48.03,48.015,48.02,6477.0
2017-10-02 14:38:00,48.0325,48.0325,48.005,48.03,10651.0
2017-10-02 14:39:00,48.03,48.03,48.0248,48.0248,1100.0
2017-10-02 14:40:00,48.025,48.025,48.025,48.025,100.0
2017-10-02 14:41:00,48.02,48.02,48.02,48.02,1400.0
2017-10-02 14:42:00,48.02,48.02,48.01,48.01,800.0
2017-10-02 14:43:00,48.02,48.03,48.02,48.02,2100.0
2017-10-02 14:45:00,48.01,48.02,48.01,48.015,4000.0
2017-10-02 14:46:00,47.99,48.01,47.96,48.01,8861.0
2017-10-02 14:47:00,48.0,48.0,47.995,47.995,700.0
2017-10-02 14:48:00,47.99,48.0,47.99,48.0,2200.0
2017-10-02 14:49:00,48.005,48.005,47.995,48.0,800.0
2017-10-02 14:50:00,48.005,48.005,48.005,48.005,100.0
2017-10-02 14:51:00,48.04,48.04,48.005,48.005,8282.0
2017-10-02 14:52:00,48.04,48.04,48.03,48.03,2000.0
2017-10-02 14:53:00,48.02,48.035,48.02,48.035,1147.0
2017-10-02 14:54:00,48.04,48.04,48.025,48.03,1156.0
2017-10-02 14:55:00,48.03,48.03,48.03,48.03,200.0
2017-10-02 14:56:00,48.05,48.05,48.04,48.04,1708.0
2017-10-02 14:57:00,48.05,48.05,48.045,48.05,900.0
2017-10-02 14:58:00,48.06,48.065,48.06,48.0637,2200.0
2017-10-02 14:59:00,48.035,48.06,48.035,48.06,3718.0
2017-10-02 15:00:00,48.02,48.05,48.02,48.045,2951.0
2017-10-02 15:01:00,48.03,48.03,48.02,48.02,1000.0
2017-10-02 15:02:00,48.03,48.03,48.025,48.03,2143.0
2017-10-02 15:04:00,48.05,48.05,48.035,48.04,1904.0
2017-10-02 15:05:00,48.055,48.06,48.05,48.06,332.0
2017-10-02 15:06:00,48.055,48.055,48.05,48.055,1000.0
2017-10-02 15:07:00,48.055,48.055,48.055,48.055,600.0
2017-10-02 15:08:00,48.055,48.055,48.055,48.055,1000.0
2017-10-02 15:09:00,48.06,48.06,48.05,48.05,600.0
2017-10-02 15:10:00,48.07,48.07,48.055,48.055,6928.0
2017-10-02 15:11:00,48.08,48.08,48.07,48.07,1200.0
2017-10-02 15:12:00,48.09,48.09,48.08,48.08,800.0
2017-10-02 15:13:00,48.06,48.1,48.05,48.09,8201.0
2017-10-02 15:14:00,48.065,48.065,48.065,48.065,200.0
2017-10-02 15:15:00,48.03,48.065,48.03,48.06,3084.0
2017-10-02 15:16:00,48.02,48.03,48.02,48.03,880.0
2017-10-02 15:17:00,48.015,48.02,48.01,48.01,2067.0
2017-10-02 15:18:00,48.04,48.04,48.015,48.015,2900.0
2017-10-02 15:19:00,48.045,48.045,48.045,48.045,100.0
2017-10-02 15:20:00,48.04,48.04,48.04,48.04,1079.0
2017-10-02 15:21:00,48.04,48.04,48.03,48.04,608.0
2017-10-02 15:22:00,48.05,48.05,48.035,48.04,1400.0
2017-10-02 15:23:00,48.06,48.06,48.05,48.05,3803.0
2017-10-02 15:24:00,48.05,48.065,48.05,48.065,2752.0
2017-10-02 15:25:00,48.07,48.07,48.05,48.06,2695.0
2017-10-02 15:26:00,48.07,48.07,48.07,48.07,500.0
2017-10-02 15:27:00,48.08,48.08,48.07,48.07,1183.0
2017-10-02 15:28:00,48.07,48.08,48.07,48.08,2200.0
2017-10-02 15:29:00,48.05,48.07,48.04,48.065,2771.0
2017-10-02 15:30:00,48.04,48.055,48.035,48.04,6453.0
2017-10-02 15:31:00,48.04,48.045,48.02,48.035,5979.0
2017-10-02 15:32:00,48.045,48.0457,48.045,48.045,325.0
2017-10-02 15:33:00,48.0,48.04,47.99,48.04,5453.0
2017-10-02 15:34:00,48.0,48.005,48.0,48.0,1825.0
2017-10-02 15:35:00,48.015,48.02,48.0,48.0,2199.0
2017-10-02 15:36:00,48.005,48.025,48.005,48.015,3600.0
2017-10-02 15:37:00,48.0,48.01,48.0,48.005,1500.0
2017-10-02 15:38:00,47.98,48.0,47.98,48.0,3400.0
2017-10-02 15:39:00,47.98,47.99,47.98,47.98,5163.0
2017-10-02 15:40:00,47.985,47.99,47.98,47.99,5000.0
2017-10-02 15:41:00,47.9867,47.99,47.98,47.985,2902.0
2017-10-02 15:42:00,47.985,47.985,47.98,47.9825,1500.0
2017-10-02 15:43:00,47.945,47.98,47.94,47.98,5379.0
2017-10-02 15:44:00,47.9,47.95,47.895,47.94,7776.0
2017-10-02 15:45:00,47.93,47.94,47.91,47.91,7378.0
2017-10-02 15:46:00,47.93,47.94,47.915,47.93,5384.0
2017-10-02 15:47:00,47.905,47.925,47.905,47.92,3830.0
2017-10-02 15:48:00,47.9075,47.91,47.9,47.9,4410.0
2017-10-02 15:49:00,47.93,47.93,47.91,47.92,1849.0
2017-10-02 15:50:00,47.93,47.95,47.93,47.935,6951.0
2017-10-02 15:51:00,47.94,47.94,47.93,47.93,4157.0
2017-10-02 15:52:00,47.935,47.94,47.93,47.93,3056.0
2017-10-02 15:53:00,47.95,47.95,47.93,47.94,5609.0
2017-10-02 15:54:00,47.945,47.95,47.94,47.945,4320.0
2017-10-02 15:55:00,47.93,47.95,47.915,47.945,13708.0
2017-10-02 15:56:00,47.915,47.94,47.91,47.935,8700.0
2017-10-02 15:57:00,47.91,47.915,47.89,47.91,10885.0
2017-10-02 15:58:00,47.9,47.91,47.9,47.91,6151.0
2017-10-02 15:59:00,47.9,47.91,47.89,47.9,12521.0
2017-10-02 16:00:00,47.93,47.93,47.89,47.89,15207.0
2017-10-03 09:30:00,47.93,47.93,47.93,47.93,7924.0
2017-10-03 09:31:00,48.06,48.06,48.06,48.06,100.0
2017-10-03 09:32:00,47.9,48.05,47.9,47.9548,405.0
2017-10-03 09:34:00,47.73,47.92,47.725,47.92,5565.0
2017-10-03 09:35:00,47.61,47.7464,47.61,47.7464,8718.0
2017-10-03 09:36:00,47.7,47.71,47.61,47.615,1600.0
2017-10-03 09:37:00,47.75,47.75,47.73,47.74,3400.0
2017-10-03 09:39:00,47.8,47.8,47.75,47.75,500.0
2017-10-03 09:40:00,47.8,47.82,47.8,47.82,785.0
2017-10-03 09:41:00,47.88,47.88,47.8,47.8,1200.0
2017-10-03 09:42:00,47.86,47.88,47.85,47.88,1900.0
2017-10-03 09:43:00,47.84,47.86,47.84,47.86,1471.0
2017-10-03 09:44:00,47.81,47.84,47.81,47.84,700.0
2017-10-03 09:45:00,47.75,47.81,47.74,47.81,1450.0
2017-10-03 09:46:00,47.74,47.7475,47.72,47.7475,2050.0
2017-10-03 09:47:00,47.77,47.77,47.75,47.75,600.0
2017-10-03 09:48:00,47.8,47.8,47.71,47.77,4526.0
2017-10-03 09:49:00,47.8,47.8,47.79,47.79,2581.0
2017-10-03 09:50:00,47.74,47.79,47.74,47.79,1390.0
2017-10-03 09:51:00,47.75,47.755,47.74,47.755,3800.0
2017-10-03 09:53:00,47.77,47.79,47.75,47.75,1595.0
2017-10-03 09:54:00,47.79,47.8,47.78,47.78,1400.0
2017-10-03 09:55:00,47.8,47.8,47.8,47.8,1400.0
2017-10-03 09:56:00,47.76,47.79,47.75,47.79,3904.0
2017-10-03 09:57:00,47.76,47.76,47.76,47.76,529.0
2017-10-03 09:58:00,47.77,47.78,47.77,47.78,1300.0
2017-10-03 09:59:00,47.75,47.7601,47.75,47.758,3125.0
2017-10-03 10:00:00,47.75,47.76,47.75,47.76,2100.0
2017-10-03 10:01:00,47.75,47.75,47.725,47.75,6538.0
2017-10-03 10:02:00,47.755,47.76,47.75,47.75,2700.0
2017-10-03 10:03:00,47.8,47.8,47.74,47.76,7269.0
2017-10-03 10:05:00,47.84,47.84,47.82,47.84,3507.0
2017-10-03 10:06:00,47.82,47.84,47.82,47.83,4245.0
2017-10-03 10:07:00,47.8,47.81,47.8,47.81,400.0
2017-10-03 10:08:00,47.77,47.8,47.755,47.8,3108.0
2017-10-03 10:09:00,47.75,47.76,47.75,47.76,200.0
2017-10-03 10:10:00,47.775,47.78,47.77,47.77,700.0
2017-10-03 10:11:00,47.75,47.77,47.75,47.77,1172.0
2017-10-03 10:12:00,47.73,47.7676,47.73,47.75,9300.0
2017-10-03 10:13:00,47.765,47.765,47.72,47.72,14123.0
2017-10-03 10:14:00,47.785,47.795,47.76,47.765,7300.0
2017-10-03 10:15:00,47.79,47.795,47.785,47.79,4200.0
2017-10-03 10:16:00,47.76,47.79,47.76,47.79,1600.0
2017-10-03 10:17:00,47.76,47.77,47.75,47.7699,3257.0
2017-10-03 10:18:00,47.77,47.77,47.76,47.76,1510.0
2017-10-03 10:19:00,47.77,47.77,47.765,47.77,1643.0
2017-10-03 10:20:00,47.77,47.77,47.77,47.77,1100.0
2017-10-03 10:21:00,47.785,47.79,47.78,47.78,1350.0
2017-10-03 10:22:00,47.76,47.78,47.74,47.78,3639.0
2017-10-03 10:23:00,47.77,47.77,47.765,47.77,368.0
2017-10-03 10:24:00,47.7675,47.78,47.7675,47.775,600.0
2017-10-03 10:25:00,47.74,47.76,47.74,47.76,1100.0
2017-10-03 10:27:00,47.73,47.75,47.73,47.75,1453.0
2017-10-03 10:28:00,47.75,47.75,47.72,47.73,700.0
2017-10-03 10:29:00,47.71,47.76,47.7,47.75,13623.0
2017-10-03 10:30:00,47.69,47.705,47.69,47.705,1588.0
2017-10-03 10:31:00,47.7,47.7,47.7,47.7,200.0
2017-10-03 10:32:00,47.695,47.71,47.69,47.7,4364.0
2017-10-03 10:33:00,47.7,47.72,47.7,47.705,4167.0
2017-10-03 10:34:00,47.69,47.71,47.69,47.7025,1944.0
2017-10-03 10:35:00,47.7,47.7,47.7,47.7,200.0
2017-10-03 10:36:00,47.66,47.6814,47.65,47.68,7087.0
2017-10-03 10:37:00,47.67,47.7,47.67,47.68,6520.0
2017-10-03 10:38:00,47.7,47.7,47.67,47.67,1600.0
2017-10-03 10:39:00,47.69,47.71,47.69,47.7,1200.0
2017-10-03 10:40:00,47.675,47.69,47.67,47.69,1250.0
2017-10-03 10:41:00,47.67,47.69,47.67,47.67,760.0
2017-10-03 10:42:00,47.69,47.69,47.68,47.685,1100.0
2017-10-03 10:43:00,47.63,47.681000000000004,47.63,47.681000000000004,7950.0
2017-10-03 10:44:00,47.6,47.625,47.6,47.625,3300.0
2017-10-03 10:45:00,47.62,47.62,47.6,47.6,2000.0
2017-10-03 10:46:00,47.61,47.62,47.6014,47.62,3000.0
2017-10-03 10:47:00,47.6,47.6053,47.6,47.6053,700.0
2017-10-03 10:48:00,47.57,47.6,47.56,47.6,6586.0
2017-10-03 10:49:00,47.56,47.57,47.56,47.57,700.0
2017-10-03 10:50:00,47.48,47.56,47.47,47.56,12452.0
2017-10-03 10:51:00,47.5,47.53,47.48,47.48,7280.0
2017-10-03 10:52:00,47.5,47.5,47.48,47.4933,3289.0
2017-10-03 10:53:00,47.49,47.5,47.49,47.5,300.0
2017-10-03 10:54:00,47.5098,47.5098,47.4898,47.5,2692.0
2017-10-03 10:55:00,47.49,47.51,47.49,47.5,1800.0
2017-10-03 10:56:00,47.5,47.52,47.5,47.505,1300.0
2017-10-03 10:57:00,47.52,47.52,47.52,47.52,200.0
2017-10-03 10:58:00,47.52,47.52,47.52,47.52,100.0
2017-10-03 10:59:00,47.54,47.54,47.525,47.525,500.0
2017-10-03 11:00:00,47.49,47.535,47.49,47.535,4109.0
2017-10-03 11:01:00,47.5,47.51,47.49,47.49,4797.0
2017-10-03 11:02:00,47.5175,47.52,47.5,47.51,2800.0
2017-10-03 11:03:00,47.5,47.52,47.5,47.52,1500.0
2017-10-03 11:04:00,47.49,47.507,47.46,47.5,13340.0
2017-10-03 11:05:00,47.5,47.5003,47.49,47.49,1500.0
2017-10-03 11:06:00,47.5075,47.51,47.5,47.51,400.0
2017-10-03 11:07:00,47.48,47.5,47.48,47.49100000000001,7766.0
2017-10-03 11:08:00,47.47,47.5,47.47,47.49,4705.0
2017-10-03 11:09:00,47.47,47.47,47.46,47.46,1900.0
2017-10-03 11:10:00,47.46,47.47,47.45,47.47,2676.0
2017-10-03 11:11:00,47.48,47.48,47.45,47.47,3754.0
2017-10-03 11:12:00,47.51,47.51,47.48,47.48,8025.0
2017-10-03 11:13:00,47.5,47.51,47.49,47.505,7299.0
2017-10-03 11:14:00,47.5,47.5,47.49,47.49,500.0
2017-10-03 11:15:00,47.45,47.495,47.45,47.495,3859.0
2017-10-03 11:16:00,47.44,47.4488,47.44,47.44,400.0
2017-10-03 11:17:00,47.44,47.44,47.44,47.44,100.0
2017-10-03 11:18:00,47.4522,47.4522,47.45,47.45,1000.0
2017-10-03 11:19:00,47.45,47.45,47.44,47.45,1400.0
2017-10-03 11:20:00,47.45,47.46,47.44,47.45,2880.0
2017-10-03 11:21:00,47.4598,47.46,47.44,47.4488,1400.0
2017-10-03 11:22:00,47.43,47.44,47.4249,47.44,2250.0
2017-10-03 11:23:00,47.45,47.46,47.43,47.435,4750.0
2017-10-03 11:24:00,47.45,47.45,47.44,47.45,1400.0
2017-10-03 11:25:00,47.45,47.45,47.44,47.45,600.0
2017-10-03 11:26:00,47.45,47.46,47.45,47.46,1124.0
2017-10-03 11:27:00,47.44,47.46,47.44,47.46,1600.0
2017-10-03 11:28:00,47.45,47.45,47.4389,47.4389,1160.0
2017-10-03 11:29:00,47.475,47.475,47.475,47.475,100.0
2017-10-03 11:30:00,47.46,47.48,47.46,47.47,3200.0
2017-10-03 11:31:00,47.45,47.45,47.45,47.45,100.0
2017-10-03 11:32:00,47.45,47.46,47.45,47.46,600.0
2017-10-03 11:34:00,47.46,47.46,47.45,47.46,500.0
2017-10-03 11:35:00,47.44,47.465,47.43,47.46,3591.0
2017-10-03 11:36:00,47.44,47.45,47.44,47.45,1200.0
2017-10-03 11:37:00,47.45,47.45,47.44,47.45,300.0
2017-10-03 11:38:00,47.43,47.44,47.425,47.44,2331.0
2017-10-03 11:39:00,47.42,47.43,47.42,47.43,1700.0
2017-10-03 11:40:00,47.42,47.43,47.42,47.425,580.0
2017-10-03 11:41:00,47.45,47.45,47.42,47.4288,4075.0
2017-10-03 11:42:00,47.46,47.46,47.455,47.455,200.0
2017-10-03 11:43:00,47.48,47.5052,47.46,47.46,1400.0
2017-10-03 11:44:00,47.49,47.49,47.48,47.49,1200.0
2017-10-03 11:45:00,47.47,47.49,47.47,47.48,2100.0
2017-10-03 11:46:00,47.46,47.47,47.45,47.47,1434.0
2017-10-03 11:47:00,47.465,47.47,47.44,47.45,2954.0
2017-10-03 11:48:00,47.48,47.48,47.48,47.48,200.0
2017-10-03 11:49:00,47.45,47.47,47.45,47.47,1856.0
2017-10-03 11:50:00,47.46,47.46,47.44,47.45,1410.0
2017-10-03 11:51:00,47.48,47.48,47.48,47.48,100.0
2017-10-03 11:52:00,47.48,47.48,47.47,47.4735,1400.0
2017-10-03 11:53:00,47.5,47.52,47.5,47.5,3400.0
2017-10-03 11:54:00,47.5112,47.5198,47.5112,47.5198,221.0
2017-10-03 11:55:00,47.52,47.52,47.5,47.52,2803.0
2017-10-03 11:56:00,47.49,47.5,47.485,47.5,2900.0
2017-10-03 11:57:00,47.49,47.49,47.49,47.49,200.0
2017-10-03 11:58:00,47.4911,47.4974,47.49,47.49,2226.0
2017-10-03 11:59:00,47.5,47.5,47.48,47.48,600.0
2017-10-03 12:00:00,47.475,47.4901,47.475,47.49,3764.0
2017-10-03 12:01:00,47.47,47.47,47.47,47.47,200.0
2017-10-03 12:02:00,47.47,47.47,47.47,47.47,350.0
2017-10-03 12:03:00,47.48,47.49,47.46,47.48,3482.0
2017-10-03 12:04:00,47.49,47.5,47.49,47.49,500.0
2017-10-03 12:05:00,47.49,47.5,47.49,47.5,571.0
2017-10-03 12:06:00,47.51,47.52,47.5063,47.5063,890.0
2017-10-03 12:07:00,47.51,47.51,47.5,47.5,700.0
2017-10-03 12:08:00,47.51,47.52,47.5,47.5,704.0
2017-10-03 12:09:00,47.515,47.515,47.51,47.51,500.0
2017-10-03 12:10:00,47.5,47.51,47.5,47.51,500.0
2017-10-03 12:11:00,47.49,47.49,47.49,47.49,200.0
2017-10-03 12:12:00,47.46,47.5,47.46,47.5,2952.0
2017-10-03 12:13:00,47.48,47.48,47.465,47.47,2800.0
2017-10-03 12:14:00,47.49,47.49,47.472,47.49,1100.0
2017-10-03 12:16:00,47.4909,47.4938,47.49,47.4938,993.0
2017-10-03 12:17:00,47.495,47.5,47.49,47.49,3300.0
2017-10-03 12:18:00,47.49,47.5,47.49,47.495,1400.0
2017-10-03 12:19:00,47.48,47.48,47.48,47.48,400.0
2017-10-03 12:20:00,47.49,47.49,47.48,47.48,500.0
2017-10-03 12:21:00,47.49,47.49,47.48,47.48,1100.0
2017-10-03 12:22:00,47.48,47.48,47.48,47.48,300.0
2017-10-03 12:23:00,47.485,47.485,47.485,47.485,100.0
2017-10-03 12:24:00,47.5,47.5,47.485,47.49,1600.0
2017-10-03 12:25:00,47.53,47.54,47.52,47.52,1100.0
2017-10-03 12:26:00,47.545,47.545,47.54,47.54,200.0
2017-10-03 12:27:00,47.55,47.55,47.55,47.55,500.0
2017-10-03 12:28:00,47.55,47.55,47.545,47.55,1200.0
2017-10-03 12:29:00,47.55,47.55,47.545,47.545,500.0
2017-10-03 12:30:00,47.52,47.55,47.52,47.55,5691.0
2017-10-03 12:31:00,47.52,47.52,47.52,47.52,100.0
2017-10-03 12:32:00,47.53,47.53,47.52,47.52,2350.0
2017-10-03 12:33:00,47.55,47.55,47.54,47.54,1500.0
2017-10-03 12:34:00,47.56,47.56,47.55,47.55,1000.0
2017-10-03 12:35:00,47.53,47.555,47.53,47.555,2300.0
2017-10-03 12:36:00,47.525,47.54,47.51,47.531000000000006,4473.0
2017-10-03 12:37:00,47.56,47.57,47.53,47.53,10699.0
2017-10-03 12:38:00,47.56,47.57,47.56,47.56,500.0
2017-10-03 12:39:00,47.53,47.55,47.53,47.55,3300.0
2017-10-03 12:40:00,47.515,47.53,47.51,47.53,1159.0
2017-10-03 12:41:00,47.53,47.54,47.52,47.52,7675.0
2017-10-03 12:42:00,47.53,47.53,47.53,47.53,100.0
2017-10-03 12:43:00,47.525,47.525,47.525,47.525,100.0
2017-10-03 12:44:00,47.51,47.52,47.51,47.52,1529.0
2017-10-03 12:45:00,47.54,47.54,47.515,47.52,6870.0
2017-10-03 12:46:00,47.55,47.55,47.53,47.54,1300.0
2017-10-03 12:47:00,47.53,47.55,47.52,47.55,8328.0
2017-10-03 12:48:00,47.53,47.54,47.53,47.54,400.0
2017-10-03 12:49:00,47.55,47.55,47.54,47.54,1209.0
2017-10-03 12:50:00,47.55,47.55,47.55,47.55,1200.0
2017-10-03 12:51:00,47.5438,47.55,47.5438,47.55,605.0
2017-10-03 12:52:00,47.55,47.55,47.5401,47.545,1100.0
2017-10-03 12:53:00,47.535,47.55,47.535,47.55,6000.0
2017-10-03 12:54:00,47.53,47.54,47.53,47.535,4912.0
2017-10-03 12:55:00,47.54,47.54,47.525,47.525,1587.0
2017-10-03 12:56:00,47.54,47.54,47.535,47.54,2600.0
2017-10-03 12:58:00,47.535,47.545,47.535,47.54,2412.0
2017-10-03 12:59:00,47.53,47.53,47.53,47.53,200.0
2017-10-03 13:00:00,47.54,47.55,47.53,47.53,400.0
2017-10-03 13:01:00,47.52,47.545,47.52,47.54,2781.0
2017-10-03 13:02:00,47.515,47.525,47.515,47.52,600.0
2017-10-03 13:03:00,47.52,47.52,47.515,47.515,5100.0
2017-10-03 13:04:00,47.525,47.53,47.515,47.52,1400.0
2017-10-03 13:05:00,47.52,47.525,47.515,47.525,4100.0
2017-10-03 13:06:00,47.51,47.515,47.51,47.515,400.0
2017-10-03 13:07:00,47.515,47.515,47.515,47.515,100.0
2017-10-03 13:08:00,47.495,47.515,47.49,47.5145,5310.0
2017-10-03 13:09:00,47.5,47.5,47.495,47.495,688.0
2017-10-03 13:10:00,47.5,47.5,47.49,47.5,3518.0
2017-10-03 13:11:00,47.52,47.52,47.495,47.495,1863.0
2017-10-03 13:12:00,47.515,47.52,47.515,47.52,200.0
2017-10-03 13:13:00,47.51,47.51,47.51,47.51,400.0
2017-10-03 13:14:00,47.52,47.52,47.505,47.515,2600.0
2017-10-03 13:15:00,47.49,47.51,47.49,47.51,1924.0
2017-10-03 13:16:00,47.49,47.49,47.49,47.49,300.0
2017-10-03 13:17:00,47.48,47.5,47.48,47.49,1479.0
2017-10-03 13:18:00,47.485,47.49,47.48,47.4899,700.0
2017-10-03 13:19:00,47.49,47.49,47.48,47.48,400.0
2017-10-03 13:20:00,47.485,47.49,47.48,47.485,2811.0
2017-10-03 13:21:00,47.5,47.5,47.49,47.49,300.0
2017-10-03 13:22:00,47.505,47.51,47.5,47.5,1200.0
2017-10-03 13:23:00,47.505,47.505,47.505,47.505,200.0
2017-10-03 13:24:00,47.48,47.5,47.48,47.5,2699.0
2017-10-03 13:25:00,47.48,47.48,47.48,47.48,300.0
2017-10-03 13:26:00,47.47,47.48,47.47,47.48,1920.0
2017-10-03 13:27:00,47.475,47.475,47.47,47.47,200.0
2017-10-03 13:28:00,47.47,47.48,47.47,47.47,400.0
2017-10-03 13:29:00,47.47,47.47,47.46,47.47,1997.0
2017-10-03 13:30:00,47.45,47.4601,47.45,47.46,5000.0
2017-10-03 13:31:00,47.46,47.46,47.445,47.46,3962.0
2017-10-03 13:32:00,47.45,47.455,47.45,47.455,300.0
2017-10-03 13:33:00,47.46,47.46,47.45,47.455,400.0
2017-10-03 13:34:00,47.46,47.47,47.455,47.46,2901.0
2017-10-03 13:35:00,47.46,47.46,47.455,47.455,600.0
2017-10-03 13:37:00,47.46,47.46,47.46,47.46,100.0
2017-10-03 13:38:00,47.48,47.48,47.465,47.47,1130.0
2017-10-03 13:39:00,47.4899,47.49,47.48,47.49,1000.0
2017-10-03 13:40:00,47.47,47.49,47.47,47.485,3239.0
2017-10-03 13:41:00,47.47,47.48,47.47,47.48,3301.0
2017-10-03 13:42:00,47.49,47.49,47.471000000000004,47.471000000000004,1500.0
2017-10-03 13:43:00,47.48,47.49,47.47,47.49,4200.0
2017-10-03 13:44:00,47.47,47.49,47.47,47.47,2250.0
2017-10-03 13:45:00,47.47,47.48,47.46,47.46,1160.0
2017-10-03 13:46:00,47.47,47.47,47.46,47.47,1100.0
2017-10-03 13:47:00,47.46,47.468999999999994,47.46,47.46,900.0
2017-10-03 13:48:00,47.45,47.46,47.45,47.46,700.0
2017-10-03 13:49:00,47.45,47.45,47.45,47.45,600.0
2017-10-03 13:50:00,47.45,47.46,47.45,47.46,400.0
2017-10-03 13:51:00,47.43,47.45,47.43,47.45,4824.0
2017-10-03 13:52:00,47.43,47.43,47.43,47.43,1239.0
2017-10-03 13:53:00,47.43,47.43,47.43,47.43,700.0
2017-10-03 13:54:00,47.425,47.43,47.425,47.43,1300.0
2017-10-03 13:55:00,47.42,47.42,47.42,47.42,600.0
2017-10-03 13:56:00,47.42,47.43,47.42,47.42,1080.0
2017-10-03 13:57:00,47.43,47.43,47.42,47.42,1910.0
2017-10-03 13:58:00,47.44,47.44,47.43,47.4339,1000.0
2017-10-03 13:59:00,47.44,47.44,47.43,47.435,1202.0
2017-10-03 14:00:00,47.435,47.44,47.43,47.43,2052.0
2017-10-03 14:01:00,47.435,47.435,47.4275,47.43,3600.0
2017-10-03 14:02:00,47.45,47.45,47.435,47.44,4450.0
2017-10-03 14:03:00,47.45,47.46,47.45,47.45,1400.0
2017-10-03 14:04:00,47.48,47.49,47.46,47.46,2899.0
2017-10-03 14:05:00,47.48,47.485,47.48,47.485,799.0
2017-10-03 14:06:00,47.47,47.49,47.47,47.48,3890.0
2017-10-03 14:07:00,47.47,47.47,47.47,47.47,1300.0
2017-10-03 14:08:00,47.47,47.48,47.47,47.47,1073.0
2017-10-03 14:09:00,47.49,47.49,47.47,47.47,1700.0
2017-10-03 14:10:00,47.49,47.5,47.485,47.485,2975.0
2017-10-03 14:11:00,47.55,47.55,47.49,47.49,3200.0
2017-10-03 14:12:00,47.54,47.54,47.535,47.54,2499.0
2017-10-03 14:13:00,47.54,47.55,47.53,47.53,2350.0
2017-10-03 14:14:00,47.53,47.55,47.53,47.53,1982.0
2017-10-03 14:15:00,47.52,47.53,47.52,47.53,2626.0
2017-10-03 14:16:00,47.52,47.53,47.51,47.515,3013.0
2017-10-03 14:17:00,47.52,47.53,47.52,47.53,900.0
2017-10-03 14:18:00,47.53,47.53,47.52,47.52,2500.0
2017-10-03 14:19:00,47.54,47.54,47.53,47.535,700.0
2017-10-03 14:20:00,47.53,47.54,47.53,47.53,1300.0
2017-10-03 14:21:00,47.51,47.535,47.5,47.53,4308.0
2017-10-03 14:22:00,47.48,47.5,47.48,47.5,1188.0
2017-10-03 14:23:00,47.49,47.5,47.48,47.48,700.0
2017-10-03 14:24:00,47.48,47.49,47.48,47.49,1028.0
2017-10-03 14:25:00,47.5,47.5,47.48,47.49,2700.0
2017-10-03 14:26:00,47.51,47.51,47.49,47.5,3443.0
2017-10-03 14:27:00,47.5,47.5,47.49,47.5,1700.0
2017-10-03 14:28:00,47.5,47.51,47.5,47.5,600.0
2017-10-03 14:29:00,47.49,47.5,47.49,47.5,1400.0
2017-10-03 14:30:00,47.5,47.5,47.49,47.49,900.0
2017-10-03 14:31:00,47.5,47.51,47.5,47.51,2150.0
2017-10-03 14:32:00,47.49,47.5,47.48,47.5,2300.0
2017-10-03 14:33:00,47.49,47.49,47.48,47.49,1699.0
2017-10-03 14:34:00,47.48,47.49,47.47,47.48,5196.0
2017-10-03 14:35:00,47.48,47.48,47.47,47.475,1400.0
2017-10-03 14:36:00,47.475,47.475,47.47,47.47,1500.0
2017-10-03 14:37:00,47.48,47.49,47.47,47.47,2892.0
2017-10-03 14:38:00,47.48,47.485,47.48,47.485,500.0
2017-10-03 14:39:00,47.47,47.48,47.47,47.47,800.0
2017-10-03 14:40:00,47.47,47.48,47.47,47.475,3057.0
2017-10-03 14:41:00,47.465,47.48,47.465,47.48,1400.0
2017-10-03 14:42:00,47.46,47.465,47.46,47.465,500.0
2017-10-03 14:43:00,47.4614,47.47,47.46,47.47,1311.0
2017-10-03 14:44:00,47.46,47.46,47.46,47.46,500.0
2017-10-03 14:45:00,47.485,47.485,47.46,47.46,3608.0
2017-10-03 14:46:00,47.49,47.5,47.485,47.49,2795.0
2017-10-03 14:47:00,47.49,47.495,47.49,47.49,1800.0
2017-10-03 14:48:00,47.48,47.5,47.48,47.5,4424.0
2017-10-03 14:49:00,47.46,47.47,47.46,47.47,1545.0
2017-10-03 14:50:00,47.48,47.49,47.46,47.465,4950.0
2017-10-03 14:51:00,47.475,47.49100000000001,47.47,47.49,4800.0
2017-10-03 14:52:00,47.47,47.48,47.47,47.48,660.0
2017-10-03 14:53:00,47.46,47.48,47.46,47.47,2432.0
2017-10-03 14:54:00,47.47,47.47,47.44,47.46,3377.0
2017-10-03 14:55:00,47.47,47.47,47.45,47.47,1797.0
2017-10-03 14:56:00,47.46,47.47,47.45,47.46,6592.0
2017-10-03 14:57:00,47.45,47.47,47.45,47.47,2100.0
2017-10-03 14:58:00,47.44,47.45,47.43,47.45,3970.0
2017-10-03 14:59:00,47.43,47.445,47.43,47.445,700.0
2017-10-03 15:00:00,47.42,47.44,47.42,47.435,4247.0
2017-10-03 15:01:00,47.425,47.43,47.41,47.42,3890.0
2017-10-03 15:02:00,47.45,47.45,47.42,47.43,2875.0
2017-10-03 15:03:00,47.44,47.445,47.44,47.44,900.0
2017-10-03 15:04:00,47.44,47.45,47.44,47.44,600.0
2017-10-03 15:05:00,47.435,47.44,47.43,47.44,1600.0
2017-10-03 15:06:00,47.47,47.48,47.43,47.435,4244.0
2017-10-03 15:07:00,47.48,47.5,47.47,47.475,2500.0
2017-10-03 15:08:00,47.49,47.5,47.49,47.49,1800.0
2017-10-03 15:09:00,47.5,47.5,47.48,47.48,850.0
2017-10-03 15:10:00,47.49,47.5,47.49,47.49,1420.0
2017-10-03 15:11:00,47.48,47.495,47.48,47.49,2100.0
2017-10-03 15:12:00,47.47,47.48,47.47,47.48,2800.0
2017-10-03 15:13:00,47.46,47.47,47.455,47.47,2800.0
2017-10-03 15:14:00,47.46,47.47,47.46,47.47,700.0
2017-10-03 15:15:00,47.47,47.47,47.46,47.46,900.0
2017-10-03 15:16:00,47.46,47.48,47.46,47.47,4120.0
2017-10-03 15:17:00,47.46,47.47,47.45,47.465,3500.0
2017-10-03 15:18:00,47.45,47.46,47.45,47.45,900.0
2017-10-03 15:19:00,47.44,47.45,47.44,47.45,1700.0
2017-10-03 15:20:00,47.46,47.46,47.445,47.45,4130.0
2017-10-03 15:21:00,47.47,47.48,47.46,47.46,3530.0
2017-10-03 15:22:00,47.46,47.475,47.46,47.475,3292.0
2017-10-03 15:23:00,47.47,47.475,47.46,47.46,3323.0
2017-10-03 15:24:00,47.475,47.475,47.47,47.47,802.0
2017-10-03 15:25:00,47.475,47.48,47.47,47.47,1400.0
2017-10-03 15:26:00,47.46,47.475,47.46,47.47,2100.0
2017-10-03 15:27:00,47.455,47.47,47.455,47.46,3800.0
2017-10-03 15:28:00,47.45,47.4542,47.45,47.4542,1860.0
2017-10-03 15:29:00,47.46,47.465,47.45,47.45,6100.0
2017-10-03 15:30:00,47.48,47.48,47.465,47.465,3064.0
2017-10-03 15:31:00,47.47,47.485,47.465,47.48,5695.0
2017-10-03 15:32:00,47.46,47.47,47.45,47.465,5194.0
2017-10-03 15:33:00,47.46,47.4645,47.46,47.46,1050.0
2017-10-03 15:34:00,47.46,47.47,47.46,47.46,2540.0
2017-10-03 15:35:00,47.465,47.47,47.46,47.46,4479.0
2017-10-03 15:36:00,47.46,47.47,47.46,47.465,2500.0
2017-10-03 15:37:00,47.47,47.47,47.46,47.47,2700.0
2017-10-03 15:38:00,47.46,47.47,47.45,47.46,4900.0
2017-10-03 15:39:00,47.435,47.45,47.43,47.45,5191.0
2017-10-03 15:40:00,47.45,47.45,47.43,47.43,7249.0
2017-10-03 15:41:00,47.455,47.46,47.45,47.455,2750.0
2017-10-03 15:42:00,47.455,47.46,47.45,47.455,4000.0
2017-10-03 15:43:00,47.415,47.46,47.395,47.455,19846.0
2017-10-03 15:44:00,47.43,47.43,47.415,47.42,3092.0
2017-10-03 15:45:00,47.425,47.435,47.42,47.42,4249.0
2017-10-03 15:46:00,47.445,47.45,47.435,47.438,3483.0
2017-10-03 15:47:00,47.415,47.44,47.41,47.44,11633.0
2017-10-03 15:48:00,47.42,47.42,47.41,47.41,2600.0
2017-10-03 15:49:00,47.4114,47.42,47.41,47.41,3400.0
2017-10-03 15:50:00,47.37,47.415,47.3675,47.41,9950.0
2017-10-03 15:51:00,47.4,47.405,47.36,47.37,11267.0
2017-10-03 15:52:00,47.41,47.41,47.4,47.405,3100.0
2017-10-03 15:53:00,47.41,47.41,47.4,47.4,3660.0
2017-10-03 15:54:00,47.41,47.41,47.4,47.405,3511.0
2017-10-03 15:55:00,47.41,47.41,47.4,47.41,4500.0
2017-10-03 15:56:00,47.405,47.41,47.4,47.41,9333.0
2017-10-03 15:57:00,47.37,47.41,47.37,47.4,17427.0
2017-10-03 15:58:00,47.345,47.375,47.32,47.37,22687.0
2017-10-03 15:59:00,47.35,47.355,47.33,47.35,27131.0
2017-10-03 16:00:00,47.37,47.375,47.35,47.35,28494.0
2017-10-04 09:30:00,47.33,47.33,47.33,47.33,15161.0
2017-10-04 09:31:00,47.475,47.475,47.395,47.405,4507.0
2017-10-04 09:32:00,47.38,47.49,47.38,47.461000000000006,4931.0
2017-10-04 09:33:00,47.35,47.4,47.34,47.4,750.0
2017-10-04 09:34:00,47.3301,47.36,47.32,47.35,3102.0
2017-10-04 09:35:00,47.3,47.37,47.3,47.332,5240.0
2017-10-04 09:36:00,47.4,47.4,47.24,47.27,4308.0
2017-10-04 09:37:00,47.46,47.46,47.42,47.43,800.0
2017-10-04 09:38:00,47.48,47.51,47.44,47.46,2899.0
2017-10-04 09:39:00,47.45,47.49,47.45,47.49,900.0
2017-10-04 09:40:00,47.46,47.465,47.44,47.45,6700.0
2017-10-04 09:41:00,47.42,47.45,47.42,47.44,3441.0
2017-10-04 09:42:00,47.41,47.43,47.4,47.41,4950.0
2017-10-04 09:43:00,47.4,47.42,47.4,47.42,1800.0
2017-10-04 09:44:00,47.44,47.46,47.39,47.42,21984.0
2017-10-04 09:45:00,47.435,47.46,47.43,47.435,5191.0
2017-10-04 09:46:00,47.42,47.435,47.42,47.435,5600.0
2017-10-04 09:47:00,47.41,47.41,47.41,47.41,469.0
2017-10-04 09:48:00,47.41,47.42,47.4,47.42,7722.0
2017-10-04 09:49:00,47.43,47.43,47.405,47.42,14593.0
2017-10-04 09:50:00,47.41,47.43,47.39,47.43,16294.0
2017-10-04 09:51:00,47.415,47.42,47.41,47.41,3332.0
2017-10-04 09:52:00,47.4,47.415,47.39,47.415,11424.0
2017-10-04 09:53:00,47.42,47.42,47.4,47.4,14400.0
2017-10-04 09:54:00,47.435,47.45,47.42,47.44,1600.0
2017-10-04 09:55:00,47.43,47.45,47.425,47.435,10789.0
2017-10-04 09:56:00,47.425,47.44,47.415,47.4266,11023.0
2017-10-04 09:57:00,47.485,47.49,47.425,47.425,15782.0
2017-10-04 09:58:00,47.48,47.49,47.47,47.485,6392.0
2017-10-04 09:59:00,47.475,47.49,47.47,47.48,11627.0
2017-10-04 10:00:00,47.61,47.61,47.49,47.49,30081.0
2017-10-04 10:01:00,47.555,47.61,47.55,47.6,7338.0
2017-10-04 10:02:00,47.565,47.57,47.55,47.56,6600.0
2017-10-04 10:03:00,47.59,47.61,47.56,47.56,12879.0
2017-10-04 10:04:00,47.55,47.58,47.55,47.58,2200.0
2017-10-04 10:05:00,47.52,47.535,47.52,47.535,700.0
2017-10-04 10:06:00,47.49,47.54,47.4899,47.54,6101.0
2017-10-04 10:07:00,47.46,47.5,47.46,47.495,4800.0
2017-10-04 10:08:00,47.47,47.47,47.46,47.46,1304.0
2017-10-04 10:09:00,47.45,47.46,47.45,47.46,3630.0
2017-10-04 10:10:00,47.425,47.45,47.42,47.45,7600.0
2017-10-04 10:11:00,47.44,47.44,47.425,47.425,2459.0
2017-10-04 10:12:00,47.4,47.42,47.39,47.42,6380.0
2017-10-04 10:13:00,47.41,47.41,47.395,47.4,4087.0
2017-10-04 10:14:00,47.44,47.45,47.415,47.42,5400.0
2017-10-04 10:16:00,47.425,47.43,47.4,47.43,5833.0
2017-10-04 10:17:00,47.4,47.43,47.4,47.425,5999.0
2017-10-04 10:18:00,47.37,47.41,47.37,47.41,4100.0
2017-10-04 10:19:00,47.34,47.375,47.34,47.37,22900.0
2017-10-04 10:20:00,47.35,47.36,47.345,47.35,12372.0
2017-10-04 10:21:00,47.345,47.35,47.34,47.35,5400.0
2017-10-04 10:22:00,47.34,47.36,47.34,47.345,17815.0
2017-10-04 10:23:00,47.3175,47.34,47.3175,47.3399,7221.0
2017-10-04 10:24:00,47.31,47.325,47.29,47.32,26945.0
2017-10-04 10:25:00,47.32,47.32,47.29,47.31,11151.0
2017-10-04 10:26:00,47.36,47.36,47.32,47.33,7436.0
2017-10-04 10:27:00,47.365,47.37,47.34,47.355,7101.0
2017-10-04 10:28:00,47.375,47.38,47.37,47.37,900.0
2017-10-04 10:29:00,47.37,47.39,47.37,47.38,4311.0
2017-10-04 10:30:00,47.3892,47.39,47.35,47.375,6523.0
2017-10-04 10:31:00,47.35,47.39,47.35,47.39,2801.0
2017-10-04 10:32:00,47.35,47.36,47.35,47.35,3001.0
2017-10-04 10:33:00,47.34,47.36,47.34,47.35,3055.0
2017-10-04 10:34:00,47.35,47.35,47.335,47.34,4228.0
2017-10-04 10:35:00,47.35,47.36,47.3401,47.3401,6980.0
2017-10-04 10:36:00,47.36,47.36,47.3275,47.345,11319.0
2017-10-04 10:37:00,47.3569,47.36,47.35,47.36,1919.0
2017-10-04 10:38:00,47.4,47.41,47.357,47.36,7723.0
2017-10-04 10:39:00,47.42,47.43,47.38,47.4,5803.0
2017-10-04 10:41:00,47.39,47.41,47.39,47.41,3235.0
2017-10-04 10:42:00,47.38,47.41,47.38,47.39,6329.0
2017-10-04 10:43:00,47.4,47.41,47.39,47.39,4816.0
2017-10-04 10:44:00,47.4,47.4,47.4,47.4,200.0
2017-10-04 10:45:00,47.4,47.41,47.38,47.39,7502.0
2017-10-04 10:46:00,47.42,47.42,47.39,47.4,4200.0
2017-10-04 10:47:00,47.45,47.45,47.43,47.43,2600.0
2017-10-04 10:48:00,47.51,47.51,47.45,47.465,4682.0
2017-10-04 10:49:00,47.49,47.51,47.49,47.51,11141.0
2017-10-04 10:50:00,47.4766,47.48,47.43,47.48,4528.0
2017-10-04 10:51:00,47.47,47.48,47.47,47.475,950.0
2017-10-04 10:52:00,47.48,47.48,47.45,47.47,3240.0
2017-10-04 10:53:00,47.475,47.48,47.475,47.48,1313.0
2017-10-04 10:54:00,47.4301,47.48,47.4301,47.48,2659.0
2017-10-04 10:55:00,47.43,47.44,47.42,47.44,4377.0
2017-10-04 10:56:00,47.4,47.4275,47.38,47.42,8070.0
2017-10-04 10:57:00,47.39,47.4,47.37,47.4,2571.0
2017-10-04 10:58:00,47.4,47.4,47.39,47.4,9186.0
2017-10-04 10:59:00,47.405,47.41,47.39,47.4,3200.0
2017-10-04 11:00:00,47.4,47.41,47.39,47.41,4477.0
2017-10-04 11:01:00,47.405,47.415,47.4,47.4,7632.0
2017-10-04 11:02:00,47.4175,47.42,47.4,47.4075,14364.0
2017-10-04 11:03:00,47.41,47.41,47.4,47.4,3012.0
2017-10-04 11:04:00,47.4,47.405,47.39,47.405,2767.0
2017-10-04 11:05:00,47.395,47.395,47.39,47.39,300.0
2017-10-04 11:06:00,47.415,47.42,47.4,47.4,7361.0
2017-10-04 11:08:00,47.4,47.425,47.39,47.415,14071.0
2017-10-04 11:09:00,47.395,47.41,47.39,47.4,3000.0
2017-10-04 11:10:00,47.4,47.4,47.39,47.39,3030.0
2017-10-04 11:11:00,47.38,47.42,47.38,47.4,18740.0
2017-10-04 11:12:00,47.405,47.42,47.38,47.38,7580.0
2017-10-04 11:13:00,47.405,47.41,47.4,47.4,2200.0
2017-10-04 11:14:00,47.42,47.45,47.4,47.415,18501.0
2017-10-04 11:15:00,47.42,47.42,47.41,47.41,12435.0
2017-10-04 11:16:00,47.415,47.42,47.41,47.415,6299.0
2017-10-04 11:17:00,47.41,47.41,47.39,47.41,4693.0
2017-10-04 11:18:00,47.4,47.41,47.4,47.41,1000.0
2017-10-04 11:19:00,47.41,47.42,47.41,47.42,10316.0
2017-10-04 11:20:00,47.4,47.415,47.39,47.415,61377.0
2017-10-04 11:21:00,47.4,47.415,47.395,47.4,9104.0
2017-10-04 11:22:00,47.4,47.42,47.39,47.41,18449.0
2017-10-04 11:23:00,47.4,47.41,47.39,47.41,7800.0
2017-10-04 11:24:00,47.4,47.41,47.395,47.4,8951.0
2017-10-04 11:25:00,47.4,47.41,47.38,47.4,14010.0
2017-10-04 11:26:00,47.415,47.42,47.4,47.4001,12413.0
2017-10-04 11:27:00,47.42,47.42,47.39,47.42,6542.0
2017-10-04 11:28:00,47.43,47.43,47.41,47.42,5138.0
2017-10-04 11:29:00,47.435,47.435,47.42,47.425,4326.0
2017-10-04 11:30:00,47.4,47.44,47.4,47.44,16788.0
2017-10-04 11:31:00,47.38,47.41,47.36,47.405,8275.0
2017-10-04 11:32:00,47.37,47.39,47.37,47.375,2308.0
2017-10-04 11:33:00,47.3745,47.38,47.365,47.37,3512.0
2017-10-04 11:34:00,47.375,47.39,47.37,47.38,6284.0
2017-10-04 11:35:00,47.39,47.41,47.38,47.38,7209.0
2017-10-04 11:36:00,47.37,47.4,47.37,47.38,5700.0
2017-10-04 11:37:00,47.38,47.39,47.38,47.38,4045.0
2017-10-04 11:38:00,47.35,47.4,47.35,47.385,11471.0
2017-10-04 11:39:00,47.37,47.37,47.36,47.36,1100.0
2017-10-04 11:40:00,47.37,47.375,47.37,47.37,1741.0
2017-10-04 11:41:00,47.375,47.375,47.37,47.375,1100.0
2017-10-04 11:42:00,47.39,47.41,47.38,47.38,9514.0
2017-10-04 11:43:00,47.38,47.385,47.37,47.385,4235.0
2017-10-04 11:44:00,47.4,47.4,47.385,47.385,1500.0
2017-10-04 11:45:00,47.36,47.39,47.35,47.39,13320.0
2017-10-04 11:46:00,47.35,47.365,47.35,47.365,1472.0
2017-10-04 11:47:00,47.31,47.35,47.3,47.35,10255.0
2017-10-04 11:48:00,47.295,47.32,47.29,47.31,3800.0
2017-10-04 11:49:00,47.25,47.305,47.25,47.295,6640.0
2017-10-04 11:50:00,47.285,47.29,47.26,47.26,5840.0
2017-10-04 11:51:00,47.31,47.31,47.28,47.285,18522.0
2017-10-04 11:52:00,47.318999999999996,47.325,47.3,47.31,6362.0
2017-10-04 11:53:00,47.32,47.34,47.3,47.31,14902.0
2017-10-04 11:54:00,47.36,47.37,47.32,47.32,2700.0
2017-10-04 11:55:00,47.34,47.36,47.33,47.36,10744.0
2017-10-04 11:56:00,47.36,47.3624,47.34,47.35,5520.0
2017-10-04 11:57:00,47.35,47.36,47.33,47.36,3651.0
2017-10-04 11:58:00,47.39,47.4,47.34,47.355,6765.0
2017-10-04 11:59:00,47.4,47.41,47.39,47.39,6860.0
2017-10-04 12:00:00,47.455,47.46,47.4,47.4,4900.0
2017-10-04 12:01:00,47.52,47.55,47.455,47.455,12149.0
2017-10-04 12:02:00,47.51,47.5201,47.51,47.5201,3528.0
2017-10-04 12:03:00,47.48,47.52,47.48,47.52,3590.0
2017-10-04 12:04:00,47.48,47.5,47.475,47.485,5499.0
2017-10-04 12:05:00,47.46,47.48,47.43,47.48,7586.0
2017-10-04 12:06:00,47.48,47.48,47.45,47.46,5578.0
2017-10-04 12:07:00,47.48,47.49,47.45,47.47,4707.0
2017-10-04 12:08:00,47.475,47.475,47.475,47.475,100.0
2017-10-04 12:09:00,47.48,47.51,47.475,47.475,11188.0
2017-10-04 12:11:00,47.5,47.5,47.48,47.48,5037.0
2017-10-04 12:12:00,47.51,47.51,47.5,47.51,6136.0
2017-10-04 12:13:00,47.49,47.52,47.49,47.515,8842.0
2017-10-04 12:14:00,47.505,47.51,47.4876,47.49,2720.0
2017-10-04 12:15:00,47.52,47.52,47.51,47.51,1625.0
2017-10-04 12:16:00,47.51,47.52,47.5,47.52,10204.0
2017-10-04 12:17:00,47.54,47.54,47.51,47.51,1900.0
2017-10-04 12:18:00,47.51,47.53,47.51,47.53,4612.0
2017-10-04 12:19:00,47.52,47.52,47.495,47.5,4544.0
2017-10-04 12:20:00,47.53,47.53,47.525,47.53,2908.0
2017-10-04 12:21:00,47.522,47.53,47.522,47.53,536.0
2017-10-04 12:22:00,47.565,47.565,47.53,47.53,5969.0
2017-10-04 12:23:00,47.575,47.58,47.565,47.565,3262.0
2017-10-04 12:24:00,47.595,47.61,47.58,47.58,4945.0
2017-10-04 12:25:00,47.6,47.61,47.595,47.595,4429.0
2017-10-04 12:26:00,47.595,47.6,47.59,47.59,1500.0
2017-10-04 12:27:00,47.6,47.61,47.595,47.6,3427.0
2017-10-04 12:28:00,47.56,47.6,47.56,47.6,3182.0
2017-10-04 12:29:00,47.595,47.595,47.575,47.575,2339.0
2017-10-04 12:30:00,47.59,47.6,47.59,47.6,2041.0
2017-10-04 12:31:00,47.57,47.595,47.55,47.595,13605.0
2017-10-04 12:32:00,47.58,47.59,47.565,47.565,3263.0
2017-10-04 12:33:00,47.57,47.5812,47.57,47.5812,1860.0
2017-10-04 12:34:00,47.575,47.58,47.56,47.57,2510.0
2017-10-04 12:35:00,47.55,47.57,47.54,47.57,5200.0
2017-10-04 12:36:00,47.57,47.57,47.555,47.56,1300.0
2017-10-04 12:37:00,47.565,47.59,47.56,47.57,3976.0
2017-10-04 12:38:00,47.58,47.58,47.565,47.57,1666.0
2017-10-04 12:39:00,47.55,47.57,47.55,47.57,4054.0
2017-10-04 12:40:00,47.57,47.58,47.545,47.55,2560.0
2017-10-04 12:41:00,47.56,47.57,47.55,47.57,6110.0
2017-10-04 12:42:00,47.58,47.58,47.57,47.57,1900.0
2017-10-04 12:43:00,47.565,47.58,47.565,47.58,1100.0
2017-10-04 12:44:00,47.56,47.59,47.56,47.57,5340.0
2017-10-04 12:45:00,47.56,47.57,47.55,47.55,10203.0
2017-10-04 12:46:00,47.568999999999996,47.57,47.555,47.56,3617.0
2017-10-04 12:47:00,47.56,47.57,47.56,47.57,2487.0
2017-10-04 12:48:00,47.56,47.56,47.555,47.555,759.0
2017-10-04 12:49:00,47.57,47.57,47.5644,47.57,4359.0
2017-10-04 12:50:00,47.565,47.57,47.56,47.57,7837.0
2017-10-04 12:51:00,47.55,47.58,47.55,47.565,14897.0
2017-10-04 12:52:00,47.55,47.56,47.55,47.56,2500.0
2017-10-04 12:53:00,47.56,47.57,47.5531,47.5531,4343.0
2017-10-04 12:54:00,47.56,47.56,47.56,47.56,105525.0
2017-10-04 12:55:00,47.6,47.6,47.555,47.555,5529.0
2017-10-04 12:56:00,47.62,47.63,47.61,47.61,2996.0
2017-10-04 12:57:00,47.615,47.64,47.6,47.64,10018.0
2017-10-04 12:58:00,47.615,47.62,47.61,47.615,9952.0
2017-10-04 12:59:00,47.615,47.62,47.615,47.62,4717.0
2017-10-04 13:00:00,47.62,47.62,47.59,47.615,10451.0
2017-10-04 13:01:00,47.56,47.61,47.56,47.61,5484.0
2017-10-04 13:02:00,47.64,47.64,47.56,47.57,25359.0
2017-10-04 13:03:00,47.6,47.65,47.58,47.65,20901.0
2017-10-04 13:04:00,47.56,47.59,47.545,47.59,12236.0
2017-10-04 13:05:00,47.565,47.58,47.56,47.565,10397.0
2017-10-04 13:06:00,47.57,47.58,47.555,47.565,9335.0
2017-10-04 13:07:00,47.57,47.57,47.54,47.565,15627.0
2017-10-04 13:08:00,47.54,47.57,47.53,47.565,11986.0
2017-10-04 13:09:00,47.53,47.55,47.53,47.54,9968.0
2017-10-04 13:10:00,47.55,47.55,47.54,47.54,800.0
2017-10-04 13:11:00,47.58,47.58,47.55,47.55,3587.0
2017-10-04 13:12:00,47.54,47.57,47.54,47.57,2990.0
2017-10-04 13:13:00,47.54,47.54,47.54,47.54,200.0
2017-10-04 13:14:00,47.53,47.55,47.525,47.55,2700.0
2017-10-04 13:15:00,47.53,47.53,47.52,47.53,2371.0
2017-10-04 13:16:00,47.4914,47.54,47.49,47.53,5322.0
2017-10-04 13:17:00,47.505,47.52,47.49,47.505,7697.0
2017-10-04 13:18:00,47.5,47.51,47.5,47.51,1100.0
2017-10-04 13:19:00,47.5,47.5,47.49,47.5,2500.0
2017-10-04 13:20:00,47.495,47.5,47.495,47.5,300.0
2017-10-04 13:21:00,47.5,47.5,47.46,47.495,9294.0
2017-10-04 13:22:00,47.495,47.5,47.49,47.5,6800.0
2017-10-04 13:23:00,47.5,47.5,47.48,47.485,3600.0
2017-10-04 13:24:00,47.44,47.5,47.43,47.5,6352.0
2017-10-04 13:25:00,47.455,47.46,47.43,47.44,3100.0
2017-10-04 13:26:00,47.46,47.46,47.45,47.45,7639.0
2017-10-04 13:27:00,47.43,47.455,47.43,47.455,2590.0
2017-10-04 13:28:00,47.43,47.44,47.43,47.44,400.0
2017-10-04 13:29:00,47.48,47.48,47.44,47.44,18124.0
2017-10-04 13:30:00,47.51,47.51,47.48,47.48,3800.0
2017-10-04 13:31:00,47.49,47.51,47.49,47.51,2700.0
2017-10-04 13:32:00,47.49,47.49,47.49,47.49,100.0
2017-10-04 13:33:00,47.49,47.5,47.49,47.49,600.0
2017-10-04 13:34:00,47.47,47.5,47.47,47.49,8004.0
2017-10-04 13:35:00,47.4812,47.4812,47.48,47.48,498.0
2017-10-04 13:36:00,47.5,47.52,47.4765,47.48,4606.0
2017-10-04 13:37:00,47.5,47.5,47.495,47.5,2400.0
2017-10-04 13:38:00,47.48,47.5,47.48,47.49,4913.0
2017-10-04 13:39:00,47.46,47.51,47.46,47.5,7152.0
2017-10-04 13:40:00,47.46,47.46,47.43,47.45,3800.0
2017-10-04 13:41:00,47.45,47.45,47.45,47.45,100.0
2017-10-04 13:42:00,47.47,47.47,47.47,47.47,100.0
2017-10-04 13:43:00,47.46,47.47,47.46,47.46,2814.0
2017-10-04 13:44:00,47.46,47.47,47.46,47.47,800.0
2017-10-04 13:46:00,47.47,47.47,47.46,47.465,1875.0
2017-10-04 13:47:00,47.4689,47.4689,47.45,47.46,2600.0
2017-10-04 13:48:00,47.49,47.49,47.46,47.46,4900.0
2017-10-04 13:49:00,47.46,47.49,47.45,47.49,6800.0
2017-10-04 13:50:00,47.475,47.48,47.452,47.46,2000.0
2017-10-04 13:51:00,47.49,47.5,47.49,47.49,4300.0
2017-10-04 13:52:00,47.5,47.5,47.485,47.49,102600.0
2017-10-04 13:53:00,47.5,47.51,47.49,47.5,7857.0
2017-10-04 13:56:00,47.51,47.51,47.5,47.51,3351.0
2017-10-04 13:57:00,47.5,47.51,47.495,47.5,2300.0
2017-10-04 13:58:00,47.57,47.57,47.48,47.5,9303.0
2017-10-04 13:59:00,47.6211,47.63,47.575,47.58,4813.0
2017-10-04 14:00:00,47.645,47.66,47.64,47.64,7900.0
2017-10-04 14:01:00,47.59,47.65,47.59,47.64,10836.0
2017-10-04 14:02:00,47.6,47.61,47.58,47.595,14267.0
2017-10-04 14:03:00,47.57,47.58,47.56,47.58,4132.0
2017-10-04 14:04:00,47.555,47.57,47.555,47.565,1700.0
2017-10-04 14:05:00,47.54,47.56,47.54,47.56,2124.0
2017-10-04 14:06:00,47.52,47.54,47.52,47.54,3620.0
2017-10-04 14:07:00,47.51,47.53,47.51,47.52,4758.0
2017-10-04 14:08:00,47.49,47.51,47.49,47.51,7046.0
2017-10-04 14:09:00,47.47,47.505,47.47,47.5,3856.0
2017-10-04 14:10:00,47.48,47.5,47.48,47.48,2200.0
2017-10-04 14:11:00,47.47,47.47,47.47,47.47,900.0
2017-10-04 14:12:00,47.49,47.5,47.46,47.47,3486.0
2017-10-04 14:13:00,47.51,47.51,47.48,47.48,1100.0
2017-10-04 14:14:00,47.51,47.531000000000006,47.49,47.515,3799.0
2017-10-04 14:15:00,47.5,47.51,47.49,47.5,974.0
2017-10-04 14:16:00,47.5039,47.51,47.49,47.5,3200.0
2017-10-04 14:17:00,47.48,47.5,47.48,47.49,1500.0
2017-10-04 14:18:00,47.455,47.47,47.45,47.47,2085.0
2017-10-04 14:19:00,47.48,47.48,47.46,47.46,1900.0
2017-10-04 14:20:00,47.4923,47.5,47.49,47.49,1198.0
2017-10-04 14:21:00,47.49,47.5,47.485,47.5,2516.0
2017-10-04 14:22:00,47.49,47.49,47.48,47.48,2130.0
2017-10-04 14:23:00,47.479,47.48,47.47,47.47,527.0
2017-10-04 14:24:00,47.47,47.48,47.46,47.48,2304.0
2017-10-04 14:25:00,47.47,47.47,47.46,47.46,900.0
2017-10-04 14:26:00,47.48,47.48,47.43,47.45,3766.0
2017-10-04 14:27:00,47.49,47.49,47.48,47.48,1002.0
2017-10-04 14:28:00,47.48,47.48,47.48,47.48,1265.0
2017-10-04 14:29:00,47.4899,47.4899,47.475,47.475,600.0
2017-10-04 14:30:00,47.49,47.49,47.485,47.49,800.0
2017-10-04 14:31:00,47.47,47.5,47.47,47.49,5100.0
2017-10-04 14:32:00,47.47,47.47,47.46,47.46,1100.0
2017-10-04 14:33:00,47.47,47.48,47.47,47.48,500.0
2017-10-04 14:34:00,47.46,47.475,47.45,47.475,3099.0
2017-10-04 14:35:00,47.46,47.46,47.46,47.46,100.0
2017-10-04 14:36:00,47.49,47.49,47.45,47.46,4504.0
2017-10-04 14:37:00,47.485,47.485,47.485,47.485,200.0
2017-10-04 14:38:00,47.5,47.5,47.485,47.485,2500.0
2017-10-04 14:39:00,47.52,47.5312,47.495,47.495,3419.0
2017-10-04 14:40:00,47.52,47.535,47.47,47.51,654201.0
2017-10-04 14:41:00,47.52,47.52,47.495,47.52,6100.0
2017-10-04 14:42:00,47.54,47.55,47.53,47.53,1722.0
2017-10-04 14:43:00,47.535,47.535,47.535,47.535,200.0
2017-10-04 14:44:00,47.52,47.535,47.515,47.535,4162.0
2017-10-04 14:45:00,47.53,47.53,47.515,47.53,3049.0
2017-10-04 14:46:00,47.53,47.53,47.52,47.53,1400.0
2017-10-04 14:47:00,47.56,47.56,47.53,47.53,5417.0
2017-10-04 14:48:00,47.56,47.56,47.54,47.56,2700.0
2017-10-04 14:49:00,47.57,47.58,47.555,47.555,5299.0
2017-10-04 14:50:00,47.58,47.58,47.58,47.58,200.0
2017-10-04 14:51:00,47.55,47.57,47.53,47.57,7607.0
2017-10-04 14:52:00,47.55,47.56,47.55,47.56,200.0
2017-10-04 14:53:00,47.55,47.5568,47.54,47.54,3530.0
2017-10-04 14:54:00,47.53,47.55,47.525,47.55,13882.0
2017-10-04 14:55:00,47.51,47.53,47.51,47.53,7742.0
2017-10-04 14:56:00,47.5,47.52,47.5,47.51,4900.0
2017-10-04 14:57:00,47.51,47.52,47.5,47.51,10185.0
2017-10-04 14:58:00,47.5,47.515,47.49,47.51,15400.0
2017-10-04 14:59:00,47.49,47.5,47.49,47.5,1606.0
2017-10-04 15:00:00,47.465,47.49,47.465,47.49,10264.0
2017-10-04 15:01:00,47.48,47.485,47.465,47.47,11777.0
2017-10-04 15:02:00,47.48,47.49,47.46,47.48,9726.0
2017-10-04 15:03:00,47.49,47.49,47.46,47.48,12424.0
2017-10-04 15:04:00,47.505,47.51,47.49,47.49,5610.0
2017-10-04 15:05:00,47.52,47.52,47.5,47.505,3746.0
2017-10-04 15:06:00,47.54,47.54,47.53,47.53,500.0
2017-10-04 15:07:00,47.56,47.565,47.535,47.54,4475.0
2017-10-04 15:08:00,47.56,47.57,47.555,47.56,7797.0
2017-10-04 15:09:00,47.54,47.56,47.54,47.55,3100.0
2017-10-04 15:10:00,47.58,47.58,47.54,47.545,4590.0
2017-10-04 15:11:00,47.6,47.6,47.57,47.57,3783.0
2017-10-04 15:12:00,47.59,47.6,47.59,47.6,4153.0
2017-10-04 15:13:00,47.615,47.62,47.59,47.59,3464.0
2017-10-04 15:14:00,47.58,47.62,47.57,47.62,5800.0
2017-10-04 15:15:00,47.57,47.575,47.57,47.57,900.0
2017-10-04 15:16:00,47.57,47.575,47.55,47.575,4938.0
2017-10-04 15:17:00,47.6,47.6,47.57,47.57,1700.0
2017-10-04 15:18:00,47.595,47.605,47.59,47.605,3728.0
2017-10-04 15:19:00,47.595,47.6,47.59,47.6,1100.0
2017-10-04 15:20:00,47.61,47.62,47.59,47.6,4000.0
2017-10-04 15:21:00,47.59,47.615,47.59,47.61,5701.0
2017-10-04 15:22:00,47.58,47.595,47.55,47.595,12156.0
2017-10-04 15:23:00,47.57,47.585,47.55,47.585,12065.0
2017-10-04 15:24:00,47.56,47.57,47.55,47.56,6067.0
2017-10-04 15:25:00,47.565,47.57,47.56,47.57,2940.0
2017-10-04 15:26:00,47.5525,47.57,47.55,47.56,6694.0
2017-10-04 15:27:00,47.55,47.57,47.545,47.56,6142.0
2017-10-04 15:28:00,47.56,47.56,47.54,47.545,4916.0
2017-10-04 15:29:00,47.54,47.555,47.54,47.55,4300.0
2017-10-04 15:30:00,47.55,47.56,47.54,47.54,4920.0
2017-10-04 15:31:00,47.585,47.585,47.54,47.55,4924.0
2017-10-04 15:32:00,47.58,47.59,47.575,47.585,6482.0
2017-10-04 15:33:00,47.58,47.58,47.57,47.58,3500.0
2017-10-04 15:34:00,47.58,47.59,47.575,47.58,12597.0
2017-10-04 15:35:00,47.56,47.585,47.56,47.58,5897.0
2017-10-04 15:36:00,47.61,47.61,47.56,47.56,12718.0
2017-10-04 15:37:00,47.6054,47.61,47.6,47.605,1920.0
2017-10-04 15:38:00,47.64,47.64,47.6,47.6,9664.0
2017-10-04 15:39:00,47.64,47.64,47.63,47.64,3025.0
2017-10-04 15:40:00,47.645,47.65,47.62,47.63,15100.0
2017-10-04 15:41:00,47.61,47.65,47.61,47.645,10712.0
2017-10-04 15:42:00,47.6,47.611000000000004,47.59,47.61,7904.0
2017-10-04 15:43:00,47.64,47.64,47.605,47.605,6970.0
2017-10-04 15:44:00,47.665,47.67,47.65,47.65,5400.0
2017-10-04 15:45:00,47.635,47.66,47.63,47.66,14797.0
2017-10-04 15:46:00,47.655,47.67,47.64,47.645,12681.0
2017-10-04 15:47:00,47.655,47.66,47.65,47.655,3943.0
2017-10-04 15:48:00,47.6,47.655,47.58,47.65,32387.0
2017-10-04 15:49:00,47.6,47.61,47.59,47.595,23970.0
2017-10-04 15:50:00,47.595,47.605,47.595,47.595,13845.0
2017-10-04 15:51:00,47.61,47.61,47.595,47.6,15064.0
2017-10-04 15:52:00,47.62,47.62,47.6,47.61,11757.0
2017-10-04 15:53:00,47.64,47.64,47.625,47.625,8584.0
2017-10-04 15:54:00,47.615,47.635,47.61,47.635,21413.0
2017-10-04 15:55:00,47.63,47.64,47.61,47.615,8962.0
2017-10-04 15:56:00,47.635,47.64,47.63,47.635,6600.0
2017-10-04 15:57:00,47.64,47.64,47.63,47.635,10784.0
2017-10-04 15:58:00,47.63,47.64,47.62,47.635,18074.0
2017-10-04 15:59:00,47.64,47.64,47.62,47.62,10914.0
2017-10-04 16:00:00,47.65,47.65,47.63,47.64,39493.0
2017-10-05 09:30:00,47.9,47.99,47.9,47.99,45351.0
2017-10-05 09:31:00,48.05,48.05,47.96,48.04,2126.0
2017-10-05 09:32:00,47.9,48.03,47.89,48.01,3248.0
2017-10-05 09:33:00,47.945,47.945,47.945,47.945,100.0
2017-10-05 09:34:00,48.09,48.09,47.92,47.92,2500.0
2017-10-05 09:35:00,48.04,48.08,47.98,47.99,1378.0
2017-10-05 09:36:00,47.91,48.0,47.88,47.98,7969.0
2017-10-05 09:37:00,47.95,47.95,47.88,47.94,2580.0
2017-10-05 09:38:00,48.0,48.0,48.0,48.0,851.0
2017-10-05 09:39:00,47.96,47.97,47.94,47.96,2104.0
2017-10-05 09:40:00,47.96,47.96,47.95,47.96,2650.0
2017-10-05 09:41:00,47.92,47.98,47.92,47.95,4700.0
2017-10-05 09:42:00,47.94,47.94,47.93,47.93,1260.0
2017-10-05 09:43:00,47.94,47.94,47.92,47.925,1000.0
2017-10-05 09:44:00,47.91,47.94,47.91,47.94,1400.0
2017-10-05 09:45:00,47.91,47.94,47.89,47.94,3123.0
2017-10-05 09:46:00,47.96,47.96,47.9,47.94,910.0
2017-10-05 09:47:00,47.95,47.97,47.95,47.97,2200.0
2017-10-05 09:48:00,47.97,47.97,47.96,47.96,300.0
2017-10-05 09:49:00,47.96,47.99,47.96,47.98,1300.0
2017-10-05 09:50:00,47.975,47.975,47.975,47.975,100.0
2017-10-05 09:51:00,47.99,48.0,47.98,47.99,7538.0
2017-10-05 09:52:00,48.0,48.0,47.98,48.0,5500.0
2017-10-05 09:53:00,47.985,47.995,47.98,47.99,3600.0
2017-10-05 09:54:00,48.0,48.0,47.99,47.99,2131.0
2017-10-05 09:55:00,47.995,48.0,47.99,48.0,5715.0
2017-10-05 09:56:00,47.995,48.0,47.99,47.995,5406.0
2017-10-05 09:57:00,48.0,48.0,47.99,47.995,3940.0
2017-10-05 09:58:00,48.0197,48.03,47.99,47.995,19797.0
2017-10-05 09:59:00,48.07,48.1,48.02,48.03,10191.0
2017-10-05 10:00:00,48.1,48.1,48.05,48.07,3542.0
2017-10-05 10:01:00,48.09,48.11,48.065,48.095,29107.0
2017-10-05 10:02:00,48.09,48.09,48.08,48.09,2412.0
2017-10-05 10:03:00,48.15,48.15,48.09,48.09,3208.0
2017-10-05 10:04:00,48.145,48.15,48.14,48.14,1657.0
2017-10-05 10:05:00,48.16,48.16,48.145,48.15,2112.0
2017-10-05 10:06:00,48.17,48.18,48.17,48.17,5940.0
2017-10-05 10:07:00,48.18,48.18,48.17,48.175,5991.0
2017-10-05 10:08:00,48.16,48.1798,48.16,48.175,9457.0
2017-10-05 10:09:00,48.1803,48.19,48.165,48.165,3804.0
2017-10-05 10:10:00,48.18,48.185,48.17,48.185,4579.0
2017-10-05 10:11:00,48.2,48.2,48.18,48.18,2763.0
2017-10-05 10:12:00,48.2,48.2,48.19,48.19,2834.0
2017-10-05 10:13:00,48.195,48.2,48.19,48.195,5709.0
2017-10-05 10:14:00,48.1708,48.1998,48.1619,48.1961,10432.0
2017-10-05 10:15:00,48.175,48.18,48.17,48.175,5101.0
2017-10-05 10:16:00,48.155,48.175,48.155,48.175,6752.0
2017-10-05 10:17:00,48.14,48.16,48.1302,48.155,6000.0
2017-10-05 10:18:00,48.15,48.15,48.14,48.14,3100.0
2017-10-05 10:19:00,48.08,48.145,48.08,48.145,5603.0
2017-10-05 10:20:00,48.0967,48.0967,48.07,48.08,1500.0
2017-10-05 10:21:00,48.11,48.11,48.09,48.09,2368.0
2017-10-05 10:22:00,48.11,48.11,48.09,48.11,2090.0
2017-10-05 10:23:00,48.12,48.12,48.12,48.12,300.0
2017-10-05 10:24:00,48.17,48.17,48.12,48.12,4126.0
2017-10-05 10:25:00,48.24,48.25,48.16,48.17,24558.0
2017-10-05 10:26:00,48.19,48.24,48.18,48.24,14019.0
2017-10-05 10:27:00,48.19,48.2,48.19,48.19,4300.0
2017-10-05 10:28:00,48.195,48.2,48.19,48.19,1330.0
2017-10-05 10:29:00,48.1961,48.2,48.1961,48.2,300.0
2017-10-05 10:30:00,48.205,48.21,48.19,48.2,2855.0
2017-10-05 10:31:00,48.14,48.21,48.14,48.205,8638.0
2017-10-05 10:32:00,48.165,48.21,48.14,48.14,5902.0
2017-10-05 10:33:00,48.18,48.18,48.16,48.17,3400.0
2017-10-05 10:34:00,48.18,48.18,48.1731,48.175,1100.0
2017-10-05 10:35:00,48.205,48.215,48.175,48.175,4000.0
2017-10-05 10:36:00,48.215,48.215,48.205,48.21,1600.0
2017-10-05 10:37:00,48.18,48.215,48.18,48.215,6024.0
2017-10-05 10:38:00,48.185,48.19,48.185,48.185,3700.0
2017-10-05 10:39:00,48.19,48.19,48.19,48.19,204.0
2017-10-05 10:40:00,48.17,48.195,48.17,48.195,3200.0
2017-10-05 10:41:00,48.16,48.16,48.16,48.16,100.0
2017-10-05 10:42:00,48.17,48.18,48.16,48.1631,9388.0
2017-10-05 10:43:00,48.19,48.19,48.18,48.18,2700.0
2017-10-05 10:44:00,48.195,48.195,48.19,48.19,300.0
2017-10-05 10:45:00,48.215,48.221000000000004,48.2,48.2,2390.0
2017-10-05 10:46:00,48.215,48.22,48.21,48.215,2739.0
2017-10-05 10:47:00,48.22,48.22,48.215,48.22,2900.0
2017-10-05 10:48:00,48.22,48.23,48.21,48.22,6376.0
2017-10-05 10:49:00,48.235,48.24,48.22,48.22,3300.0
2017-10-05 10:50:00,48.22,48.23,48.215,48.23,5088.0
2017-10-05 10:51:00,48.225,48.23,48.225,48.23,400.0
2017-10-05 10:52:00,48.225,48.23,48.225,48.23,200.0
2017-10-05 10:53:00,48.22,48.24,48.22,48.23,3077.0
2017-10-05 10:54:00,48.225,48.23,48.225,48.23,800.0
2017-10-05 10:55:00,48.22,48.22,48.215,48.22,2897.0
2017-10-05 10:56:00,48.23,48.23,48.205,48.22,4352.0
2017-10-05 10:57:00,48.24,48.24,48.23,48.23,1785.0
2017-10-05 10:59:00,48.2359,48.2359,48.2359,48.2359,167.0
2017-10-05 11:00:00,48.23,48.235,48.23,48.235,3300.0
2017-10-05 11:01:00,48.195,48.235,48.19,48.23,9000.0
2017-10-05 11:02:00,48.2,48.2,48.19,48.19,5244.0
2017-10-05 11:03:00,48.2,48.21,48.19,48.2,3116.0
2017-10-05 11:04:00,48.24,48.24,48.2,48.2,2166.0
2017-10-05 11:05:00,48.22,48.24,48.22,48.24,7802.0
2017-10-05 11:06:00,48.215,48.22,48.21,48.22,3660.0
2017-10-05 11:07:00,48.17,48.215,48.17,48.21,11167.0
2017-10-05 11:08:00,48.2,48.21,48.15,48.17,9216.0
2017-10-05 11:09:00,48.2,48.2,48.19,48.195,2800.0
2017-10-05 11:10:00,48.19,48.199,48.19,48.199,230.0
2017-10-05 11:12:00,48.195,48.2,48.19,48.19,600.0
2017-10-05 11:13:00,48.195,48.1989,48.19,48.1956,1434.0
2017-10-05 11:14:00,48.2,48.2,48.2,48.2,100.0
2017-10-05 11:15:00,48.195,48.195,48.19,48.19,4245.0
2017-10-05 11:16:00,48.215,48.215,48.195,48.195,2221.0
2017-10-05 11:17:00,48.22,48.22,48.215,48.215,425.0
2017-10-05 11:18:00,48.225,48.23,48.215,48.22,2575.0
2017-10-05 11:19:00,48.21,48.235,48.2,48.23,8700.0
2017-10-05 11:20:00,48.18,48.2,48.16,48.2,8070.0
2017-10-05 11:21:00,48.17,48.19,48.17,48.19,2800.0
2017-10-05 11:22:00,48.155,48.1749,48.15,48.1749,3800.0
2017-10-05 11:23:00,48.145,48.16,48.137,48.16,3200.0
2017-10-05 11:24:00,48.13,48.14,48.12,48.14,5387.0
2017-10-05 11:25:00,48.115,48.12,48.105,48.11,4610.0
2017-10-05 11:26:00,48.12,48.14,48.115,48.12,6000.0
2017-10-05 11:27:00,48.09,48.11,48.09,48.11,2700.0
2017-10-05 11:28:00,48.135,48.16,48.08,48.09,10075.0
2017-10-05 11:29:00,48.16,48.16,48.135,48.135,2499.0
2017-10-05 11:30:00,48.165,48.18,48.15,48.155,7299.0
2017-10-05 11:31:00,48.18,48.18,48.165,48.17,1800.0
2017-10-05 11:32:00,48.16,48.175,48.155,48.175,3972.0
2017-10-05 11:33:00,48.15,48.17,48.15,48.15,6693.0
2017-10-05 11:34:00,48.15,48.15,48.15,48.15,2700.0
2017-10-05 11:35:00,48.145,48.16,48.14,48.15,7133.0
2017-10-05 11:36:00,48.15,48.16,48.14,48.145,5821.0
2017-10-05 11:37:00,48.11,48.14,48.11,48.135,6573.0
2017-10-05 11:38:00,48.13,48.13,48.12,48.12,800.0
2017-10-05 11:39:00,48.11,48.12,48.11,48.12,1274.0
2017-10-05 11:40:00,48.09,48.1,48.09,48.1,2350.0
2017-10-05 11:41:00,48.08,48.0846,48.08,48.0846,324.0
2017-10-05 11:42:00,48.085,48.085,48.085,48.085,100.0
2017-10-05 11:43:00,48.08,48.085,48.08,48.0801,700.0
2017-10-05 11:44:00,48.01,48.08,48.01,48.08,11675.0
2017-10-05 11:45:00,48.0,48.02,48.0,48.01,1800.0
2017-10-05 11:46:00,48.03,48.055,48.01,48.01,5048.0
2017-10-05 11:47:00,48.05,48.05,48.03,48.03,801.0
2017-10-05 11:48:00,48.058,48.058,48.058,48.058,306.0
2017-10-05 11:49:00,48.075,48.08,48.05,48.055,4000.0
2017-10-05 11:50:00,48.08,48.09,48.08,48.09,1045.0
2017-10-05 11:51:00,48.09,48.09,48.08,48.08,600.0
2017-10-05 11:52:00,48.09,48.09,48.07,48.08,2593.0
2017-10-05 11:53:00,48.09,48.1,48.08,48.1,1504.0
2017-10-05 11:54:00,48.08,48.09,48.08,48.08,300.0
2017-10-05 11:55:00,48.09,48.09,48.08,48.08,900.0
2017-10-05 11:56:00,48.07,48.07,48.07,48.07,100.0
2017-10-05 11:57:00,48.09,48.09,48.07,48.07,1300.0
2017-10-05 11:58:00,48.07,48.09,48.07,48.09,300.0
2017-10-05 11:59:00,48.09,48.09,48.07,48.07,400.0
2017-10-05 12:00:00,48.095,48.1,48.08,48.09,3426.0
2017-10-05 12:01:00,48.1,48.1,48.095,48.1,500.0
2017-10-05 12:02:00,48.09,48.105,48.08,48.1,6391.0
2017-10-05 12:03:00,48.08,48.08,48.08,48.08,100.0
2017-10-05 12:04:00,48.08,48.08,48.08,48.08,200.0
2017-10-05 12:05:00,48.1,48.11,48.1,48.1,4448.0
2017-10-05 12:06:00,48.11,48.11,48.09,48.09,1500.0
2017-10-05 12:07:00,48.07,48.105,48.07,48.105,4600.0
2017-10-05 12:08:00,48.04,48.07,48.04,48.07,6000.0
2017-10-05 12:09:00,48.02,48.0312,48.02,48.03,1400.0
2017-10-05 12:10:00,47.98,48.02,47.98,48.02,1997.0
2017-10-05 12:11:00,47.99,48.0,47.99,47.9907,1563.0
2017-10-05 12:12:00,47.99,47.995,47.99,47.99,800.0
2017-10-05 12:13:00,47.92,47.995,47.92,47.995,6140.0
2017-10-05 12:14:00,47.885,47.93,47.88,47.92,11468.0
2017-10-05 12:15:00,47.88,47.88,47.88,47.88,320.0
2017-10-05 12:16:00,47.88,47.88,47.87,47.88,2600.0
2017-10-05 12:18:00,47.86,47.88,47.85,47.88,1200.0
2017-10-05 12:19:00,47.84,47.85,47.82,47.84,2518.0
2017-10-05 12:20:00,47.8511,47.86,47.836000000000006,47.84,1240.0
2017-10-05 12:21:00,47.84,47.85,47.81,47.85,1600.0
2017-10-05 12:22:00,47.82,47.84,47.82,47.84,925.0
2017-10-05 12:23:00,47.84,47.84,47.83,47.83,420.0
2017-10-05 12:24:00,47.85,47.86,47.84,47.84,2600.0
2017-10-05 12:25:00,47.88,47.88,47.85,47.855,1200.0
2017-10-05 12:26:00,47.86,47.88,47.86,47.88,2600.0
2017-10-05 12:27:00,47.86,47.8601,47.86,47.8601,200.0
2017-10-05 12:28:00,47.875,47.875,47.87,47.87,310.0
2017-10-05 12:29:00,47.88,47.89,47.87,47.87,3963.0
2017-10-05 12:30:00,47.87,47.88,47.87,47.88,2500.0
2017-10-05 12:31:00,47.87,47.875,47.86,47.86,1900.0
2017-10-05 12:32:00,47.875,47.88,47.875,47.875,2900.0
2017-10-05 12:33:00,47.87,47.88,47.87,47.88,3400.0
2017-10-05 12:34:00,47.88,47.89,47.8703,47.88,900.0
2017-10-05 12:35:00,47.89,47.89,47.885,47.885,1000.0
2017-10-05 12:36:00,47.91,47.91,47.88,47.88,500.0
2017-10-05 12:37:00,47.93,47.93,47.9,47.91,1900.0
2017-10-05 12:38:00,47.93,47.93,47.92,47.92,477.0
2017-10-05 12:39:00,47.9,47.94,47.9,47.93,4778.0
2017-10-05 12:40:00,47.9,47.91,47.88,47.91,3100.0
2017-10-05 12:41:00,47.89,47.89,47.89,47.89,100.0
2017-10-05 12:42:00,47.9,47.905,47.9,47.9,300.0
2017-10-05 12:43:00,47.8901,47.9,47.89,47.9,1179.0
2017-10-05 12:44:00,47.88,47.89,47.88,47.89,2151.0
2017-10-05 12:45:00,47.86,47.88,47.86,47.88,1800.0
2017-10-05 12:46:00,47.86,47.86,47.86,47.86,1097.0
2017-10-05 12:47:00,47.84,47.855,47.84,47.85,1300.0
2017-10-05 12:48:00,47.845,47.85,47.82,47.82,1400.0
2017-10-05 12:49:00,47.83,47.86,47.82,47.86,2333.0
2017-10-05 12:50:00,47.8,47.82,47.8,47.82,500.0
2017-10-05 12:51:00,47.7901,47.8,47.79,47.7901,1100.0
2017-10-05 12:52:00,47.77,47.79,47.77,47.79,3053.0
2017-10-05 12:53:00,47.75,47.78,47.75,47.7681,5900.0
2017-10-05 12:54:00,47.75,47.8,47.73,47.76,24360.0
2017-10-05 12:55:00,47.82,47.82,47.76,47.76,15402.0
2017-10-05 12:56:00,47.91,47.91,47.795,47.8,19473.0
2017-10-05 12:57:00,47.89,47.934,47.8878,47.9101,29403.0
2017-10-05 12:58:00,47.9,47.94,47.88,47.9,30720.0
2017-10-05 12:59:00,47.82,47.9,47.82,47.9,6300.0
2017-10-05 13:00:00,47.855,47.87,47.8272,47.8272,13382.0
2017-10-05 13:01:00,47.86,47.89,47.86,47.86,2490.0
2017-10-05 13:02:00,47.87,47.87,47.865,47.87,1100.0
2017-10-05 13:03:00,47.895,47.9,47.85,47.86,6000.0
2017-10-05 13:04:00,47.89,47.905,47.89,47.9,900.0
2017-10-05 13:05:00,47.905,47.92,47.89,47.89,3520.0
2017-10-05 13:06:00,47.91,47.92,47.91,47.91,2610.0
2017-10-05 13:07:00,47.925,47.925,47.91,47.91,2524.0
2017-10-05 13:08:00,47.9,47.98,47.9,47.93,9631.0
2017-10-05 13:09:00,47.92,47.92,47.9,47.91,500.0
2017-10-05 13:10:00,47.91,47.91,47.91,47.91,200.0
2017-10-05 13:11:00,47.915,47.915,47.91,47.91,200.0
2017-10-05 13:12:00,47.96,47.96,47.92,47.92,2200.0
2017-10-05 13:13:00,47.97,47.98,47.96,47.98,1400.0
2017-10-05 13:14:00,48.01,48.01,47.98,47.98,1300.0
2017-10-05 13:15:00,47.99,48.02,47.99,48.02,4542.0
2017-10-05 13:16:00,47.995,48.0,47.99,47.99,400.0
2017-10-05 13:17:00,47.99,47.9911,47.985,47.99,4014.0
2017-10-05 13:18:00,47.99,48.01,47.99,48.0,1500.0
2017-10-05 13:19:00,47.98,47.98,47.98,47.98,100.0
2017-10-05 13:20:00,47.99,48.0,47.99,47.99,500.0
2017-10-05 13:21:00,48.011,48.02,47.99,47.99,14346.0
2017-10-05 13:22:00,48.01,48.02,48.01,48.01,1600.0
2017-10-05 13:23:00,48.01,48.02,48.01,48.015,1700.0
2017-10-05 13:24:00,48.02,48.02,48.015,48.015,857.0
2017-10-05 13:25:00,48.01,48.01,48.01,48.01,100.0
2017-10-05 13:26:00,47.98,48.02,47.98,48.02,7008.0
2017-10-05 13:27:00,47.98,47.98,47.98,47.98,900.0
2017-10-05 13:28:00,47.97,47.98,47.97,47.98,681.0
2017-10-05 13:29:00,47.97,47.99,47.97,47.98,2285.0
2017-10-05 13:30:00,47.95,47.97,47.94,47.97,5295.0
2017-10-05 13:31:00,47.94,47.95,47.93,47.95,1300.0
2017-10-05 13:32:00,47.93,47.93,47.93,47.93,100.0
2017-10-05 13:33:00,47.91,47.935,47.91,47.93,3000.0
2017-10-05 13:34:00,47.935,47.935,47.91,47.91,1412.0
2017-10-05 13:35:00,47.94,47.945,47.935,47.935,1300.0
2017-10-05 13:36:00,47.96,47.97,47.94,47.94,2714.0
2017-10-05 13:37:00,47.96,47.98,47.96,47.97,3300.0
2017-10-05 13:38:00,47.97,47.97,47.96,47.96,2000.0
2017-10-05 13:39:00,47.97,47.9701,47.97,47.9701,400.0
2017-10-05 13:40:00,47.97,47.975,47.97,47.975,1787.0
2017-10-05 13:41:00,47.96,47.96,47.96,47.96,1200.0
2017-10-05 13:42:00,47.975,47.9775,47.965,47.97,1812.0
2017-10-05 13:43:00,47.94,47.975,47.94,47.975,6407.0
2017-10-05 13:44:00,47.92,47.94,47.92,47.94,1000.0
2017-10-05 13:45:00,47.9,47.91,47.9,47.91,400.0
2017-10-05 13:46:00,47.91,47.91,47.8975,47.901,2900.0
2017-10-05 13:48:00,47.905,47.905,47.905,47.905,100.0
2017-10-05 13:49:00,47.92,47.94,47.905,47.905,5610.0
2017-10-05 13:50:00,47.91,47.92,47.91,47.91,300.0
2017-10-05 13:51:00,47.915,47.92,47.915,47.92,200.0
2017-10-05 13:52:00,47.92,47.92,47.92,47.92,100.0
2017-10-05 13:53:00,47.92,47.94,47.91,47.915,4845.0
2017-10-05 13:54:00,47.94,47.95,47.92,47.92,3505.0
2017-10-05 13:55:00,47.9243,47.93,47.91,47.93,2900.0
2017-10-05 13:56:00,47.91,47.92,47.91,47.92,2300.0
2017-10-05 13:57:00,47.92,47.92,47.905,47.905,1187.0
2017-10-05 13:58:00,47.91,47.91,47.91,47.91,400.0
2017-10-05 13:59:00,47.911,47.915,47.91,47.91,1500.0
2017-10-05 14:00:00,47.93,47.93,47.91,47.91,3410.0
2017-10-05 14:01:00,47.92,47.93,47.92,47.925,984.0
2017-10-05 14:02:00,47.92,47.92,47.92,47.92,400.0
2017-10-05 14:03:00,47.91,47.92,47.91,47.92,3289.0
2017-10-05 14:04:00,47.94,47.94,47.92,47.92,1401.0
2017-10-05 14:05:00,47.92,47.93,47.92,47.93,2800.0
2017-10-05 14:06:00,47.92,47.9244,47.92,47.9244,300.0
2017-10-05 14:07:00,47.93,47.94,47.93,47.93,1950.0
2017-10-05 14:08:00,47.95,47.96,47.93,47.94,4395.0
2017-10-05 14:09:00,47.95,47.96,47.95,47.96,1558.0
2017-10-05 14:10:00,47.95,47.955,47.95,47.95,4527.0
2017-10-05 14:11:00,47.97,47.97,47.95,47.955,3800.0
2017-10-05 14:12:00,47.97,47.97,47.97,47.97,1000.0
2017-10-05 14:13:00,47.99,47.99,47.975,47.98,2600.0
2017-10-05 14:14:00,47.965,47.9801,47.965,47.98,5954.0
2017-10-05 14:15:00,47.96,47.965,47.96,47.96,2048.0
2017-10-05 14:16:00,47.94,47.96,47.94,47.96,1250.0
2017-10-05 14:17:00,47.95,47.95,47.94,47.945,2231.0
2017-10-05 14:18:00,47.9536,47.9559,47.95,47.95,1155.0
2017-10-05 14:19:00,47.96,47.96,47.95,47.95,5792.0
2017-10-05 14:20:00,47.95,47.95,47.95,47.95,200.0
2017-10-05 14:21:00,47.97,47.975,47.95,47.95,1110.0
2017-10-05 14:22:00,47.955,47.97,47.955,47.97,4092.0
2017-10-05 14:23:00,47.95,47.96,47.95,47.955,4070.0
2017-10-05 14:24:00,47.9599,47.9599,47.95,47.95,247.0
2017-10-05 14:25:00,47.955,47.96,47.95,47.9502,1357.0
2017-10-05 14:26:00,47.95,47.95,47.95,47.95,700.0
2017-10-05 14:27:00,47.95,47.95,47.95,47.95,200.0
2017-10-05 14:28:00,47.95,47.96,47.95,47.96,368.0
2017-10-05 14:29:00,47.95,47.955,47.95,47.95,1200.0
2017-10-05 14:30:00,47.915,47.96,47.91,47.95,7324.0
2017-10-05 14:31:00,47.92,47.92,47.91,47.915,500.0
2017-10-05 14:32:00,47.92,47.92,47.91,47.9101,400.0
2017-10-05 14:33:00,47.91,47.91,47.91,47.91,100.0
2017-10-05 14:35:00,47.91,47.92,47.91,47.9152,400.0
2017-10-05 14:36:00,47.885,47.92,47.885,47.91,5875.0
2017-10-05 14:37:00,47.91,47.91,47.89,47.89,2000.0
2017-10-05 14:38:00,47.93,47.94,47.9103,47.9103,3502.0
2017-10-05 14:39:00,47.93,47.94,47.93,47.94,2210.0
2017-10-05 14:40:00,47.92,47.93,47.91,47.93,2100.0
2017-10-05 14:41:00,47.925,47.925,47.92,47.92,700.0
2017-10-05 14:42:00,47.92,47.92,47.91,47.92,1400.0
2017-10-05 14:43:00,47.92,47.9203,47.92,47.92,900.0
2017-10-05 14:44:00,47.9212,47.9212,47.92,47.92,2140.0
2017-10-05 14:45:00,47.92,47.925,47.92,47.925,300.0
2017-10-05 14:46:00,47.92,47.93,47.92,47.93,8226.0
2017-10-05 14:47:00,47.92,47.925,47.92,47.925,600.0
2017-10-05 14:48:00,47.92,47.93,47.915,47.93,5292.0
2017-10-05 14:49:00,47.92,47.925,47.92,47.92,600.0
2017-10-05 14:50:00,47.92,47.92,47.92,47.92,200.0
2017-10-05 14:51:00,47.93,47.93,47.92,47.92,500.0
2017-10-05 14:52:00,47.925,47.928999999999995,47.92,47.92,900.0
2017-10-05 14:53:00,47.94,47.94,47.925,47.925,3735.0
2017-10-05 14:54:00,47.9625,47.9625,47.9401,47.9401,2076.0
2017-10-05 14:55:00,47.98,47.985,47.965,47.965,2928.0
2017-10-05 14:56:00,47.96,47.98,47.955,47.98,8800.0
2017-10-05 14:57:00,47.94,47.955,47.94,47.955,1808.0
2017-10-05 14:58:00,47.965,47.965,47.935,47.935,2350.0
2017-10-05 14:59:00,47.96,47.96,47.96,47.96,800.0
2017-10-05 15:00:00,47.94,47.96,47.925,47.96,3588.0
2017-10-05 15:01:00,47.94,47.9401,47.94,47.94,1400.0
2017-10-05 15:02:00,47.945,47.945,47.94,47.945,800.0
2017-10-05 15:03:00,47.9301,47.94,47.93,47.94,3702.0
2017-10-05 15:04:00,47.93,47.94,47.93,47.94,1700.0
2017-10-05 15:05:00,47.94,47.94,47.9246,47.93,3297.0
2017-10-05 15:06:00,47.95,47.95,47.945,47.945,948.0
2017-10-05 15:07:00,48.01,48.03,47.96,47.96,5022.0
2017-10-05 15:08:00,47.985,48.0,47.98,48.0,4462.0
2017-10-05 15:09:00,48.0,48.0,47.985,47.985,1500.0
2017-10-05 15:10:00,48.01,48.01,48.0,48.0,1497.0
2017-10-05 15:11:00,47.99,48.01,47.99,48.0,5007.0
2017-10-05 15:12:00,48.0,48.0,47.985,47.99,3015.0
2017-10-05 15:13:00,47.995,47.995,47.995,47.995,100.0
2017-10-05 15:14:00,47.995,48.0,47.99,48.0,1900.0
2017-10-05 15:15:00,47.995,48.0,47.99,48.0,6700.0
2017-10-05 15:16:00,47.995,47.995,47.99,47.99100000000001,900.0
2017-10-05 15:17:00,47.995,48.0,47.995,47.995,598.0
2017-10-05 15:18:00,47.995,48.0,47.995,47.995,1600.0
2017-10-05 15:19:00,47.995,47.995,47.99,47.995,400.0
2017-10-05 15:20:00,48.005,48.005,47.995,47.995,3900.0
2017-10-05 15:21:00,47.95,48.0,47.945,48.0,17035.0
2017-10-05 15:22:00,47.945,47.9501,47.94,47.9501,800.0
2017-10-05 15:23:00,47.96,47.96,47.94,47.94,3200.0
2017-10-05 15:24:00,47.93,47.96,47.93,47.96,3602.0
2017-10-05 15:25:00,47.92,47.93,47.92,47.93,1276.0
2017-10-05 15:26:00,47.9,47.92,47.9,47.91,7715.0
2017-10-05 15:27:00,47.895,47.9,47.895,47.9,600.0
2017-10-05 15:28:00,47.91,47.91,47.9,47.9,1499.0
2017-10-05 15:29:00,47.945,47.945,47.91,47.91,4603.0
2017-10-05 15:30:00,47.92,47.945,47.92,47.945,6356.0
2017-10-05 15:31:00,47.915,47.92,47.915,47.92,1249.0
2017-10-05 15:32:00,47.91,47.92,47.905,47.92,5070.0
2017-10-05 15:33:00,47.91,47.91,47.91,47.91,300.0
2017-10-05 15:34:00,47.905,47.91,47.9,47.91,3575.0
2017-10-05 15:35:00,47.87,47.9,47.87,47.9,2690.0
2017-10-05 15:36:00,47.875,47.875,47.87,47.875,2105.0
2017-10-05 15:37:00,47.875,47.88,47.86,47.87,6045.0
2017-10-05 15:38:00,47.89,47.89,47.875,47.88,5300.0
2017-10-05 15:39:00,47.885,47.89,47.885,47.89,560.0
2017-10-05 15:40:00,47.89,47.89,47.885,47.8899,1745.0
2017-10-05 15:41:00,47.9,47.9,47.8882,47.89,2463.0
2017-10-05 15:42:00,47.9,47.9,47.89,47.9,4267.0
2017-10-05 15:43:00,47.9,47.9,47.89,47.895,1475.0
2017-10-05 15:44:00,47.91,47.91,47.89,47.9,11267.0
2017-10-05 15:45:00,47.925,47.94,47.909,47.91,8209.0
2017-10-05 15:46:00,47.9,47.93,47.9,47.93,18806.0
2017-10-05 15:47:00,47.855,47.89,47.855,47.89,6284.0
2017-10-05 15:48:00,47.86,47.87,47.85,47.85,5452.0
2017-10-05 15:49:00,47.865,47.87,47.86,47.86,2000.0
2017-10-05 15:50:00,47.87,47.87,47.86,47.87,1600.0
2017-10-05 15:51:00,47.87,47.88,47.87,47.87,8068.0
2017-10-05 15:52:00,47.85,47.88,47.85,47.88,15159.0
2017-10-05 15:53:00,47.84,47.855,47.84,47.85,4000.0
2017-10-05 15:54:00,47.87,47.87,47.84,47.845,9496.0
2017-10-05 15:55:00,47.87,47.88,47.86,47.87,7634.0
2017-10-05 15:56:00,47.895,47.895,47.865,47.87,9324.0
2017-10-05 15:57:00,47.93,47.93,47.895,47.895,20503.0
2017-10-05 15:58:00,47.93,47.94,47.92,47.93,15574.0
2017-10-05 15:59:00,47.95,47.95,47.93,47.94,17047.0
2017-10-05 16:00:00,47.93,47.955,47.91,47.95,51036.0
2017-10-06 09:30:00,47.84,47.84,47.84,47.84,17901.0
2017-10-06 09:31:00,48.0,48.03,47.84,47.88,3000.0
2017-10-06 09:32:00,47.85,48.0,47.83,47.98,9200.0
2017-10-06 09:33:00,47.81,47.94,47.81,47.9,2050.0
2017-10-06 09:34:00,47.86,47.86,47.82,47.82,300.0
2017-10-06 09:35:00,47.82,47.8748,47.82,47.865,1318.0
2017-10-06 09:36:00,47.86,47.86,47.79,47.82,6069.0
2017-10-06 09:37:00,47.75,47.805,47.75,47.77,4064.0
2017-10-06 09:38:00,47.7,47.72,47.7,47.72,800.0
2017-10-06 09:39:00,47.745,47.77,47.735,47.735,3340.0
2017-10-06 09:40:00,47.75,47.75,47.745,47.745,200.0
2017-10-06 09:41:00,47.7,47.77,47.7,47.73,1743.0
2017-10-06 09:43:00,47.7,47.7,47.7,47.7,100.0
2017-10-06 09:44:00,47.71,47.72,47.7,47.7,2167.0
2017-10-06 09:45:00,47.7375,47.75,47.71,47.71,1331.0
2017-10-06 09:46:00,47.71,47.735,47.7,47.735,2700.0
2017-10-06 09:47:00,47.7,47.71,47.69,47.7,3653.0
2017-10-06 09:48:00,47.72,47.74,47.7,47.7,3400.0
2017-10-06 09:49:00,47.7,47.7084,47.7,47.7084,405.0
2017-10-06 09:50:00,47.72,47.72,47.68,47.69,3354.0
2017-10-06 09:51:00,47.71,47.72,47.705,47.72,2800.0
2017-10-06 09:52:00,47.68,47.71,47.68,47.7,3360.0
2017-10-06 09:53:00,47.67,47.695,47.67,47.68,3800.0
2017-10-06 09:54:00,47.66,47.66,47.64,47.66,3328.0
2017-10-06 09:55:00,47.63,47.66,47.63,47.66,2175.0
2017-10-06 09:56:00,47.62,47.64,47.62,47.64,1680.0
2017-10-06 09:57:00,47.67,47.67,47.62,47.62,2300.0
2017-10-06 09:58:00,47.63,47.67,47.63,47.67,2200.0
2017-10-06 09:59:00,47.6533,47.6533,47.62,47.63,1162.0
2017-10-06 10:00:00,47.62,47.64,47.62,47.64,1600.0
2017-10-06 10:01:00,47.62,47.66,47.62,47.64,3369.0
2017-10-06 10:02:00,47.55,47.63,47.55,47.63,3234.0
2017-10-06 10:03:00,47.55,47.58,47.55,47.55,1500.0
2017-10-06 10:04:00,47.57,47.58,47.56,47.57,4509.0
2017-10-06 10:05:00,47.54,47.58,47.54,47.58,3200.0
2017-10-06 10:06:00,47.55,47.56,47.54,47.55,4148.0
2017-10-06 10:07:00,47.55,47.56,47.55,47.56,500.0
2017-10-06 10:08:00,47.51,47.54,47.51,47.54,3200.0
2017-10-06 10:09:00,47.52,47.52,47.51,47.51,1400.0
2017-10-06 10:10:00,47.52,47.53,47.52,47.52,2600.0
2017-10-06 10:11:00,47.53,47.53,47.52,47.52,1100.0
2017-10-06 10:12:00,47.53,47.53,47.51,47.53,2150.0
2017-10-06 10:13:00,47.52,47.53,47.52,47.53,2000.0
2017-10-06 10:14:00,47.52,47.5275,47.515,47.5275,1800.0
2017-10-06 10:15:00,47.49,47.52,47.48,47.52,2906.0
2017-10-06 10:16:00,47.49,47.5,47.48,47.5,4019.0
2017-10-06 10:17:00,47.5,47.5,47.49,47.5,1840.0
2017-10-06 10:18:00,47.525,47.525,47.5,47.5,1000.0
2017-10-06 10:19:00,47.525,47.53,47.525,47.53,900.0
2017-10-06 10:20:00,47.52,47.52,47.52,47.52,1000.0
2017-10-06 10:21:00,47.51,47.51,47.49,47.51,3192.0
2017-10-06 10:22:00,47.5,47.5,47.5,47.5,100.0
2017-10-06 10:23:00,47.505,47.51,47.5007,47.5007,1600.0
2017-10-06 10:24:00,47.53,47.53,47.52,47.52,200.0
2017-10-06 10:25:00,47.53,47.53,47.52,47.52,500.0
2017-10-06 10:26:00,47.54,47.54,47.525,47.53,687.0
2017-10-06 10:27:00,47.56,47.56,47.55,47.55,200.0
2017-10-06 10:28:00,47.575,47.575,47.57,47.57,300.0
2017-10-06 10:29:00,47.635,47.635,47.58,47.58,1800.0
2017-10-06 10:30:00,47.66,47.68,47.64,47.64,400.0
2017-10-06 10:31:00,47.67,47.67,47.66,47.67,600.0
2017-10-06 10:32:00,47.63,47.69,47.63,47.69,1800.0
2017-10-06 10:34:00,47.6,47.63,47.6,47.63,902.0
2017-10-06 10:35:00,47.64,47.65,47.61,47.61,1000.0
2017-10-06 10:36:00,47.62,47.64,47.62,47.63,1100.0
2017-10-06 10:37:00,47.61,47.62,47.58,47.62,1015.0
2017-10-06 10:38:00,47.59,47.62,47.59,47.62,300.0
2017-10-06 10:39:00,47.59,47.6,47.59,47.6,200.0
2017-10-06 10:40:00,47.5998,47.6,47.59,47.59,400.0
2017-10-06 10:41:00,47.58,47.59,47.57,47.58,6700.0
2017-10-06 10:42:00,47.57,47.58,47.57,47.58,642.0
2017-10-06 10:43:00,47.585,47.6,47.57,47.57,2286.0
2017-10-06 10:44:00,47.59,47.614,47.59,47.614,1788.0
2017-10-06 10:45:00,47.59,47.59,47.58,47.58,1400.0
2017-10-06 10:46:00,47.6023,47.6023,47.58,47.58,533.0
2017-10-06 10:47:00,47.62,47.62,47.59,47.6,2700.0
2017-10-06 10:48:00,47.62,47.62,47.62,47.62,300.0
2017-10-06 10:49:00,47.63,47.63,47.62,47.62,300.0
2017-10-06 10:50:00,47.64,47.64,47.63,47.63,800.0
2017-10-06 10:51:00,47.63,47.63,47.63,47.63,100.0
2017-10-06 10:52:00,47.64,47.65,47.63,47.63,2100.0
2017-10-06 10:53:00,47.64,47.66,47.64,47.64,975.0
2017-10-06 10:54:00,47.64,47.65,47.63,47.63,900.0
2017-10-06 10:55:00,47.635,47.635,47.63,47.63,200.0
2017-10-06 10:56:00,47.6,47.63,47.6,47.63,1199.0
2017-10-06 10:57:00,47.62,47.62,47.6,47.6,1000.0
2017-10-06 10:58:00,47.62,47.63,47.62,47.63,763.0
2017-10-06 10:59:00,47.6152,47.62,47.61,47.62,500.0
2017-10-06 11:00:00,47.63,47.63,47.61,47.62,1045.0
2017-10-06 11:01:00,47.635,47.635,47.62,47.62,600.0
2017-10-06 11:02:00,47.63,47.63,47.63,47.63,400.0
2017-10-06 11:03:00,47.63,47.63,47.62,47.63,1723.0
2017-10-06 11:04:00,47.635,47.64,47.63,47.64,300.0
2017-10-06 11:05:00,47.62,47.63,47.6,47.63,8165.0
2017-10-06 11:07:00,47.63,47.63,47.62,47.62,500.0
2017-10-06 11:08:00,47.63,47.63,47.61,47.61,1600.0
2017-10-06 11:09:00,47.63,47.63,47.62,47.62,400.0
2017-10-06 11:10:00,47.62,47.64,47.62,47.63,900.0
2017-10-06 11:11:00,47.62,47.64,47.62,47.64,300.0
2017-10-06 11:13:00,47.6407,47.6407,47.62,47.62,1150.0
2017-10-06 11:14:00,47.61,47.63,47.61,47.63,700.0
2017-10-06 11:15:00,47.61,47.65,47.61,47.62,5500.0
2017-10-06 11:16:00,47.62,47.62,47.62,47.62,500.0
2017-10-06 11:17:00,47.61,47.6221,47.61,47.6221,1500.0
2017-10-06 11:18:00,47.61,47.62,47.61,47.62,200.0
2017-10-06 11:19:00,47.585,47.61,47.58,47.61,2100.0
2017-10-06 11:20:00,47.585,47.59,47.58,47.58,300.0
2017-10-06 11:21:00,47.58,47.58,47.58,47.58,800.0
2017-10-06 11:22:00,47.585,47.585,47.58,47.58,400.0
2017-10-06 11:23:00,47.56,47.58,47.56,47.58,1200.0
2017-10-06 11:24:00,47.55,47.57,47.55,47.57,400.0
2017-10-06 11:25:00,47.58,47.58,47.55,47.56,1112.0
2017-10-06 11:26:00,47.57,47.57,47.57,47.57,200.0
2017-10-06 11:27:00,47.56,47.58,47.56,47.56,5600.0
2017-10-06 11:28:00,47.56,47.56,47.56,47.56,100.0
2017-10-06 11:29:00,47.59,47.59,47.56,47.56,1691.0
2017-10-06 11:30:00,47.59,47.59,47.58,47.58,200.0
2017-10-06 11:31:00,47.58,47.6,47.58,47.59,400.0
2017-10-06 11:32:00,47.6075,47.61,47.6,47.6,1248.0
2017-10-06 11:33:00,47.6,47.61,47.6,47.61,200.0
2017-10-06 11:34:00,47.59,47.6,47.59,47.6,300.0
2017-10-06 11:35:00,47.61,47.61,47.6,47.6,700.0
2017-10-06 11:36:00,47.6035,47.6035,47.6,47.6,400.0
2017-10-06 11:37:00,47.61,47.61,47.6,47.6,700.0
2017-10-06 11:38:00,47.62,47.62,47.61,47.61,200.0
2017-10-06 11:39:00,47.6,47.61,47.6,47.61,1060.0
2017-10-06 11:42:00,47.64,47.64,47.6,47.6,4870.0
2017-10-06 11:44:00,47.64,47.64,47.63,47.64,1700.0
2017-10-06 11:45:00,47.65,47.65,47.65,47.65,200.0
2017-10-06 11:46:00,47.64,47.65,47.64,47.64,1302.0
2017-10-06 11:47:00,47.62,47.64,47.62,47.64,1200.0
2017-10-06 11:48:00,47.63,47.63,47.63,47.63,500.0
2017-10-06 11:49:00,47.62,47.62,47.62,47.62,200.0
2017-10-06 11:50:00,47.62,47.63,47.61,47.62,1300.0
2017-10-06 11:51:00,47.63,47.64,47.62,47.63,2337.0
2017-10-06 11:52:00,47.62,47.62,47.61,47.62,1212.0
2017-10-06 11:53:00,47.62,47.62,47.61,47.61,1200.0
2017-10-06 11:54:00,47.59,47.62,47.59,47.61,1400.0
2017-10-06 11:55:00,47.6,47.6,47.58,47.59,1000.0
2017-10-06 11:56:00,47.6,47.6,47.59,47.59,600.0
2017-10-06 11:57:00,47.57,47.61,47.57,47.61,2070.0
2017-10-06 11:58:00,47.58,47.6,47.58,47.59,2287.0
2017-10-06 11:59:00,47.57,47.58,47.57,47.58,400.0
2017-10-06 12:00:00,47.57,47.57,47.56,47.56,200.0
2017-10-06 12:01:00,47.58,47.59,47.56,47.57,6300.0
2017-10-06 12:02:00,47.59,47.59,47.58,47.58,1600.0
2017-10-06 12:03:00,47.58,47.59,47.58,47.58,1000.0
2017-10-06 12:04:00,47.61,47.61,47.5875,47.59,2000.0
2017-10-06 12:05:00,47.655,47.655,47.62,47.62,2609.0
2017-10-06 12:06:00,47.65,47.65,47.63,47.65,3202.0
2017-10-06 12:07:00,47.635,47.64,47.63,47.63,600.0
2017-10-06 12:08:00,47.62,47.64,47.61,47.6387,2841.0
2017-10-06 12:09:00,47.63,47.63,47.61,47.61,300.0
2017-10-06 12:10:00,47.63,47.63,47.63,47.63,100.0
2017-10-06 12:11:00,47.64,47.64,47.63,47.63,900.0
2017-10-06 12:12:00,47.6,47.63,47.6,47.63,1100.0
2017-10-06 12:13:00,47.6,47.6,47.6,47.6,100.0
2017-10-06 12:15:00,47.59,47.59,47.585,47.59,1500.0
2017-10-06 12:16:00,47.5702,47.58,47.57,47.58,1800.0
2017-10-06 12:17:00,47.61,47.61,47.605,47.61,900.0
2017-10-06 12:18:00,47.6,47.62,47.6,47.62,1500.0
2017-10-06 12:19:00,47.585,47.6,47.58,47.59,1000.0
2017-10-06 12:20:00,47.59,47.59,47.59,47.59,1100.0
2017-10-06 12:21:00,47.56,47.59,47.56,47.59,2460.0
2017-10-06 12:22:00,47.5949,47.5949,47.57,47.57,2101.0
2017-10-06 12:23:00,47.59,47.59,47.59,47.59,500.0
2017-10-06 12:25:00,47.58,47.59,47.58,47.59,200.0
2017-10-06 12:26:00,47.58,47.58,47.57,47.58,1020.0
2017-10-06 12:27:00,47.59,47.59,47.59,47.59,100.0
2017-10-06 12:28:00,47.575,47.59,47.57,47.585,8093.0
2017-10-06 12:29:00,47.58,47.58,47.56,47.57,2198.0
2017-10-06 12:30:00,47.57,47.58,47.57,47.58,606.0
2017-10-06 12:31:00,47.57,47.58,47.57,47.58,900.0
2017-10-06 12:32:00,47.57,47.58,47.57,47.58,300.0
2017-10-06 12:33:00,47.57,47.57,47.57,47.57,700.0
2017-10-06 12:34:00,47.56,47.58,47.56,47.58,2344.0
2017-10-06 12:36:00,47.55,47.57,47.55,47.57,400.0
2017-10-06 12:37:00,47.565,47.57,47.56,47.56,1400.0
2017-10-06 12:38:00,47.57,47.57,47.57,47.57,2500.0
2017-10-06 12:39:00,47.6,47.6,47.58,47.58,2500.0
2017-10-06 12:40:00,47.6,47.6,47.6,47.6,400.0
2017-10-06 12:41:00,47.61,47.61,47.6,47.6,1000.0
2017-10-06 12:42:00,47.63,47.63,47.61,47.61,600.0
2017-10-06 12:43:00,47.62,47.62,47.61,47.62,700.0
2017-10-06 12:44:00,47.6,47.62,47.6,47.62,2700.0
2017-10-06 12:45:00,47.59,47.595,47.59,47.59,1737.0
2017-10-06 12:46:00,47.58,47.59,47.58,47.59,2136.0
2017-10-06 12:47:00,47.57,47.57,47.57,47.57,300.0
2017-10-06 12:48:00,47.56,47.56,47.56,47.56,200.0
2017-10-06 12:49:00,47.56,47.57,47.56,47.57,800.0
2017-10-06 12:50:00,47.58,47.58,47.56,47.56,2324.0
2017-10-06 12:51:00,47.58,47.58,47.57,47.58,2000.0
2017-10-06 12:52:00,47.58,47.58,47.58,47.58,300.0
2017-10-06 12:53:00,47.57,47.58,47.57,47.57,600.0
2017-10-06 12:54:00,47.58,47.58,47.57,47.57,2668.0
2017-10-06 12:55:00,47.58,47.58,47.5702,47.575,510.0
2017-10-06 12:56:00,47.58,47.58,47.58,47.58,700.0
2017-10-06 12:57:00,47.59,47.59,47.575,47.575,1800.0
2017-10-06 12:58:00,47.5714,47.59,47.57,47.59,1442.0
2017-10-06 12:59:00,47.59,47.59,47.56,47.56,2400.0
2017-10-06 13:00:00,47.5959,47.5959,47.59,47.59,1079.0
2017-10-06 13:01:00,47.6,47.61,47.6,47.6,2076.0
2017-10-06 13:02:00,47.6,47.61,47.59,47.61,1535.0
2017-10-06 13:03:00,47.6,47.61,47.6,47.61,713.0
2017-10-06 13:04:00,47.625,47.625,47.61,47.61,2200.0
2017-10-06 13:05:00,47.62,47.63,47.6,47.63,4903.0
2017-10-06 13:06:00,47.6104,47.62,47.6,47.61,1775.0
2017-10-06 13:07:00,47.63,47.63,47.61,47.63,900.0
2017-10-06 13:08:00,47.62,47.63,47.615,47.615,1740.0
2017-10-06 13:09:00,47.615,47.615,47.61,47.61,200.0
2017-10-06 13:10:00,47.61,47.63,47.61,47.62,1000.0
2017-10-06 13:11:00,47.63,47.63,47.61,47.61,500.0
2017-10-06 13:12:00,47.65,47.65,47.625,47.63,2078.0
2017-10-06 13:13:00,47.63,47.63,47.63,47.63,1700.0
2017-10-06 13:15:00,47.65,47.65,47.63,47.64,2166.0
2017-10-06 13:16:00,47.68,47.68,47.67,47.67,900.0
2017-10-06 13:17:00,47.67,47.68,47.665,47.67,1984.0
2017-10-06 13:18:00,47.68,47.68,47.67,47.67,200.0
2017-10-06 13:19:00,47.68,47.68,47.675,47.675,995.0
2017-10-06 13:20:00,47.695,47.7,47.69,47.7,2297.0
2017-10-06 13:21:00,47.71,47.71,47.7,47.7,700.0
2017-10-06 13:22:00,47.69,47.71,47.69,47.7,1656.0
2017-10-06 13:23:00,47.685,47.69,47.68,47.68,600.0
2017-10-06 13:24:00,47.71,47.71,47.685,47.685,800.0
2017-10-06 13:25:00,47.695,47.71,47.69,47.6992,840.0
2017-10-06 13:26:00,47.69,47.7,47.69,47.695,500.0
2017-10-06 13:27:00,47.71,47.7192,47.7,47.7,1061.0
2017-10-06 13:28:00,47.7,47.71,47.7,47.71,1728.0
2017-10-06 13:29:00,47.7,47.705,47.7,47.705,500.0
2017-10-06 13:30:00,47.7,47.7,47.7,47.7,100.0
2017-10-06 13:31:00,47.71,47.71,47.7,47.7,700.0
2017-10-06 13:32:00,47.71,47.71,47.7,47.71,725.0
2017-10-06 13:33:00,47.7,47.71,47.7,47.71,1609.0
2017-10-06 13:34:00,47.695,47.7,47.69,47.7,1200.0
2017-10-06 13:35:00,47.69,47.7,47.69,47.695,1800.0
2017-10-06 13:36:00,47.69,47.69,47.67,47.68,1800.0
2017-10-06 13:39:00,47.68,47.69,47.67,47.69,2100.0
2017-10-06 13:40:00,47.6667,47.67,47.6667,47.67,1000.0
2017-10-06 13:41:00,47.67,47.68,47.665,47.67,1303.0
2017-10-06 13:42:00,47.67,47.67,47.67,47.67,100.0
2017-10-06 13:43:00,47.68,47.68,47.675,47.68,400.0
2017-10-06 13:44:00,47.665,47.67,47.665,47.67,1200.0
2017-10-06 13:45:00,47.66,47.66,47.66,47.66,100.0
2017-10-06 13:46:00,47.67,47.67,47.66,47.66,200.0
2017-10-06 13:47:00,47.65,47.66,47.65,47.66,1700.0
2017-10-06 13:48:00,47.645,47.66,47.64,47.65,2700.0
2017-10-06 13:49:00,47.64,47.645,47.63,47.645,6500.0
2017-10-06 13:50:00,47.63,47.64,47.63,47.635,3400.0
2017-10-06 13:51:00,47.67,47.67,47.635,47.64,5072.0
2017-10-06 13:53:00,47.67,47.67,47.67,47.67,800.0
2017-10-06 13:54:00,47.68,47.68,47.67,47.67,1000.0
2017-10-06 13:55:00,47.6701,47.68,47.67,47.68,700.0
2017-10-06 13:56:00,47.68,47.68,47.67,47.67,500.0
2017-10-06 13:57:00,47.65,47.67,47.65,47.67,5865.0
2017-10-06 13:58:00,47.635,47.64,47.63,47.64,2932.0
2017-10-06 13:59:00,47.645,47.65,47.64,47.64,1502.0
2017-10-06 14:00:00,47.68,47.68,47.645,47.645,2300.0
2017-10-06 14:01:00,47.7,47.7,47.67,47.67,1411.0
2017-10-06 14:02:00,47.715,47.72,47.71,47.71,420.0
2017-10-06 14:03:00,47.72,47.72,47.71,47.71,1200.0
2017-10-06 14:04:00,47.77,47.78,47.735,47.74,8575.0
2017-10-06 14:05:00,47.78,47.78,47.77,47.78,400.0
2017-10-06 14:06:00,47.761,47.78,47.761,47.78,2464.0
2017-10-06 14:07:00,47.75,47.77,47.75,47.7625,4426.0
2017-10-06 14:08:00,47.75,47.76,47.74,47.74,13131.0
2017-10-06 14:09:00,47.74,47.74,47.74,47.74,1000.0
2017-10-06 14:10:00,47.74,47.75,47.73,47.7386,710.0
2017-10-06 14:11:00,47.74,47.74,47.73,47.74,500.0
2017-10-06 14:12:00,47.74,47.74,47.74,47.74,400.0
2017-10-06 14:13:00,47.72,47.74,47.72,47.73,2481.0
2017-10-06 14:14:00,47.72,47.73,47.72,47.73,1300.0
2017-10-06 14:15:00,47.7214,47.725,47.715,47.725,2850.0
2017-10-06 14:16:00,47.7,47.71,47.7,47.71,2080.0
2017-10-06 14:17:00,47.695,47.6957,47.695,47.6957,261.0
2017-10-06 14:18:00,47.73,47.73,47.7,47.7,2405.0
2017-10-06 14:19:00,47.74,47.75,47.73,47.73,2260.0
2017-10-06 14:20:00,47.74,47.75,47.73,47.75,2644.0
2017-10-06 14:21:00,47.745,47.745,47.7338,47.735,837.0
2017-10-06 14:22:00,47.75,47.75,47.745,47.745,750.0
2017-10-06 14:23:00,47.75,47.75,47.745,47.745,500.0
2017-10-06 14:24:00,47.745,47.75,47.745,47.75,300.0
2017-10-06 14:26:00,47.74,47.75,47.71,47.75,6703.0
2017-10-06 14:27:00,47.73,47.73,47.715,47.72,1216.0
2017-10-06 14:28:00,47.715,47.72,47.71,47.72,1689.0
2017-10-06 14:29:00,47.725,47.725,47.715,47.72,1000.0
2017-10-06 14:30:00,47.71,47.73,47.71,47.73,2215.0
2017-10-06 14:31:00,47.7,47.71,47.7,47.71,2132.0
2017-10-06 14:32:00,47.69,47.691,47.6899,47.691,3130.0
2017-10-06 14:33:00,47.7,47.71,47.69,47.69,1654.0
2017-10-06 14:34:00,47.71,47.71,47.7,47.705,400.0
2017-10-06 14:35:00,47.695,47.705,47.695,47.705,1813.0
2017-10-06 14:36:00,47.69,47.7,47.69,47.7,400.0
2017-10-06 14:37:00,47.69,47.69,47.69,47.69,200.0
2017-10-06 14:38:00,47.7,47.72,47.695,47.695,3860.0
2017-10-06 14:39:00,47.705,47.71,47.705,47.71,900.0
2017-10-06 14:40:00,47.735,47.74,47.71,47.71,4059.0
2017-10-06 14:41:00,47.725,47.735,47.725,47.735,2997.0
2017-10-06 14:42:00,47.72,47.725,47.72,47.72,1700.0
2017-10-06 14:43:00,47.73,47.73,47.7138,47.7138,2986.0
2017-10-06 14:44:00,47.73,47.74,47.725,47.725,1561.0
2017-10-06 14:45:00,47.725,47.7325,47.72,47.73,1500.0
2017-10-06 14:46:00,47.73,47.73,47.72,47.72,649.0
2017-10-06 14:47:00,47.73,47.73,47.72,47.72,1350.0
2017-10-06 14:48:00,47.72,47.73,47.72,47.73,1000.0
2017-10-06 14:49:00,47.74,47.74,47.72,47.72,2211.0
2017-10-06 14:50:00,47.75,47.75,47.735,47.74,1400.0
2017-10-06 14:51:00,47.76,47.76,47.745,47.75,2417.0
2017-10-06 14:52:00,47.75,47.76,47.745,47.75,4700.0
2017-10-06 14:53:00,47.75,47.75,47.75,47.75,300.0
2017-10-06 14:54:00,47.75,47.7592,47.74,47.75,858.0
2017-10-06 14:55:00,47.76,47.76,47.7465,47.7465,320.0
2017-10-06 14:56:00,47.755,47.76,47.75,47.76,900.0
2017-10-06 14:57:00,47.745,47.75,47.745,47.75,2300.0
2017-10-06 14:58:00,47.75,47.75,47.735,47.745,4439.0
2017-10-06 14:59:00,47.76,47.76,47.745,47.7499,2505.0
2017-10-06 15:00:00,47.745,47.76,47.74,47.76,2600.0
2017-10-06 15:01:00,47.745,47.745,47.744,47.744,214.0
2017-10-06 15:02:00,47.745,47.75,47.745,47.75,300.0
2017-10-06 15:03:00,47.7,47.75,47.69,47.74,9900.0
2017-10-06 15:04:00,47.72,47.72,47.705,47.705,1595.0
2017-10-06 15:05:00,47.69,47.71,47.68,47.71,5077.0
2017-10-06 15:06:00,47.6808,47.69,47.68,47.685,1500.0
2017-10-06 15:07:00,47.69,47.69,47.68,47.69,1900.0
2017-10-06 15:08:00,47.685,47.69,47.68,47.68,1100.0
2017-10-06 15:09:00,47.66,47.685,47.65,47.685,3905.0
2017-10-06 15:10:00,47.66,47.675,47.655,47.66,7211.0
2017-10-06 15:11:00,47.64,47.655,47.63,47.655,2193.0
2017-10-06 15:12:00,47.635,47.645,47.63,47.63,4953.0
2017-10-06 15:13:00,47.63,47.64,47.61,47.635,6689.0
2017-10-06 15:14:00,47.625,47.625,47.625,47.625,400.0
2017-10-06 15:15:00,47.6,47.63,47.59,47.63,11246.0
2017-10-06 15:16:00,47.615,47.62,47.595,47.595,7744.0
2017-10-06 15:17:00,47.65,47.65,47.61,47.61,6307.0
2017-10-06 15:18:00,47.66,47.66,47.65,47.65,1400.0
2017-10-06 15:19:00,47.63,47.66,47.625,47.66,6562.0
2017-10-06 15:20:00,47.625,47.625,47.62,47.625,500.0
2017-10-06 15:21:00,47.64,47.64,47.63,47.63,5561.0
2017-10-06 15:22:00,47.645,47.65,47.64,47.64,3689.0
2017-10-06 15:23:00,47.63,47.65,47.62,47.645,6332.0
2017-10-06 15:24:00,47.625,47.625,47.625,47.625,100.0
2017-10-06 15:25:00,47.62,47.635,47.6,47.625,10705.0
2017-10-06 15:26:00,47.635,47.64,47.61,47.615,4372.0
2017-10-06 15:27:00,47.635,47.635,47.625,47.635,2784.0
2017-10-06 15:28:00,47.65,47.65,47.635,47.635,3441.0
2017-10-06 15:29:00,47.645,47.65,47.645,47.645,1200.0
2017-10-06 15:30:00,47.62,47.65,47.62,47.645,4700.0
2017-10-06 15:31:00,47.61,47.63,47.6,47.625,6200.0
2017-10-06 15:32:00,47.6,47.61,47.595,47.61,6606.0
2017-10-06 15:33:00,47.585,47.595,47.58,47.59,3163.0
2017-10-06 15:34:00,47.555,47.585,47.5475,47.585,7961.0
2017-10-06 15:35:00,47.55,47.56,47.55,47.555,1900.0
2017-10-06 15:36:00,47.54,47.57,47.54,47.56,11508.0
2017-10-06 15:37:00,47.54,47.55,47.54,47.54,4988.0
2017-10-06 15:38:00,47.505,47.54,47.5,47.54,18195.0
2017-10-06 15:39:00,47.51,47.51,47.505,47.505,3000.0
2017-10-06 15:40:00,47.465,47.51,47.46,47.5,13536.0
2017-10-06 15:41:00,47.465,47.49,47.45,47.47,16426.0
2017-10-06 15:42:00,47.47,47.48,47.46,47.465,5800.0
2017-10-06 15:43:00,47.49,47.5,47.47,47.47,11500.0
2017-10-06 15:44:00,47.475,47.485,47.47,47.485,5000.0
2017-10-06 15:45:00,47.475,47.48,47.4745,47.48,3900.0
2017-10-06 15:46:00,47.505,47.51,47.475,47.48,9598.0
2017-10-06 15:47:00,47.505,47.51,47.505,47.505,4000.0
2017-10-06 15:48:00,47.51,47.51,47.505,47.505,10325.0
2017-10-06 15:49:00,47.475,47.51,47.465,47.51,16919.0
2017-10-06 15:50:00,47.45,47.48,47.44,47.48,15255.0
2017-10-06 15:51:00,47.445,47.45,47.44,47.445,6310.0
2017-10-06 15:52:00,47.445,47.45,47.445,47.445,2900.0
2017-10-06 15:53:00,47.405,47.45,47.375,47.45,25085.0
2017-10-06 15:54:00,47.415,47.42,47.405,47.41,5300.0
2017-10-06 15:55:00,47.425,47.43,47.415,47.42,7600.0
2017-10-06 15:56:00,47.46,47.46,47.425,47.425,18139.0
2017-10-06 15:57:00,47.465,47.48,47.45,47.45,17824.0
2017-10-06 15:58:00,47.45,47.47,47.43,47.465,32453.0
2017-10-06 15:59:00,47.45,47.455,47.445,47.445,28981.0
2017-10-06 16:00:00,47.45,47.47,47.44,47.45,34705.0
2017-10-09 09:30:00,47.45,47.45,47.45,47.45,10134.0
2017-10-09 09:31:00,47.53,47.53,47.45,47.45,1800.0
2017-10-09 09:32:00,47.52,47.52,47.52,47.52,100.0
2017-10-09 09:33:00,47.46,47.5,47.46,47.5,1856.0
2017-10-09 09:34:00,47.48,47.49,47.48,47.49,300.0
2017-10-09 09:35:00,47.54,47.54,47.53,47.53,200.0
2017-10-09 09:37:00,47.505,47.54,47.505,47.53,600.0
2017-10-09 09:39:00,47.49,47.5,47.47,47.5,911.0
2017-10-09 09:40:00,47.47,47.51,47.47,47.48,800.0
2017-10-09 09:41:00,47.45,47.485,47.44,47.4738,3626.0
2017-10-09 09:42:00,47.48,47.48,47.47,47.47,300.0
2017-10-09 09:43:00,47.44,47.48,47.44,47.48,780.0
2017-10-09 09:45:00,47.4202,47.46,47.41,47.46,2193.0
2017-10-09 09:46:00,47.36,47.41,47.36,47.41,4915.0
2017-10-09 09:47:00,47.38,47.39,47.36,47.36,1100.0
2017-10-09 09:48:00,47.38,47.39,47.37,47.37,1100.0
2017-10-09 09:49:00,47.41,47.41,47.36,47.38,2227.0
2017-10-09 09:51:00,47.38,47.38,47.38,47.38,100.0
2017-10-09 09:52:00,47.42,47.42,47.39,47.4,1300.0
2017-10-09 09:53:00,47.43,47.45,47.41,47.42,1000.0
2017-10-09 09:54:00,47.45,47.47,47.45,47.45,3400.0
2017-10-09 09:55:00,47.46,47.47,47.46,47.47,300.0
2017-10-09 09:56:00,47.48,47.5,47.48,47.5,200.0
2017-10-09 09:57:00,47.44,47.46,47.44,47.46,1298.0
2017-10-09 09:58:00,47.44,47.44,47.44,47.44,600.0
2017-10-09 09:59:00,47.435,47.47,47.43,47.4484,5500.0
2017-10-09 10:00:00,47.43,47.44,47.39,47.44,1500.0
2017-10-09 10:01:00,47.41,47.41,47.41,47.41,100.0
2017-10-09 10:02:00,47.41,47.41,47.41,47.41,100.0
2017-10-09 10:03:00,47.33,47.39,47.33,47.39,4107.0
2017-10-09 10:04:00,47.32,47.3498,47.32,47.3498,1300.0
2017-10-09 10:05:00,47.305,47.305,47.305,47.305,100.0
2017-10-09 10:06:00,47.34,47.34,47.3,47.3309,571.0
2017-10-09 10:07:00,47.3101,47.325,47.3101,47.325,440.0
2017-10-09 10:08:00,47.27,47.31,47.27,47.31,3178.0
2017-10-09 10:10:00,47.272,47.272,47.26,47.26,400.0
2017-10-09 10:11:00,47.26,47.26,47.26,47.26,100.0
2017-10-09 10:12:00,47.29,47.3,47.28,47.28,1120.0
2017-10-09 10:13:00,47.3,47.3,47.3,47.3,709.0
2017-10-09 10:14:00,47.31,47.32,47.31,47.32,930.0
2017-10-09 10:16:00,47.33,47.33,47.33,47.33,100.0
2017-10-09 10:17:00,47.3,47.32,47.29,47.32,2001.0
2017-10-09 10:18:00,47.28,47.29,47.27,47.29,1500.0
2017-10-09 10:19:00,47.27,47.28,47.26,47.28,600.0
2017-10-09 10:20:00,47.24,47.26,47.24,47.26,2000.0
2017-10-09 10:21:00,47.24,47.26,47.2,47.2582,3008.0
2017-10-09 10:23:00,47.26,47.26,47.26,47.26,390.0
2017-10-09 10:24:00,47.3,47.3,47.25,47.25,781.0
2017-10-09 10:25:00,47.26,47.28,47.26,47.28,1200.0
2017-10-09 10:26:00,47.25,47.25,47.25,47.25,400.0
2017-10-09 10:27:00,47.26,47.26,47.26,47.26,100.0
2017-10-09 10:28:00,47.27,47.27,47.2577,47.26,6250.0
2017-10-09 10:29:00,47.27,47.27,47.26,47.27,970.0
2017-10-09 10:30:00,47.3,47.31,47.27,47.27,1800.0
2017-10-09 10:31:00,47.29,47.3,47.29,47.3,707.0
2017-10-09 10:33:00,47.33,47.35,47.3,47.33,2800.0
2017-10-09 10:34:00,47.33,47.34,47.33,47.34,921.0
2017-10-09 10:35:00,47.35,47.35,47.325,47.325,1050.0
2017-10-09 10:36:00,47.34,47.39,47.34,47.35,2600.0
2017-10-09 10:37:00,47.34,47.35,47.33,47.35,800.0
2017-10-09 10:38:00,47.33,47.34,47.33,47.34,300.0
2017-10-09 10:39:00,47.36,47.36,47.33,47.33,1200.0
2017-10-09 10:40:00,47.35,47.38,47.35,47.38,1601.0
2017-10-09 10:41:00,47.34,47.37,47.34,47.36,1500.0
2017-10-09 10:42:00,47.37,47.37,47.33,47.34,800.0
2017-10-09 10:43:00,47.34,47.37,47.34,47.37,603.0
2017-10-09 10:44:00,47.39,47.39,47.36,47.36,1600.0
2017-10-09 10:45:00,47.39,47.42,47.39,47.3998,2820.0
2017-10-09 10:46:00,47.38,47.4,47.38,47.38,1600.0
2017-10-09 10:47:00,47.39,47.39,47.38,47.385,500.0
2017-10-09 10:48:00,47.38,47.38,47.36,47.38,900.0
2017-10-09 10:49:00,47.33,47.38,47.33,47.38,2034.0
2017-10-09 10:50:00,47.38,47.38,47.34,47.34,2218.0
2017-10-09 10:51:00,47.38,47.38,47.38,47.38,100.0
2017-10-09 10:52:00,47.38,47.38,47.37,47.37,1400.0
2017-10-09 10:53:00,47.41,47.41,47.39,47.39,1010.0
2017-10-09 10:54:00,47.39,47.41,47.39,47.4,1100.0
2017-10-09 10:56:00,47.41,47.41,47.39,47.39,900.0
2017-10-09 10:57:00,47.41,47.41,47.41,47.41,300.0
2017-10-09 10:58:00,47.41,47.4231,47.4,47.4231,1120.0
2017-10-09 11:00:00,47.42,47.42,47.42,47.42,200.0
2017-10-09 11:01:00,47.38,47.42,47.38,47.41,2620.0
2017-10-09 11:02:00,47.38,47.39,47.36,47.39,1900.0
2017-10-09 11:03:00,47.365,47.37,47.365,47.37,700.0
2017-10-09 11:04:00,47.36,47.36,47.35,47.36,1600.0
2017-10-09 11:06:00,47.32,47.35,47.32,47.34,3090.0
2017-10-09 11:07:00,47.315,47.315,47.3,47.31,564.0
2017-10-09 11:08:00,47.34,47.34,47.32,47.32,1164.0
2017-10-09 11:09:00,47.32,47.34,47.31,47.33,2400.0
2017-10-09 11:10:00,47.33,47.33,47.3,47.3,600.0
2017-10-09 11:11:00,47.335,47.35,47.33,47.33,1700.0
2017-10-09 11:12:00,47.345,47.35,47.34,47.35,500.0
2017-10-09 11:13:00,47.345,47.35,47.345,47.35,700.0
2017-10-09 11:14:00,47.36,47.36,47.35,47.35,500.0
2017-10-09 11:15:00,47.36,47.36,47.35,47.35,1100.0
2017-10-09 11:16:00,47.35,47.36,47.35,47.35,466.0
2017-10-09 11:17:00,47.34,47.35,47.34,47.35,1100.0
2017-10-09 11:18:00,47.34,47.35,47.34,47.35,700.0
2017-10-09 11:19:00,47.34,47.35,47.34,47.34,700.0
2017-10-09 11:20:00,47.35,47.36,47.34,47.35,1800.0
2017-10-09 11:21:00,47.36,47.36,47.36,47.36,100.0
2017-10-09 11:22:00,47.36,47.37,47.36,47.36,400.0
2017-10-09 11:23:00,47.38,47.38,47.365,47.37,1240.0
2017-10-09 11:24:00,47.38,47.39,47.37,47.38,600.0
2017-10-09 11:25:00,47.38,47.39,47.37,47.39,765.0
2017-10-09 11:26:00,47.36,47.38,47.36,47.38,2206.0
2017-10-09 11:27:00,47.35,47.36,47.35,47.36,2100.0
2017-10-09 11:28:00,47.35,47.36,47.35,47.355,1000.0
2017-10-09 11:29:00,47.35,47.36,47.34,47.35,2400.0
2017-10-09 11:30:00,47.36,47.36,47.34,47.34,1610.0
2017-10-09 11:32:00,47.34,47.35,47.34,47.35,700.0
2017-10-09 11:33:00,47.35,47.355,47.34,47.34,1300.0
2017-10-09 11:34:00,47.365,47.37,47.34,47.34,1780.0
2017-10-09 11:35:00,47.37,47.375,47.37,47.37,900.0
2017-10-09 11:36:00,47.35,47.37,47.34,47.37,3434.0
2017-10-09 11:37:00,47.34,47.35,47.34,47.34,2720.0
2017-10-09 11:38:00,47.35,47.35,47.33,47.34,1500.0
2017-10-09 11:39:00,47.34,47.3428,47.34,47.3428,200.0
2017-10-09 11:40:00,47.38,47.38,47.35,47.35,5033.0
2017-10-09 11:41:00,47.39,47.39,47.37,47.38,900.0
2017-10-09 11:42:00,47.37,47.39,47.37,47.3776,701.0
2017-10-09 11:43:00,47.36,47.36,47.36,47.36,324.0
2017-10-09 11:44:00,47.37,47.37,47.36,47.36,1200.0
2017-10-09 11:46:00,47.38,47.39,47.36,47.37,3600.0
2017-10-09 11:47:00,47.39,47.39,47.38,47.38,200.0
2017-10-09 11:49:00,47.3809,47.3809,47.38,47.38,202.0
2017-10-09 11:50:00,47.34,47.375,47.34,47.37,5875.0
2017-10-09 11:51:00,47.36,47.36,47.33,47.35,2000.0
2017-10-09 11:52:00,47.34,47.345,47.34,47.34,300.0
2017-10-09 11:53:00,47.35,47.35,47.34,47.34,200.0
2017-10-09 11:54:00,47.37,47.37,47.34,47.34,2900.0
2017-10-09 11:55:00,47.4,47.41,47.375,47.375,2203.0
2017-10-09 11:56:00,47.4104,47.42,47.405,47.41,2247.0
2017-10-09 11:57:00,47.43,47.44,47.425,47.43,3435.0
2017-10-09 11:58:00,47.43,47.43,47.43,47.43,400.0
2017-10-09 11:59:00,47.43,47.44,47.43,47.43,800.0
2017-10-09 12:00:00,47.43,47.44,47.43,47.43,600.0
2017-10-09 12:01:00,47.41,47.43,47.4,47.43,4111.0
2017-10-09 12:02:00,47.42,47.43,47.42,47.43,300.0
2017-10-09 12:03:00,47.4,47.42,47.4,47.42,900.0
2017-10-09 12:04:00,47.4,47.4,47.4,47.4,400.0
2017-10-09 12:05:00,47.4,47.42,47.4,47.4,500.0
2017-10-09 12:06:00,47.39,47.42,47.37,47.42,2400.0
2017-10-09 12:07:00,47.38,47.39,47.38,47.39,200.0
2017-10-09 12:08:00,47.36,47.38,47.36,47.37,800.0
2017-10-09 12:09:00,47.37,47.37,47.35,47.37,2964.0
2017-10-09 12:10:00,47.38,47.4,47.38,47.39,300.0
2017-10-09 12:11:00,47.4,47.4,47.39,47.4,500.0
2017-10-09 12:12:00,47.4,47.4,47.39,47.4,1100.0
2017-10-09 12:13:00,47.4,47.4033,47.3999,47.4033,1689.0
2017-10-09 12:14:00,47.4,47.4,47.395,47.4,700.0
2017-10-09 12:15:00,47.4,47.41,47.39,47.41,771.0
2017-10-09 12:16:00,47.41,47.41,47.4,47.4,600.0
2017-10-09 12:17:00,47.42,47.42,47.4,47.41,2100.0
2017-10-09 12:18:00,47.42,47.42,47.415,47.42,870.0
2017-10-09 12:19:00,47.44,47.44,47.43,47.43,520.0
2017-10-09 12:20:00,47.43,47.46,47.43,47.46,2891.0
2017-10-09 12:21:00,47.41,47.43,47.41,47.42,500.0
2017-10-09 12:22:00,47.44,47.44,47.41,47.41,900.0
2017-10-09 12:23:00,47.43,47.43,47.42,47.43,567.0
2017-10-09 12:24:00,47.4,47.4,47.4,47.4,200.0
2017-10-09 12:25:00,47.41,47.41,47.405,47.41,800.0
2017-10-09 12:26:00,47.4,47.41,47.4,47.41,1600.0
2017-10-09 12:27:00,47.39,47.39,47.39,47.39,100.0
2017-10-09 12:28:00,47.41,47.41,47.41,47.41,100.0
2017-10-09 12:29:00,47.4,47.4,47.39,47.39,900.0
2017-10-09 12:30:00,47.41,47.41,47.41,47.41,100.0
2017-10-09 12:31:00,47.4,47.4,47.4,47.4,300.0
2017-10-09 12:32:00,47.42,47.42,47.405,47.405,1466.0
2017-10-09 12:33:00,47.4,47.4,47.4,47.4,400.0
2017-10-09 12:34:00,47.4,47.4,47.4,47.4,100.0
2017-10-09 12:35:00,47.41,47.41,47.39,47.4,901.0
2017-10-09 12:37:00,47.4,47.4,47.39,47.4,1403.0
2017-10-09 12:38:00,47.39,47.4,47.39,47.4,800.0
2017-10-09 12:40:00,47.38,47.38,47.375,47.38,1500.0
2017-10-09 12:41:00,47.38,47.385,47.3745,47.38,1795.0
2017-10-09 12:42:00,47.375,47.38,47.37,47.38,2116.0
2017-10-09 12:43:00,47.41,47.4147,47.375,47.375,1627.0
2017-10-09 12:44:00,47.43,47.43,47.41,47.41,1320.0
2017-10-09 12:45:00,47.41,47.425,47.41,47.42,1980.0
2017-10-09 12:46:00,47.43,47.445,47.42,47.42,1000.0
2017-10-09 12:47:00,47.43,47.43,47.42,47.42,700.0
2017-10-09 12:48:00,47.41,47.42,47.4,47.42,1600.0
2017-10-09 12:49:00,47.405,47.41,47.39,47.41,3200.0
2017-10-09 12:50:00,47.37,47.39,47.37,47.39,500.0
2017-10-09 12:51:00,47.37,47.37,47.37,47.37,200.0
2017-10-09 12:52:00,47.36,47.37,47.35,47.36,3100.0
2017-10-09 12:53:00,47.35,47.35,47.35,47.35,991.0
2017-10-09 12:54:00,47.34,47.34,47.34,47.34,200.0
2017-10-09 12:55:00,47.36,47.36,47.335,47.34,4148.0
2017-10-09 12:56:00,47.35,47.36,47.35,47.36,1200.0
2017-10-09 12:57:00,47.34,47.35,47.34,47.35,800.0
2017-10-09 12:58:00,47.34,47.34,47.34,47.34,400.0
2017-10-09 12:59:00,47.33,47.34,47.33,47.3342,3500.0
2017-10-09 13:00:00,47.32,47.34,47.31,47.335,15211.0
2017-10-09 13:01:00,47.32,47.33,47.32,47.32,3125.0
2017-10-09 13:02:00,47.34,47.34,47.325,47.33,1702.0
2017-10-09 13:03:00,47.31,47.335,47.3,47.335,4661.0
2017-10-09 13:04:00,47.31,47.31,47.3,47.3,400.0
2017-10-09 13:05:00,47.3,47.3,47.3,47.3,400.0
2017-10-09 13:06:00,47.31,47.31,47.3,47.305,500.0
2017-10-09 13:07:00,47.29,47.305,47.29,47.3,2133.0
2017-10-09 13:08:00,47.29,47.3,47.29,47.295,3577.0
2017-10-09 13:09:00,47.31,47.32,47.3,47.3,1000.0
2017-10-09 13:10:00,47.31,47.31,47.31,47.31,542.0
2017-10-09 13:11:00,47.29,47.32,47.29,47.31,1700.0
2017-10-09 13:12:00,47.27,47.29,47.26,47.29,3056.0
2017-10-09 13:13:00,47.28,47.28,47.28,47.28,400.0
2017-10-09 13:14:00,47.28,47.28,47.27,47.28,1200.0
2017-10-09 13:15:00,47.26,47.28,47.26,47.28,600.0
2017-10-09 13:16:00,47.266000000000005,47.266000000000005,47.26,47.26,1100.0
2017-10-09 13:17:00,47.25,47.25,47.24,47.25,2908.0
2017-10-09 13:18:00,47.26,47.26,47.26,47.26,100.0
2017-10-09 13:19:00,47.26,47.26,47.26,47.26,100.0
2017-10-09 13:20:00,47.27,47.27,47.26,47.26,800.0
2017-10-09 13:22:00,47.3,47.3,47.28,47.3,1700.0
2017-10-09 13:23:00,47.28,47.29,47.28,47.29,1100.0
2017-10-09 13:24:00,47.27,47.28,47.25,47.27,4491.0
2017-10-09 13:25:00,47.29,47.29,47.28,47.28,700.0
2017-10-09 13:26:00,47.28,47.295,47.28,47.295,300.0
2017-10-09 13:27:00,47.3,47.3,47.29,47.29,893.0
2017-10-09 13:28:00,47.31,47.31,47.3,47.305,1000.0
2017-10-09 13:29:00,47.3,47.3,47.295,47.3,700.0
2017-10-09 13:31:00,47.3,47.3,47.29,47.29,905.0
2017-10-09 13:32:00,47.3,47.3,47.27,47.28,2079.0
2017-10-09 13:33:00,47.29,47.29,47.29,47.29,200.0
2017-10-09 13:34:00,47.29,47.3,47.29,47.29,620.0
2017-10-09 13:35:00,47.28,47.285,47.28,47.285,800.0
2017-10-09 13:36:00,47.29,47.29,47.26,47.27,1817.0
2017-10-09 13:37:00,47.28,47.28,47.28,47.28,100.0
2017-10-09 13:39:00,47.28,47.29,47.27,47.27,2018.0
2017-10-09 13:40:00,47.26,47.28,47.25,47.28,1410.0
2017-10-09 13:41:00,47.27,47.27,47.25,47.25,300.0
2017-10-09 13:42:00,47.27,47.27,47.26,47.26,200.0
2017-10-09 13:43:00,47.26,47.26,47.25,47.2581,1691.0
2017-10-09 13:44:00,47.26,47.26,47.2488,47.26,1100.0
2017-10-09 13:45:00,47.27,47.27,47.25,47.25,500.0
2017-10-09 13:46:00,47.26,47.26,47.26,47.26,600.0
2017-10-09 13:47:00,47.24,47.27,47.24,47.265,5500.0
2017-10-09 13:48:00,47.24,47.25,47.24,47.24,400.0
2017-10-09 13:49:00,47.24,47.24,47.22,47.24,2100.0
2017-10-09 13:50:00,47.24,47.24,47.23,47.24,1600.0
2017-10-09 13:51:00,47.22,47.235,47.22,47.23,1950.0
2017-10-09 13:52:00,47.2349,47.24,47.23,47.23,1123.0
2017-10-09 13:53:00,47.23,47.25,47.23,47.24,900.0
2017-10-09 13:54:00,47.2403,47.2403,47.2403,47.2403,134.0
2017-10-09 13:55:00,47.23,47.23,47.22,47.23,1200.0
2017-10-09 13:56:00,47.22,47.235,47.22,47.235,522.0
2017-10-09 13:57:00,47.25,47.25,47.23,47.24,1100.0
2017-10-09 13:58:00,47.22,47.24,47.22,47.23,1500.0
2017-10-09 13:59:00,47.21,47.22,47.21,47.22,2070.0
2017-10-09 14:00:00,47.21,47.22,47.2,47.2,2652.0
2017-10-09 14:01:00,47.21,47.2101,47.2,47.2101,2300.0
2017-10-09 14:02:00,47.21,47.22,47.21,47.22,800.0
2017-10-09 14:03:00,47.25,47.25,47.215,47.22,4232.0
2017-10-09 14:04:00,47.26,47.26,47.25,47.25,800.0
2017-10-09 14:05:00,47.27,47.27,47.26,47.27,664.0
2017-10-09 14:06:00,47.27,47.27,47.26,47.26,800.0
2017-10-09 14:07:00,47.27,47.27,47.26,47.27,800.0
2017-10-09 14:08:00,47.27,47.27,47.265,47.27,500.0
2017-10-09 14:09:00,47.27,47.28,47.26,47.265,3350.0
2017-10-09 14:10:00,47.28,47.28,47.28,47.28,300.0
2017-10-09 14:11:00,47.29,47.29,47.28,47.28,400.0
2017-10-09 14:12:00,47.26,47.29,47.26,47.29,5146.0
2017-10-09 14:13:00,47.25,47.255,47.24,47.25,2355.0
2017-10-09 14:14:00,47.22,47.24,47.22,47.24,1300.0
2017-10-09 14:15:00,47.24,47.24,47.24,47.24,200.0
2017-10-09 14:16:00,47.21,47.23,47.21,47.2228,1893.0
2017-10-09 14:17:00,47.21,47.23,47.205,47.21,4610.0
2017-10-09 14:18:00,47.1901,47.23,47.1901,47.22,5657.0
2017-10-09 14:19:00,47.2,47.2,47.2,47.2,2254.0
2017-10-09 14:20:00,47.15,47.2,47.15,47.2,5500.0
2017-10-09 14:21:00,47.175,47.19,47.16,47.16,2102.0
2017-10-09 14:22:00,47.17,47.18,47.17,47.17,3235.0
2017-10-09 14:23:00,47.05,47.18,46.86,47.18,47870.0
2017-10-09 14:24:00,47.08,47.08,46.98,47.06,17563.0
2017-10-09 14:25:00,47.075,47.08,47.04,47.08,1900.0
2017-10-09 14:26:00,47.06,47.075,47.06,47.075,200.0
2017-10-09 14:27:00,47.07,47.09,47.06,47.09,3613.0
2017-10-09 14:28:00,47.08,47.08,47.07,47.08,2371.0
2017-10-09 14:29:00,46.97,47.09,46.94,47.09,19135.0
2017-10-09 14:30:00,47.03,47.03,46.98,46.98,3610.0
2017-10-09 14:31:00,47.03,47.04,47.01,47.03,4073.0
2017-10-09 14:32:00,47.04,47.07,47.02,47.02,4690.0
2017-10-09 14:33:00,47.035,47.04,47.02,47.03,1390.0
2017-10-09 14:34:00,47.07,47.08,47.035,47.035,2340.0
2017-10-09 14:35:00,47.07,47.0719,47.065,47.0719,1825.0
2017-10-09 14:36:00,47.08,47.08,47.06,47.06,1814.0
2017-10-09 14:37:00,47.07,47.08,47.049,47.08,7046.0
2017-10-09 14:39:00,47.055,47.08,47.05,47.08,3904.0
2017-10-09 14:40:00,47.07,47.07,47.05,47.05,2563.0
2017-10-09 14:41:00,47.06,47.06,47.05,47.06,4011.0
2017-10-09 14:42:00,47.04,47.07,47.04,47.07,3519.0
2017-10-09 14:43:00,47.04,47.06,47.04,47.05,2444.0
2017-10-09 14:44:00,47.05,47.055,47.04,47.04,1400.0
2017-10-09 14:45:00,47.015,47.04,47.015,47.04,41087.0
2017-10-09 14:46:00,47.05,47.07,47.02,47.02,12661.0
2017-10-09 14:47:00,47.07,47.07,47.05,47.055,9178.0
2017-10-09 14:48:00,47.1,47.1,47.06,47.06,2100.0
2017-10-09 14:49:00,47.14,47.14,47.1,47.1,2000.0
2017-10-09 14:50:00,47.14,47.14,47.13,47.14,600.0
2017-10-09 14:51:00,47.14,47.16,47.13,47.14,3205.0
2017-10-09 14:52:00,47.16,47.18,47.13,47.14,1721.0
2017-10-09 14:53:00,47.16,47.17,47.15,47.17,2851.0
2017-10-09 14:54:00,47.14,47.16,47.14,47.15,5400.0
2017-10-09 14:55:00,47.13,47.15,47.11,47.14,9329.0
2017-10-09 14:56:00,47.155,47.155,47.14,47.14,2100.0
2017-10-09 14:57:00,47.14,47.155,47.14,47.15,1600.0
2017-10-09 14:58:00,47.1101,47.15,47.105,47.15,6488.0
2017-10-09 14:59:00,47.06,47.13,47.06,47.11,8791.0
2017-10-09 15:00:00,47.085,47.095,47.07,47.07,5237.0
2017-10-09 15:01:00,47.07,47.08,47.05,47.08,6200.0
2017-10-09 15:02:00,47.1,47.1,47.08,47.08,9180.0
2017-10-09 15:03:00,47.11,47.11,47.09,47.11,300.0
2017-10-09 15:04:00,47.115,47.115,47.1,47.11,4860.0
2017-10-09 15:05:00,47.09,47.11,47.05,47.11,16220.0
2017-10-09 15:06:00,47.09,47.1,47.08,47.08,5187.0
2017-10-09 15:07:00,47.075,47.1,47.07,47.1,4500.0
2017-10-09 15:08:00,47.07,47.08,47.07,47.07,1400.0
2017-10-09 15:09:00,47.055,47.07,47.04,47.07,10534.0
2017-10-09 15:10:00,47.045,47.07,47.04,47.055,11156.0
2017-10-09 15:11:00,47.0416,47.045,47.04,47.04,800.0
2017-10-09 15:12:00,47.07,47.07,47.04,47.045,6200.0
2017-10-09 15:13:00,47.0425,47.06,47.04,47.06,3160.0
2017-10-09 15:14:00,47.06,47.06,47.04,47.05,2500.0
2017-10-09 15:15:00,47.06,47.07,47.05,47.06,2900.0
2017-10-09 15:16:00,47.065,47.07,47.06,47.065,900.0
2017-10-09 15:17:00,47.065,47.07,47.06,47.065,1200.0
2017-10-09 15:18:00,47.1,47.12,47.07,47.07,15227.0
2017-10-09 15:19:00,47.095,47.095,47.09,47.095,400.0
2017-10-09 15:20:00,47.095,47.1,47.09,47.0945,1617.0
2017-10-09 15:21:00,47.1,47.11,47.095,47.1,1600.0
2017-10-09 15:22:00,47.095,47.1,47.09,47.1,4234.0
2017-10-09 15:23:00,47.05,47.105,47.04,47.1,13822.0
2017-10-09 15:24:00,47.05,47.05,47.04,47.05,700.0
2017-10-09 15:25:00,47.05,47.0558,47.05,47.055,725.0
2017-10-09 15:26:00,47.01,47.05,46.98,47.05,15809.0
2017-10-09 15:27:00,47.04,47.04,47.02,47.02,2300.0
2017-10-09 15:28:00,47.04,47.04,47.03,47.03,1600.0
2017-10-09 15:29:00,47.045,47.045,47.035,47.035,2497.0
2017-10-09 15:30:00,47.04,47.06,47.04,47.05,6474.0
2017-10-09 15:31:00,47.0003,47.04,46.99,47.04,16736.0
2017-10-09 15:32:00,47.0,47.005,47.0,47.005,830.0
2017-10-09 15:33:00,47.02,47.02,47.0,47.005,7394.0
2017-10-09 15:34:00,46.98,47.02,46.98,47.01,4100.0
2017-10-09 15:35:00,46.98,46.995,46.98,46.99,4163.0
2017-10-09 15:36:00,46.99,46.995,46.98,46.985,4300.0
2017-10-09 15:37:00,46.99,46.99,46.98,46.985,3369.0
2017-10-09 15:38:00,46.95,46.9899,46.93,46.9899,17001.0
2017-10-09 15:39:00,46.975,46.98,46.96,46.96,6197.0
2017-10-09 15:40:00,46.995,47.0,46.975,46.975,2800.0
2017-10-09 15:41:00,47.005,47.01,46.99,46.995,3230.0
2017-10-09 15:42:00,46.99,47.01,46.99,47.005,5493.0
2017-10-09 15:43:00,46.99,46.995,46.99,46.995,1400.0
2017-10-09 15:44:00,46.94,46.995,46.93,46.99,18097.0
2017-10-09 15:45:00,46.945,46.95,46.94,46.94,3359.0
2017-10-09 15:46:00,46.96,46.96,46.94,46.94,7300.0
2017-10-09 15:47:00,46.93,46.955,46.93,46.955,8326.0
2017-10-09 15:48:00,46.925,46.935,46.92,46.935,5438.0
2017-10-09 15:49:00,46.925,46.93,46.92,46.925,8875.0
2017-10-09 15:50:00,46.925,46.93,46.92,46.93,3800.0
2017-10-09 15:51:00,46.97,46.97,46.93,46.93,15176.0
2017-10-09 15:52:00,46.965,46.985,46.96,46.975,14083.0
2017-10-09 15:53:00,46.965,46.97,46.96,46.965,2117.0
2017-10-09 15:54:00,46.94,46.965,46.93,46.96,22759.0
2017-10-09 15:55:00,46.945,46.95,46.94,46.945,7500.0
2017-10-09 15:56:00,46.99,46.99,46.94,46.945,17066.0
2017-10-09 15:57:00,46.98,46.99,46.97,46.99,16456.0
2017-10-09 15:58:00,46.95,46.99,46.95,46.98,14806.0
2017-10-09 15:59:00,46.975,46.975,46.95,46.955,10441.0
2017-10-09 16:00:00,47.0,47.01,46.97,46.98,26472.0
2017-10-10 09:30:00,47.02,47.02,47.02,47.02,11266.0
2017-10-10 09:31:00,47.08,47.08,47.08,47.08,100.0
2017-10-10 09:33:00,47.15,47.157,47.15,47.157,624.0
2017-10-10 09:34:00,47.13,47.14,47.13,47.14,300.0
2017-10-10 09:35:00,47.16,47.17,47.16,47.17,842.0
2017-10-10 09:36:00,47.17,47.18,47.15,47.15,2435.0
2017-10-10 09:37:00,47.1886,47.19,47.16,47.1672,2742.0
2017-10-10 09:38:00,47.21,47.22,47.173,47.18,1700.0
2017-10-10 09:39:00,47.2193,47.22,47.19,47.21,2878.0
2017-10-10 09:40:00,47.13,47.28,47.13,47.28,23830.0
2017-10-10 09:41:00,47.15,47.17,47.12,47.13,4992.0
2017-10-10 09:42:00,47.1,47.16,47.1,47.16,1747.0
2017-10-10 09:43:00,47.05,47.1,46.9703,47.07,41689.0
2017-10-10 09:44:00,47.03,47.06,47.03,47.04,1000.0
2017-10-10 09:45:00,47.04,47.06,47.03,47.06,2000.0
2017-10-10 09:46:00,47.1,47.115,47.03,47.05,13544.0
2017-10-10 09:47:00,47.07,47.1,47.06,47.09,5585.0
2017-10-10 09:48:00,47.08,47.1,47.04,47.06,5802.0
2017-10-10 09:49:00,47.06,47.08,47.06,47.08,500.0
2017-10-10 09:50:00,47.13,47.16,47.08,47.08,7545.0
2017-10-10 09:51:00,47.12,47.15,47.12,47.14,7890.0
2017-10-10 09:52:00,47.0801,47.1201,47.08,47.1201,2600.0
2017-10-10 09:53:00,47.09,47.1,47.08,47.08,3698.0
2017-10-10 09:54:00,47.07,47.1,47.07,47.095,2100.0
2017-10-10 09:55:00,47.09,47.1,47.08,47.08,4841.0
2017-10-10 09:56:00,47.11,47.11,47.09,47.09,9360.0
2017-10-10 09:57:00,47.11,47.12,47.11,47.11,2224.0
2017-10-10 09:58:00,47.13,47.13,47.1025,47.1025,2210.0
2017-10-10 09:59:00,47.14,47.14,47.12,47.12,3206.0
2017-10-10 10:00:00,47.2,47.2,47.14,47.14,8151.0
2017-10-10 10:01:00,47.17,47.19,47.17,47.18,2240.0
2017-10-10 10:02:00,47.13,47.17,47.12,47.17,5927.0
2017-10-10 10:03:00,47.0999,47.12,47.09,47.12,5518.0
2017-10-10 10:04:00,47.13,47.13,47.09,47.095,6097.0
2017-10-10 10:05:00,47.16,47.16,47.13,47.13,1400.0
2017-10-10 10:06:00,47.16,47.16,47.145,47.145,2050.0
2017-10-10 10:07:00,47.14,47.16,47.14,47.15,4087.0
2017-10-10 10:08:00,47.11,47.15,47.11,47.14,3428.0
2017-10-10 10:09:00,47.09,47.12,47.085,47.11,7224.0
2017-10-10 10:10:00,47.04,47.09,47.01,47.09,13000.0
2017-10-10 10:11:00,47.02,47.03,47.01,47.02,1610.0
2017-10-10 10:12:00,46.99,47.035,46.99,47.02,12150.0
2017-10-10 10:13:00,46.98,47.03,46.97,46.9999,2800.0
2017-10-10 10:14:00,46.99,47.0,46.94,46.98,5711.0
2017-10-10 10:15:00,46.99,46.99,46.97,46.99,5060.0
2017-10-10 10:16:00,46.99,47.01,46.97,46.98,10796.0
2017-10-10 10:17:00,47.01,47.02,46.97,46.98,3100.0
2017-10-10 10:18:00,47.0,47.01,47.0,47.01,1020.0
2017-10-10 10:19:00,47.07,47.07,47.0075,47.0075,5509.0
2017-10-10 10:20:00,47.05,47.07,47.03,47.07,4900.0
2017-10-10 10:21:00,47.045,47.06,47.03,47.06,1200.0
2017-10-10 10:22:00,47.06,47.07,47.04,47.05,5900.0
2017-10-10 10:23:00,47.04,47.06,47.04,47.06,1300.0
2017-10-10 10:24:00,47.05,47.05,47.035,47.04,2000.0
2017-10-10 10:25:00,47.045,47.05,47.04,47.05,1500.0
2017-10-10 10:26:00,47.05,47.05,47.045,47.045,800.0
2017-10-10 10:27:00,47.06,47.06,47.05,47.06,2444.0
2017-10-10 10:28:00,47.06,47.07,47.045,47.06,5300.0
2017-10-10 10:29:00,47.045,47.06,47.045,47.06,1700.0
2017-10-10 10:30:00,47.05,47.05,47.035,47.05,4737.0
2017-10-10 10:31:00,46.99,47.05,46.99,47.05,2700.0
2017-10-10 10:32:00,46.99,46.99,46.99,46.99,150.0
2017-10-10 10:33:00,46.79,46.98,46.74,46.98,16477.0
2017-10-10 10:34:00,46.68,46.78,46.65,46.78,16138.0
2017-10-10 10:35:00,46.57,46.73,46.57,46.69,12268.0
2017-10-10 10:36:00,46.6,46.62,46.52,46.585,24688.0
2017-10-10 10:37:00,46.485,46.59,46.42,46.59,15174.0
2017-10-10 10:38:00,46.5689,46.5689,46.485,46.485,2409.0
2017-10-10 10:39:00,46.63,46.63,46.59,46.59,6047.0
2017-10-10 10:40:00,46.68,46.73,46.63,46.63,7233.0
2017-10-10 10:41:00,46.61,46.69,46.6,46.69,8045.0
2017-10-10 10:42:00,46.63,46.68,46.61,46.61,1934.0
2017-10-10 10:43:00,46.64,46.67,46.64,46.66,2400.0
2017-10-10 10:44:00,46.7812,46.7812,46.64,46.65,3800.0
2017-10-10 10:45:00,46.77,46.82,46.73,46.82,5810.0
2017-10-10 10:46:00,46.84,46.84,46.74,46.75,3300.0
2017-10-10 10:47:00,46.765,46.82,46.765,46.82,1710.0
2017-10-10 10:48:00,46.85,46.85,46.75,46.765,9389.0
2017-10-10 10:49:00,46.84,46.85,46.84,46.85,1300.0
2017-10-10 10:50:00,46.85,46.86,46.8,46.86,23367.0
2017-10-10 10:51:00,46.82,46.85,46.82,46.84,4798.0
2017-10-10 10:52:00,46.84,46.86,46.81,46.84,5621.0
2017-10-10 10:53:00,46.83,46.84,46.81,46.8397,2816.0
2017-10-10 10:54:00,46.88,46.88,46.82,46.83,6532.0
2017-10-10 10:55:00,46.86,46.87,46.825,46.87,4558.0
2017-10-10 10:56:00,46.843,46.87,46.843,46.86,840.0
2017-10-10 10:57:00,46.89,46.89,46.87,46.87,1321.0
2017-10-10 10:58:00,46.9,46.92,46.88,46.88,8036.0
2017-10-10 10:59:00,46.92,46.92,46.9,46.9,915.0
2017-10-10 11:00:00,46.93,46.94,46.91,46.92,2315.0
2017-10-10 11:01:00,46.88,46.92,46.84,46.91,7557.0
2017-10-10 11:02:00,46.87,46.88,46.86,46.88,1070.0
2017-10-10 11:03:00,46.92,46.92,46.87,46.88,11522.0
2017-10-10 11:04:00,46.895,46.91,46.89,46.91,3152.0
2017-10-10 11:05:00,46.89,46.9,46.875,46.9,2001.0
2017-10-10 11:06:00,46.89,46.895,46.87,46.88,1900.0
2017-10-10 11:07:00,46.93,46.93,46.89,46.89,3500.0
2017-10-10 11:08:00,46.93,46.94,46.93,46.94,1800.0
2017-10-10 11:09:00,46.925,46.93,46.92,46.93,1200.0
2017-10-10 11:10:00,46.95,46.95,46.91,46.91,1400.0
2017-10-10 11:11:00,46.96,46.96,46.93,46.95,4958.0
2017-10-10 11:12:00,46.93,46.93,46.93,46.93,705.0
2017-10-10 11:13:00,46.98,46.98,46.94,46.94,1145.0
2017-10-10 11:14:00,46.97,46.97,46.97,46.97,2200.0
2017-10-10 11:15:00,47.0,47.0,46.98,46.98,1700.0
2017-10-10 11:16:00,47.0,47.01,47.0,47.0,1900.0
2017-10-10 11:17:00,47.01,47.01,46.995,46.995,700.0
2017-10-10 11:18:00,47.015,47.02,47.01,47.01,1200.0
2017-10-10 11:19:00,47.005,47.02,47.0,47.01,1802.0
2017-10-10 11:20:00,47.025,47.025,46.99,47.0029,5315.0
2017-10-10 11:21:00,46.99,47.02,46.975,47.02,4236.0
2017-10-10 11:22:00,46.99,46.99,46.99,46.99,735.0
2017-10-10 11:23:00,46.995,47.0,46.995,47.0,300.0
2017-10-10 11:24:00,47.01,47.03,46.99,46.99,1900.0
2017-10-10 11:25:00,46.99,47.0,46.9846,47.0,3387.0
2017-10-10 11:26:00,46.915,46.99,46.91,46.99,7237.0
2017-10-10 11:27:00,46.915,46.915,46.9138,46.9138,300.0
2017-10-10 11:28:00,46.94,46.94,46.92,46.93,1000.0
2017-10-10 11:29:00,46.95,46.95,46.945,46.95,1500.0
2017-10-10 11:30:00,46.94,46.98,46.94,46.95,4098.0
2017-10-10 11:31:00,46.9,46.96,46.9,46.95,2100.0
2017-10-10 11:32:00,46.91,46.91,46.9,46.9,1300.0
2017-10-10 11:33:00,46.95,46.95,46.91,46.91,4380.0
2017-10-10 11:34:00,46.93,46.96,46.93,46.95,2000.0
2017-10-10 11:35:00,46.92,46.95,46.92,46.92,2010.0
2017-10-10 11:36:00,46.96,46.96,46.94,46.94,1582.0
2017-10-10 11:37:00,46.95,46.96,46.94,46.96,900.0
2017-10-10 11:38:00,46.95,46.96,46.95,46.96,700.0
2017-10-10 11:39:00,46.91,46.96,46.91,46.96,1400.0
2017-10-10 11:40:00,46.92,46.93,46.92,46.92,600.0
2017-10-10 11:41:00,46.93,46.93,46.92,46.93,700.0
2017-10-10 11:42:00,46.93,46.93,46.93,46.93,300.0
2017-10-10 11:43:00,46.94,46.956,46.93,46.935,2154.0
2017-10-10 11:44:00,46.94,46.94,46.93,46.93,1100.0
2017-10-10 11:45:00,46.93,46.95,46.93,46.95,1240.0
2017-10-10 11:46:00,46.92,46.94,46.92,46.94,400.0
2017-10-10 11:47:00,46.92,46.93,46.92,46.93,790.0
2017-10-10 11:48:00,46.94,46.95,46.925,46.925,2200.0
2017-10-10 11:49:00,46.94,46.95,46.9288,46.95,1000.0
2017-10-10 11:50:00,46.96,46.9612,46.95,46.95,1675.0
2017-10-10 11:51:00,46.97,46.97,46.955,46.96,1025.0
2017-10-10 11:52:00,46.97,46.97,46.965,46.965,400.0
2017-10-10 11:53:00,46.97,46.975,46.96,46.96,3000.0
2017-10-10 11:54:00,46.98,46.98,46.98,46.98,200.0
2017-10-10 11:55:00,46.99,46.99,46.975,46.975,1266.0
2017-10-10 11:56:00,46.9814,46.99,46.9814,46.985,300.0
2017-10-10 11:57:00,46.99,46.99,46.975,46.985,15560.0
2017-10-10 11:58:00,47.0,47.0,46.98,46.99,8509.0
2017-10-10 11:59:00,46.98,46.995,46.98,46.99,3043.0
2017-10-10 12:00:00,47.0,47.0,46.98,46.98,1600.0
2017-10-10 12:01:00,46.995,47.0,46.995,47.0,800.0
2017-10-10 12:02:00,47.0,47.01,46.995,47.0,5349.0
2017-10-10 12:03:00,46.99,47.0,46.98,47.0,1900.0
2017-10-10 12:04:00,46.98,47.0,46.98,46.98,1200.0
2017-10-10 12:05:00,46.98,46.99,46.98,46.98,1600.0
2017-10-10 12:06:00,46.99,47.0,46.98,46.98,2588.0
2017-10-10 12:07:00,46.95,46.99,46.95,46.99,2400.0
2017-10-10 12:08:00,46.96,46.96,46.94,46.945,3174.0
2017-10-10 12:09:00,46.95,46.97,46.95,46.96,700.0
2017-10-10 12:10:00,47.0,47.01,46.98,46.98,21700.0
2017-10-10 12:11:00,47.0,47.0,46.99,46.99,200.0
2017-10-10 12:12:00,47.0,47.01,47.0,47.01,600.0
2017-10-10 12:13:00,47.03,47.04,47.0,47.0,3995.0
2017-10-10 12:14:00,47.04,47.04,47.03,47.03,1000.0
2017-10-10 12:15:00,47.05,47.06,47.045,47.045,2400.0
2017-10-10 12:16:00,47.01,47.055,47.01,47.05,3300.0
2017-10-10 12:17:00,47.03,47.03,47.02,47.02,1400.0
2017-10-10 12:18:00,47.05,47.05,47.035,47.04,1200.0
2017-10-10 12:19:00,47.03,47.035,47.03,47.03,475.0
2017-10-10 12:20:00,47.035,47.035,47.035,47.035,200.0
2017-10-10 12:21:00,47.04,47.04,47.04,47.04,700.0
2017-10-10 12:22:00,47.05,47.06,47.05,47.05,1965.0
2017-10-10 12:23:00,47.07,47.08,47.04,47.05,3422.0
2017-10-10 12:24:00,47.065,47.075,47.065,47.075,787.0
2017-10-10 12:25:00,47.07,47.07,47.06,47.07,1225.0
2017-10-10 12:26:00,47.07,47.08,47.055,47.07,2539.0
2017-10-10 12:27:00,47.07,47.07,47.055,47.07,2100.0
2017-10-10 12:28:00,47.1,47.1,47.08,47.08,1658.0
2017-10-10 12:29:00,47.06,47.1,47.06,47.095,3000.0
2017-10-10 12:30:00,47.08,47.08,47.06,47.06,900.0
2017-10-10 12:31:00,47.065,47.065,47.06,47.06,935.0
2017-10-10 12:32:00,47.05,47.05,47.05,47.05,278.0
2017-10-10 12:33:00,47.06,47.06,47.05,47.05,1591.0
2017-10-10 12:34:00,47.06,47.06,47.05,47.05,400.0
2017-10-10 12:35:00,47.05,47.07,47.05,47.07,900.0
2017-10-10 12:36:00,47.05,47.05,47.05,47.05,600.0
2017-10-10 12:37:00,47.04,47.06,47.04,47.06,900.0
2017-10-10 12:38:00,47.03,47.04,47.03,47.04,800.0
2017-10-10 12:39:00,47.03,47.03,47.03,47.03,300.0
2017-10-10 12:40:00,47.045,47.045,47.04,47.04,200.0
2017-10-10 12:41:00,47.06,47.06,47.05,47.05,700.0
2017-10-10 12:42:00,47.04,47.04,47.04,47.04,200.0
2017-10-10 12:43:00,47.06,47.06100000000001,47.05,47.05,700.0
2017-10-10 12:44:00,47.05,47.07,47.05,47.07,1400.0
2017-10-10 12:45:00,47.06,47.06,47.06,47.06,300.0
2017-10-10 12:46:00,47.055,47.065,47.055,47.065,700.0
2017-10-10 12:47:00,47.05,47.05,47.04,47.05,1600.0
2017-10-10 12:48:00,47.04,47.06,47.04,47.06,2135.0
2017-10-10 12:49:00,47.03,47.06,47.03,47.05,3116.0
2017-10-10 12:50:00,47.04,47.05,47.04,47.05,200.0
2017-10-10 12:51:00,47.04,47.05,47.04,47.04,1391.0
2017-10-10 12:52:00,47.035,47.035,47.035,47.035,300.0
2017-10-10 12:53:00,47.045,47.05,47.04,47.04,1490.0
2017-10-10 12:54:00,47.06,47.06,47.05,47.05,1014.0
2017-10-10 12:55:00,47.07,47.07,47.05,47.06,400.0
2017-10-10 12:56:00,47.06,47.07,47.05,47.05,400.0
2017-10-10 12:57:00,47.05,47.06,47.05,47.06,500.0
2017-10-10 12:58:00,47.075,47.08,47.05,47.055,2383.0
2017-10-10 12:59:00,47.075,47.075,47.075,47.075,100.0
2017-10-10 13:00:00,47.07,47.08,47.07,47.07,2700.0
2017-10-10 13:01:00,47.065,47.0686,47.06,47.06,806.0
2017-10-10 13:02:00,47.07,47.07,47.06,47.06,3816.0
2017-10-10 13:03:00,47.05,47.07,47.05,47.07,2410.0
2017-10-10 13:04:00,47.04,47.06,47.04,47.05,1872.0
2017-10-10 13:05:00,47.05,47.05,47.05,47.05,300.0
2017-10-10 13:06:00,47.055,47.055,47.055,47.055,120.0
2017-10-10 13:07:00,47.04,47.05,47.04,47.05,1033.0
2017-10-10 13:08:00,47.05,47.06,47.045,47.045,2957.0
2017-10-10 13:09:00,47.05,47.06,47.05,47.06,800.0
2017-10-10 13:11:00,47.07,47.07,47.06,47.06,1848.0
2017-10-10 13:12:00,47.07,47.07,47.07,47.07,600.0
2017-10-10 13:13:00,47.06,47.08,47.06,47.08,2682.0
2017-10-10 13:14:00,47.05,47.065,47.05,47.065,2283.0
2017-10-10 13:15:00,47.06,47.06,47.04,47.05,1945.0
2017-10-10 13:16:00,47.07,47.07,47.05,47.0575,7900.0
2017-10-10 13:17:00,47.09,47.09,47.065,47.07,12883.0
2017-10-10 13:18:00,47.09,47.1,47.085,47.085,12646.0
2017-10-10 13:19:00,47.08,47.09,47.08,47.08,1104.0
2017-10-10 13:20:00,47.095,47.1,47.075,47.075,5299.0
2017-10-10 13:21:00,47.1,47.1011,47.09,47.0995,2100.0
2017-10-10 13:22:00,47.1,47.1,47.1,47.1,100.0
2017-10-10 13:23:00,47.11,47.11,47.1,47.1,400.0
2017-10-10 13:24:00,47.12,47.12,47.105,47.11,1400.0
2017-10-10 13:25:00,47.12,47.12,47.115,47.115,400.0
2017-10-10 13:26:00,47.15,47.16,47.115,47.12,2542.0
2017-10-10 13:27:00,47.135,47.15,47.13,47.15,4978.0
2017-10-10 13:28:00,47.15,47.15,47.135,47.135,4700.0
2017-10-10 13:29:00,47.14,47.145,47.14,47.145,700.0
2017-10-10 13:30:00,47.11,47.14,47.11,47.14,3200.0
2017-10-10 13:31:00,47.125,47.14,47.115,47.115,2395.0
2017-10-10 13:32:00,47.12,47.12,47.12,47.12,400.0
2017-10-10 13:33:00,47.105,47.11,47.1,47.11,1300.0
2017-10-10 13:34:00,47.1,47.1,47.1,47.1,200.0
2017-10-10 13:35:00,47.09,47.1,47.09,47.1,1600.0
2017-10-10 13:36:00,47.1,47.1,47.1,47.1,612.0
2017-10-10 13:37:00,47.08,47.09,47.08,47.09,2980.0
2017-10-10 13:38:00,47.1,47.1,47.09,47.09,500.0
2017-10-10 13:39:00,47.14,47.15,47.1075,47.1075,2801.0
2017-10-10 13:40:00,47.12,47.14,47.1133,47.1388,4708.0
2017-10-10 13:41:00,47.11,47.11,47.11,47.11,100.0
2017-10-10 13:42:00,47.11,47.12,47.11,47.115,713.0
2017-10-10 13:43:00,47.1,47.11,47.1,47.11,1501.0
2017-10-10 13:44:00,47.11,47.11,47.11,47.11,100.0
2017-10-10 13:45:00,47.1,47.11,47.09,47.09,591.0
2017-10-10 13:46:00,47.1058,47.1058,47.1,47.1,1219.0
2017-10-10 13:47:00,47.11,47.11,47.1,47.1,400.0
2017-10-10 13:48:00,47.12,47.12,47.1,47.1,1478.0
2017-10-10 13:49:00,47.09,47.11,47.08,47.11,4168.0
2017-10-10 13:50:00,47.09,47.09,47.09,47.09,2090.0
2017-10-10 13:51:00,47.1,47.105,47.0868,47.0868,1600.0
2017-10-10 13:52:00,47.11,47.11,47.1,47.1,500.0
2017-10-10 13:53:00,47.12,47.13,47.105,47.105,1700.0
2017-10-10 13:54:00,47.12,47.12,47.12,47.12,100.0
2017-10-10 13:55:00,47.13,47.14,47.1189,47.1189,905.0
2017-10-10 13:56:00,47.13,47.131,47.115,47.13,3026.0
2017-10-10 13:57:00,47.13,47.13,47.13,47.13,100.0
2017-10-10 13:58:00,47.13,47.13,47.13,47.13,300.0
2017-10-10 13:59:00,47.13,47.13,47.13,47.13,100.0
2017-10-10 14:00:00,47.12,47.12,47.12,47.12,1666.0
2017-10-10 14:01:00,47.135,47.135,47.11,47.115,5940.0
2017-10-10 14:02:00,47.12,47.14,47.12,47.14,2554.0
2017-10-10 14:03:00,47.125,47.125,47.12,47.125,300.0
2017-10-10 14:04:00,47.13,47.14,47.13,47.13,1780.0
2017-10-10 14:05:00,47.1,47.14,47.09,47.12,17096.0
2017-10-10 14:06:00,47.12,47.12,47.095,47.095,1501.0
2017-10-10 14:07:00,47.1,47.12,47.1,47.12,1704.0
2017-10-10 14:08:00,47.09,47.095,47.09,47.095,200.0
2017-10-10 14:09:00,47.09,47.1,47.09,47.09,506.0
2017-10-10 14:10:00,47.11,47.11,47.1,47.1,2093.0
2017-10-10 14:11:00,47.07,47.1,47.07,47.1,4066.0
2017-10-10 14:12:00,47.09,47.09,47.07,47.07,1300.0
2017-10-10 14:13:00,47.1,47.1,47.1,47.1,500.0
2017-10-10 14:14:00,47.1,47.1,47.09,47.09,700.0
2017-10-10 14:15:00,47.09,47.1,47.09,47.1,1900.0
2017-10-10 14:16:00,47.105,47.105,47.08,47.08,1200.0
2017-10-10 14:17:00,47.1,47.1,47.1,47.1,622.0
2017-10-10 14:18:00,47.1,47.11,47.1,47.1,2588.0
2017-10-10 14:19:00,47.11,47.11,47.1,47.1,1000.0
2017-10-10 14:20:00,47.11,47.11,47.1,47.11,300.0
2017-10-10 14:21:00,47.1,47.115,47.1,47.11,1500.0
2017-10-10 14:23:00,47.12,47.12,47.1,47.1,1900.0
2017-10-10 14:24:00,47.11,47.12,47.11,47.12,700.0
2017-10-10 14:25:00,47.13,47.13,47.115,47.12,1200.0
2017-10-10 14:26:00,47.13,47.13,47.12,47.12,500.0
2017-10-10 14:27:00,47.1,47.12,47.1,47.12,4188.0
2017-10-10 14:28:00,47.11,47.11,47.09,47.09,2497.0
2017-10-10 14:29:00,47.11,47.11,47.11,47.11,500.0
2017-10-10 14:30:00,47.11,47.11,47.11,47.11,100.0
2017-10-10 14:31:00,47.115,47.12,47.11,47.12,1500.0
2017-10-10 14:32:00,47.13,47.14,47.11,47.11,2606.0
2017-10-10 14:33:00,47.115,47.13,47.115,47.13,1217.0
2017-10-10 14:34:00,47.11,47.12,47.11,47.12,200.0
2017-10-10 14:35:00,47.13,47.135,47.115,47.12,2131.0
2017-10-10 14:36:00,47.125,47.125,47.125,47.125,200.0
2017-10-10 14:37:00,47.14,47.14,47.125,47.125,3790.0
2017-10-10 14:38:00,47.14,47.14,47.13,47.135,400.0
2017-10-10 14:39:00,47.145,47.16,47.14,47.14,2848.0
2017-10-10 14:40:00,47.14,47.15,47.14,47.15,600.0
2017-10-10 14:41:00,47.15,47.15,47.145,47.15,500.0
2017-10-10 14:42:00,47.155,47.165,47.15,47.15,1800.0
2017-10-10 14:43:00,47.145,47.16,47.145,47.16,3174.0
2017-10-10 14:44:00,47.1325,47.1429,47.13,47.1429,2215.0
2017-10-10 14:46:00,47.135,47.135,47.1325,47.135,800.0
2017-10-10 14:47:00,47.14,47.14,47.14,47.14,100.0
2017-10-10 14:48:00,47.1325,47.135,47.13,47.135,2200.0
2017-10-10 14:49:00,47.15,47.15,47.135,47.135,2149.0
2017-10-10 14:50:00,47.155,47.155,47.155,47.155,300.0
2017-10-10 14:51:00,47.175,47.18,47.155,47.16,13536.0
2017-10-10 14:52:00,47.19,47.19,47.17,47.175,5539.0
2017-10-10 14:53:00,47.19,47.19,47.18,47.185,1434.0
2017-10-10 14:54:00,47.18,47.185,47.18,47.185,400.0
2017-10-10 14:55:00,47.2,47.2,47.19,47.19,1200.0
2017-10-10 14:56:00,47.195,47.2,47.19,47.2,600.0
2017-10-10 14:57:00,47.195,47.2,47.19,47.2,1064.0
2017-10-10 14:58:00,47.2,47.2,47.1925,47.2,1000.0
2017-10-10 14:59:00,47.22,47.23,47.195,47.2,6309.0
2017-10-10 15:00:00,47.21,47.23,47.205,47.23,5637.0
2017-10-10 15:01:00,47.22,47.22,47.205,47.215,3706.0
2017-10-10 15:02:00,47.225,47.225,47.22,47.22,800.0
2017-10-10 15:03:00,47.23,47.23,47.225,47.225,1172.0
2017-10-10 15:04:00,47.24,47.24,47.23,47.235,700.0
2017-10-10 15:05:00,47.24,47.24,47.24,47.24,300.0
2017-10-10 15:06:00,47.26,47.26,47.235,47.2375,3293.0
2017-10-10 15:07:00,47.245,47.255,47.24,47.255,5272.0
2017-10-10 15:08:00,47.26,47.27,47.245,47.25,4245.0
2017-10-10 15:09:00,47.28,47.29,47.26,47.26,3245.0
2017-10-10 15:10:00,47.275,47.3,47.275,47.285,8427.0
2017-10-10 15:11:00,47.27,47.275,47.27,47.27,3900.0
2017-10-10 15:12:00,47.3,47.3,47.26,47.26,6127.0
2017-10-10 15:13:00,47.3,47.3,47.295,47.3,1425.0
2017-10-10 15:14:00,47.29,47.295,47.28,47.295,2756.0
2017-10-10 15:15:00,47.28,47.285,47.28,47.28,500.0
2017-10-10 15:16:00,47.28,47.2843,47.28,47.28,527.0
2017-10-10 15:17:00,47.26,47.2825,47.26,47.28,4895.0
2017-10-10 15:18:00,47.26,47.26,47.245,47.25,3492.0
2017-10-10 15:19:00,47.27,47.27,47.27,47.27,300.0
2017-10-10 15:20:00,47.31,47.32,47.27,47.27,11373.0
2017-10-10 15:22:00,47.305,47.31,47.3,47.305,1115.0
2017-10-10 15:23:00,47.3,47.31,47.3,47.305,800.0
2017-10-10 15:24:00,47.28,47.31,47.28,47.3043,9114.0
2017-10-10 15:25:00,47.29,47.29,47.265,47.275,4500.0
2017-10-10 15:26:00,47.295,47.295,47.295,47.295,100.0
2017-10-10 15:27:00,47.295,47.3,47.2901,47.3,650.0
2017-10-10 15:28:00,47.315,47.325,47.295,47.295,7413.0
2017-10-10 15:29:00,47.315,47.315,47.315,47.315,200.0
2017-10-10 15:30:00,47.31,47.315,47.3,47.315,4476.0
2017-10-10 15:31:00,47.32,47.32,47.315,47.315,2620.0
2017-10-10 15:32:00,47.33,47.35,47.325,47.33,6795.0
2017-10-10 15:33:00,47.33,47.35,47.33,47.335,7902.0
2017-10-10 15:34:00,47.32,47.33,47.32,47.33,900.0
2017-10-10 15:35:00,47.325,47.325,47.325,47.325,500.0
2017-10-10 15:36:00,47.28,47.32,47.28,47.32,8209.0
2017-10-10 15:37:00,47.3,47.305,47.28,47.285,8705.0
2017-10-10 15:38:00,47.32,47.33,47.2982,47.3,8029.0
2017-10-10 15:39:00,47.325,47.325,47.315,47.32,1700.0
2017-10-10 15:40:00,47.355,47.36,47.325,47.33,7166.0
2017-10-10 15:41:00,47.32,47.355,47.32,47.355,7603.0
2017-10-10 15:42:00,47.345,47.345,47.32,47.325,5540.0
2017-10-10 15:43:00,47.33,47.345,47.325,47.345,6072.0
2017-10-10 15:44:00,47.34,47.345,47.33,47.33,4976.0
2017-10-10 15:45:00,47.36,47.36,47.35,47.35,4940.0
2017-10-10 15:46:00,47.355,47.36,47.35,47.355,2400.0
2017-10-10 15:47:00,47.355,47.36,47.35,47.355,2700.0
2017-10-10 15:48:00,47.34,47.35,47.34,47.35,8240.0
2017-10-10 15:49:00,47.355,47.36,47.345,47.35,5846.0
2017-10-10 15:50:00,47.35,47.36,47.35,47.36,4800.0
2017-10-10 15:51:00,47.36,47.37,47.355,47.355,8182.0
2017-10-10 15:52:00,47.36,47.365,47.33,47.36,26446.0
2017-10-10 15:53:00,47.37,47.37,47.355,47.36,4653.0
2017-10-10 15:54:00,47.355,47.365,47.35,47.36,8533.0
2017-10-10 15:55:00,47.37,47.37,47.35,47.355,6849.0
2017-10-10 15:56:00,47.38,47.4,47.37,47.37,19971.0
2017-10-10 15:57:00,47.385,47.39,47.38,47.385,5684.0
2017-10-10 15:58:00,47.36,47.39,47.36,47.38,18545.0
2017-10-10 15:59:00,47.38,47.38,47.36,47.37,12869.0
2017-10-10 16:00:00,47.32,47.38,47.32,47.375,31140.0
2017-10-11 09:30:00,47.48,47.48,47.48,47.48,5429.0
2017-10-11 09:31:00,47.855,47.88,47.58,47.58,10251.0
2017-10-11 09:32:00,47.8,47.83,47.8,47.83,2800.0
2017-10-11 09:33:00,48.1,48.13,47.82,47.82,15943.0
2017-10-11 09:34:00,47.975,48.105,47.96,48.105,2650.0
2017-10-11 09:35:00,48.01,48.01,47.99,47.99,1600.0
2017-10-11 09:36:00,47.95,48.04,47.89,48.03,5882.0
2017-10-11 09:37:00,47.845,47.95,47.845,47.95,1900.0
2017-10-11 09:38:00,47.81,47.81,47.795,47.795,400.0
2017-10-11 09:39:00,47.82,47.83,47.82,47.83,500.0
2017-10-11 09:40:00,47.8,47.8265,47.78,47.8265,1088.0
2017-10-11 09:41:00,47.7,47.7516,47.7,47.7516,900.0
2017-10-11 09:42:00,47.72,47.72,47.71,47.72,500.0
2017-10-11 09:43:00,47.74,47.74,47.65,47.68,3415.0
2017-10-11 09:44:00,47.72,47.72,47.72,47.72,300.0
2017-10-11 09:45:00,47.69,47.745,47.69,47.73,1538.0
2017-10-11 09:46:00,47.7,47.7,47.66,47.66,400.0
2017-10-11 09:47:00,47.7,47.7,47.68,47.69,870.0
2017-10-11 09:48:00,47.7,47.7,47.68899999999999,47.68899999999999,445.0
2017-10-11 09:49:00,47.72,47.75,47.7,47.73,1600.0
2017-10-11 09:50:00,47.71,47.71,47.71,47.71,100.0
2017-10-11 09:52:00,47.666000000000004,47.71,47.65,47.71,1033.0
2017-10-11 09:53:00,47.63,47.66,47.62,47.66,1700.0
2017-10-11 09:54:00,47.6,47.64,47.6,47.64,800.0
2017-10-11 09:55:00,47.54,47.63,47.54,47.63,2050.0
2017-10-11 09:56:00,47.51,47.535,47.5,47.535,600.0
2017-10-11 09:57:00,47.445,47.54,47.445,47.54,941.0
2017-10-11 09:58:00,47.44,47.48,47.44,47.48,3650.0
2017-10-11 09:59:00,47.41,47.44,47.4,47.44,2500.0
2017-10-11 10:00:00,47.42,47.425,47.38,47.39,5085.0
2017-10-11 10:01:00,47.45,47.45,47.41,47.42,4600.0
2017-10-11 10:03:00,47.46,47.49,47.44,47.485,6489.0
2017-10-11 10:04:00,47.43,47.44,47.43,47.44,400.0
2017-10-11 10:05:00,47.43,47.44,47.43,47.43,1000.0
2017-10-11 10:06:00,47.4,47.44,47.4,47.43,2767.0
2017-10-11 10:07:00,47.37,47.39,47.37,47.39,600.0
2017-10-11 10:08:00,47.37,47.37,47.355,47.355,3100.0
2017-10-11 10:09:00,47.4,47.4,47.34,47.35,11090.0
2017-10-11 10:10:00,47.36,47.37,47.36,47.37,325.0
2017-10-11 10:11:00,47.37,47.37,47.35,47.35,2300.0
2017-10-11 10:12:00,47.31,47.36,47.31,47.36,4487.0
2017-10-11 10:13:00,47.26,47.3,47.26,47.3,2741.0
2017-10-11 10:14:00,47.27,47.3,47.27,47.27,1000.0
2017-10-11 10:15:00,47.28,47.29,47.28,47.29,1416.0
2017-10-11 10:16:00,47.27,47.29,47.2649,47.28,4029.0
2017-10-11 10:17:00,47.26,47.27,47.24,47.27,4715.0
2017-10-11 10:18:00,47.22,47.22,47.22,47.22,100.0
2017-10-11 10:19:00,47.27,47.27,47.24,47.24,3435.0
2017-10-11 10:20:00,47.29,47.31,47.27,47.27,1800.0
2017-10-11 10:21:00,47.31,47.313,47.31,47.313,800.0
2017-10-11 10:22:00,47.3,47.33,47.3,47.32,709.0
2017-10-11 10:23:00,47.3,47.3,47.29,47.29,400.0
2017-10-11 10:24:00,47.3,47.3,47.28,47.29,1000.0
2017-10-11 10:25:00,47.32,47.32,47.32,47.32,507.0
2017-10-11 10:26:00,47.32,47.32,47.32,47.32,200.0
2017-10-11 10:27:00,47.3283,47.33,47.3283,47.33,767.0
2017-10-11 10:28:00,47.33,47.34,47.33,47.34,600.0
2017-10-11 10:29:00,47.33,47.33,47.31,47.33,2576.0
2017-10-11 10:30:00,47.33,47.33,47.33,47.33,100.0
2017-10-11 10:31:00,47.38,47.38,47.34,47.34,2914.0
2017-10-11 10:32:00,47.37,47.38,47.37,47.38,500.0
2017-10-11 10:33:00,47.36,47.38,47.36,47.38,514.0
2017-10-11 10:35:00,47.34,47.35,47.34,47.35,422.0
2017-10-11 10:36:00,47.35,47.35,47.34,47.34,3883.0
2017-10-11 10:37:00,47.39,47.4,47.36,47.36,1700.0
2017-10-11 10:38:00,47.41,47.41,47.4,47.4,1435.0
2017-10-11 10:39:00,47.43,47.43,47.42,47.42,200.0
2017-10-11 10:40:00,47.43,47.45,47.43,47.44,1178.0
2017-10-11 10:41:00,47.43,47.43,47.41,47.42,1150.0
2017-10-11 10:43:00,47.42,47.44,47.42,47.44,700.0
2017-10-11 10:44:00,47.44,47.44,47.44,47.44,400.0
2017-10-11 10:45:00,47.42,47.44,47.42,47.44,590.0
2017-10-11 10:46:00,47.4,47.44,47.4,47.44,2852.0
2017-10-11 10:47:00,47.38,47.4,47.38,47.39,600.0
2017-10-11 10:48:00,47.36,47.37,47.36,47.37,200.0
2017-10-11 10:49:00,47.36,47.36,47.34,47.34,600.0
2017-10-11 10:50:00,47.33,47.36,47.33,47.33,2225.0
2017-10-11 10:51:00,47.33,47.33,47.33,47.33,302.0
2017-10-11 10:52:00,47.31,47.33,47.31,47.33,500.0
2017-10-11 10:53:00,47.34,47.35,47.32,47.32,1120.0
2017-10-11 10:54:00,47.33,47.34,47.33,47.34,1600.0
2017-10-11 10:55:00,47.3,47.32,47.28,47.32,3196.0
2017-10-11 10:56:00,47.29,47.29,47.28,47.28,1800.0
2017-10-11 10:57:00,47.3,47.3,47.28,47.29,1100.0
2017-10-11 10:58:00,47.26,47.28,47.26,47.28,505.0
2017-10-11 11:01:00,47.26,47.28,47.26,47.28,500.0
2017-10-11 11:02:00,47.253,47.28,47.253,47.2688,2662.0
2017-10-11 11:03:00,47.23,47.25,47.23,47.25,2000.0
2017-10-11 11:04:00,47.2317,47.239,47.22,47.239,1644.0
2017-10-11 11:05:00,47.2998,47.2998,47.24,47.24,1800.0
2017-10-11 11:06:00,47.29,47.3199,47.29,47.3,1155.0
2017-10-11 11:07:00,47.29,47.29,47.28,47.29,1304.0
2017-10-11 11:08:00,47.27,47.27,47.27,47.27,200.0
2017-10-11 11:09:00,47.29,47.29,47.29,47.29,100.0
2017-10-11 11:10:00,47.32,47.32,47.29,47.29,2475.0
2017-10-11 11:11:00,47.36,47.36,47.33,47.33,1287.0
2017-10-11 11:12:00,47.37,47.37,47.37,47.37,100.0
2017-10-11 11:13:00,47.36,47.37,47.36,47.37,1539.0
2017-10-11 11:14:00,47.34,47.36,47.34,47.36,1000.0
2017-10-11 11:15:00,47.3412,47.3412,47.3412,47.3412,200.0
2017-10-11 11:16:00,47.35,47.36,47.35,47.35,1262.0
2017-10-11 11:17:00,47.36,47.36,47.34,47.34,1800.0
2017-10-11 11:18:00,47.355,47.38,47.355,47.37,4176.0
2017-10-11 11:19:00,47.37,47.37,47.36,47.36,1100.0
2017-10-11 11:20:00,47.3765,47.39,47.37,47.39,1213.0
2017-10-11 11:22:00,47.4,47.4,47.38,47.4,2600.0
2017-10-11 11:23:00,47.35,47.4,47.35,47.38,1100.0
2017-10-11 11:24:00,47.34,47.36,47.34,47.34,747.0
2017-10-11 11:25:00,47.35,47.35,47.35,47.35,1164.0
2017-10-11 11:26:00,47.35,47.35,47.35,47.35,601.0
2017-10-11 11:27:00,47.34,47.35,47.34,47.35,800.0
2017-10-11 11:28:00,47.33,47.34,47.33,47.34,200.0
2017-10-11 11:29:00,47.31,47.34,47.31,47.34,3600.0
2017-10-11 11:30:00,47.34,47.34,47.34,47.34,500.0
2017-10-11 11:31:00,47.33,47.33,47.33,47.33,800.0
2017-10-11 11:32:00,47.33,47.33,47.3256,47.3256,1114.0
2017-10-11 11:33:00,47.34,47.34,47.34,47.34,100.0
2017-10-11 11:34:00,47.34,47.35,47.34,47.34,1695.0
2017-10-11 11:35:00,47.35,47.35,47.34,47.34,616.0
2017-10-11 11:36:00,47.36,47.36,47.35,47.36,847.0
2017-10-11 11:37:00,47.3601,47.3601,47.36,47.36,240.0
2017-10-11 11:38:00,47.355,47.36,47.35,47.36,309.0
2017-10-11 11:41:00,47.34,47.35,47.33,47.35,2580.0
2017-10-11 11:42:00,47.3357,47.35,47.3357,47.35,3942.0
2017-10-11 11:43:00,47.36,47.37,47.34,47.34,1261.0
2017-10-11 11:44:00,47.37,47.3701,47.37,47.3701,202.0
2017-10-11 11:45:00,47.38,47.38,47.38,47.38,600.0
2017-10-11 11:46:00,47.39,47.39,47.38,47.38,700.0
2017-10-11 11:47:00,47.36,47.39,47.36,47.39,2100.0
2017-10-11 11:48:00,47.3777,47.3777,47.3777,47.3777,167.0
2017-10-11 11:49:00,47.37,47.37,47.37,47.37,102.0
2017-10-11 11:50:00,47.36,47.36,47.36,47.36,100.0
2017-10-11 11:51:00,47.365,47.37,47.36,47.36,669.0
2017-10-11 11:52:00,47.37,47.37,47.37,47.37,200.0
2017-10-11 11:53:00,47.37,47.37,47.37,47.37,1850.0
2017-10-11 11:54:00,47.38,47.38,47.365,47.37,1100.0
2017-10-11 11:55:00,47.33,47.36,47.33,47.36,1400.0
2017-10-11 11:56:00,47.35,47.35,47.35,47.35,100.0
2017-10-11 11:58:00,47.36,47.36,47.36,47.36,1000.0
2017-10-11 11:59:00,47.36,47.37,47.35,47.37,1350.0
2017-10-11 12:00:00,47.36,47.36,47.36,47.36,100.0
2017-10-11 12:01:00,47.38,47.39,47.37,47.37,1600.0
2017-10-11 12:02:00,47.42,47.42,47.4,47.4,900.0
2017-10-11 12:03:00,47.41,47.42,47.41,47.42,800.0
2017-10-11 12:04:00,47.395,47.4,47.39,47.4,900.0
2017-10-11 12:05:00,47.395,47.395,47.395,47.395,130.0
2017-10-11 12:06:00,47.4,47.41,47.39,47.39,3470.0
2017-10-11 12:07:00,47.4,47.41,47.39,47.4,1312.0
2017-10-11 12:08:00,47.4,47.41,47.4,47.41,550.0
2017-10-11 12:09:00,47.405,47.41,47.4,47.41,755.0
2017-10-11 12:10:00,47.405,47.405,47.4,47.4,200.0
2017-10-11 12:11:00,47.41,47.41,47.41,47.41,100.0
2017-10-11 12:12:00,47.39,47.4,47.39,47.4,800.0
2017-10-11 12:13:00,47.38,47.39,47.38,47.38,300.0
2017-10-11 12:14:00,47.385,47.39,47.38,47.39,500.0
2017-10-11 12:15:00,47.38,47.385,47.38,47.385,300.0
2017-10-11 12:16:00,47.41,47.41,47.39,47.39,2042.0
2017-10-11 12:17:00,47.4,47.41,47.4,47.41,1106.0
2017-10-11 12:18:00,47.405,47.41,47.4,47.4,600.0
2017-10-11 12:19:00,47.42,47.42,47.42,47.42,200.0
2017-10-11 12:20:00,47.4096,47.41,47.4,47.41,600.0
2017-10-11 12:21:00,47.4,47.4,47.4,47.4,100.0
2017-10-11 12:22:00,47.39,47.39,47.39,47.39,200.0
2017-10-11 12:23:00,47.4092,47.4093,47.39,47.39,2000.0
2017-10-11 12:24:00,47.41,47.41,47.41,47.41,200.0
2017-10-11 12:25:00,47.4,47.403999999999996,47.3902,47.403999999999996,2345.0
2017-10-11 12:26:00,47.395,47.4,47.395,47.4,3681.0
2017-10-11 12:27:00,47.42,47.42,47.4,47.4,1390.0
2017-10-11 12:28:00,47.4192,47.4192,47.415,47.415,3600.0
2017-10-11 12:29:00,47.41,47.41,47.41,47.41,100.0
2017-10-11 12:30:00,47.39,47.42,47.39,47.42,1942.0
2017-10-11 12:31:00,47.39,47.39,47.38,47.38,1700.0
2017-10-11 12:33:00,47.42,47.42,47.4,47.4,900.0
2017-10-11 12:34:00,47.42,47.43,47.42,47.42,953.0
2017-10-11 12:35:00,47.46,47.46,47.43,47.43,1700.0
2017-10-11 12:36:00,47.455,47.46,47.455,47.46,1100.0
2017-10-11 12:37:00,47.45,47.45,47.45,47.45,100.0
2017-10-11 12:38:00,47.46,47.46,47.46,47.46,1800.0
2017-10-11 12:39:00,47.46,47.46,47.46,47.46,200.0
2017-10-11 12:40:00,47.45,47.455,47.44,47.45,2000.0
2017-10-11 12:41:00,47.46,47.46,47.46,47.46,400.0
2017-10-11 12:42:00,47.4777,47.4777,47.4777,47.4777,100.0
2017-10-11 12:43:00,47.4925,47.51,47.48,47.48,2080.0
2017-10-11 12:44:00,47.5,47.5,47.5,47.5,200.0
2017-10-11 12:45:00,47.48,47.5,47.48,47.5,965.0
2017-10-11 12:46:00,47.47,47.475,47.47,47.475,200.0
2017-10-11 12:47:00,47.47,47.47,47.46,47.46,400.0
2017-10-11 12:48:00,47.45,47.46,47.45,47.46,700.0
2017-10-11 12:49:00,47.43,47.441,47.43,47.44,740.0
2017-10-11 12:50:00,47.44,47.44,47.44,47.44,1300.0
2017-10-11 12:51:00,47.43,47.43,47.43,47.43,200.0
2017-10-11 12:52:00,47.41,47.43,47.41,47.43,800.0
2017-10-11 12:53:00,47.43,47.43,47.42,47.42,600.0
2017-10-11 12:55:00,47.42,47.4312,47.42,47.4301,5900.0
2017-10-11 12:56:00,47.41,47.43,47.41,47.42,834.0
2017-10-11 12:57:00,47.43,47.43,47.4,47.41,3740.0
2017-10-11 12:58:00,47.42,47.42,47.42,47.42,300.0
2017-10-11 13:00:00,47.39,47.41,47.39,47.41,675.0
2017-10-11 13:01:00,47.401,47.401,47.4,47.4,600.0
2017-10-11 13:02:00,47.415,47.415,47.415,47.415,100.0
2017-10-11 13:03:00,47.42,47.42,47.41,47.42,700.0
2017-10-11 13:04:00,47.415,47.42,47.415,47.42,300.0
2017-10-11 13:05:00,47.42,47.42,47.42,47.42,1536.0
2017-10-11 13:07:00,47.41,47.41,47.41,47.41,100.0
2017-10-11 13:08:00,47.43,47.44,47.42,47.42,1800.0
2017-10-11 13:09:00,47.43,47.435,47.43,47.43,500.0
2017-10-11 13:10:00,47.42,47.43,47.42,47.43,1560.0
2017-10-11 13:11:00,47.415,47.42,47.415,47.42,750.0
2017-10-11 13:13:00,47.42,47.43,47.42,47.43,355.0
2017-10-11 13:14:00,47.41,47.43,47.41,47.43,1590.0
2017-10-11 13:15:00,47.4,47.4,47.4,47.4,400.0
2017-10-11 13:16:00,47.39,47.39,47.38,47.39,1900.0
2017-10-11 13:17:00,47.39,47.39,47.39,47.39,400.0
2017-10-11 13:18:00,47.39,47.4,47.39,47.4,832.0
2017-10-11 13:19:00,47.39,47.39,47.38,47.38,1085.0
2017-10-11 13:20:00,47.4,47.4,47.4,47.4,100.0
2017-10-11 13:21:00,47.39,47.4,47.39,47.4,700.0
2017-10-11 13:22:00,47.38,47.38,47.38,47.38,300.0
2017-10-11 13:24:00,47.39,47.39,47.39,47.39,500.0
2017-10-11 13:25:00,47.4,47.4,47.4,47.4,500.0
2017-10-11 13:26:00,47.43,47.43,47.4,47.4,2632.0
2017-10-11 13:27:00,47.44,47.44,47.43,47.44,1090.0
2017-10-11 13:28:00,47.43,47.43,47.43,47.43,200.0
2017-10-11 13:29:00,47.44,47.44,47.44,47.44,300.0
2017-10-11 13:30:00,47.45,47.46,47.45,47.46,1118.0
2017-10-11 13:31:00,47.45,47.45,47.44,47.44,818.0
2017-10-11 13:32:00,47.44,47.44,47.44,47.44,700.0
2017-10-11 13:33:00,47.46,47.46,47.45,47.45,540.0
2017-10-11 13:34:00,47.45,47.46,47.45,47.46,200.0
2017-10-11 13:35:00,47.46,47.46,47.46,47.46,100.0
2017-10-11 13:36:00,47.47,47.47,47.46,47.46,900.0
2017-10-11 13:37:00,47.46,47.47,47.46,47.47,1725.0
2017-10-11 13:38:00,47.45,47.46,47.45,47.46,300.0
2017-10-11 13:39:00,47.45,47.45,47.45,47.45,1190.0
2017-10-11 13:40:00,47.48,47.48,47.44,47.44,3297.0
2017-10-11 13:41:00,47.48,47.48,47.48,47.48,100.0
2017-10-11 13:42:00,47.46,47.48,47.46,47.48,1377.0
2017-10-11 13:44:00,47.44,47.455,47.44,47.455,964.0
2017-10-11 13:45:00,47.44,47.44,47.435,47.435,400.0
2017-10-11 13:46:00,47.43,47.43,47.43,47.43,1687.0
2017-10-11 13:47:00,47.43,47.45,47.42,47.42,8166.0
2017-10-11 13:50:00,47.43,47.43,47.43,47.43,100.0
2017-10-11 13:51:00,47.45,47.45,47.4382,47.44,4500.0
2017-10-11 13:52:00,47.46,47.46,47.45,47.45,1400.0
2017-10-11 13:53:00,47.46,47.46,47.46,47.46,200.0
2017-10-11 13:54:00,47.46,47.46,47.46,47.46,100.0
2017-10-11 13:55:00,47.47,47.47,47.46,47.46,1404.0
2017-10-11 13:56:00,47.47,47.47,47.47,47.47,100.0
2017-10-11 13:57:00,47.45,47.47,47.45,47.47,2400.0
2017-10-11 13:58:00,47.44,47.44,47.44,47.44,100.0
2017-10-11 13:59:00,47.41,47.44,47.41,47.44,1300.0
2017-10-11 14:00:00,47.42,47.42,47.41,47.41,400.0
2017-10-11 14:01:00,47.45,47.45,47.41,47.41,3500.0
2017-10-11 14:02:00,47.44,47.45,47.44,47.45,300.0
2017-10-11 14:03:00,47.44,47.45,47.44,47.45,900.0
2017-10-11 14:04:00,47.47,47.47,47.46,47.46,1000.0
2017-10-11 14:05:00,47.48,47.48,47.48,47.48,200.0
2017-10-11 14:06:00,47.48,47.49,47.48,47.48,1205.0
2017-10-11 14:07:00,47.5,47.5,47.49,47.49,1100.0
2017-10-11 14:08:00,47.5,47.51,47.49,47.5,1200.0
2017-10-11 14:09:00,47.49,47.49,47.49,47.49,2000.0
2017-10-11 14:11:00,47.49,47.5,47.49,47.5,200.0
2017-10-11 14:13:00,47.46,47.4825,47.455,47.48,4746.0
2017-10-11 14:14:00,47.48,47.48,47.48,47.48,500.0
2017-10-11 14:15:00,47.47,47.47,47.47,47.47,100.0
2017-10-11 14:16:00,47.48,47.49,47.48,47.48,800.0
2017-10-11 14:17:00,47.49,47.49,47.485,47.49,300.0
2017-10-11 14:18:00,47.5,47.5,47.4833,47.4833,1883.0
2017-10-11 14:19:00,47.48,47.49,47.48,47.49,1600.0
2017-10-11 14:20:00,47.4834,47.49,47.4834,47.49,800.0
2017-10-11 14:21:00,47.48,47.48,47.48,47.48,1301.0
2017-10-11 14:22:00,47.445,47.475,47.43,47.47,5269.0
2017-10-11 14:23:00,47.43,47.44,47.43,47.44,2226.0
2017-10-11 14:24:00,47.42,47.42,47.42,47.42,500.0
2017-10-11 14:25:00,47.385,47.4,47.385,47.4,1199.0
2017-10-11 14:26:00,47.4,47.4,47.37,47.385,3147.0
2017-10-11 14:27:00,47.39,47.4,47.39,47.4,400.0
2017-10-11 14:29:00,47.39,47.4,47.39,47.39,763.0
2017-10-11 14:30:00,47.386,47.386,47.386,47.386,100.0
2017-10-11 14:31:00,47.37,47.38,47.37,47.38,601.0
2017-10-11 14:32:00,47.37,47.37,47.37,47.37,500.0
2017-10-11 14:33:00,47.3645,47.37,47.36,47.36,800.0
2017-10-11 14:34:00,47.36,47.36,47.35,47.36,1133.0
2017-10-11 14:35:00,47.36,47.36,47.35,47.35,2200.0
2017-10-11 14:36:00,47.38,47.38,47.3601,47.37,2400.0
2017-10-11 14:37:00,47.39,47.39,47.375,47.375,2075.0
2017-10-11 14:38:00,47.38,47.38,47.38,47.38,100.0
2017-10-11 14:39:00,47.39,47.39,47.39,47.39,100.0
2017-10-11 14:40:00,47.4,47.4,47.38,47.38,200.0
2017-10-11 14:41:00,47.3708,47.3899,47.37,47.38,3106.0
2017-10-11 14:42:00,47.38,47.38,47.38,47.38,1004.0
2017-10-11 14:43:00,47.39,47.39,47.39,47.39,3500.0
2017-10-11 14:44:00,47.36,47.38,47.36,47.38,1590.0
2017-10-11 14:45:00,47.355,47.36,47.355,47.36,579.0
2017-10-11 14:46:00,47.36,47.36,47.36,47.36,1330.0
2017-10-11 14:47:00,47.37,47.37,47.36,47.36,200.0
2017-10-11 14:49:00,47.37,47.37,47.365,47.365,400.0
2017-10-11 14:50:00,47.36,47.37,47.36,47.37,200.0
2017-10-11 14:51:00,47.365,47.37,47.36,47.36,700.0
2017-10-11 14:52:00,47.37,47.37,47.36,47.36,4090.0
2017-10-11 14:53:00,47.38,47.39,47.37,47.37,1700.0
2017-10-11 14:54:00,47.38,47.39,47.38,47.38,300.0
2017-10-11 14:55:00,47.35,47.3825,47.35,47.38,3113.0
2017-10-11 14:56:00,47.34,47.355,47.34,47.355,1378.0
2017-10-11 14:57:00,47.355,47.36,47.35,47.35,3908.0
2017-10-11 14:58:00,47.355,47.36,47.345,47.36,2495.0
2017-10-11 14:59:00,47.35,47.355,47.345,47.35,2868.0
2017-10-11 15:00:00,47.35,47.36,47.35,47.36,1400.0
2017-10-11 15:01:00,47.345,47.35,47.34,47.34,400.0
2017-10-11 15:02:00,47.33,47.345,47.33,47.345,1126.0
2017-10-11 15:03:00,47.36,47.36,47.34,47.34,5300.0
2017-10-11 15:04:00,47.37,47.37,47.36,47.37,1868.0
2017-10-11 15:05:00,47.355,47.37,47.355,47.37,2300.0
2017-10-11 15:06:00,47.345,47.35,47.345,47.35,900.0
2017-10-11 15:07:00,47.34,47.34,47.34,47.34,1038.0
2017-10-11 15:08:00,47.36,47.36,47.35,47.35,4159.0
2017-10-11 15:09:00,47.36,47.36,47.35,47.35,1432.0
2017-10-11 15:10:00,47.36,47.37,47.36,47.365,900.0
2017-10-11 15:11:00,47.39,47.39,47.38,47.38,1606.0
2017-10-11 15:12:00,47.39,47.39,47.38,47.39,800.0
2017-10-11 15:13:00,47.4,47.4,47.39,47.39,2770.0
2017-10-11 15:14:00,47.39,47.4,47.385,47.4,4002.0
2017-10-11 15:15:00,47.38,47.38,47.38,47.38,2007.0
2017-10-11 15:16:00,47.37,47.375,47.37,47.375,1300.0
2017-10-11 15:17:00,47.37,47.375,47.36,47.37,4551.0
2017-10-11 15:18:00,47.39,47.39,47.37,47.37,1284.0
2017-10-11 15:19:00,47.39,47.4,47.39,47.4,2100.0
2017-10-11 15:20:00,47.39,47.39,47.38,47.38,1100.0
2017-10-11 15:21:00,47.43,47.43,47.39,47.39,4553.0
2017-10-11 15:22:00,47.43,47.435,47.42,47.43,2310.0
2017-10-11 15:23:00,47.45,47.45,47.43,47.43,1400.0
2017-10-11 15:24:00,47.43,47.44,47.43,47.44,3900.0
2017-10-11 15:25:00,47.43,47.43,47.425,47.43,400.0
2017-10-11 15:26:00,47.43,47.435,47.42,47.42,4409.0
2017-10-11 15:27:00,47.42,47.42,47.42,47.42,800.0
2017-10-11 15:28:00,47.42,47.42,47.41,47.41,2862.0
2017-10-11 15:29:00,47.3982,47.42,47.3982,47.42,3615.0
2017-10-11 15:30:00,47.41,47.41,47.395,47.395,2600.0
2017-10-11 15:31:00,47.4,47.41,47.395,47.41,7639.0
2017-10-11 15:32:00,47.3957,47.4,47.39,47.39,6415.0
2017-10-11 15:33:00,47.42,47.42,47.395,47.4,6005.0
2017-10-11 15:34:00,47.41,47.43,47.41,47.42,2890.0
2017-10-11 15:35:00,47.405,47.41,47.405,47.41,400.0
2017-10-11 15:36:00,47.39,47.4,47.39,47.4,2100.0
2017-10-11 15:37:00,47.43,47.43,47.39,47.39,10599.0
2017-10-11 15:38:00,47.445,47.445,47.43,47.43,1200.0
2017-10-11 15:39:00,47.455,47.4575,47.45,47.45,900.0
2017-10-11 15:40:00,47.45,47.46,47.445,47.46,12301.0
2017-10-11 15:41:00,47.43,47.445,47.43,47.445,7286.0
2017-10-11 15:42:00,47.43,47.43,47.42,47.425,7706.0
2017-10-11 15:43:00,47.425,47.425,47.42,47.42,600.0
2017-10-11 15:44:00,47.425,47.43,47.42,47.42,1600.0
2017-10-11 15:45:00,47.43,47.44,47.42,47.42,13817.0
2017-10-11 15:46:00,47.455,47.46,47.435,47.435,3179.0
2017-10-11 15:47:00,47.435,47.455,47.43,47.455,9690.0
2017-10-11 15:48:00,47.43,47.4308,47.42,47.43,13951.0
2017-10-11 15:49:00,47.435,47.435,47.43,47.435,500.0
2017-10-11 15:50:00,47.46,47.46,47.43,47.44,8165.0
2017-10-11 15:51:00,47.455,47.46,47.455,47.46,1643.0
2017-10-11 15:52:00,47.455,47.46,47.45,47.455,3110.0
2017-10-11 15:53:00,47.44,47.46,47.44,47.455,25052.0
2017-10-11 15:54:00,47.43,47.4382,47.43,47.43,1869.0
2017-10-11 15:55:00,47.44,47.44,47.43,47.43,7837.0
2017-10-11 15:56:00,47.44,47.44,47.43,47.435,6735.0
2017-10-11 15:57:00,47.41,47.435,47.41,47.43,14351.0
2017-10-11 15:58:00,47.42,47.43,47.41,47.41,17135.0
2017-10-11 15:59:00,47.395,47.43,47.3925,47.42,17945.0
2017-10-11 16:00:00,47.41,47.42,47.395,47.4,38925.0
2017-10-12 09:30:00,47.53,47.53,47.34,47.34,10517.0
2017-10-12 09:32:00,47.46,47.46,47.46,47.46,100.0
2017-10-12 09:34:00,47.45,47.48,47.45,47.48,1046.0
2017-10-12 09:35:00,47.51,47.52,47.43,47.5,1975.0
2017-10-12 09:36:00,47.41,47.435,47.41,47.43,1100.0
2017-10-12 09:37:00,47.47,47.47,47.455,47.455,400.0
2017-10-12 09:38:00,47.41,47.49,47.41,47.49,900.0
2017-10-12 09:39:00,47.4562,47.4562,47.4562,47.4562,300.0
2017-10-12 09:40:00,47.41,47.42,47.41,47.42,800.0
2017-10-12 09:43:00,47.415,47.415,47.415,47.415,100.0
2017-10-12 09:44:00,47.4,47.4,47.39,47.4,864.0
2017-10-12 09:45:00,47.375,47.375,47.36,47.36,200.0
2017-10-12 09:48:00,47.36,47.36,47.36,47.36,200.0
2017-10-12 09:49:00,47.34,47.38,47.34,47.38,931.0
2017-10-12 09:50:00,47.31,47.32,47.31,47.32,200.0
2017-10-12 09:51:00,47.3,47.3,47.3,47.3,100.0
2017-10-12 09:52:00,47.32,47.32,47.3,47.3,986.0
2017-10-12 09:53:00,47.37,47.37,47.37,47.37,100.0
2017-10-12 09:57:00,47.37,47.3772,47.37,47.3772,500.0
2017-10-12 09:58:00,47.3695,47.3695,47.3695,47.3695,170.0
2017-10-12 09:59:00,47.365,47.365,47.365,47.365,200.0
2017-10-12 10:00:00,47.375,47.39,47.375,47.39,300.0
2017-10-12 10:01:00,47.43,47.43,47.36,47.41,3045.0
2017-10-12 10:02:00,47.41,47.425,47.41,47.425,800.0
2017-10-12 10:03:00,47.44,47.44,47.42,47.42,1101.0
2017-10-12 10:04:00,47.43,47.45,47.42,47.45,500.0
2017-10-12 10:05:00,47.44,47.44,47.42,47.42,480.0
2017-10-12 10:06:00,47.43,47.4497,47.42,47.4497,800.0
2017-10-12 10:07:00,47.44,47.44,47.4,47.4,1148.0
2017-10-12 10:08:00,47.45,47.46,47.45,47.46,200.0
2017-10-12 10:10:00,47.44,47.45,47.43,47.44,1308.0
2017-10-12 10:11:00,47.44,47.44,47.44,47.44,400.0
2017-10-12 10:12:00,47.416000000000004,47.43,47.41,47.43,1029.0
2017-10-12 10:13:00,47.4,47.41,47.4,47.41,600.0
2017-10-12 10:14:00,47.41,47.41,47.39,47.39,911.0
2017-10-12 10:15:00,47.38,47.39,47.38,47.39,900.0
2017-10-12 10:16:00,47.37,47.37,47.37,47.37,600.0
2017-10-12 10:17:00,47.34,47.34,47.34,47.34,300.0
2017-10-12 10:18:00,47.35,47.36,47.35,47.35,797.0
2017-10-12 10:19:00,47.36,47.36,47.36,47.36,480.0
2017-10-12 10:20:00,47.34,47.37,47.34,47.37,2805.0
2017-10-12 10:21:00,47.39,47.41,47.35,47.35,2700.0
2017-10-12 10:22:00,47.4,47.4,47.39,47.39,500.0
2017-10-12 10:24:00,47.37,47.4,47.37,47.4,1900.0
2017-10-12 10:25:00,47.36,47.37,47.36,47.36,2216.0
2017-10-12 10:26:00,47.36,47.38,47.36,47.36,500.0
2017-10-12 10:27:00,47.37,47.38,47.37,47.38,200.0
2017-10-12 10:28:00,47.35,47.37,47.35,47.36,700.0
2017-10-12 10:29:00,47.38,47.38,47.36,47.36,2300.0
2017-10-12 10:30:00,47.4,47.4,47.3884,47.3884,500.0
2017-10-12 10:31:00,47.39,47.4,47.39,47.4,600.0
2017-10-12 10:32:00,47.45,47.45,47.41,47.41,3809.0
2017-10-12 10:33:00,47.46,47.46,47.42,47.45,900.0
2017-10-12 10:34:00,47.47,47.47,47.47,47.47,200.0
2017-10-12 10:35:00,47.47,47.47,47.47,47.47,263.0
2017-10-12 10:36:00,47.46,47.47,47.46,47.47,700.0
2017-10-12 10:37:00,47.485,47.485,47.46,47.46,800.0
2017-10-12 10:38:00,47.51,47.52,47.49,47.49,1400.0
2017-10-12 10:39:00,47.5165,47.5165,47.51,47.51,212.0
2017-10-12 10:40:00,47.49,47.51,47.49,47.51,815.0
2017-10-12 10:41:00,47.5,47.5,47.5,47.5,100.0
2017-10-12 10:42:00,47.505,47.52,47.5,47.5,1763.0
2017-10-12 10:43:00,47.49,47.5,47.49,47.49,900.0
2017-10-12 10:44:00,47.57,47.62,47.505,47.51,13933.0
2017-10-12 10:45:00,47.59,47.59,47.57,47.57,1500.0
2017-10-12 10:46:00,47.589,47.62,47.586999999999996,47.6,3300.0
2017-10-12 10:47:00,47.62,47.62,47.5888,47.59,2548.0
2017-10-12 10:48:00,47.64,47.66,47.63,47.63,3127.0
2017-10-12 10:49:00,47.67,47.67,47.65,47.65,924.0
2017-10-12 10:50:00,47.63,47.68,47.63,47.67,3196.0
2017-10-12 10:51:00,47.61,47.63,47.6,47.63,2295.0
2017-10-12 10:52:00,47.58,47.6,47.56,47.6,2300.0
2017-10-12 10:53:00,47.575,47.58,47.57,47.58,1077.0
2017-10-12 10:54:00,47.61,47.61,47.57,47.58,5075.0
2017-10-12 10:55:00,47.64,47.64,47.62,47.63,1427.0
2017-10-12 10:56:00,47.67,47.69,47.6276,47.63,3224.0
2017-10-12 10:57:00,47.69,47.69,47.6742,47.68,1241.0
2017-10-12 10:58:00,47.68,47.69,47.68,47.69,2276.0
2017-10-12 10:59:00,47.66,47.69,47.66,47.68,2508.0
2017-10-12 11:00:00,47.66,47.66,47.65,47.6525,2079.0
2017-10-12 11:01:00,47.62,47.6601,47.62,47.6601,3576.0
2017-10-12 11:02:00,47.61,47.62,47.61,47.61,1000.0
2017-10-12 11:03:00,47.65,47.66,47.62,47.62,2150.0
2017-10-12 11:04:00,47.66,47.67,47.659,47.659,3748.0
2017-10-12 11:05:00,47.69,47.69,47.66,47.66,1900.0
2017-10-12 11:06:00,47.68,47.7,47.68,47.69,2700.0
2017-10-12 11:07:00,47.68,47.68,47.68,47.68,1355.0
2017-10-12 11:08:00,47.7,47.7,47.69,47.69,800.0
2017-10-12 11:09:00,47.68,47.7,47.68,47.7,3915.0
2017-10-12 11:10:00,47.67,47.68,47.67,47.68,2457.0
2017-10-12 11:11:00,47.7,47.7,47.67,47.67,1013.0
2017-10-12 11:12:00,47.69,47.69,47.69,47.69,163.0
2017-10-12 11:13:00,47.68,47.7,47.68,47.7,1200.0
2017-10-12 11:14:00,47.66,47.68,47.66,47.68,1300.0
2017-10-12 11:15:00,47.67,47.67,47.65,47.66,1462.0
2017-10-12 11:16:00,47.68,47.68,47.67,47.67,1243.0
2017-10-12 11:17:00,47.69,47.69,47.68,47.68,900.0
2017-10-12 11:18:00,47.665,47.69,47.66,47.69,4563.0
2017-10-12 11:19:00,47.66,47.66,47.64,47.66,1321.0
2017-10-12 11:20:00,47.635,47.66,47.63,47.66,5894.0
2017-10-12 11:21:00,47.62,47.62,47.61,47.62,672.0
2017-10-12 11:22:00,47.6,47.62,47.59,47.615,1100.0
2017-10-12 11:23:00,47.62,47.62,47.585,47.59,5507.0
2017-10-12 11:24:00,47.62,47.62,47.61,47.62,1100.0
2017-10-12 11:25:00,47.62,47.64,47.615,47.615,3333.0
2017-10-12 11:26:00,47.585,47.62,47.585,47.61,1900.0
2017-10-12 11:27:00,47.61,47.61,47.575,47.585,2600.0
2017-10-12 11:28:00,47.6,47.61,47.6,47.6,400.0
2017-10-12 11:29:00,47.61,47.61,47.6,47.61,1800.0
2017-10-12 11:30:00,47.6218,47.6218,47.6039,47.605,2000.0
2017-10-12 11:31:00,47.63,47.635,47.63,47.63,890.0
2017-10-12 11:32:00,47.62,47.638999999999996,47.615,47.638999999999996,4400.0
2017-10-12 11:33:00,47.65,47.65,47.63,47.63,2400.0
2017-10-12 11:34:00,47.64,47.65,47.63,47.65,1800.0
2017-10-12 11:35:00,47.64,47.66,47.63,47.63,3506.0
2017-10-12 11:36:00,47.63,47.64,47.63,47.64,700.0
2017-10-12 11:37:00,47.61,47.62,47.61,47.62,1456.0
2017-10-12 11:38:00,47.59,47.605,47.59,47.605,1271.0
2017-10-12 11:39:00,47.56,47.59,47.56,47.59,800.0
2017-10-12 11:41:00,47.59,47.59,47.57,47.57,2600.0
2017-10-12 11:42:00,47.555,47.58,47.555,47.58,2063.0
2017-10-12 11:43:00,47.57,47.57,47.56,47.56,1300.0
2017-10-12 11:44:00,47.57,47.59,47.57,47.59,2467.0
2017-10-12 11:45:00,47.56,47.57,47.56,47.56,800.0
2017-10-12 11:46:00,47.52,47.54,47.47,47.54,5100.0
2017-10-12 11:47:00,47.56,47.575,47.525,47.53,2300.0
2017-10-12 11:48:00,47.54,47.56,47.54,47.55,898.0
2017-10-12 11:49:00,47.52,47.53,47.52,47.53,450.0
2017-10-12 11:50:00,47.54,47.54,47.51,47.51,3186.0
2017-10-12 11:51:00,47.5,47.52,47.49,47.52,1200.0
2017-10-12 11:53:00,47.49,47.51,47.49,47.51,3573.0
2017-10-12 11:54:00,47.5032,47.5032,47.475,47.48,1600.0
2017-10-12 11:55:00,47.51,47.51,47.51,47.51,100.0
2017-10-12 11:56:00,47.48,47.5098,47.47,47.5098,1894.0
2017-10-12 11:57:00,47.45,47.47,47.45,47.47,1500.0
2017-10-12 11:58:00,47.48,47.48,47.46,47.46,2270.0
2017-10-12 11:59:00,47.48,47.5,47.48,47.49100000000001,700.0
2017-10-12 12:00:00,47.45,47.48,47.45,47.48,1700.0
2017-10-12 12:01:00,47.445,47.45,47.445,47.45,700.0
2017-10-12 12:03:00,47.45,47.45,47.45,47.45,100.0
2017-10-12 12:04:00,47.49,47.49,47.46,47.46,3246.0
2017-10-12 12:05:00,47.49,47.49,47.49,47.49,200.0
2017-10-12 12:06:00,47.46,47.485,47.46,47.485,3238.0
2017-10-12 12:07:00,47.46,47.46,47.46,47.46,400.0
2017-10-12 12:08:00,47.47,47.47,47.46,47.46,600.0
2017-10-12 12:09:00,47.475,47.48,47.47,47.47,300.0
2017-10-12 12:10:00,47.47,47.48,47.47,47.47,400.0
2017-10-12 12:11:00,47.475,47.475,47.475,47.475,114.0
2017-10-12 12:12:00,47.445,47.4725,47.445,47.47,3111.0
2017-10-12 12:13:00,47.46,47.46,47.44,47.445,4763.0
2017-10-12 12:14:00,47.45,47.45,47.45,47.45,300.0
2017-10-12 12:15:00,47.46,47.46,47.46,47.46,100.0
2017-10-12 12:16:00,47.46,47.46,47.46,47.46,600.0
2017-10-12 12:17:00,47.48,47.48,47.48,47.48,100.0
2017-10-12 12:18:00,47.47,47.47,47.47,47.47,100.0
2017-10-12 12:19:00,47.48,47.48,47.47,47.47,1100.0
2017-10-12 12:20:00,47.49,47.49,47.48,47.485,2000.0
2017-10-12 12:21:00,47.49,47.49,47.49,47.49,100.0
2017-10-12 12:23:00,47.47,47.49,47.47,47.49,4056.0
2017-10-12 12:24:00,47.48,47.48,47.4693,47.47,2321.0
2017-10-12 12:26:00,47.49,47.495,47.46,47.463,4000.0
2017-10-12 12:27:00,47.48,47.495,47.48,47.49,3696.0
2017-10-12 12:28:00,47.473,47.48,47.473,47.48,1347.0
2017-10-12 12:29:00,47.49,47.49,47.49,47.49,100.0
2017-10-12 12:30:00,47.45,47.48,47.45,47.47,1946.0
2017-10-12 12:31:00,47.45,47.45,47.45,47.45,900.0
2017-10-12 12:32:00,47.465,47.465,47.45,47.455,2694.0
2017-10-12 12:33:00,47.465,47.48,47.465,47.47,4030.0
2017-10-12 12:34:00,47.455,47.46,47.45,47.46,1925.0
2017-10-12 12:35:00,47.46,47.46,47.45,47.45,1200.0
2017-10-12 12:36:00,47.46,47.46,47.46,47.46,200.0
2017-10-12 12:37:00,47.45,47.45,47.44,47.45,1323.0
2017-10-12 12:38:00,47.46,47.46,47.45,47.45,900.0
2017-10-12 12:39:00,47.49,47.49,47.46,47.46,2250.0
2017-10-12 12:41:00,47.48,47.49,47.48,47.49,900.0
2017-10-12 12:42:00,47.5,47.5,47.495,47.5,600.0
2017-10-12 12:43:00,47.5,47.5,47.5,47.5,100.0
2017-10-12 12:44:00,47.5,47.5,47.495,47.495,300.0
2017-10-12 12:45:00,47.495,47.495,47.495,47.495,400.0
2017-10-12 12:48:00,47.51,47.51,47.5,47.5,910.0
2017-10-12 12:49:00,47.52,47.52,47.51,47.51,725.0
2017-10-12 12:50:00,47.52,47.53,47.52,47.52,2298.0
2017-10-12 12:51:00,47.525,47.53,47.52,47.53,1400.0
2017-10-12 12:52:00,47.54,47.54,47.53,47.53,1400.0
2017-10-12 12:53:00,47.56,47.56,47.56,47.56,100.0
2017-10-12 12:54:00,47.56,47.56,47.56,47.56,100.0
2017-10-12 12:56:00,47.55,47.55,47.54,47.54,200.0
2017-10-12 12:57:00,47.57,47.57,47.55,47.56,1100.0
2017-10-12 12:58:00,47.57,47.58,47.57,47.57,400.0
2017-10-12 12:59:00,47.58,47.61,47.58,47.58,4173.0
2017-10-12 13:00:00,47.58,47.59,47.58,47.59,400.0
2017-10-12 13:01:00,47.58,47.59,47.58,47.59,200.0
2017-10-12 13:03:00,47.62,47.62,47.59,47.59,1328.0
2017-10-12 13:04:00,47.62,47.62,47.62,47.62,100.0
2017-10-12 13:05:00,47.63,47.63,47.63,47.63,700.0
2017-10-12 13:06:00,47.6315,47.64,47.6315,47.64,300.0
2017-10-12 13:07:00,47.635,47.645,47.635,47.64,1800.0
2017-10-12 13:08:00,47.64,47.64,47.64,47.64,100.0
2017-10-12 13:09:00,47.63,47.63,47.63,47.63,583.0
2017-10-12 13:10:00,47.635,47.635,47.635,47.635,100.0
2017-10-12 13:11:00,47.61,47.635,47.61,47.63,3646.0
2017-10-12 13:12:00,47.59,47.61,47.59,47.61,1407.0
2017-10-12 13:13:00,47.62,47.62,47.61,47.61,1163.0
2017-10-12 13:14:00,47.62,47.62,47.61,47.62,656.0
2017-10-12 13:17:00,47.615,47.615,47.615,47.615,100.0
2017-10-12 13:18:00,47.63,47.63,47.62,47.62,800.0
2017-10-12 13:19:00,47.64,47.64,47.635,47.635,200.0
2017-10-12 13:20:00,47.65,47.65,47.64,47.64,693.0
2017-10-12 13:21:00,47.638999999999996,47.65,47.638999999999996,47.65,3139.0
2017-10-12 13:22:00,47.65,47.65,47.65,47.65,553.0
2017-10-12 13:23:00,47.655,47.655,47.65,47.65,200.0
2017-10-12 13:24:00,47.67,47.67,47.66,47.66,1100.0
2017-10-12 13:25:00,47.67,47.67,47.67,47.67,100.0
2017-10-12 13:27:00,47.65,47.67,47.65,47.66,1161.0
2017-10-12 13:28:00,47.69,47.69,47.66,47.66,3232.0
2017-10-12 13:29:00,47.68,47.68,47.66,47.68,2927.0
2017-10-12 13:30:00,47.685,47.685,47.68,47.685,3800.0
2017-10-12 13:31:00,47.685,47.69,47.685,47.69,708.0
2017-10-12 13:32:00,47.68,47.68,47.68,47.68,200.0
2017-10-12 13:33:00,47.67,47.68,47.6655,47.68,1318.0
2017-10-12 13:35:00,47.68,47.68,47.65,47.65,2600.0
2017-10-12 13:36:00,47.69,47.69,47.69,47.69,200.0
2017-10-12 13:37:00,47.6843,47.69,47.6843,47.69,400.0
2017-10-12 13:39:00,47.685,47.69,47.675,47.68,2800.0
2017-10-12 13:40:00,47.675,47.68,47.67,47.67,1243.0
2017-10-12 13:41:00,47.675,47.675,47.67,47.67,500.0
2017-10-12 13:42:00,47.675,47.6783,47.675,47.6783,1285.0
2017-10-12 13:43:00,47.6725,47.675,47.6725,47.675,200.0
2017-10-12 13:44:00,47.64,47.68,47.64,47.675,3092.0
2017-10-12 13:45:00,47.645,47.645,47.64,47.64,712.0
2017-10-12 13:46:00,47.65,47.65,47.65,47.65,100.0
2017-10-12 13:47:00,47.66,47.66,47.64,47.64,2511.0
2017-10-12 13:48:00,47.65,47.6562,47.65,47.65,1600.0
2017-10-12 13:49:00,47.61,47.64,47.61,47.64,3036.0
2017-10-12 13:50:00,47.61,47.61,47.61,47.61,300.0
2017-10-12 13:51:00,47.58,47.61,47.58,47.61,1642.0
2017-10-12 13:52:00,47.58,47.59,47.58,47.59,2934.0
2017-10-12 13:53:00,47.58,47.59,47.58,47.59,600.0
2017-10-12 13:54:00,47.6,47.6,47.58,47.58,1482.0
2017-10-12 13:55:00,47.59,47.6,47.59,47.6,1400.0
2017-10-12 13:56:00,47.58,47.61,47.57,47.585,7700.0
2017-10-12 13:57:00,47.57,47.58,47.57,47.58,300.0
2017-10-12 13:59:00,47.591,47.591,47.58,47.58,2113.0
2017-10-12 14:00:00,47.61,47.61,47.59,47.59,300.0
2017-10-12 14:01:00,47.64,47.64,47.605,47.605,2415.0
2017-10-12 14:02:00,47.645,47.65,47.64,47.65,2277.0
2017-10-12 14:03:00,47.635,47.64,47.63,47.63,700.0
2017-10-12 14:04:00,47.6504,47.6504,47.62,47.62,3609.0
2017-10-12 14:05:00,47.65,47.65,47.65,47.65,200.0
2017-10-12 14:06:00,47.655,47.655,47.655,47.655,135.0
2017-10-12 14:07:00,47.66,47.66,47.66,47.66,100.0
2017-10-12 14:08:00,47.67,47.67,47.656000000000006,47.66,1801.0
2017-10-12 14:09:00,47.69,47.69,47.67,47.67,2626.0
2017-10-12 14:10:00,47.66,47.7,47.65,47.7,6237.0
2017-10-12 14:11:00,47.65,47.66,47.65,47.65,875.0
2017-10-12 14:12:00,47.66,47.66,47.65,47.65,600.0
2017-10-12 14:13:00,47.67,47.67,47.67,47.67,100.0
2017-10-12 14:14:00,47.68,47.68,47.67,47.67,2000.0
2017-10-12 14:15:00,47.66,47.68,47.66,47.68,2201.0
2017-10-12 14:17:00,47.67,47.67,47.67,47.67,2755.0
2017-10-12 14:18:00,47.68,47.68,47.67,47.6799,1284.0
2017-10-12 14:19:00,47.68,47.68,47.68,47.68,100.0
2017-10-12 14:20:00,47.66,47.67,47.66,47.67,2599.0
2017-10-12 14:21:00,47.64,47.655,47.64,47.65,700.0
2017-10-12 14:22:00,47.63,47.6348,47.63,47.63,400.0
2017-10-12 14:23:00,47.63,47.64,47.63,47.63,2100.0
2017-10-12 14:24:00,47.64,47.64,47.64,47.64,100.0
2017-10-12 14:25:00,47.64,47.64,47.64,47.64,300.0
2017-10-12 14:26:00,47.65,47.65,47.64,47.643,434.0
2017-10-12 14:27:00,47.64,47.64,47.62,47.64,3961.0
2017-10-12 14:29:00,47.65,47.65,47.64,47.64,600.0
2017-10-12 14:30:00,47.65,47.65,47.64,47.6466,800.0
2017-10-12 14:31:00,47.66,47.66,47.65,47.65,1600.0
2017-10-12 14:32:00,47.64,47.655,47.635,47.655,4939.0
2017-10-12 14:33:00,47.66,47.66,47.645,47.645,838.0
2017-10-12 14:34:00,47.64,47.655,47.64,47.655,1641.0
2017-10-12 14:35:00,47.63,47.645,47.63,47.64,1363.0
2017-10-12 14:36:00,47.63,47.63,47.62,47.6201,1716.0
2017-10-12 14:37:00,47.635,47.64,47.63,47.63,400.0
2017-10-12 14:38:00,47.645,47.65,47.64,47.64,1257.0
2017-10-12 14:39:00,47.6499,47.65,47.6415,47.645,930.0
2017-10-12 14:40:00,47.63,47.645,47.63,47.645,1903.0
2017-10-12 14:41:00,47.62,47.63,47.62,47.63,400.0
2017-10-12 14:42:00,47.62,47.62,47.62,47.62,200.0
2017-10-12 14:43:00,47.62,47.62,47.62,47.62,500.0
2017-10-12 14:44:00,47.625,47.625,47.625,47.625,100.0
2017-10-12 14:45:00,47.635,47.64,47.62,47.625,3376.0
2017-10-12 14:46:00,47.62,47.63,47.62,47.63,1797.0
2017-10-12 14:47:00,47.63,47.63,47.63,47.63,2129.0
2017-10-12 14:48:00,47.625,47.63,47.625,47.63,800.0
2017-10-12 14:49:00,47.61,47.625,47.6,47.625,3370.0
2017-10-12 14:50:00,47.63,47.64,47.6,47.61,4546.0
2017-10-12 14:51:00,47.65,47.65,47.63,47.63,2163.0
2017-10-12 14:52:00,47.67,47.67,47.645,47.65,1400.0
2017-10-12 14:53:00,47.6791,47.6791,47.67,47.675,3227.0
2017-10-12 14:54:00,47.69,47.69,47.68,47.68,900.0
2017-10-12 14:55:00,47.67,47.69,47.67,47.69,3556.0
2017-10-12 14:56:00,47.665,47.67,47.66,47.67,1300.0
2017-10-12 14:57:00,47.69,47.69,47.66,47.66,5393.0
2017-10-12 14:58:00,47.7,47.7,47.69,47.69,800.0
2017-10-12 14:59:00,47.69,47.695,47.69,47.695,700.0
2017-10-12 15:00:00,47.685,47.695,47.68,47.69,3683.0
2017-10-12 15:01:00,47.69,47.69,47.68,47.68,2486.0
2017-10-12 15:02:00,47.71,47.71,47.69,47.7,5218.0
2017-10-12 15:03:00,47.71,47.715,47.705,47.71,1850.0
2017-10-12 15:04:00,47.705,47.705,47.7,47.7,400.0
2017-10-12 15:05:00,47.7,47.7087,47.7,47.7087,900.0
2017-10-12 15:06:00,47.7034,47.705,47.7,47.7,630.0
2017-10-12 15:07:00,47.71,47.71,47.7,47.7,3312.0
2017-10-12 15:08:00,47.71,47.71,47.71,47.71,3361.0
2017-10-12 15:09:00,47.69,47.7,47.6899,47.7,3817.0
2017-10-12 15:10:00,47.708999999999996,47.72,47.695,47.7,5920.0
2017-10-12 15:11:00,47.72,47.72,47.72,47.72,100.0
2017-10-12 15:12:00,47.71,47.71,47.71,47.71,325.0
2017-10-12 15:13:00,47.71,47.72,47.71,47.72,2900.0
2017-10-12 15:14:00,47.69,47.7,47.69,47.7,2080.0
2017-10-12 15:15:00,47.72,47.72,47.695,47.695,4225.0
2017-10-12 15:16:00,47.715,47.72,47.71,47.72,1608.0
2017-10-12 15:17:00,47.69,47.705,47.69,47.705,2100.0
2017-10-12 15:18:00,47.71,47.71,47.69,47.695,2600.0
2017-10-12 15:19:00,47.695,47.71,47.695,47.71,2400.0
2017-10-12 15:20:00,47.7,47.7,47.69,47.695,1500.0
2017-10-12 15:21:00,47.72,47.725,47.7,47.7,7578.0
2017-10-12 15:22:00,47.71,47.72,47.71,47.715,2409.0
2017-10-12 15:23:00,47.7,47.7,47.69,47.7,1843.0
2017-10-12 15:24:00,47.69,47.7,47.69,47.7,2893.0
2017-10-12 15:25:00,47.695,47.695,47.69,47.69,300.0
2017-10-12 15:26:00,47.69,47.7,47.69,47.7,2000.0
2017-10-12 15:27:00,47.72,47.72,47.69,47.69,4800.0
2017-10-12 15:28:00,47.715,47.72,47.713,47.713,410.0
2017-10-12 15:29:00,47.6801,47.71,47.68,47.71,6120.0
2017-10-12 15:30:00,47.67,47.6825,47.66,47.68,7203.0
2017-10-12 15:31:00,47.65,47.67,47.65,47.67,1700.0
2017-10-12 15:32:00,47.645,47.645,47.64,47.64,600.0
2017-10-12 15:33:00,47.65,47.65,47.64,47.64,1100.0
2017-10-12 15:34:00,47.66,47.675,47.64,47.64,9485.0
2017-10-12 15:35:00,47.64,47.65,47.64,47.65,1190.0
2017-10-12 15:36:00,47.645,47.65,47.635,47.635,5924.0
2017-10-12 15:37:00,47.64,47.645,47.64,47.645,2405.0
2017-10-12 15:38:00,47.63,47.64,47.63,47.64,1698.0
2017-10-12 15:39:00,47.64,47.64,47.63,47.635,1000.0
2017-10-12 15:40:00,47.63,47.64,47.63,47.64,1300.0
2017-10-12 15:41:00,47.66,47.67,47.63,47.635,12219.0
2017-10-12 15:42:00,47.67,47.67,47.66,47.67,1326.0
2017-10-12 15:43:00,47.665,47.665,47.66,47.665,700.0
2017-10-12 15:44:00,47.66,47.67,47.66,47.66,1800.0
2017-10-12 15:45:00,47.63,47.66,47.63,47.66,12686.0
2017-10-12 15:46:00,47.68,47.68,47.63,47.63,13897.0
2017-10-12 15:47:00,47.66,47.67,47.66,47.67,3706.0
2017-10-12 15:48:00,47.66,47.67,47.66,47.66,1700.0
2017-10-12 15:49:00,47.68,47.68,47.66,47.665,8811.0
2017-10-12 15:50:00,47.68,47.68,47.67,47.675,900.0
2017-10-12 15:51:00,47.65,47.675,47.65,47.675,13177.0
2017-10-12 15:52:00,47.65,47.66,47.65,47.66,1900.0
2017-10-12 15:53:00,47.65,47.66,47.65,47.655,4016.0
2017-10-12 15:54:00,47.655,47.67,47.655,47.655,18032.0
2017-10-12 15:55:00,47.65,47.66,47.65,47.65,2132.0
2017-10-12 15:56:00,47.635,47.655,47.625,47.655,15468.0
2017-10-12 15:57:00,47.665,47.665,47.63,47.64,13424.0
2017-10-12 15:58:00,47.68,47.69,47.66,47.665,12998.0
2017-10-12 15:59:00,47.7,47.7,47.67,47.68,23086.0
2017-10-12 16:00:00,47.71,47.73,47.6944,47.695,39398.0
2017-10-13 09:30:00,47.75,47.75,47.73,47.73,13611.0
2017-10-13 09:31:00,47.73,47.93,47.73,47.835,5262.0
2017-10-13 09:32:00,47.7372,47.78,47.7372,47.74,3565.0
2017-10-13 09:33:00,47.73,47.75,47.6933,47.75,4702.0
2017-10-13 09:34:00,47.736000000000004,47.74,47.725,47.725,410.0
2017-10-13 09:35:00,47.7393,47.7393,47.71,47.71,1769.0
2017-10-13 09:36:00,47.65,47.73,47.64,47.73,1105.0
2017-10-13 09:37:00,47.69,47.69,47.65,47.65,1501.0
2017-10-13 09:38:00,47.71,47.7122,47.71,47.7122,1151.0
2017-10-13 09:39:00,47.76,47.76,47.735,47.735,1000.0
2017-10-13 09:40:00,47.76,47.76,47.72,47.76,1100.0
2017-10-13 09:41:00,47.78,47.78,47.78,47.78,100.0
2017-10-13 09:42:00,47.78,47.78,47.78,47.78,100.0
2017-10-13 09:44:00,47.75,47.77,47.75,47.77,300.0
2017-10-13 09:45:00,47.75,47.78,47.75,47.76,3200.0
2017-10-13 09:46:00,47.77,47.77,47.74,47.74,200.0
2017-10-13 09:47:00,47.77,47.77,47.76,47.77,700.0
2017-10-13 09:48:00,47.75,47.75,47.75,47.75,300.0
2017-10-13 09:49:00,47.75,47.75,47.74,47.75,2050.0
2017-10-13 09:50:00,47.74,47.745,47.73,47.745,1300.0
2017-10-13 09:51:00,47.751000000000005,47.76,47.74,47.75,977.0
2017-10-13 09:52:00,47.74,47.7652,47.74,47.75,3700.0
2017-10-13 09:53:00,47.76,47.76,47.75,47.76,800.0
2017-10-13 09:54:00,47.71,47.74,47.71,47.73,728.0
2017-10-13 09:55:00,47.73,47.73,47.7,47.7,498.0
2017-10-13 09:56:00,47.71,47.73,47.69,47.69,3700.0
2017-10-13 09:58:00,47.71,47.72,47.68,47.72,1200.0
2017-10-13 09:59:00,47.68,47.71,47.68,47.71,400.0
2017-10-13 10:00:00,47.67,47.69,47.67,47.68,500.0
2017-10-13 10:01:00,47.66,47.68,47.66,47.68,434.0
2017-10-13 10:02:00,47.65,47.66,47.65,47.66,700.0
2017-10-13 10:03:00,47.66,47.66,47.63,47.66,3090.0
2017-10-13 10:04:00,47.66,47.68,47.66,47.68,2307.0
2017-10-13 10:05:00,47.71,47.71,47.65,47.65,20625.0
2017-10-13 10:06:00,47.76,47.76,47.7,47.7,12860.0
2017-10-13 10:07:00,47.775,47.79,47.77,47.77,4301.0
2017-10-13 10:08:00,47.74,47.78,47.74,47.775,3400.0
2017-10-13 10:09:00,47.71,47.74,47.71,47.74,1972.0
2017-10-13 10:10:00,47.71,47.72,47.7,47.72,1000.0
2017-10-13 10:11:00,47.74,47.74,47.72,47.72,1000.0
2017-10-13 10:12:00,47.76,47.76,47.7201,47.73,1350.0
2017-10-13 10:13:00,47.8,47.81,47.77,47.77,1700.0
2017-10-13 10:14:00,47.79,47.81,47.7875,47.81,2448.0
2017-10-13 10:16:00,47.78,47.79,47.78,47.79,200.0
2017-10-13 10:17:00,47.79,47.79,47.79,47.79,1406.0
2017-10-13 10:18:00,47.78,47.795,47.78,47.79,700.0
2017-10-13 10:19:00,47.81,47.81,47.79,47.79,1502.0
2017-10-13 10:20:00,47.76,47.81,47.75,47.81,1920.0
2017-10-13 10:21:00,47.79,47.82,47.775,47.79,2300.0
2017-10-13 10:22:00,47.84,47.85,47.82,47.82,1002.0
2017-10-13 10:23:00,47.82,47.87,47.82,47.85,5700.0
2017-10-13 10:24:00,47.84,47.85,47.83,47.83,1400.0
2017-10-13 10:25:00,47.8,47.84,47.8,47.84,583.0
2017-10-13 10:26:00,47.8,47.8,47.8,47.8,485.0
2017-10-13 10:27:00,47.81,47.81,47.81,47.81,100.0
2017-10-13 10:28:00,47.78,47.83,47.78,47.805,3500.0
2017-10-13 10:29:00,47.79,47.8,47.78,47.78,1532.0
2017-10-13 10:32:00,47.83,47.83,47.83,47.83,100.0
2017-10-13 10:33:00,47.83,47.83,47.83,47.83,600.0
2017-10-13 10:34:00,47.83,47.835,47.83,47.83,1051.0
2017-10-13 10:35:00,47.82,47.83,47.82,47.83,800.0
2017-10-13 10:36:00,47.81,47.82,47.81,47.82,300.0
2017-10-13 10:37:00,47.84,47.84,47.815,47.82,1900.0
2017-10-13 10:38:00,47.83,47.83,47.82,47.8288,400.0
2017-10-13 10:39:00,47.83,47.84,47.82,47.82,4681.0
2017-10-13 10:40:00,47.8,47.83,47.8,47.83,2500.0
2017-10-13 10:41:00,47.81,47.81,47.81,47.81,600.0
2017-10-13 10:42:00,47.81,47.81,47.8,47.8001,2530.0
2017-10-13 10:43:00,47.8,47.802,47.8,47.802,298.0
2017-10-13 10:44:00,47.78,47.79,47.775,47.79,1500.0
2017-10-13 10:46:00,47.7565,47.78,47.7565,47.78,1625.0
2017-10-13 10:47:00,47.78,47.78,47.7675,47.7675,1644.0
2017-10-13 10:48:00,47.77,47.78,47.765,47.78,1772.0
2017-10-13 10:50:00,47.785,47.785,47.77,47.77,6408.0
2017-10-13 10:51:00,47.75,47.77,47.75,47.77,2100.0
2017-10-13 10:53:00,47.75,47.75,47.73,47.73,1808.0
2017-10-13 10:54:00,47.732,47.74,47.73,47.74,900.0
2017-10-13 10:55:00,47.7,47.725,47.7,47.725,3599.0
2017-10-13 10:56:00,47.73,47.73,47.69,47.7,3372.0
2017-10-13 10:57:00,47.73,47.74,47.73,47.74,201.0
2017-10-13 10:58:00,47.73,47.74,47.73,47.73,1510.0
2017-10-13 10:59:00,47.75,47.75,47.72,47.72,2085.0
2017-10-13 11:00:00,47.76,47.76,47.74,47.76,600.0
2017-10-13 11:01:00,47.76,47.76,47.75,47.76,2491.0
2017-10-13 11:02:00,47.72,47.77,47.72,47.77,2219.0
2017-10-13 11:03:00,47.72,47.73,47.7,47.72,9170.0
2017-10-13 11:04:00,47.69,47.72,47.69,47.72,3518.0
2017-10-13 11:05:00,47.695,47.7,47.695,47.7,200.0
2017-10-13 11:06:00,47.69,47.69,47.69,47.69,450.0
2017-10-13 11:07:00,47.68,47.69,47.67,47.69,2300.0
2017-10-13 11:08:00,47.665,47.69,47.665,47.69,2400.0
2017-10-13 11:09:00,47.6499,47.67,47.6499,47.66,2400.0
2017-10-13 11:10:00,47.67,47.67,47.65,47.65,1951.0
2017-10-13 11:11:00,47.6744,47.6744,47.6744,47.6744,105.0
2017-10-13 11:12:00,47.6501,47.68,47.6501,47.68,400.0
2017-10-13 11:13:00,47.64,47.64,47.64,47.64,100.0
2017-10-13 11:14:00,47.63,47.63,47.62,47.62,2151.0
2017-10-13 11:15:00,47.66,47.66,47.64,47.65,7899.0
2017-10-13 11:16:00,47.7,47.7,47.66,47.66,3100.0
2017-10-13 11:17:00,47.7,47.71,47.7,47.7,2083.0
2017-10-13 11:18:00,47.71,47.72,47.7,47.71,3400.0
2017-10-13 11:19:00,47.695,47.695,47.695,47.695,300.0
2017-10-13 11:20:00,47.71,47.72,47.69,47.69,2913.0
2017-10-13 11:21:00,47.705,47.705,47.7,47.7,500.0
2017-10-13 11:22:00,47.725,47.73,47.705,47.705,3940.0
2017-10-13 11:23:00,47.74,47.74,47.72,47.735,8100.0
2017-10-13 11:24:00,47.75,47.75,47.75,47.75,200.0
2017-10-13 11:26:00,47.78,47.78,47.75,47.76,3559.0
2017-10-13 11:27:00,47.79,47.79,47.785,47.79,1470.0
2017-10-13 11:28:00,47.78,47.78,47.76,47.77,2156.0
2017-10-13 11:29:00,47.82,47.82,47.78,47.78,3073.0
2017-10-13 11:30:00,47.87,47.87,47.78,47.79,2400.0
2017-10-13 11:31:00,47.88,47.88,47.86,47.87,1816.0
2017-10-13 11:32:00,47.88,47.88,47.875,47.88,700.0
2017-10-13 11:33:00,47.895,47.905,47.885,47.89,1835.0
2017-10-13 11:34:00,47.885,47.91,47.885,47.9,5700.0
2017-10-13 11:35:00,47.89,47.89,47.88,47.88,825.0
2017-10-13 11:36:00,47.86,47.9,47.86,47.895,2037.0
2017-10-13 11:37:00,47.87,47.87,47.84,47.84,1480.0
2017-10-13 11:38:00,47.88,47.89,47.875,47.875,2500.0
2017-10-13 11:39:00,47.89,47.89,47.88,47.88,2929.0
2017-10-13 11:40:00,47.88,47.89,47.88,47.89,1000.0
2017-10-13 11:41:00,47.92,47.92,47.9,47.9,700.0
2017-10-13 11:42:00,47.92,47.93,47.91,47.91,2320.0
2017-10-13 11:43:00,47.94,47.94,47.91,47.91,1100.0
2017-10-13 11:44:00,47.96,47.96,47.94,47.95,1300.0
2017-10-13 11:45:00,47.95,47.96,47.95,47.96,1105.0
2017-10-13 11:46:00,47.94,47.95,47.94,47.94,1000.0
2017-10-13 11:48:00,47.935,47.96,47.935,47.96,3100.0
2017-10-13 11:49:00,47.95,47.95,47.94,47.94,594.0
2017-10-13 11:50:00,47.99,47.99,47.94,47.94,1300.0
2017-10-13 11:51:00,47.9899,47.9899,47.97,47.98,830.0
2017-10-13 11:52:00,47.95,48.0,47.95,47.97,1800.0
2017-10-13 11:53:00,47.95,47.95,47.95,47.95,213.0
2017-10-13 11:54:00,47.93,47.956,47.93,47.95,1070.0
2017-10-13 11:55:00,47.96,47.96,47.95,47.95,984.0
2017-10-13 11:56:00,47.97,48.015,47.97,47.98,3658.0
2017-10-13 11:57:00,47.95,47.95,47.95,47.95,200.0
2017-10-13 11:58:00,47.91,47.96,47.91,47.95,11417.0
2017-10-13 11:59:00,47.95,47.95,47.94,47.94,1188.0
2017-10-13 12:01:00,47.98,47.99,47.95,47.95,1991.0
2017-10-13 12:02:00,48.03,48.03,48.0,48.0,1057.0
2017-10-13 12:03:00,48.01,48.03,48.01,48.03,500.0
2017-10-13 12:04:00,48.01,48.01,47.98,48.0,10910.0
2017-10-13 12:05:00,48.0,48.01,48.0,48.01,500.0
2017-10-13 12:06:00,48.01,48.01,48.01,48.01,800.0
2017-10-13 12:07:00,48.01,48.02,48.01,48.02,1700.0
2017-10-13 12:08:00,48.0097,48.01,48.0097,48.01,1325.0
2017-10-13 12:09:00,48.02,48.02,48.02,48.02,1200.0
2017-10-13 12:10:00,48.03,48.03,48.01,48.01,1354.0
2017-10-13 12:11:00,48.06,48.06,48.0322,48.0322,675.0
2017-10-13 12:12:00,48.04,48.06,48.04,48.05,2400.0
2017-10-13 12:13:00,48.05,48.05,48.03,48.05,4710.0
2017-10-13 12:14:00,48.04,48.06,48.04,48.06,400.0
2017-10-13 12:15:00,48.02,48.05,48.02,48.05,2245.0
2017-10-13 12:16:00,48.02,48.02,48.0088,48.0088,330.0
2017-10-13 12:17:00,48.01,48.04,48.01,48.01,1525.0
2017-10-13 12:18:00,48.04,48.04,48.02,48.02,800.0
2017-10-13 12:19:00,48.04,48.04,48.04,48.04,1195.0
2017-10-13 12:20:00,48.04,48.06,48.03,48.03,1700.0
2017-10-13 12:21:00,48.07899999999999,48.08,48.05,48.05,1623.0
2017-10-13 12:22:00,48.08,48.0899,48.06,48.08,1900.0
2017-10-13 12:23:00,48.05,48.08,48.05,48.08,825.0
2017-10-13 12:24:00,48.09,48.09,48.07,48.07,600.0
2017-10-13 12:25:00,48.05,48.07,48.05,48.07,1800.0
2017-10-13 12:26:00,48.06,48.06399999999999,48.05,48.05,2000.0
2017-10-13 12:27:00,48.05,48.07,48.05,48.06,600.0
2017-10-13 12:28:00,48.04,48.05,48.03,48.05,4200.0
2017-10-13 12:30:00,48.05,48.05,48.03,48.03,1400.0
2017-10-13 12:31:00,48.03,48.04,48.03,48.04,1300.0
2017-10-13 12:32:00,48.05,48.05,48.03,48.04,2201.0
2017-10-13 12:33:00,48.06,48.06,48.05,48.05,1462.0
2017-10-13 12:34:00,48.055,48.055,48.04,48.04,692.0
2017-10-13 12:35:00,48.06,48.06,48.05,48.05,800.0
2017-10-13 12:36:00,48.06,48.08,48.06,48.06,2200.0
2017-10-13 12:37:00,48.07,48.07,48.06,48.07,1400.0
2017-10-13 12:38:00,48.0969,48.11,48.09,48.09,1182.0
2017-10-13 12:39:00,48.11,48.11,48.1,48.1,800.0
2017-10-13 12:40:00,48.095,48.12,48.095,48.115,2400.0
2017-10-13 12:41:00,48.08,48.08,48.08,48.08,100.0
2017-10-13 12:42:00,48.09,48.09,48.08,48.08,1300.0
2017-10-13 12:43:00,48.1,48.1,48.1,48.1,1400.0
2017-10-13 12:44:00,48.12,48.12,48.1,48.1,1764.0
2017-10-13 12:45:00,48.1,48.11,48.09,48.11,900.0
2017-10-13 12:46:00,48.09,48.1,48.09,48.1,300.0
2017-10-13 12:47:00,48.07,48.09,48.07,48.09,1000.0
2017-10-13 12:48:00,48.08,48.08,48.065,48.065,1088.0
2017-10-13 12:49:00,48.07,48.08,48.07,48.08,500.0
2017-10-13 12:50:00,48.06,48.08,48.06,48.08,1800.0
2017-10-13 12:51:00,48.07,48.07,48.07,48.07,1956.0
2017-10-13 12:52:00,48.085,48.085,48.07,48.08,2300.0
2017-10-13 12:53:00,48.095,48.1,48.08,48.08,5145.0
2017-10-13 12:54:00,48.115,48.115,48.1,48.1,3139.0
2017-10-13 12:55:00,48.13,48.13,48.11,48.11,2465.0
2017-10-13 12:56:00,48.16,48.16,48.13,48.135,4099.0
2017-10-13 12:57:00,48.17,48.17,48.16,48.16,700.0
2017-10-13 12:58:00,48.19,48.19,48.16,48.16,1905.0
2017-10-13 12:59:00,48.17,48.18,48.17,48.18,600.0
2017-10-13 13:00:00,48.18,48.18,48.18,48.18,1210.0
2017-10-13 13:01:00,48.18,48.2,48.18,48.19,2261.0
2017-10-13 13:02:00,48.17,48.17,48.17,48.17,100.0
2017-10-13 13:03:00,48.135,48.1755,48.135,48.1755,18799.0
2017-10-13 13:05:00,48.13,48.13,48.13,48.13,100.0
2017-10-13 13:06:00,48.1,48.14,48.1,48.14,1727.0
2017-10-13 13:07:00,48.11,48.11,48.1,48.11,1503.0
2017-10-13 13:08:00,48.11,48.11,48.11,48.11,800.0
2017-10-13 13:09:00,48.1,48.11,48.1,48.11,1747.0
2017-10-13 13:12:00,48.08,48.09,48.08,48.09,1500.0
2017-10-13 13:13:00,48.09,48.09,48.08,48.09,1668.0
2017-10-13 13:14:00,48.09,48.1,48.09,48.09,500.0
2017-10-13 13:15:00,48.1,48.1,48.09,48.09,1200.0
2017-10-13 13:16:00,48.12,48.12,48.09,48.09,1926.0
2017-10-13 13:17:00,48.1267,48.1267,48.12,48.12,380.0
2017-10-13 13:19:00,48.13,48.14,48.12,48.12,1200.0
2017-10-13 13:20:00,48.13,48.14,48.12,48.13,3350.0
2017-10-13 13:21:00,48.135,48.14,48.135,48.14,950.0
2017-10-13 13:22:00,48.16,48.16,48.14,48.14,1805.0
2017-10-13 13:23:00,48.14,48.16,48.14,48.16,1790.0
2017-10-13 13:24:00,48.16,48.16,48.15,48.15,1300.0
2017-10-13 13:25:00,48.16,48.16,48.15,48.15,1700.0
2017-10-13 13:26:00,48.18,48.18,48.16,48.16,3463.0
2017-10-13 13:27:00,48.19,48.19,48.19,48.19,1450.0
2017-10-13 13:28:00,48.19,48.2,48.19,48.19,900.0
2017-10-13 13:29:00,48.2,48.2,48.19,48.2,3300.0
2017-10-13 13:30:00,48.23,48.23,48.2,48.2,1500.0
2017-10-13 13:31:00,48.24,48.24,48.2201,48.2201,312.0
2017-10-13 13:32:00,48.22,48.24,48.22,48.23,2306.0
2017-10-13 13:33:00,48.23,48.24,48.22,48.23,2373.0
2017-10-13 13:34:00,48.23,48.24,48.22,48.23,1900.0
2017-10-13 13:35:00,48.21,48.22,48.21,48.22,1814.0
2017-10-13 13:36:00,48.21,48.215,48.2,48.2,2120.0
2017-10-13 13:37:00,48.22,48.23,48.21,48.21,1300.0
2017-10-13 13:38:00,48.24,48.24,48.2128,48.2128,1035.0
2017-10-13 13:39:00,48.2531,48.2531,48.23,48.23,5240.0
2017-10-13 13:40:00,48.25,48.25,48.25,48.25,1712.0
2017-10-13 13:41:00,48.245,48.25,48.245,48.25,2000.0
2017-10-13 13:42:00,48.25,48.25,48.25,48.25,2400.0
2017-10-13 13:43:00,48.24,48.25,48.24,48.245,3469.0
2017-10-13 13:44:00,48.25,48.25,48.25,48.25,900.0
2017-10-13 13:45:00,48.25,48.26,48.25,48.26,2400.0
2017-10-13 13:46:00,48.245,48.25,48.24,48.25,2700.0
2017-10-13 13:47:00,48.235,48.24,48.235,48.24,500.0
2017-10-13 13:48:00,48.22,48.23,48.22,48.23,1201.0
2017-10-13 13:49:00,48.23,48.23,48.224,48.23,2340.0
2017-10-13 13:50:00,48.23,48.24,48.23,48.24,1747.0
2017-10-13 13:51:00,48.2467,48.2467,48.225,48.23,1473.0
2017-10-13 13:52:00,48.24,48.24,48.235,48.235,1278.0
2017-10-13 13:53:00,48.23,48.24,48.23,48.23,2000.0
2017-10-13 13:54:00,48.22,48.22,48.22,48.22,2700.0
2017-10-13 13:55:00,48.21,48.21,48.2,48.21,1714.0
2017-10-13 13:56:00,48.2,48.21,48.2,48.21,1100.0
2017-10-13 13:57:00,48.21,48.23,48.2,48.2,3821.0
2017-10-13 13:58:00,48.21,48.21,48.2,48.21,600.0
2017-10-13 13:59:00,48.225,48.225,48.21,48.21,3047.0
2017-10-13 14:00:00,48.235,48.235,48.225,48.225,1717.0
2017-10-13 14:01:00,48.23,48.23,48.22,48.23,1900.0
2017-10-13 14:02:00,48.23,48.24,48.23,48.235,2275.0
2017-10-13 14:03:00,48.22,48.23,48.22,48.23,1300.0
2017-10-13 14:04:00,48.24,48.24,48.23,48.23,1304.0
2017-10-13 14:05:00,48.24,48.24,48.23,48.23,1000.0
2017-10-13 14:06:00,48.22,48.24,48.22,48.24,1400.0
2017-10-13 14:07:00,48.21,48.21,48.21,48.21,1000.0
2017-10-13 14:08:00,48.21,48.22,48.2,48.22,2592.0
2017-10-13 14:09:00,48.21,48.21,48.2,48.2,1663.0
2017-10-13 14:10:00,48.21,48.22,48.21,48.21,3400.0
2017-10-13 14:11:00,48.2,48.205,48.2,48.2,2011.0
2017-10-13 14:12:00,48.199,48.2,48.199,48.2,592.0
2017-10-13 14:13:00,48.2,48.2,48.185,48.2,1397.0
2017-10-13 14:14:00,48.17,48.205,48.17,48.2,1890.0
2017-10-13 14:15:00,48.1701,48.19,48.17,48.17,2095.0
2017-10-13 14:16:00,48.18,48.18,48.17,48.1799,2005.0
2017-10-13 14:17:00,48.19,48.19,48.16,48.17,1100.0
2017-10-13 14:18:00,48.19,48.2,48.19,48.2,1753.0
2017-10-13 14:19:00,48.21,48.21,48.19,48.19,1148.0
2017-10-13 14:20:00,48.215,48.215,48.2,48.2,1450.0
2017-10-13 14:21:00,48.202,48.21,48.2,48.21,1734.0
2017-10-13 14:22:00,48.21,48.22,48.21,48.21,1100.0
2017-10-13 14:23:00,48.195,48.21,48.193000000000005,48.21,2361.0
2017-10-13 14:24:00,48.21,48.22,48.21,48.21,1267.0
2017-10-13 14:25:00,48.23,48.23,48.2184,48.22,3450.0
2017-10-13 14:26:00,48.22,48.25,48.22,48.24,1700.0
2017-10-13 14:27:00,48.21,48.22,48.21,48.22,400.0
2017-10-13 14:28:00,48.2,48.22,48.2,48.21,2130.0
2017-10-13 14:29:00,48.22,48.22,48.21,48.21,2063.0
2017-10-13 14:30:00,48.22,48.22,48.22,48.22,500.0
2017-10-13 14:31:00,48.23,48.23,48.23,48.23,1265.0
2017-10-13 14:32:00,48.195,48.22,48.19,48.22,2405.0
2017-10-13 14:33:00,48.19,48.195,48.19,48.195,1400.0
2017-10-13 14:34:00,48.205,48.205,48.16,48.16,2000.0
2017-10-13 14:35:00,48.21,48.22,48.19,48.19,2477.0
2017-10-13 14:36:00,48.22,48.225,48.21,48.21,2399.0
2017-10-13 14:37:00,48.21,48.24,48.2,48.21,2934.0
2017-10-13 14:38:00,48.22,48.225,48.215,48.22,2000.0
2017-10-13 14:39:00,48.22,48.225,48.21,48.21,11341.0
2017-10-13 14:40:00,48.21,48.22,48.21,48.22,1100.0
2017-10-13 14:42:00,48.21,48.22,48.2,48.22,1100.0
2017-10-13 14:43:00,48.185,48.2,48.18,48.2,2661.0
2017-10-13 14:44:00,48.2,48.2,48.185,48.19,2592.0
2017-10-13 14:45:00,48.22,48.22,48.21,48.21,1296.0
2017-10-13 14:46:00,48.22,48.22,48.215,48.22,898.0
2017-10-13 14:47:00,48.21,48.22,48.21,48.215,1800.0
2017-10-13 14:48:00,48.181999999999995,48.2,48.181999999999995,48.2,1679.0
2017-10-13 14:49:00,48.19,48.19,48.19,48.19,200.0
2017-10-13 14:50:00,48.19,48.2,48.19,48.2,1108.0
2017-10-13 14:51:00,48.1801,48.19,48.18,48.19,1840.0
2017-10-13 14:52:00,48.17,48.195,48.17,48.185,3278.0
2017-10-13 14:53:00,48.163000000000004,48.165,48.15,48.1624,4052.0
2017-10-13 14:54:00,48.185,48.185,48.165,48.17,1744.0
2017-10-13 14:55:00,48.17,48.195,48.17,48.18,2515.0
2017-10-13 14:56:00,48.17,48.17,48.16,48.16,1100.0
2017-10-13 14:57:00,48.14,48.17,48.14,48.17,2300.0
2017-10-13 14:58:00,48.13,48.14,48.12,48.14,5231.0
2017-10-13 14:59:00,48.11,48.125,48.11,48.125,1700.0
2017-10-13 15:00:00,48.13,48.13,48.105,48.105,3760.0
2017-10-13 15:01:00,48.16,48.16,48.14,48.14,1653.0
2017-10-13 15:02:00,48.14,48.165,48.14,48.16,2215.0
2017-10-13 15:03:00,48.12,48.13,48.115,48.13,2209.0
2017-10-13 15:04:00,48.12,48.13,48.12,48.13,1208.0
2017-10-13 15:05:00,48.125,48.125,48.12,48.12,692.0
2017-10-13 15:06:00,48.12,48.13,48.12,48.125,2173.0
2017-10-13 15:07:00,48.125,48.13,48.12,48.125,2480.0
2017-10-13 15:08:00,48.1,48.125,48.1,48.12,4142.0
2017-10-13 15:09:00,48.13,48.135,48.1,48.1,3619.0
2017-10-13 15:10:00,48.14,48.14,48.13,48.135,2186.0
2017-10-13 15:11:00,48.12,48.155,48.12,48.15,2500.0
2017-10-13 15:12:00,48.12,48.12,48.115,48.12,900.0
2017-10-13 15:13:00,48.1,48.115,48.1,48.11,3085.0
2017-10-13 15:14:00,48.1,48.1,48.095,48.095,1564.0
2017-10-13 15:15:00,48.08,48.095,48.08,48.095,2102.0
2017-10-13 15:16:00,48.06,48.085,48.05,48.085,3155.0
2017-10-13 15:17:00,48.05,48.06,48.05,48.05,1900.0
2017-10-13 15:18:00,48.04,48.065,48.04,48.05,7766.0
2017-10-13 15:19:00,48.035,48.035,48.035,48.035,200.0
2017-10-13 15:20:00,48.05,48.06,48.04,48.04,4400.0
2017-10-13 15:21:00,48.05,48.05,48.04,48.04,2796.0
2017-10-13 15:22:00,48.05,48.06,48.045,48.045,1969.0
2017-10-13 15:23:00,48.08,48.08,48.05,48.05,4990.0
2017-10-13 15:24:00,48.07,48.07,48.07,48.07,300.0
2017-10-13 15:25:00,48.055,48.09,48.055,48.07,5507.0
2017-10-13 15:26:00,48.055,48.06,48.055,48.055,1437.0
2017-10-13 15:27:00,48.05,48.06,48.05,48.055,1660.0
2017-10-13 15:28:00,48.09,48.09,48.055,48.055,4355.0
2017-10-13 15:29:00,48.09,48.095,48.09,48.09,2300.0
2017-10-13 15:30:00,48.1,48.1,48.09,48.1,1173.0
2017-10-13 15:31:00,48.105,48.12,48.105,48.11,3007.0
2017-10-13 15:32:00,48.095,48.1057,48.09,48.1057,3151.0
2017-10-13 15:33:00,48.09,48.11,48.09,48.095,3104.0
2017-10-13 15:34:00,48.06,48.09,48.06,48.0856,5473.0
2017-10-13 15:35:00,48.065,48.07,48.06,48.06,5646.0
2017-10-13 15:36:00,48.065,48.07,48.06,48.07,3265.0
2017-10-13 15:37:00,48.05,48.065,48.05,48.06,3700.0
2017-10-13 15:38:00,48.075,48.08,48.055,48.055,6036.0
2017-10-13 15:39:00,48.09,48.09,48.075,48.075,4769.0
2017-10-13 15:40:00,48.1,48.1,48.09,48.09,3345.0
2017-10-13 15:41:00,48.06,48.09,48.06,48.09,3093.0
2017-10-13 15:42:00,48.03,48.06,48.03,48.055,2199.0
2017-10-13 15:43:00,48.01,48.02,48.0,48.02,2825.0
2017-10-13 15:44:00,48.02,48.025,48.01,48.01,3746.0
2017-10-13 15:45:00,47.96,48.02,47.96,48.02,7638.0
2017-10-13 15:46:00,47.96,47.97,47.95,47.96,2763.0
2017-10-13 15:47:00,47.98,47.99,47.96,47.965,9695.0
2017-10-13 15:48:00,47.96,47.99,47.96,47.99,5224.0
2017-10-13 15:49:00,47.98,47.98,47.96,47.97,6115.0
2017-10-13 15:50:00,47.97,47.98,47.97,47.975,3220.0
2017-10-13 15:51:00,47.97,47.98,47.97,47.975,2899.0
2017-10-13 15:52:00,47.98,47.98,47.97,47.98,3560.0
2017-10-13 15:53:00,47.97,47.98,47.97,47.97,2800.0
2017-10-13 15:54:00,47.98,47.98,47.97,47.97,3579.0
2017-10-13 15:55:00,47.975,47.98,47.97,47.975,6501.0
2017-10-13 15:56:00,47.95,47.97,47.94,47.97,13557.0
2017-10-13 15:57:00,47.945,47.95,47.94,47.95,4700.0
2017-10-13 15:58:00,47.94,47.95,47.93,47.94,10123.0
2017-10-13 15:59:00,47.945,47.95,47.93,47.94,16723.0
2017-10-13 16:00:00,47.97,47.97,47.94,47.95,30474.0
2017-10-16 09:30:00,47.94,47.94,47.94,47.94,18200.0
2017-10-16 09:32:00,47.87,47.91,47.85,47.91,1500.0
2017-10-16 09:33:00,47.85,47.885,47.85,47.86,800.0
2017-10-16 09:34:00,47.905,47.905,47.88,47.88,800.0
2017-10-16 09:35:00,47.83,47.951,47.83,47.951,1700.0
2017-10-16 09:36:00,47.8,47.88,47.75,47.875,5301.0
2017-10-16 09:37:00,47.77,47.805,47.77,47.78,1338.0
2017-10-16 09:38:00,47.77,47.77,47.77,47.77,200.0
2017-10-16 09:41:00,47.83,47.8699,47.82,47.82,1200.0
2017-10-16 09:42:00,47.8364,47.8364,47.8364,47.8364,650.0
2017-10-16 09:43:00,47.8464,47.86,47.84,47.86,500.0
2017-10-16 09:44:00,47.86,47.87,47.86,47.86,2561.0
2017-10-16 09:45:00,47.86,47.86,47.86,47.86,100.0
2017-10-16 09:46:00,47.875,47.9,47.86,47.88,4350.0
2017-10-16 09:47:00,47.85,47.85,47.85,47.85,100.0
2017-10-16 09:48:00,47.83,47.855,47.83,47.855,1300.0
2017-10-16 09:49:00,47.89,47.89,47.8299,47.8299,4532.0
2017-10-16 09:51:00,47.88,47.89,47.86,47.89,1551.0
2017-10-16 09:52:00,47.91,47.94,47.89,47.89,2700.0
2017-10-16 09:54:00,47.89,47.92,47.89,47.91,1823.0
2017-10-16 09:55:00,47.8601,47.895,47.8601,47.895,1200.0
2017-10-16 09:57:00,47.8699,47.88,47.8699,47.87,1273.0
2017-10-16 09:58:00,47.8676,47.87,47.86,47.86,1500.0
2017-10-16 09:59:00,47.9,47.9,47.87,47.87,300.0
2017-10-16 10:00:00,47.9,47.9,47.88,47.88,300.0
2017-10-16 10:01:00,47.89,47.9,47.89,47.89,2597.0
2017-10-16 10:02:00,47.88,47.9,47.88,47.89,800.0
2017-10-16 10:03:00,47.88,47.88,47.86,47.87,1300.0
2017-10-16 10:04:00,47.87,47.87,47.87,47.87,500.0
2017-10-16 10:05:00,47.865,47.885,47.86,47.885,1300.0
2017-10-16 10:06:00,47.85,47.88,47.85,47.87,1425.0
2017-10-16 10:07:00,47.84,47.85,47.83,47.85,600.0
2017-10-16 10:08:00,47.81,47.84,47.8,47.83,1921.0
2017-10-16 10:09:00,47.79,47.79,47.79,47.79,200.0
2017-10-16 10:11:00,47.74,47.76,47.74,47.76,700.0
2017-10-16 10:12:00,47.72,47.75,47.72,47.74,2792.0
2017-10-16 10:13:00,47.71,47.72,47.71,47.72,500.0
2017-10-16 10:14:00,47.72,47.73,47.71,47.72,3502.0
2017-10-16 10:15:00,47.73,47.73,47.7102,47.7102,1170.0
2017-10-16 10:16:00,47.74,47.74,47.72,47.73,2890.0
2017-10-16 10:17:00,47.75,47.75,47.74,47.74,1300.0
2017-10-16 10:18:00,47.7,47.75,47.7,47.75,2100.0
2017-10-16 10:19:00,47.6916,47.71,47.6916,47.71,5288.0
2017-10-16 10:20:00,47.69,47.71,47.69,47.71,500.0
2017-10-16 10:21:00,47.7,47.7,47.7,47.7,200.0
2017-10-16 10:22:00,47.73,47.73,47.7,47.7,3859.0
2017-10-16 10:23:00,47.74,47.75,47.73,47.73,1200.0
2017-10-16 10:24:00,47.76,47.7678,47.75,47.75,1700.0
2017-10-16 10:25:00,47.78,47.79,47.76,47.79,1000.0
2017-10-16 10:26:00,47.78,47.78,47.77,47.77,512.0
2017-10-16 10:27:00,47.8,47.8,47.78,47.78,1181.0
2017-10-16 10:28:00,47.8,47.8,47.8,47.8,1305.0
2017-10-16 10:29:00,47.81,47.81,47.79,47.8,1700.0
2017-10-16 10:30:00,47.81,47.81,47.8,47.81,700.0
2017-10-16 10:31:00,47.79,47.81,47.79,47.81,1154.0
2017-10-16 10:32:00,47.76,47.79,47.76,47.79,1400.0
2017-10-16 10:33:00,47.77,47.77,47.77,47.77,400.0
2017-10-16 10:34:00,47.75,47.765,47.74,47.765,2600.0
2017-10-16 10:35:00,47.75,47.75,47.75,47.75,897.0
2017-10-16 10:39:00,47.76,47.76,47.76,47.76,2100.0
2017-10-16 10:40:00,47.76,47.76,47.75,47.75,1248.0
2017-10-16 10:41:00,47.76,47.76,47.76,47.76,500.0
2017-10-16 10:43:00,47.77,47.77,47.76,47.77,5020.0
2017-10-16 10:44:00,47.71,47.76,47.71,47.76,2900.0
2017-10-16 10:45:00,47.69,47.71,47.68,47.7,2129.0
2017-10-16 10:46:00,47.7,47.71,47.7,47.7,1046.0
2017-10-16 10:47:00,47.69,47.7,47.69,47.7,300.0
2017-10-16 10:48:00,47.69,47.69,47.69,47.69,100.0
2017-10-16 10:49:00,47.66,47.68,47.66,47.68,4865.0
2017-10-16 10:50:00,47.6403,47.6403,47.64,47.64,700.0
2017-10-16 10:51:00,47.68,47.68,47.63,47.6329,1679.0
2017-10-16 10:52:00,47.69,47.69,47.69,47.69,200.0
2017-10-16 10:53:00,47.73,47.73,47.73,47.73,100.0
2017-10-16 10:55:00,47.69,47.73,47.69,47.73,2183.0
2017-10-16 10:56:00,47.68,47.68,47.68,47.68,329.0
2017-10-16 10:57:00,47.69,47.69,47.68,47.68,1700.0
2017-10-16 10:58:00,47.69,47.7,47.69,47.69,1639.0
2017-10-16 10:59:00,47.7,47.73,47.67,47.67,2050.0
2017-10-16 11:00:00,47.7,47.7,47.7,47.7,1000.0
2017-10-16 11:01:00,47.69,47.7,47.69,47.7,1200.0
2017-10-16 11:02:00,47.69,47.7,47.685,47.695,6073.0
2017-10-16 11:03:00,47.73,47.73,47.69,47.69,2100.0
2017-10-16 11:04:00,47.73,47.73,47.72,47.72,296.0
2017-10-16 11:05:00,47.76,47.76,47.74,47.74,11082.0
2017-10-16 11:06:00,47.73,47.76,47.73,47.76,1600.0
2017-10-16 11:07:00,47.72,47.72,47.72,47.72,1500.0
2017-10-16 11:08:00,47.735,47.735,47.72,47.72,300.0
2017-10-16 11:10:00,47.73,47.75,47.73,47.74,1939.0
2017-10-16 11:11:00,47.735,47.735,47.72,47.72,1881.0
2017-10-16 11:12:00,47.74,47.74,47.74,47.74,1400.0
2017-10-16 11:13:00,47.695,47.73,47.685,47.73,15330.0
2017-10-16 11:14:00,47.7,47.715,47.695,47.695,3325.0
2017-10-16 11:15:00,47.7,47.705,47.695,47.695,1700.0
2017-10-16 11:16:00,47.695,47.705,47.68,47.7,2803.0
2017-10-16 11:17:00,47.7,47.705,47.69,47.695,1800.0
2017-10-16 11:18:00,47.72,47.72,47.7,47.7,2085.0
2017-10-16 11:19:00,47.69,47.72,47.69,47.72,1898.0
2017-10-16 11:20:00,47.69,47.69,47.67,47.685,2200.0
2017-10-16 11:21:00,47.7,47.7,47.68,47.69,9038.0
2017-10-16 11:22:00,47.73,47.73,47.7,47.7,2100.0
2017-10-16 11:23:00,47.73,47.74,47.72,47.73,1120.0
2017-10-16 11:24:00,47.68,47.72,47.68,47.72,5870.0
2017-10-16 11:25:00,47.7,47.7,47.68,47.69,600.0
2017-10-16 11:26:00,47.69,47.7,47.69,47.69,1000.0
2017-10-16 11:27:00,47.695,47.7,47.695,47.7,200.0
2017-10-16 11:28:00,47.71,47.72,47.7,47.7,3089.0
2017-10-16 11:29:00,47.72,47.72,47.71,47.71,800.0
2017-10-16 11:30:00,47.73,47.73,47.72,47.72,800.0
2017-10-16 11:31:00,47.72,47.7466,47.72,47.74,847.0
2017-10-16 11:32:00,47.73,47.74,47.73,47.74,400.0
2017-10-16 11:33:00,47.73,47.73,47.7242,47.73,853.0
2017-10-16 11:34:00,47.69,47.71,47.69,47.7,800.0
2017-10-16 11:35:00,47.71,47.71,47.69,47.69,900.0
2017-10-16 11:36:00,47.71,47.71,47.7,47.7,1000.0
2017-10-16 11:37:00,47.71,47.71,47.71,47.71,600.0
2017-10-16 11:38:00,47.71,47.72,47.71,47.71,799.0
2017-10-16 11:40:00,47.71,47.715,47.7,47.71,986.0
2017-10-16 11:41:00,47.715,47.72,47.71,47.71,452.0
2017-10-16 11:42:00,47.7101,47.7101,47.7101,47.7101,126.0
2017-10-16 11:44:00,47.71,47.71,47.71,47.71,100.0
2017-10-16 11:45:00,47.715,47.715,47.71,47.71,490.0
2017-10-16 11:46:00,47.715,47.715,47.715,47.715,100.0
2017-10-16 11:47:00,47.7125,47.715,47.71,47.71,3427.0
2017-10-16 11:48:00,47.72,47.73,47.72,47.72,3020.0
2017-10-16 11:49:00,47.725,47.725,47.715,47.715,2173.0
2017-10-16 11:50:00,47.73,47.735,47.73,47.73,1700.0
2017-10-16 11:51:00,47.73,47.73,47.72,47.73,1100.0
2017-10-16 11:52:00,47.735,47.745,47.73,47.74,1108.0
2017-10-16 11:53:00,47.74,47.75,47.735,47.74,3371.0
2017-10-16 11:54:00,47.74,47.74,47.74,47.74,300.0
2017-10-16 11:55:00,47.74,47.74,47.73,47.735,400.0
2017-10-16 11:56:00,47.735,47.74,47.735,47.74,451.0
2017-10-16 11:57:00,47.73,47.74,47.73,47.73,1100.0
2017-10-16 11:58:00,47.755,47.755,47.74,47.74,700.0
2017-10-16 11:59:00,47.76,47.76,47.76,47.76,100.0
2017-10-16 12:00:00,47.77,47.77,47.77,47.77,200.0
2017-10-16 12:02:00,47.75,47.76,47.73,47.76,6204.0
2017-10-16 12:03:00,47.75,47.75,47.74,47.75,1434.0
2017-10-16 12:04:00,47.74,47.75,47.73,47.75,1300.0
2017-10-16 12:05:00,47.72,47.74,47.72,47.73,1300.0
2017-10-16 12:06:00,47.74,47.74,47.73,47.73,1650.0
2017-10-16 12:07:00,47.73,47.74,47.73,47.735,300.0
2017-10-16 12:08:00,47.73,47.73,47.73,47.73,1100.0
2017-10-16 12:09:00,47.76,47.76,47.735,47.74,4347.0
2017-10-16 12:10:00,47.75,47.755,47.75,47.755,300.0
2017-10-16 12:11:00,47.75,47.77,47.75,47.76,1200.0
2017-10-16 12:12:00,47.76,47.775,47.76,47.76,2029.0
2017-10-16 12:13:00,47.75,47.76,47.74,47.75,1200.0
2017-10-16 12:14:00,47.73,47.75,47.73,47.745,1800.0
2017-10-16 12:15:00,47.75,47.76,47.74,47.74,1900.0
2017-10-16 12:16:00,47.75,47.75,47.748999999999995,47.748999999999995,596.0
2017-10-16 12:17:00,47.74,47.75,47.72,47.745,3200.0
2017-10-16 12:18:00,47.74,47.74,47.74,47.74,200.0
2017-10-16 12:19:00,47.75,47.76,47.74,47.74,1401.0
2017-10-16 12:20:00,47.75,47.75,47.7441,47.75,1279.0
2017-10-16 12:21:00,47.74,47.75,47.74,47.75,800.0
2017-10-16 12:24:00,47.76,47.76,47.74,47.74,1600.0
2017-10-16 12:26:00,47.76,47.76,47.75,47.75,200.0
2017-10-16 12:27:00,47.735,47.745,47.73,47.74,17809.0
2017-10-16 12:28:00,47.705,47.74,47.705,47.74,4700.0
2017-10-16 12:29:00,47.7,47.7,47.68,47.7,2769.0
2017-10-16 12:30:00,47.7,47.7,47.7,47.7,700.0
2017-10-16 12:31:00,47.7,47.71,47.7,47.7,1608.0
2017-10-16 12:32:00,47.71,47.72,47.7,47.71,3105.0
2017-10-16 12:33:00,47.715,47.715,47.705,47.71,2200.0
2017-10-16 12:34:00,47.71,47.725,47.7,47.71,2500.0
2017-10-16 12:35:00,47.72,47.72,47.705,47.71,1889.0
2017-10-16 12:36:00,47.71,47.715,47.71,47.71,1400.0
2017-10-16 12:37:00,47.72,47.72,47.715,47.72,1600.0
2017-10-16 12:38:00,47.695,47.72,47.69,47.72,2951.0
2017-10-16 12:39:00,47.7,47.7,47.7,47.7,200.0
2017-10-16 12:40:00,47.705,47.71,47.6956,47.7,3500.0
2017-10-16 12:41:00,47.72,47.72,47.69,47.71,3009.0
2017-10-16 12:42:00,47.71,47.73,47.71,47.73,1100.0
2017-10-16 12:43:00,47.71,47.71,47.705,47.705,1674.0
2017-10-16 12:44:00,47.71,47.71,47.71,47.71,304.0
2017-10-16 12:45:00,47.7,47.71,47.7,47.71,1000.0
2017-10-16 12:46:00,47.7,47.715,47.7,47.7,4300.0
2017-10-16 12:47:00,47.71,47.71,47.7,47.7,800.0
2017-10-16 12:48:00,47.71,47.715,47.7,47.7,4799.0
2017-10-16 12:49:00,47.71,47.715,47.705,47.715,702.0
2017-10-16 12:50:00,47.7,47.71,47.69,47.71,6344.0
2017-10-16 12:51:00,47.7,47.705,47.7,47.7,1200.0
2017-10-16 12:52:00,47.7,47.7,47.7,47.7,230.0
2017-10-16 12:53:00,47.7,47.7,47.69,47.7,1959.0
2017-10-16 12:54:00,47.705,47.705,47.705,47.705,200.0
2017-10-16 12:55:00,47.7,47.705,47.7,47.705,500.0
2017-10-16 12:56:00,47.69,47.7,47.69,47.7,800.0
2017-10-16 12:57:00,47.7,47.7,47.7,47.7,100.0
2017-10-16 12:58:00,47.665,47.69,47.66,47.69,4391.0
2017-10-16 12:59:00,47.67,47.67,47.67,47.67,1532.0
2017-10-16 13:00:00,47.69,47.69,47.675,47.68,600.0
2017-10-16 13:01:00,47.68,47.7,47.68,47.7,600.0
2017-10-16 13:02:00,47.67,47.675,47.66,47.67,1800.0
2017-10-16 13:04:00,47.64,47.67,47.64,47.67,2000.0
2017-10-16 13:05:00,47.65,47.65,47.65,47.65,724.0
2017-10-16 13:06:00,47.64,47.64,47.63,47.64,1000.0
2017-10-16 13:07:00,47.66,47.66,47.64,47.64,1600.0
2017-10-16 13:08:00,47.67,47.675,47.67,47.67,1100.0
2017-10-16 13:09:00,47.69,47.69,47.67,47.67,500.0
2017-10-16 13:11:00,47.7,47.7,47.68,47.68,937.0
2017-10-16 13:12:00,47.71,47.71,47.69,47.7,46000.0
2017-10-16 13:13:00,47.73,47.73,47.72,47.72,1200.0
2017-10-16 13:14:00,47.76,47.76,47.73,47.73,3233.0
2017-10-16 13:15:00,47.76,47.78,47.76,47.78,800.0
2017-10-16 13:16:00,47.79,47.79,47.77,47.77,1300.0
2017-10-16 13:17:00,47.76,47.78,47.76,47.78,1400.0
2017-10-16 13:19:00,47.77,47.77,47.77,47.77,1300.0
2017-10-16 13:20:00,47.775,47.775,47.77,47.77,800.0
2017-10-16 13:21:00,47.78,47.78,47.78,47.78,720.0
2017-10-16 13:22:00,47.78,47.78,47.78,47.78,500.0
2017-10-16 13:23:00,47.75,47.77,47.75,47.77,1805.0
2017-10-16 13:25:00,47.75,47.76,47.75,47.76,365.0
2017-10-16 13:26:00,47.77,47.77,47.75,47.75,1326.0
2017-10-16 13:27:00,47.78,47.78,47.78,47.78,678.0
2017-10-16 13:29:00,47.79,47.79,47.78,47.78,1298.0
2017-10-16 13:30:00,47.79,47.79,47.78,47.78,200.0
2017-10-16 13:31:00,47.78,47.79,47.78,47.78,785.0
2017-10-16 13:32:00,47.78,47.78,47.78,47.78,1000.0
2017-10-16 13:34:00,47.8,47.8,47.79,47.79,2684.0
2017-10-16 13:35:00,47.81,47.81,47.81,47.81,100.0
2017-10-16 13:36:00,47.83,47.83,47.8,47.8059,1356.0
2017-10-16 13:37:00,47.82,47.835,47.82,47.83,506.0
2017-10-16 13:38:00,47.83,47.83,47.83,47.83,100.0
2017-10-16 13:40:00,47.81,47.82,47.81,47.82,2987.0
2017-10-16 13:41:00,47.81,47.81,47.81,47.81,100.0
2017-10-16 13:42:00,47.82,47.82,47.82,47.82,600.0
2017-10-16 13:43:00,47.84,47.845,47.83,47.83,2600.0
2017-10-16 13:45:00,47.84,47.84,47.84,47.84,100.0
2017-10-16 13:46:00,47.83,47.83,47.83,47.83,200.0
2017-10-16 13:47:00,47.83,47.83,47.83,47.83,200.0
2017-10-16 13:48:00,47.82,47.83,47.81,47.83,3600.0
2017-10-16 13:49:00,47.81,47.82,47.81,47.82,1603.0
2017-10-16 13:50:00,47.82,47.82,47.81,47.81,1332.0
2017-10-16 13:51:00,47.82,47.82,47.815,47.82,705.0
2017-10-16 13:52:00,47.83,47.83,47.83,47.83,500.0
2017-10-16 13:54:00,47.83,47.8311,47.83,47.8311,1965.0
2017-10-16 13:55:00,47.83,47.8342,47.82,47.8342,1277.0
2017-10-16 13:56:00,47.83,47.83,47.83,47.83,895.0
2017-10-16 13:57:00,47.84,47.84,47.84,47.84,600.0
2017-10-16 13:58:00,47.83,47.84,47.83,47.84,400.0
2017-10-16 13:59:00,47.82,47.83,47.82,47.83,2700.0
2017-10-16 14:00:00,47.82,47.82,47.82,47.82,500.0
2017-10-16 14:01:00,47.83,47.83,47.82,47.82,2146.0
2017-10-16 14:02:00,47.83,47.83,47.83,47.83,1300.0
2017-10-16 14:03:00,47.812,47.82,47.812,47.82,700.0
2017-10-16 14:04:00,47.83,47.83,47.82,47.82,1644.0
2017-10-16 14:05:00,47.82,47.82,47.82,47.82,100.0
2017-10-16 14:07:00,47.83,47.83,47.83,47.83,200.0
2017-10-16 14:08:00,47.82,47.82,47.82,47.82,100.0
2017-10-16 14:09:00,47.83,47.83,47.82,47.83,488.0
2017-10-16 14:10:00,47.83,47.83,47.82,47.82,200.0
2017-10-16 14:11:00,47.82,47.82,47.82,47.82,400.0
2017-10-16 14:12:00,47.82,47.82,47.82,47.82,800.0
2017-10-16 14:13:00,47.825,47.825,47.82,47.82,1553.0
2017-10-16 14:14:00,47.81,47.81,47.81,47.81,100.0
2017-10-16 14:15:00,47.78,47.81,47.78,47.81,5700.0
2017-10-16 14:16:00,47.79,47.79,47.77,47.77,1719.0
2017-10-16 14:17:00,47.77,47.79,47.77,47.79,1424.0
2017-10-16 14:18:00,47.78,47.78,47.78,47.78,1216.0
2017-10-16 14:20:00,47.78,47.78,47.78,47.78,791.0
2017-10-16 14:21:00,47.81,47.81,47.79,47.79,2289.0
2017-10-16 14:22:00,47.8,47.81,47.8,47.81,1000.0
2017-10-16 14:23:00,47.79,47.8,47.78,47.8,1319.0
2017-10-16 14:24:00,47.7944,47.7944,47.79,47.79,386.0
2017-10-16 14:25:00,47.8,47.8,47.8,47.8,900.0
2017-10-16 14:26:00,47.8,47.8,47.8,47.8,200.0
2017-10-16 14:27:00,47.8,47.805,47.8,47.805,804.0
2017-10-16 14:28:00,47.797,47.797,47.797,47.797,284.0
2017-10-16 14:29:00,47.8,47.8,47.8,47.8,892.0
2017-10-16 14:31:00,47.79,47.8,47.79,47.8,700.0
2017-10-16 14:32:00,47.8,47.81,47.795,47.7967,2046.0
2017-10-16 14:33:00,47.805,47.805,47.805,47.805,100.0
2017-10-16 14:35:00,47.8,47.805,47.8,47.805,500.0
2017-10-16 14:36:00,47.8,47.8,47.8,47.8,100.0
2017-10-16 14:37:00,47.81,47.81,47.81,47.81,130.0
2017-10-16 14:38:00,47.8,47.805,47.8,47.805,300.0
2017-10-16 14:39:00,47.8,47.81,47.8,47.81,300.0
2017-10-16 14:40:00,47.79,47.805,47.79,47.8,3054.0
2017-10-16 14:41:00,47.78,47.78,47.77,47.78,2736.0
2017-10-16 14:42:00,47.77,47.775,47.76,47.77,2300.0
2017-10-16 14:43:00,47.77,47.775,47.77,47.77,1770.0
2017-10-16 14:44:00,47.75,47.77,47.75,47.77,1954.0
2017-10-16 14:45:00,47.755,47.755,47.755,47.755,100.0
2017-10-16 14:46:00,47.7389,47.75,47.73,47.75,2078.0
2017-10-16 14:47:00,47.75,47.75,47.73,47.73,3295.0
2017-10-16 14:48:00,47.75,47.75,47.75,47.75,500.0
2017-10-16 14:49:00,47.75,47.75,47.75,47.75,800.0
2017-10-16 14:50:00,47.745,47.76,47.745,47.76,1613.0
2017-10-16 14:51:00,47.745,47.75,47.745,47.7481,642.0
2017-10-16 14:53:00,47.76,47.76,47.745,47.75,1120.0
2017-10-16 14:54:00,47.76,47.76,47.755,47.755,200.0
2017-10-16 14:55:00,47.77,47.77,47.76,47.76,1485.0
2017-10-16 14:56:00,47.76,47.76,47.76,47.76,200.0
2017-10-16 14:57:00,47.765,47.77,47.76,47.77,600.0
2017-10-16 14:58:00,47.77,47.77,47.765,47.765,600.0
2017-10-16 14:59:00,47.78,47.78,47.77,47.77,1229.0
2017-10-16 15:00:00,47.78,47.78,47.77,47.78,1100.0
2017-10-16 15:01:00,47.79,47.79,47.7724,47.775,1820.0
2017-10-16 15:02:00,47.78,47.795,47.78,47.79,3318.0
2017-10-16 15:03:00,47.775,47.785,47.77,47.785,2500.0
2017-10-16 15:04:00,47.785,47.785,47.78,47.78,1745.0
2017-10-16 15:05:00,47.76,47.785,47.76,47.78,4057.0
2017-10-16 15:06:00,47.73,47.76,47.73,47.76,11000.0
2017-10-16 15:07:00,47.74,47.74,47.74,47.74,100.0
2017-10-16 15:08:00,47.74,47.74,47.74,47.74,100.0
2017-10-16 15:09:00,47.74,47.74,47.74,47.74,200.0
2017-10-16 15:10:00,47.74,47.745,47.74,47.74,1411.0
2017-10-16 15:11:00,47.74,47.74,47.74,47.74,300.0
2017-10-16 15:12:00,47.74,47.745,47.74,47.745,200.0
2017-10-16 15:13:00,47.76,47.76,47.745,47.75,2376.0
2017-10-16 15:14:00,47.77,47.77,47.77,47.77,200.0
2017-10-16 15:15:00,47.77,47.77,47.77,47.77,100.0
2017-10-16 15:16:00,47.77,47.77,47.76,47.77,700.0
2017-10-16 15:17:00,47.77,47.77,47.7639,47.77,1143.0
2017-10-16 15:18:00,47.74,47.765,47.74,47.765,5910.0
2017-10-16 15:19:00,47.74,47.74,47.73,47.73,335.0
2017-10-16 15:20:00,47.75,47.75,47.74,47.74,1799.0
2017-10-16 15:21:00,47.785,47.785,47.75,47.75,3900.0
2017-10-16 15:22:00,47.77,47.79,47.76,47.785,4369.0
2017-10-16 15:23:00,47.77,47.77,47.76,47.765,800.0
2017-10-16 15:24:00,47.77,47.77,47.77,47.77,700.0
2017-10-16 15:25:00,47.755,47.765,47.755,47.765,3943.0
2017-10-16 15:26:00,47.755,47.76,47.75,47.75,3663.0
2017-10-16 15:27:00,47.76,47.76,47.7542,47.7542,1526.0
2017-10-16 15:28:00,47.74,47.7585,47.74,47.755,2694.0
2017-10-16 15:29:00,47.74,47.74,47.74,47.74,400.0
2017-10-16 15:30:00,47.725,47.74,47.725,47.74,2475.0
2017-10-16 15:31:00,47.76,47.76,47.72,47.72,5791.0
2017-10-16 15:32:00,47.755,47.78,47.7542,47.765,5132.0
2017-10-16 15:33:00,47.755,47.76,47.75,47.7599,4055.0
2017-10-16 15:34:00,47.79,47.795,47.76,47.76,7388.0
2017-10-16 15:35:00,47.78,47.78,47.77,47.78,1600.0
2017-10-16 15:36:00,47.775,47.78,47.775,47.775,1600.0
2017-10-16 15:37:00,47.79,47.79,47.76,47.775,8586.0
2017-10-16 15:38:00,47.79,47.79,47.785,47.785,1300.0
2017-10-16 15:39:00,47.82,47.82,47.785,47.79,3600.0
2017-10-16 15:40:00,47.82,47.82,47.815,47.82,3130.0
2017-10-16 15:41:00,47.82,47.82,47.81,47.82,4137.0
2017-10-16 15:42:00,47.805,47.83,47.8,47.815,7175.0
2017-10-16 15:43:00,47.8,47.8008,47.79,47.8,2300.0
2017-10-16 15:44:00,47.795,47.8,47.79,47.8,1700.0
2017-10-16 15:45:00,47.795,47.8,47.785,47.79,10038.0
2017-10-16 15:46:00,47.795,47.8,47.785,47.8,7577.0
2017-10-16 15:47:00,47.805,47.81,47.795,47.795,7110.0
2017-10-16 15:48:00,47.84,47.84,47.805,47.805,11217.0
2017-10-16 15:49:00,47.815,47.85,47.815,47.845,28807.0
2017-10-16 15:50:00,47.815,47.82,47.8,47.815,15019.0
2017-10-16 15:51:00,47.825,47.83,47.81,47.815,9201.0
2017-10-16 15:52:00,47.845,47.85,47.825,47.825,11127.0
2017-10-16 15:53:00,47.86,47.86,47.84,47.845,5954.0
2017-10-16 15:54:00,47.865,47.87,47.85,47.855,6100.0
2017-10-16 15:55:00,47.85,47.87,47.845,47.865,13178.0
2017-10-16 15:56:00,47.85,47.86,47.84,47.84,12182.0
2017-10-16 15:57:00,47.865,47.865,47.845,47.855,19594.0
2017-10-16 15:58:00,47.87,47.87,47.86,47.865,9101.0
2017-10-16 15:59:00,47.86,47.875,47.855,47.865,25556.0
2017-10-16 16:00:00,47.855,47.87,47.85,47.855,30313.0
2017-10-17 09:30:00,47.64,47.67,47.61,47.66,15318.0
2017-10-17 09:31:00,47.64,47.64,47.64,47.64,200.0
2017-10-17 09:35:00,47.705,47.74,47.705,47.74,400.0
2017-10-17 09:36:00,47.65,47.69,47.6,47.69,3475.0
2017-10-17 09:37:00,47.67,47.681000000000004,47.66,47.681000000000004,550.0
2017-10-17 09:38:00,47.65,47.66,47.62,47.66,1705.0
2017-10-17 09:39:00,47.68,47.68,47.66,47.66,850.0
2017-10-17 09:41:00,47.71,47.71,47.65,47.65,1700.0
2017-10-17 09:42:00,47.71,47.72,47.71,47.71,3776.0
2017-10-17 09:43:00,47.7,47.7,47.7,47.7,100.0
2017-10-17 09:44:00,47.69,47.71,47.68,47.7,1900.0
2017-10-17 09:45:00,47.67,47.72,47.67,47.69,2200.0
2017-10-17 09:46:00,47.66,47.68,47.66,47.68,600.0
2017-10-17 09:47:00,47.66,47.67,47.66,47.66,1000.0
2017-10-17 09:48:00,47.65,47.66,47.64,47.66,1000.0
2017-10-17 09:49:00,47.67,47.67,47.65,47.65,2040.0
2017-10-17 09:50:00,47.65,47.66,47.65,47.66,1574.0
2017-10-17 09:51:00,47.66,47.66,47.66,47.66,1000.0
2017-10-17 09:52:00,47.7,47.7,47.66,47.67,1804.0
2017-10-17 09:53:00,47.7,47.72,47.67,47.68,6424.0
2017-10-17 09:55:00,47.6795,47.695,47.6795,47.695,600.0
2017-10-17 09:56:00,47.66,47.67,47.66,47.67,998.0
2017-10-17 09:57:00,47.63,47.66,47.63,47.66,1421.0
2017-10-17 09:58:00,47.6,47.63,47.59,47.62,5626.0
2017-10-17 09:59:00,47.59,47.6,47.59,47.6,1400.0
2017-10-17 10:00:00,47.56,47.6,47.56,47.58,1939.0
2017-10-17 10:01:00,47.51,47.55,47.51,47.55,1200.0
2017-10-17 10:02:00,47.52,47.54,47.51,47.51,3400.0
2017-10-17 10:03:00,47.52,47.52,47.52,47.52,442.0
2017-10-17 10:04:00,47.505,47.53,47.505,47.52,2400.0
2017-10-17 10:05:00,47.5,47.518,47.5,47.518,700.0
2017-10-17 10:06:00,47.47,47.48,47.47,47.48,201.0
2017-10-17 10:07:00,47.47,47.47,47.47,47.47,600.0
2017-10-17 10:08:00,47.43,47.46,47.42,47.46,1077.0
2017-10-17 10:09:00,47.42,47.42,47.41,47.42,1400.0
2017-10-17 10:10:00,47.46,47.46,47.42,47.42,3830.0
2017-10-17 10:11:00,47.47,47.47,47.45,47.45,1100.0
2017-10-17 10:12:00,47.45,47.47,47.45,47.47,300.0
2017-10-17 10:13:00,47.46,47.46,47.45,47.45,7603.0
2017-10-17 10:14:00,47.48,47.48,47.455,47.46,4015.0
2017-10-17 10:15:00,47.49,47.51,47.49,47.5,2378.0
2017-10-17 10:16:00,47.48,47.505,47.48,47.4824,3226.0
2017-10-17 10:17:00,47.48,47.48,47.47,47.48,700.0
2017-10-17 10:18:00,47.45,47.48,47.44,47.48,1700.0
2017-10-17 10:19:00,47.46,47.46,47.46,47.46,400.0
2017-10-17 10:20:00,47.45,47.475,47.45,47.4732,727.0
2017-10-17 10:21:00,47.44,47.44,47.4288,47.4288,700.0
2017-10-17 10:22:00,47.42,47.44,47.41,47.44,1791.0
2017-10-17 10:23:00,47.42,47.42,47.41,47.41,1400.0
2017-10-17 10:24:00,47.39,47.41,47.38,47.41,4133.0
2017-10-17 10:25:00,47.42,47.45,47.39,47.39,950.0
2017-10-17 10:26:00,47.443999999999996,47.443999999999996,47.43,47.43,1117.0
2017-10-17 10:27:00,47.43,47.45,47.42,47.45,2265.0
2017-10-17 10:28:00,47.45,47.47,47.44,47.44,2378.0
2017-10-17 10:29:00,47.47,47.47,47.46,47.46,311.0
2017-10-17 10:30:00,47.45,47.46,47.45,47.46,300.0
2017-10-17 10:31:00,47.46,47.46,47.45,47.45,700.0
2017-10-17 10:32:00,47.44,47.45,47.44,47.45,1000.0
2017-10-17 10:33:00,47.44,47.44,47.44,47.44,200.0
2017-10-17 10:34:00,47.43,47.44,47.43,47.44,300.0
2017-10-17 10:35:00,47.41,47.42,47.41,47.42,2617.0
2017-10-17 10:36:00,47.41,47.41,47.39,47.41,1522.0
2017-10-17 10:37:00,47.4,47.41,47.39,47.41,900.0
2017-10-17 10:38:00,47.41,47.41,47.4,47.4,5363.0
2017-10-17 10:39:00,47.41,47.41,47.41,47.41,200.0
2017-10-17 10:40:00,47.45,47.45,47.42,47.42,851.0
2017-10-17 10:41:00,47.47,47.47,47.45,47.46,1276.0
2017-10-17 10:42:00,47.46,47.46,47.452,47.46,603.0
2017-10-17 10:43:00,47.47,47.47,47.46,47.46,300.0
2017-10-17 10:44:00,47.46,47.485,47.46,47.465,8300.0
2017-10-17 10:45:00,47.48,47.48,47.48,47.48,100.0
2017-10-17 10:46:00,47.53,47.53,47.48,47.48,3100.0
2017-10-17 10:47:00,47.54,47.54,47.5248,47.54,850.0
2017-10-17 10:49:00,47.55,47.56,47.54,47.56,2406.0
2017-10-17 10:50:00,47.55,47.56,47.55,47.56,300.0
2017-10-17 10:51:00,47.58,47.58,47.55,47.56,1800.0
2017-10-17 10:52:00,47.58,47.6,47.58,47.59,2817.0
2017-10-17 10:53:00,47.58,47.59,47.58,47.58,300.0
2017-10-17 10:54:00,47.54,47.58,47.53,47.58,2299.0
2017-10-17 10:55:00,47.54,47.54,47.54,47.54,200.0
2017-10-17 10:56:00,47.56,47.56,47.55,47.55,1300.0
2017-10-17 10:57:00,47.56,47.57,47.56,47.57,766.0
2017-10-17 10:58:00,47.56,47.56,47.56,47.56,1100.0
2017-10-17 10:59:00,47.575,47.575,47.57,47.57,594.0
2017-10-17 11:00:00,47.59,47.6,47.585,47.585,300.0
2017-10-17 11:01:00,47.58,47.6,47.58,47.6,1337.0
2017-10-17 11:02:00,47.57,47.57,47.57,47.57,100.0
2017-10-17 11:03:00,47.57,47.6,47.57,47.59,4412.0
2017-10-17 11:04:00,47.6,47.605,47.59,47.59,1385.0
2017-10-17 11:05:00,47.61,47.62,47.6,47.6,2239.0
2017-10-17 11:06:00,47.62,47.62,47.61,47.62,600.0
2017-10-17 11:07:00,47.64,47.64,47.62,47.62,1600.0
2017-10-17 11:08:00,47.65,47.65,47.635,47.64,1600.0
2017-10-17 11:09:00,47.64,47.67,47.64,47.66,3373.0
2017-10-17 11:10:00,47.63,47.64,47.63,47.64,1692.0
2017-10-17 11:11:00,47.615,47.625,47.61,47.62,5290.0
2017-10-17 11:12:00,47.61,47.63,47.6,47.615,3598.0
2017-10-17 11:13:00,47.61,47.615,47.61,47.61,800.0
2017-10-17 11:14:00,47.67,47.67,47.61,47.615,6246.0
2017-10-17 11:15:00,47.67,47.67,47.66,47.67,2214.0
2017-10-17 11:16:00,47.65,47.67,47.65,47.67,800.0
2017-10-17 11:17:00,47.65,47.66,47.65,47.66,3597.0
2017-10-17 11:18:00,47.65,47.65,47.65,47.65,100.0
2017-10-17 11:19:00,47.65,47.65,47.65,47.65,200.0
2017-10-17 11:20:00,47.64,47.645,47.63,47.63,855.0
2017-10-17 11:21:00,47.62,47.635,47.62,47.635,1225.0
2017-10-17 11:22:00,47.6,47.6,47.6,47.6,100.0
2017-10-17 11:23:00,47.61,47.61,47.59,47.6,5194.0
2017-10-17 11:24:00,47.61,47.62,47.61,47.61,1000.0
2017-10-17 11:25:00,47.62,47.63,47.62,47.62,2409.0
2017-10-17 11:26:00,47.615,47.62,47.61,47.62,1320.0
2017-10-17 11:27:00,47.62,47.63,47.62,47.62,1650.0
2017-10-17 11:28:00,47.62,47.625,47.62,47.625,900.0
2017-10-17 11:29:00,47.64,47.65,47.62,47.62,2901.0
2017-10-17 11:30:00,47.65,47.65,47.65,47.65,500.0
2017-10-17 11:31:00,47.64,47.655,47.6325,47.65,1990.0
2017-10-17 11:32:00,47.65,47.65,47.65,47.65,500.0
2017-10-17 11:33:00,47.64,47.65,47.63,47.65,792.0
2017-10-17 11:34:00,47.635,47.64,47.63,47.63,1500.0
2017-10-17 11:35:00,47.64,47.64,47.63,47.63,590.0
2017-10-17 11:36:00,47.6514,47.66,47.62,47.62,2212.0
2017-10-17 11:37:00,47.64,47.64,47.64,47.64,1100.0
2017-10-17 11:38:00,47.63,47.63,47.63,47.63,600.0
2017-10-17 11:39:00,47.64,47.64,47.62,47.625,1761.0
2017-10-17 11:40:00,47.64,47.645,47.64,47.645,300.0
2017-10-17 11:41:00,47.633,47.64,47.63,47.635,1000.0
2017-10-17 11:42:00,47.635,47.635,47.63,47.63,300.0
2017-10-17 11:43:00,47.64,47.645,47.64,47.64,700.0
2017-10-17 11:44:00,47.64,47.645,47.64,47.645,600.0
2017-10-17 11:45:00,47.65,47.65,47.64,47.645,400.0
2017-10-17 11:46:00,47.65,47.65,47.64,47.6445,1690.0
2017-10-17 11:47:00,47.655,47.655,47.65,47.65,500.0
2017-10-17 11:48:00,47.67,47.67,47.65,47.65,2170.0
2017-10-17 11:49:00,47.675,47.68,47.67,47.68,300.0
2017-10-17 11:50:00,47.69,47.69,47.67,47.67,1900.0
2017-10-17 11:51:00,47.68,47.69,47.68,47.69,1443.0
2017-10-17 11:52:00,47.67,47.67,47.67,47.67,100.0
2017-10-17 11:53:00,47.665,47.675,47.66,47.67,1600.0
2017-10-17 11:54:00,47.67,47.675,47.665,47.665,1636.0
2017-10-17 11:55:00,47.69,47.69,47.6766,47.68,3324.0
2017-10-17 11:56:00,47.7,47.7,47.69,47.69,600.0
2017-10-17 11:57:00,47.69,47.7,47.69,47.7,1000.0
2017-10-17 11:58:00,47.66,47.68,47.66,47.68,1200.0
2017-10-17 11:59:00,47.65,47.65,47.65,47.65,300.0
2017-10-17 12:00:00,47.64,47.655,47.64,47.655,900.0
2017-10-17 12:01:00,47.65,47.65,47.63,47.64,2000.0
2017-10-17 12:02:00,47.65,47.66,47.65,47.65,500.0
2017-10-17 12:03:00,47.65,47.66,47.65,47.66,367.0
2017-10-17 12:04:00,47.66,47.66,47.65,47.66,300.0
2017-10-17 12:05:00,47.66,47.66,47.65,47.65,900.0
2017-10-17 12:06:00,47.665,47.665,47.66,47.66,300.0
2017-10-17 12:07:00,47.68,47.68,47.67,47.67,1500.0
2017-10-17 12:08:00,47.69,47.69,47.68,47.68,1000.0
2017-10-17 12:09:00,47.69,47.69,47.68,47.68,600.0
2017-10-17 12:10:00,47.71,47.718999999999994,47.71,47.718999999999994,200.0
2017-10-17 12:11:00,47.71,47.71,47.7,47.7,700.0
2017-10-17 12:12:00,47.71,47.71,47.71,47.71,600.0
2017-10-17 12:13:00,47.7,47.7,47.69,47.69,718.0
2017-10-17 12:14:00,47.68,47.69,47.68,47.69,400.0
2017-10-17 12:15:00,47.69,47.69,47.68,47.68,1100.0
2017-10-17 12:17:00,47.7,47.7,47.69,47.69,2053.0
2017-10-17 12:18:00,47.69,47.71,47.68,47.7,3000.0
2017-10-17 12:19:00,47.67,47.69,47.67,47.685,1300.0
2017-10-17 12:20:00,47.688,47.69,47.68,47.68,1300.0
2017-10-17 12:21:00,47.69,47.69,47.69,47.69,210.0
2017-10-17 12:22:00,47.71,47.71,47.7,47.7,1548.0
2017-10-17 12:23:00,47.73,47.73,47.705,47.718999999999994,3065.0
2017-10-17 12:24:00,47.715,47.715,47.71,47.71,400.0
2017-10-17 12:25:00,47.71,47.72,47.71,47.72,200.0
2017-10-17 12:26:00,47.72,47.72,47.72,47.72,100.0
2017-10-17 12:27:00,47.71,47.72,47.71,47.72,1377.0
2017-10-17 12:28:00,47.72,47.74,47.72,47.72,2656.0
2017-10-17 12:29:00,47.72,47.73,47.72,47.73,300.0
2017-10-17 12:30:00,47.7125,47.725,47.71,47.725,4798.0
2017-10-17 12:31:00,47.725,47.73,47.71,47.72,1670.0
2017-10-17 12:32:00,47.72,47.72,47.72,47.72,1400.0
2017-10-17 12:33:00,47.71,47.71,47.71,47.71,200.0
2017-10-17 12:34:00,47.72,47.72,47.7,47.71,4665.0
2017-10-17 12:35:00,47.69,47.71,47.69,47.71,400.0
2017-10-17 12:36:00,47.7,47.705,47.7,47.7,993.0
2017-10-17 12:37:00,47.705,47.705,47.705,47.705,200.0
2017-10-17 12:38:00,47.715,47.715,47.7,47.7,1200.0
2017-10-17 12:39:00,47.715,47.72,47.71,47.71,300.0
2017-10-17 12:40:00,47.72,47.72,47.71,47.71,600.0
2017-10-17 12:41:00,47.72,47.72,47.7,47.71,33500.0
2017-10-17 12:42:00,47.72,47.72,47.71,47.71,3321.0
2017-10-17 12:43:00,47.705,47.71,47.705,47.71,953.0
2017-10-17 12:44:00,47.7047,47.71,47.7,47.71,750.0
2017-10-17 12:45:00,47.7,47.705,47.7,47.7,300.0
2017-10-17 12:46:00,47.705,47.71,47.7,47.705,400.0
2017-10-17 12:47:00,47.715,47.72,47.7,47.7,2504.0
2017-10-17 12:48:00,47.72,47.72,47.7145,47.7145,317.0
2017-10-17 12:49:00,47.71,47.72,47.71,47.71,2300.0
2017-10-17 12:50:00,47.73,47.73,47.72,47.72,915.0
2017-10-17 12:51:00,47.72,47.74,47.72,47.73,1158.0
2017-10-17 12:52:00,47.73,47.73,47.72,47.729,1800.0
2017-10-17 12:53:00,47.72,47.73,47.71,47.73,1249.0
2017-10-17 12:54:00,47.71,47.71,47.71,47.71,100.0
2017-10-17 12:55:00,47.705,47.72,47.705,47.72,1701.0
2017-10-17 12:56:00,47.685,47.7,47.685,47.7,2500.0
2017-10-17 12:57:00,47.67,47.685,47.67,47.685,736.0
2017-10-17 12:58:00,47.67,47.685,47.67,47.68,800.0
2017-10-17 12:59:00,47.69,47.69,47.68,47.68,699.0
2017-10-17 13:00:00,47.68,47.685,47.68,47.685,200.0
2017-10-17 13:01:00,47.68,47.68,47.68,47.68,100.0
2017-10-17 13:02:00,47.685,47.685,47.68,47.68,800.0
2017-10-17 13:03:00,47.6852,47.69,47.68,47.69,300.0
2017-10-17 13:04:00,47.685,47.685,47.68,47.68,1200.0
2017-10-17 13:05:00,47.675,47.69,47.67,47.69,45601.0
2017-10-17 13:06:00,47.665,47.67,47.65,47.66,2000.0
2017-10-17 13:07:00,47.64,47.64,47.64,47.64,100.0
2017-10-17 13:08:00,47.64,47.65,47.64,47.65,500.0
2017-10-17 13:09:00,47.6,47.63,47.6,47.63,1000.0
2017-10-17 13:10:00,47.62,47.62,47.61,47.61,4000.0
2017-10-17 13:11:00,47.61,47.62,47.61,47.62,1000.0
2017-10-17 13:12:00,47.62,47.62,47.61,47.61,1600.0
2017-10-17 13:13:00,47.6,47.62,47.6,47.62,1213.0
2017-10-17 13:14:00,47.595,47.6,47.59,47.6,700.0
2017-10-17 13:15:00,47.59,47.6,47.59,47.59,400.0
2017-10-17 13:16:00,47.6,47.6,47.59,47.59,2600.0
2017-10-17 13:17:00,47.6,47.6,47.5915,47.6,1300.0
2017-10-17 13:18:00,47.58,47.59,47.58,47.59,600.0
2017-10-17 13:19:00,47.57,47.59,47.57,47.58,3966.0
2017-10-17 13:20:00,47.57,47.58,47.57,47.57,3633.0
2017-10-17 13:21:00,47.57,47.57,47.56,47.56,200.0
2017-10-17 13:22:00,47.55,47.56,47.55,47.56,739.0
2017-10-17 13:24:00,47.53,47.55,47.53,47.55,2451.0
2017-10-17 13:25:00,47.55,47.55,47.52,47.53,3340.0
2017-10-17 13:26:00,47.55,47.55,47.55,47.55,1200.0
2017-10-17 13:27:00,47.5544,47.56,47.5544,47.56,405.0
2017-10-17 13:28:00,47.54,47.55,47.54,47.55,600.0
2017-10-17 13:29:00,47.53,47.55,47.53,47.55,2045.0
2017-10-17 13:30:00,47.53,47.55,47.53,47.54,600.0
2017-10-17 13:31:00,47.53,47.54,47.53,47.54,200.0
2017-10-17 13:32:00,47.515,47.53,47.51,47.53,2756.0
2017-10-17 13:33:00,47.53,47.54,47.52,47.52,600.0
2017-10-17 13:34:00,47.52,47.53,47.52,47.53,400.0
2017-10-17 13:35:00,47.53,47.53,47.52,47.52,900.0
2017-10-17 13:36:00,47.55,47.55,47.54,47.54,1400.0
2017-10-17 13:37:00,47.54,47.55,47.54,47.55,300.0
2017-10-17 13:38:00,47.54,47.549,47.54,47.545,659.0
2017-10-17 13:39:00,47.54,47.54,47.54,47.54,100.0
2017-10-17 13:40:00,47.53,47.5447,47.53,47.53,1300.0
2017-10-17 13:41:00,47.54,47.54,47.53,47.53,1200.0
2017-10-17 13:42:00,47.55,47.55,47.55,47.55,100.0
2017-10-17 13:43:00,47.53,47.54,47.53,47.54,1100.0
2017-10-17 13:44:00,47.55,47.55,47.53,47.54,1600.0
2017-10-17 13:45:00,47.55,47.56,47.55,47.56,400.0
2017-10-17 13:46:00,47.55,47.56,47.55,47.55,622.0
2017-10-17 13:47:00,47.55,47.55,47.55,47.55,200.0
2017-10-17 13:48:00,47.55,47.55,47.55,47.55,200.0
2017-10-17 13:49:00,47.56,47.565,47.56,47.56,1100.0
2017-10-17 13:50:00,47.55,47.56,47.55,47.56,1000.0
2017-10-17 13:51:00,47.56,47.57,47.55,47.56,1227.0
2017-10-17 13:52:00,47.56,47.57,47.56,47.56,700.0
2017-10-17 13:53:00,47.56,47.57,47.56,47.57,200.0
2017-10-17 13:54:00,47.58,47.59,47.56,47.56,2540.0
2017-10-17 13:55:00,47.59,47.59,47.58,47.58,400.0
2017-10-17 13:56:00,47.58,47.6,47.58,47.5984,4400.0
2017-10-17 13:57:00,47.56,47.585,47.56,47.58,950.0
2017-10-17 13:58:00,47.57,47.57,47.57,47.57,1300.0
2017-10-17 13:59:00,47.56,47.57,47.56,47.57,300.0
2017-10-17 14:00:00,47.56,47.57,47.56,47.57,900.0
2017-10-17 14:01:00,47.58,47.59,47.57,47.57,1500.0
2017-10-17 14:02:00,47.5899,47.59,47.58,47.59,607.0
2017-10-17 14:03:00,47.59,47.59,47.58,47.58,400.0
2017-10-17 14:04:00,47.55,47.59,47.55,47.59,2282.0
2017-10-17 14:05:00,47.55,47.56,47.55,47.55,751.0
2017-10-17 14:06:00,47.57,47.57,47.55,47.56,2841.0
2017-10-17 14:07:00,47.56,47.57,47.56,47.57,500.0
2017-10-17 14:08:00,47.57,47.58,47.57,47.58,998.0
2017-10-17 14:09:00,47.57,47.57,47.56,47.56,653.0
2017-10-17 14:10:00,47.6,47.6,47.58,47.59,440.0
2017-10-17 14:11:00,47.58,47.59,47.58,47.59,1200.0
2017-10-17 14:12:00,47.595,47.6,47.58,47.589,1200.0
2017-10-17 14:13:00,47.6,47.6,47.59,47.5995,700.0
2017-10-17 14:14:00,47.595,47.6,47.59,47.59,600.0
2017-10-17 14:15:00,47.59,47.59,47.59,47.59,300.0
2017-10-17 14:16:00,47.6,47.605,47.59,47.59,880.0
2017-10-17 14:17:00,47.6,47.605,47.6,47.605,300.0
2017-10-17 14:18:00,47.61,47.61,47.6,47.6,2600.0
2017-10-17 14:19:00,47.59,47.605,47.59,47.605,2633.0
2017-10-17 14:20:00,47.59,47.59,47.58,47.58,3800.0
2017-10-17 14:21:00,47.57,47.58,47.57,47.58,1185.0
2017-10-17 14:22:00,47.5608,47.58,47.56,47.57,2500.0
2017-10-17 14:23:00,47.55,47.56,47.55,47.56,1069.0
2017-10-17 14:24:00,47.55,47.5501,47.53,47.5501,3107.0
2017-10-17 14:25:00,47.55,47.55,47.55,47.55,200.0
2017-10-17 14:26:00,47.57,47.58,47.55,47.56,2059.0
2017-10-17 14:27:00,47.57,47.58,47.565,47.58,700.0
2017-10-17 14:28:00,47.56,47.56,47.55,47.56,1447.0
2017-10-17 14:29:00,47.55,47.56,47.55,47.56,440.0
2017-10-17 14:30:00,47.5653,47.5653,47.56,47.56,1671.0
2017-10-17 14:31:00,47.55,47.5653,47.55,47.5653,2371.0
2017-10-17 14:32:00,47.56,47.56,47.55,47.55,1600.0
2017-10-17 14:33:00,47.58,47.58,47.56,47.56,2000.0
2017-10-17 14:34:00,47.57,47.58,47.57,47.58,4263.0
2017-10-17 14:36:00,47.56,47.58,47.56,47.58,2500.0
2017-10-17 14:37:00,47.57,47.57,47.56,47.565,2300.0
2017-10-17 14:38:00,47.575,47.58,47.56,47.57,1000.0
2017-10-17 14:39:00,47.585,47.585,47.57,47.57,200.0
2017-10-17 14:40:00,47.6,47.6,47.58,47.585,1948.0
2017-10-17 14:41:00,47.58,47.6,47.58,47.6,1589.0
2017-10-17 14:42:00,47.57,47.59,47.57,47.59,7923.0
2017-10-17 14:43:00,47.565,47.565,47.56,47.56,200.0
2017-10-17 14:44:00,47.555,47.57,47.55,47.565,3701.0
2017-10-17 14:45:00,47.555,47.56,47.55,47.55,500.0
2017-10-17 14:46:00,47.56,47.58,47.55,47.55,5774.0
2017-10-17 14:47:00,47.56,47.565,47.55,47.565,4401.0
2017-10-17 14:48:00,47.585,47.59,47.56,47.56,1757.0
2017-10-17 14:49:00,47.585,47.585,47.58,47.585,400.0
2017-10-17 14:50:00,47.6,47.6,47.58,47.58,1100.0
2017-10-17 14:51:00,47.58,47.6,47.58,47.6,1400.0
2017-10-17 14:52:00,47.59,47.59,47.58,47.58,2700.0
2017-10-17 14:53:00,47.595,47.595,47.58,47.58,810.0
2017-10-17 14:54:00,47.595,47.6,47.58,47.595,2600.0
2017-10-17 14:55:00,47.58,47.59,47.58,47.59,1120.0
2017-10-17 14:56:00,47.58,47.585,47.57,47.585,1900.0
2017-10-17 14:57:00,47.585,47.59,47.58,47.585,1600.0
2017-10-17 14:58:00,47.595,47.595,47.58,47.58,1600.0
2017-10-17 14:59:00,47.585,47.6,47.585,47.59,1200.0
2017-10-17 15:00:00,47.57,47.58,47.57,47.58,2218.0
2017-10-17 15:01:00,47.57,47.575,47.57,47.57,1300.0
2017-10-17 15:02:00,47.55,47.56,47.55,47.56,1503.0
2017-10-17 15:03:00,47.56,47.56,47.54,47.54,1984.0
2017-10-17 15:04:00,47.55,47.555,47.55,47.55,685.0
2017-10-17 15:05:00,47.55,47.555,47.54,47.55,3529.0
2017-10-17 15:06:00,47.55,47.55,47.545,47.545,1800.0
2017-10-17 15:07:00,47.55,47.55,47.54,47.54,500.0
2017-10-17 15:08:00,47.535,47.54,47.53,47.54,2506.0
2017-10-17 15:09:00,47.55,47.55,47.54,47.54,3100.0
2017-10-17 15:10:00,47.55,47.56,47.55,47.555,400.0
2017-10-17 15:11:00,47.59,47.59,47.55,47.55,4000.0
2017-10-17 15:12:00,47.57,47.58,47.56,47.58,1490.0
2017-10-17 15:13:00,47.56,47.565,47.56,47.56,1100.0
2017-10-17 15:14:00,47.56,47.57,47.56,47.56,3100.0
2017-10-17 15:15:00,47.54,47.56,47.54,47.56,1540.0
2017-10-17 15:16:00,47.565,47.565,47.55,47.55,3400.0
2017-10-17 15:17:00,47.55,47.57,47.55,47.56,1300.0
2017-10-17 15:18:00,47.56,47.56,47.55,47.555,1200.0
2017-10-17 15:19:00,47.58,47.585,47.56,47.56,4656.0
2017-10-17 15:20:00,47.58,47.58,47.57,47.58,4299.0
2017-10-17 15:21:00,47.58,47.58,47.57,47.57,1248.0
2017-10-17 15:22:00,47.58,47.58,47.58,47.58,1000.0
2017-10-17 15:23:00,47.58,47.585,47.58,47.585,800.0
2017-10-17 15:24:00,47.58,47.585,47.58,47.585,600.0
2017-10-17 15:25:00,47.615,47.615,47.58,47.585,4199.0
2017-10-17 15:26:00,47.64,47.655,47.6193,47.6193,5865.0
2017-10-17 15:27:00,47.6393,47.64,47.63,47.64,1974.0
2017-10-17 15:28:00,47.65,47.65,47.635,47.64,3600.0
2017-10-17 15:29:00,47.66,47.66,47.65,47.65,1141.0
2017-10-17 15:30:00,47.65,47.66,47.65,47.66,900.0
2017-10-17 15:31:00,47.655,47.66,47.65,47.65,4082.0
2017-10-17 15:32:00,47.67,47.675,47.67,47.67,4028.0
2017-10-17 15:33:00,47.66,47.675,47.66,47.67,2940.0
2017-10-17 15:34:00,47.665,47.67,47.66,47.66,3715.0
2017-10-17 15:35:00,47.685,47.685,47.665,47.665,5399.0
2017-10-17 15:36:00,47.67,47.69,47.67,47.69,3500.0
2017-10-17 15:37:00,47.71,47.71,47.67,47.6701,6100.0
2017-10-17 15:38:00,47.71,47.72,47.71,47.71,4324.0
2017-10-17 15:39:00,47.685,47.715,47.685,47.71,6155.0
2017-10-17 15:40:00,47.685,47.69,47.68,47.685,3755.0
2017-10-17 15:41:00,47.69,47.69,47.68,47.68,5700.0
2017-10-17 15:42:00,47.695,47.7,47.68,47.68,7074.0
2017-10-17 15:43:00,47.705,47.71,47.69,47.695,5348.0
2017-10-17 15:44:00,47.73,47.73,47.71,47.71,3746.0
2017-10-17 15:45:00,47.7225,47.735,47.715,47.73,15078.0
2017-10-17 15:46:00,47.725,47.73,47.72,47.72,1643.0
2017-10-17 15:47:00,47.7,47.725,47.7,47.725,7757.0
2017-10-17 15:48:00,47.705,47.71,47.7,47.7,2600.0
2017-10-17 15:49:00,47.71,47.71,47.7,47.705,21600.0
2017-10-17 15:50:00,47.72,47.72,47.7,47.705,6982.0
2017-10-17 15:51:00,47.74,47.75,47.72,47.72,7344.0
2017-10-17 15:52:00,47.74,47.75,47.74,47.75,2700.0
2017-10-17 15:53:00,47.74,47.75,47.74,47.75,2415.0
2017-10-17 15:54:00,47.74,47.75,47.74,47.74,3100.0
2017-10-17 15:55:00,47.73,47.745,47.73,47.74,4238.0
2017-10-17 15:56:00,47.74,47.745,47.73,47.73,9725.0
2017-10-17 15:57:00,47.73,47.75,47.73,47.75,4243.0
2017-10-17 15:58:00,47.74,47.75,47.73,47.73,7721.0
2017-10-17 15:59:00,47.73,47.74,47.73,47.735,5787.0
2017-10-17 16:00:00,47.71,47.735,47.71,47.73,32727.0
2017-10-18 09:30:00,47.72,47.72,47.72,47.72,9287.0
2017-10-18 09:32:00,47.7,47.7,47.7,47.7,300.0
2017-10-18 09:33:00,47.78,47.79,47.66,47.68,902.0
2017-10-18 09:34:00,47.79,47.79,47.79,47.79,371.0
2017-10-18 09:35:00,47.88,47.88,47.6977,47.73,2684.0
2017-10-18 09:36:00,47.74,47.75,47.69,47.75,700.0
2017-10-18 09:37:00,47.73,47.73,47.69,47.72,504.0
2017-10-18 09:38:00,47.67,47.68,47.64,47.68,500.0
2017-10-18 09:40:00,47.52,47.58,47.52,47.58,520.0
2017-10-18 09:41:00,47.515,47.54,47.5,47.5,786.0
2017-10-18 09:42:00,47.45,47.49,47.45,47.49,500.0
2017-10-18 09:43:00,47.445,47.45,47.42,47.45,300.0
2017-10-18 09:45:00,47.4314,47.44,47.4314,47.44,400.0
2017-10-18 09:46:00,47.46,47.46,47.45,47.45,400.0
2017-10-18 09:47:00,47.4268,47.4268,47.4268,47.4268,261.0
2017-10-18 09:48:00,47.42,47.42,47.42,47.42,529.0
2017-10-18 09:49:00,47.41,47.43,47.39,47.41,2100.0
2017-10-18 09:50:00,47.42,47.47,47.42,47.43,700.0
2017-10-18 09:51:00,47.4369,47.47,47.43,47.43,1700.0
2017-10-18 09:52:00,47.46,47.46,47.43,47.43,700.0
2017-10-18 09:53:00,47.46,47.49,47.46,47.49,1100.0
2017-10-18 09:54:00,47.5,47.51,47.47,47.47,500.0
2017-10-18 09:56:00,47.4899,47.4899,47.46,47.46,224.0
2017-10-18 09:57:00,47.45,47.45,47.45,47.45,100.0
2017-10-18 09:58:00,47.45,47.45,47.45,47.45,200.0
2017-10-18 09:59:00,47.48,47.48,47.42,47.42,1512.0
2017-10-18 10:00:00,47.47,47.47,47.47,47.47,400.0
2017-10-18 10:02:00,47.42,47.44,47.41,47.44,1706.0
2017-10-18 10:03:00,47.41,47.435,47.41,47.43,700.0
2017-10-18 10:04:00,47.4,47.44,47.38,47.44,2200.0
2017-10-18 10:05:00,47.42,47.42,47.37,47.38,3325.0
2017-10-18 10:06:00,47.43,47.44,47.43,47.43,904.0
2017-10-18 10:07:00,47.44,47.45,47.43,47.43,1100.0
2017-10-18 10:08:00,47.46,47.49,47.46,47.46,2700.0
2017-10-18 10:09:00,47.43,47.45,47.43,47.45,475.0
2017-10-18 10:10:00,47.41,47.43,47.37,47.41,1333.0
2017-10-18 10:11:00,47.39,47.42,47.39,47.42,1000.0
2017-10-18 10:12:00,47.45,47.45,47.41,47.42,1700.0
2017-10-18 10:13:00,47.465,47.465,47.465,47.465,100.0
2017-10-18 10:14:00,47.44,47.46,47.44,47.46,1000.0
2017-10-18 10:16:00,47.45,47.45,47.45,47.45,200.0
2017-10-18 10:17:00,47.43,47.44,47.43,47.44,600.0
2017-10-18 10:18:00,47.47,47.47,47.4367,47.4367,1420.0
2017-10-18 10:19:00,47.47,47.47,47.47,47.47,1198.0
2017-10-18 10:20:00,47.5,47.5,47.48,47.48,1364.0
2017-10-18 10:21:00,47.48,47.5,47.47,47.5,1403.0
2017-10-18 10:22:00,47.51,47.51,47.48,47.48,1613.0
2017-10-18 10:23:00,47.51,47.51,47.51,47.51,200.0
2017-10-18 10:24:00,47.52,47.52,47.51,47.51,800.0
2017-10-18 10:25:00,47.51,47.51,47.5079,47.5079,1250.0
2017-10-18 10:27:00,47.48,47.51,47.48,47.51,2178.0
2017-10-18 10:28:00,47.475,47.48,47.47,47.47,500.0
2017-10-18 10:30:00,47.46,47.4884,47.46,47.4779,4800.0
2017-10-18 10:31:00,47.46,47.46,47.46,47.46,1000.0
2017-10-18 10:32:00,47.43,47.45,47.43,47.45,901.0
2017-10-18 10:33:00,47.45,47.45,47.415,47.42,3600.0
2017-10-18 10:34:00,47.4492,47.455,47.446999999999996,47.449,6200.0
2017-10-18 10:35:00,47.445,47.445,47.445,47.445,2200.0
2017-10-18 10:36:00,47.47,47.47,47.445,47.45,1202.0
2017-10-18 10:37:00,47.52,47.52,47.49,47.49,500.0
2017-10-18 10:38:00,47.52,47.52,47.51,47.51,600.0
2017-10-18 10:39:00,47.51,47.51,47.51,47.51,100.0
2017-10-18 10:40:00,47.51,47.51,47.51,47.51,200.0
2017-10-18 10:41:00,47.51,47.51,47.51,47.51,200.0
2017-10-18 10:42:00,47.52,47.52,47.49,47.51,3400.0
2017-10-18 10:43:00,47.55,47.55,47.51,47.51,4434.0
2017-10-18 10:45:00,47.545,47.545,47.545,47.545,100.0
2017-10-18 10:46:00,47.55,47.56,47.55,47.56,800.0
2017-10-18 10:47:00,47.54,47.54,47.53,47.531000000000006,700.0
2017-10-18 10:48:00,47.5201,47.54,47.52,47.54,1655.0
2017-10-18 10:50:00,47.53,47.53,47.53,47.53,100.0
2017-10-18 10:51:00,47.53,47.53,47.52,47.52,300.0
2017-10-18 10:53:00,47.54,47.565,47.54,47.54,2712.0
2017-10-18 10:55:00,47.55,47.55,47.55,47.55,100.0
2017-10-18 10:56:00,47.54,47.54,47.54,47.54,300.0
2017-10-18 10:57:00,47.56,47.56,47.54,47.54,933.0
2017-10-18 10:58:00,47.55,47.565,47.55,47.56,1800.0
2017-10-18 10:59:00,47.61,47.61,47.55,47.55,1937.0
2017-10-18 11:00:00,47.6,47.61,47.6,47.61,700.0
2017-10-18 11:01:00,47.59,47.6,47.58,47.58,404.0
2017-10-18 11:02:00,47.6,47.61,47.6,47.6,400.0
2017-10-18 11:03:00,47.59,47.59,47.59,47.59,200.0
2017-10-18 11:04:00,47.57,47.57,47.57,47.57,700.0
2017-10-18 11:05:00,47.57,47.57,47.57,47.57,1000.0
2017-10-18 11:06:00,47.57,47.58,47.57,47.58,500.0
2017-10-18 11:07:00,47.54,47.57,47.54,47.57,4791.0
2017-10-18 11:08:00,47.56,47.56,47.55,47.56,1900.0
2017-10-18 11:09:00,47.58,47.58,47.58,47.58,1000.0
2017-10-18 11:11:00,47.5782,47.5782,47.5782,47.5782,200.0
2017-10-18 11:12:00,47.6,47.6,47.58,47.59,1101.0
2017-10-18 11:13:00,47.61,47.62,47.61,47.61,1400.0
2017-10-18 11:14:00,47.61,47.61,47.61,47.61,100.0
2017-10-18 11:15:00,47.61,47.61,47.6,47.6,748.0
2017-10-18 11:16:00,47.59,47.59,47.59,47.59,100.0
2017-10-18 11:17:00,47.6,47.6,47.59,47.59,1100.0
2017-10-18 11:18:00,47.595,47.6,47.59,47.6,902.0
2017-10-18 11:19:00,47.6,47.6,47.595,47.595,781.0
2017-10-18 11:20:00,47.595,47.5986,47.595,47.5986,1100.0
2017-10-18 11:21:00,47.62,47.62,47.61,47.61,1500.0
2017-10-18 11:22:00,47.59,47.615,47.59,47.61,1900.0
2017-10-18 11:23:00,47.61,47.61,47.6,47.6,700.0
2017-10-18 11:24:00,47.6166,47.6166,47.6166,47.6166,450.0
2017-10-18 11:25:00,47.6,47.61,47.6,47.61,600.0
2017-10-18 11:26:00,47.595,47.6,47.595,47.6,600.0
2017-10-18 11:27:00,47.59,47.6,47.585,47.6,700.0
2017-10-18 11:28:00,47.6,47.6,47.5956,47.5956,675.0
2017-10-18 11:30:00,47.605,47.605,47.6,47.6,200.0
2017-10-18 11:31:00,47.59,47.605,47.57,47.6,2324.0
2017-10-18 11:33:00,47.58,47.58,47.58,47.58,500.0
2017-10-18 11:35:00,47.58,47.59,47.57,47.57,1200.0
2017-10-18 11:36:00,47.57,47.585,47.57,47.58,700.0
2017-10-18 11:37:00,47.55,47.57,47.55,47.56,600.0
2017-10-18 11:38:00,47.55,47.55,47.55,47.55,200.0
2017-10-18 11:39:00,47.56,47.56,47.55,47.55,1600.0
2017-10-18 11:41:00,47.57,47.57,47.56,47.56,600.0
2017-10-18 11:42:00,47.575,47.58,47.57,47.58,1100.0
2017-10-18 11:43:00,47.56,47.56,47.56,47.56,100.0
2017-10-18 11:44:00,47.58,47.58,47.56,47.56,900.0
2017-10-18 11:45:00,47.58,47.58,47.57,47.57,600.0
2017-10-18 11:46:00,47.59,47.59,47.58,47.5812,825.0
2017-10-18 11:49:00,47.6016,47.6016,47.6016,47.6016,100.0
2017-10-18 11:50:00,47.6262,47.64,47.56,47.6,9300.0
2017-10-18 11:51:00,47.64,47.64,47.61,47.62,1849.0
2017-10-18 11:53:00,47.6,47.62,47.6,47.62,1000.0
2017-10-18 11:54:00,47.6,47.6,47.6,47.6,100.0
2017-10-18 11:55:00,47.6,47.6,47.6,47.6,145.0
2017-10-18 11:56:00,47.61,47.61,47.59,47.6,1300.0
2017-10-18 11:57:00,47.61,47.62,47.605,47.61,4284.0
2017-10-18 11:59:00,47.62,47.62,47.61,47.61,11600.0
2017-10-18 12:01:00,47.61,47.62,47.61,47.62,1300.0
2017-10-18 12:02:00,47.61,47.61,47.6,47.6,1921.0
2017-10-18 12:03:00,47.62,47.62,47.61,47.61,501.0
2017-10-18 12:04:00,47.63,47.63,47.63,47.63,100.0
2017-10-18 12:05:00,47.63,47.6349,47.63,47.6349,799.0
2017-10-18 12:06:00,47.62,47.62,47.61,47.61,3771.0
2017-10-18 12:07:00,47.6,47.62,47.6,47.62,1402.0
2017-10-18 12:08:00,47.61,47.61,47.6051,47.6051,250.0
2017-10-18 12:09:00,47.63,47.63,47.6111,47.6111,1942.0
2017-10-18 12:11:00,47.625,47.625,47.625,47.625,100.0
2017-10-18 12:12:00,47.62,47.625,47.61,47.62,2900.0
2017-10-18 12:13:00,47.62,47.62,47.62,47.62,100.0
2017-10-18 12:14:00,47.625,47.625,47.625,47.625,150.0
2017-10-18 12:15:00,47.665,47.68,47.63,47.63,4973.0
2017-10-18 12:17:00,47.6725,47.68,47.67,47.675,2302.0
2017-10-18 12:18:00,47.72,47.72,47.665,47.68,4869.0
2017-10-18 12:19:00,47.7,47.71,47.7,47.71,1072.0
2017-10-18 12:20:00,47.71,47.71,47.69,47.69,2365.0
2017-10-18 12:21:00,47.73,47.73,47.73,47.73,100.0
2017-10-18 12:22:00,47.74,47.74,47.73,47.73,400.0
2017-10-18 12:23:00,47.74,47.74,47.74,47.74,1072.0
2017-10-18 12:24:00,47.735,47.76,47.73,47.745,25554.0
2017-10-18 12:25:00,47.7,47.76,47.7,47.73,59307.0
2017-10-18 12:26:00,47.66,47.7,47.66,47.695,13305.0
2017-10-18 12:27:00,47.65,47.66,47.64,47.64,5755.0
2017-10-18 12:29:00,47.63,47.655,47.63,47.655,600.0
2017-10-18 12:30:00,47.65,47.65,47.635,47.635,1400.0
2017-10-18 12:31:00,47.645,47.645,47.645,47.645,100.0
2017-10-18 12:32:00,47.645,47.645,47.645,47.645,100.0
2017-10-18 12:33:00,47.645,47.645,47.645,47.645,390.0
2017-10-18 12:34:00,47.6225,47.645,47.6225,47.645,2976.0
2017-10-18 12:35:00,47.655,47.66,47.625,47.625,10203.0
2017-10-18 12:36:00,47.655,47.66,47.64,47.66,2980.0
2017-10-18 12:37:00,47.65,47.7,47.65,47.66,4400.0
2017-10-18 12:38:00,47.65,47.65,47.65,47.65,100.0
2017-10-18 12:39:00,47.65,47.74,47.65,47.65,104600.0
2017-10-18 12:40:00,47.72,47.72,47.66,47.69,4400.0
2017-10-18 12:41:00,47.71,47.71,47.71,47.71,100.0
2017-10-18 12:42:00,47.7002,47.7002,47.68,47.7,1786.0
2017-10-18 12:44:00,47.69,47.7,47.69,47.7,900.0
2017-10-18 12:45:00,47.67,47.68899999999999,47.67,47.685,7925.0
2017-10-18 12:47:00,47.68,47.68,47.67,47.67,1600.0
2017-10-18 12:48:00,47.6915,47.7,47.661,47.661,1414.0
2017-10-18 12:49:00,47.705,47.705,47.705,47.705,500.0
2017-10-18 12:50:00,47.72,47.72,47.7,47.7,700.0
2017-10-18 12:51:00,47.7,47.72,47.7,47.72,1146.0
2017-10-18 12:52:00,47.7,47.7,47.7,47.7,100.0
2017-10-18 12:53:00,47.685,47.69,47.685,47.69,400.0
2017-10-18 12:54:00,47.66,47.67,47.66,47.67,2100.0
2017-10-18 12:55:00,47.67,47.67,47.66,47.66,1000.0
2017-10-18 12:56:00,47.67,47.67,47.67,47.67,200.0
2017-10-18 12:57:00,47.67,47.67,47.67,47.67,300.0
2017-10-18 12:58:00,47.665,47.67,47.66,47.66,800.0
2017-10-18 12:59:00,47.655,47.66,47.655,47.655,300.0
2017-10-18 13:00:00,47.65,47.655,47.65,47.65,2040.0
2017-10-18 13:01:00,47.68,47.685,47.66,47.66,11000.0
2017-10-18 13:03:00,47.655,47.68,47.65,47.68,3610.0
2017-10-18 13:04:00,47.68,47.68,47.655,47.66,1670.0
2017-10-18 13:05:00,47.6625,47.68,47.6625,47.68,1310.0
2017-10-18 13:07:00,47.68,47.68,47.67,47.67,400.0
2017-10-18 13:08:00,47.69,47.69,47.67,47.68,600.0
2017-10-18 13:09:00,47.67,47.675,47.66,47.67100000000001,51924.0
2017-10-18 13:10:00,47.69,47.69,47.67,47.67,4900.0
2017-10-18 13:11:00,47.68,47.68,47.68,47.68,100.0
2017-10-18 13:12:00,47.675,47.68,47.675,47.675,750.0
2017-10-18 13:13:00,47.69,47.69,47.675,47.675,675.0
2017-10-18 13:14:00,47.69,47.69,47.685,47.685,700.0
2017-10-18 13:15:00,47.685,47.685,47.68,47.68,400.0
2017-10-18 13:16:00,47.65,47.69,47.65,47.685,3627.0
2017-10-18 13:17:00,47.64,47.651,47.6305,47.651,2110.0
2017-10-18 13:18:00,47.63,47.64,47.63,47.64,1200.0
2017-10-18 13:19:00,47.59,47.62,47.59,47.62,9285.0
2017-10-18 13:20:00,47.58,47.6,47.58,47.6,4531.0
2017-10-18 13:21:00,47.56,47.58,47.56,47.58,4375.0
2017-10-18 13:22:00,47.56,47.565,47.56,47.56,500.0
2017-10-18 13:23:00,47.565,47.565,47.56,47.565,700.0
2017-10-18 13:24:00,47.555,47.565,47.545,47.56,4905.0
2017-10-18 13:25:00,47.59,47.59,47.56,47.56,2428.0
2017-10-18 13:26:00,47.6,47.6,47.6,47.6,1378.0
2017-10-18 13:27:00,47.58,47.59,47.58,47.59,900.0
2017-10-18 13:28:00,47.58,47.58,47.58,47.58,100.0
2017-10-18 13:29:00,47.57,47.57,47.56,47.57,2650.0
2017-10-18 13:30:00,47.59,47.61,47.57,47.57,4019.0
2017-10-18 13:31:00,47.6,47.6095,47.595,47.595,1760.0
2017-10-18 13:32:00,47.58,47.59,47.58,47.59,700.0
2017-10-18 13:33:00,47.59,47.595,47.58,47.58,800.0
2017-10-18 13:34:00,47.6,47.61,47.6,47.6,1800.0
2017-10-18 13:35:00,47.58,47.605,47.58,47.6,1936.0
2017-10-18 13:36:00,47.58,47.585,47.57,47.585,2075.0
2017-10-18 13:38:00,47.58,47.58,47.58,47.58,1400.0
2017-10-18 13:39:00,47.58,47.59,47.58,47.59,800.0
2017-10-18 13:40:00,47.585,47.585,47.585,47.585,215.0
2017-10-18 13:41:00,47.6,47.6,47.585,47.585,3300.0
2017-10-18 13:42:00,47.59,47.59,47.57,47.58,1382.0
2017-10-18 13:43:00,47.6,47.6,47.6,47.6,200.0
2017-10-18 13:44:00,47.6,47.6,47.6,47.6,100.0
2017-10-18 13:45:00,47.6,47.6,47.58,47.59,6064.0
2017-10-18 13:46:00,47.57,47.59,47.57,47.59,1854.0
2017-10-18 13:48:00,47.58,47.58,47.58,47.58,500.0
2017-10-18 13:49:00,47.59,47.59,47.58,47.58,615.0
2017-10-18 13:51:00,47.59,47.59,47.59,47.59,100.0
2017-10-18 13:52:00,47.59,47.59,47.58,47.58,228.0
2017-10-18 13:53:00,47.59,47.59,47.59,47.59,100.0
2017-10-18 13:54:00,47.6,47.6,47.6,47.6,100.0
2017-10-18 13:55:00,47.59,47.6,47.56,47.595,4800.0
2017-10-18 13:56:00,47.59,47.59,47.58,47.58,800.0
2017-10-18 13:58:00,47.58,47.58,47.58,47.58,100.0
2017-10-18 13:59:00,47.6,47.605,47.585,47.585,2000.0
2017-10-18 14:00:00,47.58,47.59,47.58,47.59,1158.0
2017-10-18 14:01:00,47.57,47.58,47.57,47.58,300.0
2017-10-18 14:02:00,47.5899,47.5899,47.576,47.58,736.0
2017-10-18 14:03:00,47.585,47.585,47.5801,47.585,739.0
2017-10-18 14:04:00,47.5899,47.59,47.5836,47.585,3067.0
2017-10-18 14:05:00,47.585,47.595,47.585,47.59,2100.0
2017-10-18 14:06:00,47.59,47.59,47.58,47.58,323.0
2017-10-18 14:07:00,47.6,47.605,47.59,47.59,3238.0
2017-10-18 14:08:00,47.59,47.59,47.59,47.59,1801.0
2017-10-18 14:09:00,47.6,47.6,47.595,47.595,2701.0
2017-10-18 14:10:00,47.59,47.59,47.59,47.59,300.0
2017-10-18 14:11:00,47.585,47.585,47.585,47.585,200.0
2017-10-18 14:12:00,47.585,47.585,47.585,47.585,100.0
2017-10-18 14:13:00,47.585,47.59,47.585,47.59,300.0
2017-10-18 14:14:00,47.56,47.59,47.56,47.59,10861.0
2017-10-18 14:15:00,47.57,47.57,47.55,47.55,2532.0
2017-10-18 14:16:00,47.56,47.57,47.56,47.57,1966.0
2017-10-18 14:17:00,47.56,47.57,47.56,47.56,2099.0
2017-10-18 14:18:00,47.565,47.565,47.565,47.565,600.0
2017-10-18 14:19:00,47.545,47.56,47.54,47.56,2474.0
2017-10-18 14:20:00,47.53,47.545,47.52,47.545,1900.0
2017-10-18 14:21:00,47.495,47.53,47.49,47.52,8459.0
2017-10-18 14:22:00,47.485,47.4908,47.48,47.4908,1036.0
2017-10-18 14:23:00,47.48,47.48,47.48,47.48,200.0
2017-10-18 14:24:00,47.485,47.485,47.48,47.48,400.0
2017-10-18 14:25:00,47.45,47.48,47.45,47.48,6012.0
2017-10-18 14:26:00,47.47,47.47,47.46,47.46,2195.0
2017-10-18 14:27:00,47.49,47.49,47.47,47.47,2615.0
2017-10-18 14:28:00,47.49,47.49,47.48,47.49,816.0
2017-10-18 14:29:00,47.47,47.485,47.47,47.48,1601.0
2017-10-18 14:30:00,47.475,47.48,47.475,47.48,200.0
2017-10-18 14:31:00,47.48,47.49,47.47,47.47,3624.0
2017-10-18 14:32:00,47.5,47.5,47.49,47.49,700.0
2017-10-18 14:33:00,47.48,47.49,47.48,47.49,1100.0
2017-10-18 14:34:00,47.48,47.48,47.48,47.48,1000.0
2017-10-18 14:35:00,47.48,47.485,47.48,47.48,305.0
2017-10-18 14:36:00,47.485,47.49,47.485,47.49,200.0
2017-10-18 14:37:00,47.475,47.495,47.47,47.49,4549.0
2017-10-18 14:38:00,47.48,47.48,47.475,47.475,2000.0
2017-10-18 14:39:00,47.39,47.481,47.27,47.481,78370.0
2017-10-18 14:40:00,47.37,47.39,47.37,47.38,1954.0
2017-10-18 14:41:00,47.36,47.39,47.34,47.38,13238.0
2017-10-18 14:42:00,47.37,47.39,47.36,47.37,6416.0
2017-10-18 14:43:00,47.38,47.38,47.35,47.36,1282.0
2017-10-18 14:45:00,47.38,47.38,47.38,47.38,100.0
2017-10-18 14:46:00,47.4,47.4,47.38,47.38,4400.0
2017-10-18 14:47:00,47.42,47.43,47.4,47.4,3100.0
2017-10-18 14:48:00,47.41,47.42,47.4,47.42,1600.0
2017-10-18 14:49:00,47.42,47.42,47.4,47.41,3700.0
2017-10-18 14:51:00,47.41,47.41,47.4,47.405,1206.0
2017-10-18 14:52:00,47.41,47.41,47.4,47.4,1000.0
2017-10-18 14:53:00,47.4,47.415,47.38,47.4,5100.0
2017-10-18 14:54:00,47.435,47.44,47.405,47.405,2168.0
2017-10-18 14:55:00,47.43,47.44,47.41,47.43,3308.0
2017-10-18 14:56:00,47.425,47.435,47.42,47.435,900.0
2017-10-18 14:57:00,47.425,47.43,47.41,47.42,3782.0
2017-10-18 14:58:00,47.43,47.43,47.425,47.425,2021.0
2017-10-18 14:59:00,47.41,47.435,47.405,47.435,3000.0
2017-10-18 15:00:00,47.4,47.41,47.4,47.405,2100.0
2017-10-18 15:01:00,47.43,47.43,47.4,47.4,4944.0
2017-10-18 15:02:00,47.46,47.46,47.43,47.43,1140.0
2017-10-18 15:03:00,47.43,47.46,47.43,47.46,2100.0
2017-10-18 15:04:00,47.44,47.44,47.43,47.43,700.0
2017-10-18 15:05:00,47.43,47.45,47.43,47.44,600.0
2017-10-18 15:06:00,47.47,47.48,47.44,47.45,2680.0
2017-10-18 15:07:00,47.45,47.48,47.45,47.475,4233.0
2017-10-18 15:08:00,47.465,47.47,47.45399999999999,47.46,2116.0
2017-10-18 15:09:00,47.47,47.47,47.465,47.465,914.0
2017-10-18 15:10:00,47.4675,47.48,47.4675,47.48,400.0
2017-10-18 15:11:00,47.46,47.465,47.45,47.46,3805.0
2017-10-18 15:12:00,47.48,47.48,47.465,47.465,1020.0
2017-10-18 15:13:00,47.48,47.48,47.47,47.47,500.0
2017-10-18 15:14:00,47.48,47.48,47.47,47.48,1691.0
2017-10-18 15:15:00,47.475,47.49,47.475,47.48,3260.0
2017-10-18 15:16:00,47.46,47.47,47.46,47.47,1500.0
2017-10-18 15:17:00,47.465,47.465,47.465,47.465,100.0
2017-10-18 15:18:00,47.465,47.47,47.465,47.47,1312.0
2017-10-18 15:19:00,47.465,47.47,47.465,47.47,600.0
2017-10-18 15:20:00,47.47,47.5,47.4625,47.47,54600.0
2017-10-18 15:21:00,47.475,47.475,47.47,47.475,500.0
2017-10-18 15:22:00,47.475,47.475,47.475,47.475,800.0
2017-10-18 15:23:00,47.475,47.48,47.47,47.47,800.0
2017-10-18 15:24:00,47.47,47.475,47.47,47.47,2400.0
2017-10-18 15:25:00,47.45,47.475,47.44,47.47,7409.0
2017-10-18 15:26:00,47.44,47.445,47.44,47.445,700.0
2017-10-18 15:27:00,47.445,47.4465,47.44,47.445,820.0
2017-10-18 15:28:00,47.455,47.455,47.4401,47.4401,2964.0
2017-10-18 15:29:00,47.47,47.47,47.46,47.46,2217.0
2017-10-18 15:30:00,47.45,47.4625,47.45,47.46,2514.0
2017-10-18 15:31:00,47.45,47.45,47.445,47.445,500.0
2017-10-18 15:32:00,47.42,47.445,47.42,47.44,3608.0
2017-10-18 15:33:00,47.415,47.4191,47.41,47.41,1068.0
2017-10-18 15:34:00,47.415,47.415,47.41,47.415,1400.0
2017-10-18 15:35:00,47.4,47.415,47.4,47.41,2225.0
2017-10-18 15:36:00,47.46,47.46,47.4,47.4,12111.0
2017-10-18 15:37:00,47.485,47.485,47.45,47.47,10713.0
2017-10-18 15:38:00,47.485,47.485,47.48,47.485,2400.0
2017-10-18 15:39:00,47.53,47.53,47.485,47.485,8167.0
2017-10-18 15:40:00,47.495,47.52,47.49,47.52,4609.0
2017-10-18 15:41:00,47.49,47.51,47.49,47.49,4300.0
2017-10-18 15:42:00,47.49,47.49,47.48,47.49,5022.0
2017-10-18 15:43:00,47.485,47.4857,47.48,47.48,2400.0
2017-10-18 15:44:00,47.465,47.485,47.46,47.48,7382.0
2017-10-18 15:45:00,47.45,47.465,47.44,47.465,7953.0
2017-10-18 15:46:00,47.455,47.455,47.4414,47.45,3274.0
2017-10-18 15:47:00,47.45,47.455,47.45,47.455,1382.0
2017-10-18 15:48:00,47.44,47.46,47.44,47.45,4501.0
2017-10-18 15:49:00,47.485,47.49,47.45,47.45,5432.0
2017-10-18 15:50:00,47.475,47.48,47.475,47.48,3145.0
2017-10-18 15:51:00,47.46,47.475,47.46,47.475,5910.0
2017-10-18 15:52:00,47.46,47.465,47.45,47.455,7901.0
2017-10-18 15:53:00,47.4599,47.46,47.45,47.455,2101.0
2017-10-18 15:54:00,47.455,47.46,47.45,47.45,2542.0
2017-10-18 15:55:00,47.435,47.455,47.43,47.455,11863.0
2017-10-18 15:56:00,47.445,47.45,47.44,47.445,3620.0
2017-10-18 15:57:00,47.445,47.45,47.44,47.45,2608.0
2017-10-18 15:58:00,47.45,47.46,47.44,47.445,11075.0
2017-10-18 15:59:00,47.47,47.47,47.45,47.455,5467.0
2017-10-18 16:00:00,47.43,47.46,47.42,47.46,26724.0
2017-10-19 09:31:00,47.22,47.22,47.22,47.22,100.0
2017-10-19 09:33:00,47.0,47.2,47.0,47.2,30640.0
2017-10-19 09:34:00,46.96,47.03,46.96,47.02,1000.0
2017-10-19 09:35:00,47.0,47.035,46.99,47.03,1875.0
2017-10-19 09:36:00,47.0,47.06,47.0,47.06,4176.0
2017-10-19 09:37:00,47.09,47.09,47.05,47.06,3650.0
2017-10-19 09:38:00,47.02,47.11,47.01,47.08,4820.0
2017-10-19 09:39:00,46.96,47.06,46.96,47.0,1810.0
2017-10-19 09:40:00,47.0111,47.0111,47.0111,47.0111,100.0
2017-10-19 09:41:00,47.1,47.1,47.0311,47.0311,1100.0
2017-10-19 09:43:00,47.12,47.12,47.1,47.1,500.0
2017-10-19 09:44:00,47.14,47.14,47.125,47.125,336.0
2017-10-19 09:46:00,47.108999999999995,47.18,47.1,47.12,2050.0
2017-10-19 09:47:00,47.135,47.16,47.135,47.16,500.0
2017-10-19 09:48:00,47.11,47.11,47.11,47.11,512.0
2017-10-19 09:49:00,47.095,47.11,47.05,47.11,1000.0
2017-10-19 09:50:00,47.08,47.095,47.08,47.095,400.0
2017-10-19 09:51:00,47.1,47.1,47.06,47.06,1619.0
2017-10-19 09:52:00,47.1,47.1,47.1,47.1,300.0
2017-10-19 09:53:00,47.11,47.11,47.11,47.11,300.0
2017-10-19 09:54:00,47.0798,47.1,47.0743,47.1,1300.0
2017-10-19 09:55:00,47.03,47.04,47.03,47.04,559.0
2017-10-19 09:56:00,46.98,47.0,46.98,47.0,1259.0
2017-10-19 09:57:00,47.03,47.03,46.99,46.99,600.0
2017-10-19 09:58:00,46.97,47.03,46.97,47.03,906.0
2017-10-19 09:59:00,46.97,47.01,46.96,46.96,1129.0
2017-10-19 10:00:00,46.99,46.99,46.95,46.96,1000.0
2017-10-19 10:01:00,46.95,46.97,46.95,46.97,1300.0
2017-10-19 10:02:00,46.91,46.943999999999996,46.91,46.94,1106.0
2017-10-19 10:03:00,46.92,46.92,46.91,46.91,900.0
2017-10-19 10:04:00,46.9798,46.98,46.95,46.95,805.0
2017-10-19 10:05:00,46.96,46.96,46.96,46.96,500.0
2017-10-19 10:06:00,46.95,46.96,46.95,46.96,1000.0
2017-10-19 10:07:00,46.94,46.95,46.94,46.94,803.0
2017-10-19 10:08:00,46.94,46.96,46.94,46.94,2029.0
2017-10-19 10:09:00,46.94,46.95,46.94,46.95,200.0
2017-10-19 10:10:00,46.96,46.97,46.95,46.95,1330.0
2017-10-19 10:11:00,46.96,46.96,46.96,46.96,200.0
2017-10-19 10:12:00,46.99,46.99,46.96,46.96,900.0
2017-10-19 10:14:00,46.975,46.975,46.9738,46.9738,200.0
2017-10-19 10:15:00,46.98,46.99,46.975,46.975,1200.0
2017-10-19 10:16:00,46.98,46.99,46.98,46.99,1200.0
2017-10-19 10:17:00,46.995,47.0,46.97,46.97,1478.0
2017-10-19 10:18:00,46.98,47.02,46.98,47.0,1647.0
2017-10-19 10:19:00,46.99,46.99,46.98,46.99,956.0
2017-10-19 10:20:00,46.98,46.99,46.97,46.99,2742.0
2017-10-19 10:21:00,46.99,47.0,46.97,46.97,1100.0
2017-10-19 10:22:00,47.01,47.01,47.0,47.0,1100.0
2017-10-19 10:23:00,47.0,47.01,47.0,47.01,1525.0
2017-10-19 10:24:00,47.01,47.01,46.99,47.0,1200.0
2017-10-19 10:25:00,46.99,47.02,46.98,47.01,2253.0
2017-10-19 10:26:00,46.97,46.99,46.97,46.98,2100.0
2017-10-19 10:27:00,46.985,46.985,46.96,46.97,1891.0
2017-10-19 10:28:00,46.97,46.99,46.97,46.99,1008.0
2017-10-19 10:29:00,46.99,47.0,46.97,46.97,1400.0
2017-10-19 10:30:00,47.0,47.0,47.0,47.0,300.0
2017-10-19 10:31:00,47.03,47.03,47.01,47.01,1900.0
2017-10-19 10:32:00,47.03,47.04,47.025,47.04,2900.0
2017-10-19 10:33:00,47.04,47.05,47.02,47.03,2629.0
2017-10-19 10:34:00,47.03,47.05,47.03,47.045,1100.0
2017-10-19 10:35:00,47.06,47.07,47.04,47.04,1363.0
2017-10-19 10:36:00,47.03,47.05,47.03,47.05,697.0
2017-10-19 10:37:00,47.03,47.03,47.03,47.03,500.0
2017-10-19 10:38:00,47.0,47.03,46.99,47.02,1200.0
2017-10-19 10:39:00,46.99,46.9992,46.98,46.997,1146.0
2017-10-19 10:40:00,47.015,47.02,47.0,47.0,3500.0
2017-10-19 10:41:00,46.985,47.02,46.98,47.02,10130.0
2017-10-19 10:42:00,46.975,47.0,46.965,47.0,4709.0
2017-10-19 10:43:00,46.96,46.97,46.96,46.97,700.0
2017-10-19 10:44:00,46.96,46.96,46.96,46.96,200.0
2017-10-19 10:45:00,46.965,46.97,46.96,46.96,3649.0
2017-10-19 10:46:00,46.99,46.99,46.96,46.96,9270.0
2017-10-19 10:47:00,46.96,46.99,46.96,46.98,1966.0
2017-10-19 10:48:00,46.99,47.0,46.96,46.96,3200.0
2017-10-19 10:49:00,46.995,46.995,46.995,46.995,200.0
2017-10-19 10:50:00,47.0,47.01,46.995,46.9998,2320.0
2017-10-19 10:51:00,47.02,47.02,46.995,47.0,3287.0
2017-10-19 10:52:00,46.99,47.01,46.99,47.01,2300.0
2017-10-19 10:53:00,47.0,47.01,46.995,46.995,2400.0
2017-10-19 10:54:00,47.01,47.02,47.0,47.0,5416.0
2017-10-19 10:55:00,47.01,47.01,47.0,47.0,200.0
2017-10-19 10:56:00,46.98,47.01,46.98,47.01,700.0
2017-10-19 10:57:00,47.0,47.01,46.99,46.99,2073.0
2017-10-19 10:58:00,46.98,46.99,46.98,46.99,500.0
2017-10-19 10:59:00,46.98,46.98,46.98,46.98,100.0
2017-10-19 11:00:00,46.99,46.99,46.99,46.99,1700.0
2017-10-19 11:01:00,47.0,47.0,46.985,46.99,3611.0
2017-10-19 11:02:00,47.03,47.04,47.02,47.02,3201.0
2017-10-19 11:03:00,47.01,47.03,47.01,47.03,2505.0
2017-10-19 11:04:00,47.02,47.02,47.01,47.01,1210.0
2017-10-19 11:05:00,47.05,47.05,47.01,47.01,2397.0
2017-10-19 11:06:00,47.06,47.06,47.06,47.06,600.0
2017-10-19 11:07:00,47.07,47.08,47.07,47.08,1700.0
2017-10-19 11:08:00,47.09,47.1,47.07,47.07,2354.0
2017-10-19 11:09:00,47.07,47.09,47.07,47.09,1688.0
2017-10-19 11:10:00,47.07,47.07,47.07,47.07,1000.0
2017-10-19 11:11:00,47.11,47.11,47.08,47.08,2287.0
2017-10-19 11:12:00,47.105,47.13,47.08,47.11,14983.0
2017-10-19 11:13:00,47.09,47.09,47.09,47.09,300.0
2017-10-19 11:14:00,47.1,47.11,47.09,47.09,1711.0
2017-10-19 11:15:00,47.0733,47.1,47.0733,47.1,1955.0
2017-10-19 11:16:00,47.1,47.11,47.08,47.08,2119.0
2017-10-19 11:17:00,47.12,47.13,47.11,47.11,1000.0
2017-10-19 11:18:00,47.12,47.12,47.115,47.115,700.0
2017-10-19 11:19:00,47.12,47.12,47.12,47.12,100.0
2017-10-19 11:20:00,47.1,47.11,47.1,47.11,1120.0
2017-10-19 11:21:00,47.12,47.12,47.105,47.11,2671.0
2017-10-19 11:22:00,47.11,47.13,47.09,47.13,3711.0
2017-10-19 11:23:00,47.11,47.11,47.1,47.11,1700.0
2017-10-19 11:24:00,47.11,47.11,47.09,47.1,3817.0
2017-10-19 11:25:00,47.1,47.11,47.1,47.11,2137.0
2017-10-19 11:26:00,47.11,47.11,47.09,47.0999,2405.0
2017-10-19 11:27:00,47.1,47.12,47.1,47.12,500.0
2017-10-19 11:28:00,47.09,47.11,47.09,47.1,1867.0
2017-10-19 11:29:00,47.1,47.11,47.08,47.08,1400.0
2017-10-19 11:30:00,47.1199,47.13,47.1,47.11,2700.0
2017-10-19 11:31:00,47.11,47.11,47.09,47.1,2321.0
2017-10-19 11:32:00,47.11,47.11,47.09,47.1,2636.0
2017-10-19 11:33:00,47.11,47.11,47.1,47.11,1649.0
2017-10-19 11:34:00,47.07,47.1,47.07,47.09,1109.0
2017-10-19 11:35:00,47.1,47.11,47.08,47.08,2577.0
2017-10-19 11:36:00,47.055,47.09,47.05,47.09,4094.0
2017-10-19 11:37:00,47.08,47.08,47.04,47.05,1400.0
2017-10-19 11:38:00,47.07,47.07,47.06,47.0699,1010.0
2017-10-19 11:39:00,47.065,47.065,47.065,47.065,100.0
2017-10-19 11:40:00,47.09,47.1,47.07,47.07,1900.0
2017-10-19 11:41:00,47.09,47.09,47.08,47.08,800.0
2017-10-19 11:42:00,47.09,47.0999,47.09,47.0999,900.0
2017-10-19 11:43:00,47.0899,47.09,47.085,47.085,300.0
2017-10-19 11:44:00,47.085,47.09,47.08,47.08,1533.0
2017-10-19 11:45:00,47.095,47.11,47.09,47.09,3116.0
2017-10-19 11:46:00,47.1299,47.1299,47.1,47.1,1400.0
2017-10-19 11:47:00,47.11,47.11,47.11,47.11,700.0
2017-10-19 11:48:00,47.11,47.11,47.11,47.11,200.0
2017-10-19 11:49:00,47.12,47.12,47.12,47.12,100.0
2017-10-19 11:50:00,47.09,47.1099,47.09,47.1,1000.0
2017-10-19 11:51:00,47.1,47.11,47.1,47.11,230.0
2017-10-19 11:52:00,47.105,47.11,47.09,47.11,1300.0
2017-10-19 11:53:00,47.1299,47.13,47.105,47.11,3006.0
2017-10-19 11:54:00,47.15,47.15,47.125,47.125,800.0
2017-10-19 11:55:00,47.17,47.17,47.15,47.15,700.0
2017-10-19 11:56:00,47.16,47.16,47.15,47.16,900.0
2017-10-19 11:57:00,47.14,47.15,47.14,47.15,3400.0
2017-10-19 11:58:00,47.14,47.16,47.135,47.14,3000.0
2017-10-19 11:59:00,47.155,47.17,47.14,47.14,3500.0
2017-10-19 12:00:00,47.14,47.15,47.13,47.15,3000.0
2017-10-19 12:02:00,47.13,47.14,47.12,47.14,3386.0
2017-10-19 12:03:00,47.13,47.15,47.12,47.14,2100.0
2017-10-19 12:04:00,47.16,47.16,47.13,47.135,1400.0
2017-10-19 12:06:00,47.16,47.16,47.15,47.155,800.0
2017-10-19 12:07:00,47.15,47.15,47.15,47.15,100.0
2017-10-19 12:08:00,47.18,47.18,47.1599,47.16,3319.0
2017-10-19 12:09:00,47.18,47.185,47.175,47.175,1400.0
2017-10-19 12:11:00,47.18,47.19,47.17,47.185,3924.0
2017-10-19 12:12:00,47.195,47.195,47.18,47.18,1100.0
2017-10-19 12:13:00,47.2,47.21,47.2,47.2,2200.0
2017-10-19 12:14:00,47.21,47.21,47.19,47.19,1100.0
2017-10-19 12:15:00,47.2099,47.23,47.2,47.205,3850.0
2017-10-19 12:16:00,47.215,47.22,47.205,47.21,1000.0
2017-10-19 12:17:00,47.2075,47.2075,47.2075,47.2075,1004.0
2017-10-19 12:18:00,47.21,47.22,47.21,47.22,200.0
2017-10-19 12:19:00,47.2,47.215,47.2,47.21,2604.0
2017-10-19 12:20:00,47.19,47.2,47.19,47.2,1021.0
2017-10-19 12:21:00,47.21,47.21,47.2,47.2,1000.0
2017-10-19 12:22:00,47.22,47.24,47.2,47.2,3177.0
2017-10-19 12:23:00,47.24,47.25,47.22,47.22,6400.0
2017-10-19 12:24:00,47.25,47.265,47.24,47.25,6112.0
2017-10-19 12:25:00,47.25,47.25,47.24,47.25,633.0
2017-10-19 12:26:00,47.24,47.25,47.24,47.25,751.0
2017-10-19 12:27:00,47.24,47.25,47.23,47.23,1701.0
2017-10-19 12:28:00,47.25,47.25,47.23,47.24,500.0
2017-10-19 12:29:00,47.2411,47.25,47.24,47.24,900.0
2017-10-19 12:31:00,47.255,47.26,47.25,47.25,2200.0
2017-10-19 12:32:00,47.25,47.255,47.25,47.255,511.0
2017-10-19 12:33:00,47.205,47.24,47.205,47.24,3140.0
2017-10-19 12:34:00,47.22,47.225,47.2011,47.2011,1373.0
2017-10-19 12:35:00,47.22,47.22,47.22,47.22,452.0
2017-10-19 12:36:00,47.21,47.21,47.21,47.21,200.0
2017-10-19 12:37:00,47.22,47.22,47.21,47.21,400.0
2017-10-19 12:38:00,47.21,47.21,47.21,47.21,600.0
2017-10-19 12:39:00,47.23,47.23,47.2,47.2,2037.0
2017-10-19 12:40:00,47.215,47.23,47.215,47.23,1000.0
2017-10-19 12:41:00,47.22,47.22,47.21,47.21,300.0
2017-10-19 12:42:00,47.24,47.24,47.215,47.22,1700.0
2017-10-19 12:43:00,47.25,47.26,47.245,47.25,1675.0
2017-10-19 12:44:00,47.25,47.255,47.25,47.255,200.0
2017-10-19 12:45:00,47.24,47.24,47.24,47.24,100.0
2017-10-19 12:46:00,47.25,47.25,47.24,47.25,537.0
2017-10-19 12:47:00,47.255,47.26,47.25,47.26,1196.0
2017-10-19 12:48:00,47.24,47.25,47.24,47.25,2007.0
2017-10-19 12:49:00,47.24,47.255,47.24,47.24,2208.0
2017-10-19 12:50:00,47.245,47.245,47.24,47.24,200.0
2017-10-19 12:51:00,47.21,47.25,47.21,47.24,4771.0
2017-10-19 12:52:00,47.21,47.21,47.21,47.21,200.0
2017-10-19 12:53:00,47.21,47.215,47.21,47.2132,900.0
2017-10-19 12:54:00,47.2,47.21,47.2,47.21,1186.0
2017-10-19 12:55:00,47.2,47.2,47.2,47.2,200.0
2017-10-19 12:56:00,47.2,47.205,47.2,47.205,300.0
2017-10-19 12:57:00,47.2,47.21,47.2,47.21,412.0
2017-10-19 12:58:00,47.2,47.2025,47.2,47.2,800.0
2017-10-19 12:59:00,47.2025,47.2035,47.2025,47.2035,250.0
2017-10-19 13:00:00,47.2,47.202,47.2,47.2,300.0
2017-10-19 13:01:00,47.2,47.21,47.2,47.21,900.0
2017-10-19 13:03:00,47.2,47.21,47.2,47.2,1100.0
2017-10-19 13:04:00,47.2,47.2,47.2,47.2,800.0
2017-10-19 13:05:00,47.24,47.25,47.205,47.21,3978.0
2017-10-19 13:06:00,47.2477,47.2477,47.245,47.245,200.0
2017-10-19 13:07:00,47.24,47.25,47.24,47.25,3404.0
2017-10-19 13:08:00,47.245,47.25,47.245,47.245,400.0
2017-10-19 13:09:00,47.23,47.245,47.23,47.24,2451.0
2017-10-19 13:10:00,47.24,47.245,47.23,47.23,3000.0
2017-10-19 13:11:00,47.225,47.245,47.22,47.23,3073.0
2017-10-19 13:12:00,47.24,47.24,47.22,47.225,2600.0
2017-10-19 13:13:00,47.23,47.235,47.23,47.235,912.0
2017-10-19 13:14:00,47.22,47.24,47.22,47.24,7192.0
2017-10-19 13:15:00,47.22,47.22,47.2,47.22,4100.0
2017-10-19 13:16:00,47.2201,47.23,47.2201,47.225,500.0
2017-10-19 13:17:00,47.225,47.225,47.22,47.225,300.0
2017-10-19 13:18:00,47.225,47.225,47.225,47.225,100.0
2017-10-19 13:19:00,47.215,47.23,47.21,47.225,4392.0
2017-10-19 13:20:00,47.21,47.24,47.21,47.22,6156.0
2017-10-19 13:21:00,47.22,47.22,47.21,47.215,1500.0
2017-10-19 13:22:00,47.22,47.225,47.22,47.22,1800.0
2017-10-19 13:23:00,47.2,47.225,47.195,47.225,5000.0
2017-10-19 13:24:00,47.22,47.225,47.195,47.195,6937.0
2017-10-19 13:25:00,47.21,47.22,47.205,47.21,2302.0
2017-10-19 13:26:00,47.27,47.27,47.22,47.22,10712.0
2017-10-19 13:27:00,47.24,47.27,47.24,47.27,3616.0
2017-10-19 13:28:00,47.23,47.23,47.23,47.23,300.0
2017-10-19 13:29:00,47.25,47.25,47.23,47.24,3726.0
2017-10-19 13:30:00,47.22,47.25,47.22,47.25,2025.0
2017-10-19 13:31:00,47.235,47.235,47.23,47.23,700.0
2017-10-19 13:32:00,47.23,47.24,47.23,47.23,1700.0
2017-10-19 13:33:00,47.24,47.25,47.24,47.245,2401.0
2017-10-19 13:34:00,47.23,47.24,47.23,47.24,500.0
2017-10-19 13:35:00,47.225,47.225,47.2225,47.2225,200.0
2017-10-19 13:36:00,47.22,47.2211,47.22,47.2211,500.0
2017-10-19 13:37:00,47.2249,47.23,47.2237,47.23,1666.0
2017-10-19 13:38:00,47.24,47.24,47.21,47.22,3686.0
2017-10-19 13:39:00,47.23,47.24,47.225,47.24,2411.0
2017-10-19 13:40:00,47.23,47.23,47.2237,47.225,608.0
2017-10-19 13:41:00,47.22,47.22,47.22,47.22,888.0
2017-10-19 13:42:00,47.22,47.22,47.22,47.22,810.0
2017-10-19 13:43:00,47.22,47.225,47.22,47.225,200.0
2017-10-19 13:45:00,47.2211,47.2211,47.2211,47.2211,100.0
2017-10-19 13:46:00,47.2,47.23,47.2,47.23,5333.0
2017-10-19 13:47:00,47.19,47.195,47.19,47.195,300.0
2017-10-19 13:48:00,47.21,47.21,47.2,47.2,1222.0
2017-10-19 13:49:00,47.19,47.2,47.19,47.2,1178.0
2017-10-19 13:50:00,47.19,47.195,47.19,47.19,500.0
2017-10-19 13:51:00,47.18,47.19,47.18,47.19,900.0
2017-10-19 13:52:00,47.18,47.18,47.17,47.18,773.0
2017-10-19 13:53:00,47.19,47.19,47.18,47.18,700.0
2017-10-19 13:54:00,47.17,47.19,47.17,47.19,5601.0
2017-10-19 13:55:00,47.185,47.185,47.18,47.18,500.0
2017-10-19 13:56:00,47.19,47.19,47.19,47.19,500.0
2017-10-19 13:57:00,47.2,47.2,47.2,47.2,500.0
2017-10-19 13:58:00,47.19,47.205,47.19,47.2,2200.0
2017-10-19 13:59:00,47.195,47.195,47.19,47.195,1000.0
2017-10-19 14:00:00,47.18,47.19,47.18,47.19,600.0
2017-10-19 14:01:00,47.17,47.175,47.17,47.175,200.0
2017-10-19 14:02:00,47.19,47.19,47.17,47.17,1500.0
2017-10-19 14:03:00,47.19,47.2,47.181000000000004,47.2,1100.0
2017-10-19 14:04:00,47.18,47.18,47.17,47.18,1000.0
2017-10-19 14:05:00,47.175,47.185,47.17,47.185,1100.0
2017-10-19 14:06:00,47.17,47.18,47.17,47.18,1250.0
2017-10-19 14:07:00,47.13,47.175,47.13,47.17,6726.0
2017-10-19 14:08:00,47.12,47.13,47.11,47.13,2500.0
2017-10-19 14:09:00,47.11,47.13,47.11,47.13,2073.0
2017-10-19 14:10:00,47.08,47.115,47.08,47.115,9292.0
2017-10-19 14:11:00,47.06,47.085,47.06,47.085,2069.0
2017-10-19 14:12:00,47.06,47.06,47.06,47.06,400.0
2017-10-19 14:13:00,47.0,47.06,47.0,47.06,3791.0
2017-10-19 14:14:00,47.04,47.05,46.99,47.005,9490.0
2017-10-19 14:15:00,47.05,47.05,47.01,47.0401,16943.0
2017-10-19 14:16:00,47.15,47.16,47.05,47.05,69704.0
2017-10-19 14:17:00,47.14,47.16,47.13,47.15,6371.0
2017-10-19 14:18:00,47.13,47.14,47.13,47.14,200.0
2017-10-19 14:19:00,47.13,47.13,47.13,47.13,400.0
2017-10-19 14:20:00,47.145,47.15,47.14,47.14,19602.0
2017-10-19 14:21:00,47.14,47.15,47.14,47.14,2640.0
2017-10-19 14:22:00,47.175,47.175,47.15,47.15,8211.0
2017-10-19 14:23:00,47.18,47.18,47.175,47.175,400.0
2017-10-19 14:24:00,47.185,47.19,47.18,47.19,800.0
2017-10-19 14:25:00,47.175,47.185,47.16,47.18,6974.0
2017-10-19 14:26:00,47.18,47.18,47.175,47.175,2352.0
2017-10-19 14:27:00,47.16,47.17,47.155,47.17,1995.0
2017-10-19 14:28:00,47.165,47.165,47.16,47.16,900.0
2017-10-19 14:29:00,47.14,47.16,47.14,47.16,1278.0
2017-10-19 14:30:00,47.16,47.17,47.14,47.14,4256.0
2017-10-19 14:31:00,47.175,47.195,47.17,47.17,1400.0
2017-10-19 14:32:00,47.18,47.18,47.18,47.18,100.0
2017-10-19 14:33:00,47.15,47.18,47.15,47.17,7527.0
2017-10-19 14:34:00,47.15,47.15,47.148999999999994,47.148999999999994,300.0
2017-10-19 14:35:00,47.19,47.19,47.16,47.16,1928.0
2017-10-19 14:36:00,47.1711,47.19,47.17,47.18,1413.0
2017-10-19 14:37:00,47.17,47.185,47.17,47.185,1015.0
2017-10-19 14:38:00,47.21,47.215,47.17,47.175,3273.0
2017-10-19 14:39:00,47.18,47.215,47.18,47.215,1714.0
2017-10-19 14:40:00,47.19,47.19,47.19,47.19,1400.0
2017-10-19 14:41:00,47.18,47.19,47.18,47.19,400.0
2017-10-19 14:42:00,47.195,47.195,47.18,47.18,1100.0
2017-10-19 14:43:00,47.2,47.2,47.2,47.2,100.0
2017-10-19 14:44:00,47.195,47.195,47.195,47.195,433.0
2017-10-19 14:45:00,47.225,47.235,47.195,47.2,4820.0
2017-10-19 14:46:00,47.225,47.2273,47.225,47.2273,1396.0
2017-10-19 14:47:00,47.2,47.22,47.195,47.22,2996.0
2017-10-19 14:48:00,47.205,47.22,47.2,47.2,2486.0
2017-10-19 14:49:00,47.205,47.205,47.2,47.2,1100.0
2017-10-19 14:50:00,47.205,47.21,47.205,47.21,600.0
2017-10-19 14:51:00,47.21,47.215,47.2,47.2,1500.0
2017-10-19 14:52:00,47.215,47.215,47.21,47.21,200.0
2017-10-19 14:53:00,47.21,47.22,47.21,47.215,750.0
2017-10-19 14:54:00,47.24,47.25,47.22,47.22,7595.0
2017-10-19 14:56:00,47.245,47.25,47.24,47.25,5083.0
2017-10-19 14:57:00,47.232,47.24,47.23,47.24,5949.0
2017-10-19 14:58:00,47.22,47.23,47.22,47.23,1141.0
2017-10-19 14:59:00,47.24,47.24,47.22,47.225,1900.0
2017-10-19 15:00:00,47.22,47.24,47.22,47.24,1799.0
2017-10-19 15:01:00,47.2288,47.2288,47.22,47.22,568.0
2017-10-19 15:02:00,47.22,47.225,47.22,47.225,1794.0
2017-10-19 15:03:00,47.22,47.22,47.22,47.22,500.0
2017-10-19 15:04:00,47.25,47.25,47.22,47.22,3446.0
2017-10-19 15:05:00,47.24,47.25,47.24,47.25,2237.0
2017-10-19 15:07:00,47.19,47.235,47.15,47.235,15535.0
2017-10-19 15:08:00,47.195,47.195,47.19,47.19,300.0
2017-10-19 15:09:00,47.2,47.2,47.195,47.195,2410.0
2017-10-19 15:10:00,47.205,47.21,47.2,47.21,1797.0
2017-10-19 15:11:00,47.22,47.22,47.2,47.21,4456.0
2017-10-19 15:12:00,47.23,47.23,47.22,47.22,800.0
2017-10-19 15:13:00,47.21,47.23,47.21,47.23,3710.0
2017-10-19 15:14:00,47.2,47.21,47.18,47.21,7782.0
2017-10-19 15:15:00,47.2288,47.2288,47.21,47.21,1198.0
2017-10-19 15:16:00,47.22,47.22,47.22,47.22,300.0
2017-10-19 15:17:00,47.22,47.23,47.22,47.23,300.0
2017-10-19 15:18:00,47.22,47.225,47.21,47.22,3226.0
2017-10-19 15:19:00,47.2359,47.24,47.225,47.225,1774.0
2017-10-19 15:20:00,47.235,47.24,47.235,47.24,300.0
2017-10-19 15:21:00,47.25,47.27,47.23,47.23,12221.0
2017-10-19 15:22:00,47.24,47.25,47.24,47.25,3477.0
2017-10-19 15:23:00,47.25,47.25,47.25,47.25,300.0
2017-10-19 15:24:00,47.25,47.26,47.24,47.25,3732.0
2017-10-19 15:25:00,47.225,47.24,47.225,47.24,1213.0
2017-10-19 15:26:00,47.235,47.235,47.22,47.22,2979.0
2017-10-19 15:27:00,47.22,47.24,47.22,47.24,2812.0
2017-10-19 15:28:00,47.235,47.24,47.22,47.22,2200.0
2017-10-19 15:29:00,47.2338,47.24,47.23,47.23,602.0
2017-10-19 15:30:00,47.23,47.2356,47.23,47.235,700.0
2017-10-19 15:31:00,47.205,47.23,47.2,47.23,3157.0
2017-10-19 15:32:00,47.21,47.22,47.2,47.205,6583.0
2017-10-19 15:33:00,47.22,47.22,47.22,47.22,180.0
2017-10-19 15:34:00,47.24,47.24,47.215,47.2199,6126.0
2017-10-19 15:35:00,47.23,47.24,47.23,47.24,3838.0
2017-10-19 15:36:00,47.23,47.24,47.225,47.225,3946.0
2017-10-19 15:37:00,47.225,47.23,47.225,47.23,1715.0
2017-10-19 15:38:00,47.22,47.23,47.22,47.23,804.0
2017-10-19 15:39:00,47.225,47.23,47.22,47.23,1669.0
2017-10-19 15:40:00,47.2,47.23,47.2,47.225,5559.0
2017-10-19 15:41:00,47.205,47.21,47.2,47.2,1100.0
2017-10-19 15:42:00,47.2,47.205,47.2,47.205,600.0
2017-10-19 15:43:00,47.21,47.215,47.205,47.21,8908.0
2017-10-19 15:44:00,47.21,47.22,47.21,47.22,2420.0
2017-10-19 15:45:00,47.235,47.235,47.21,47.215,6299.0
2017-10-19 15:46:00,47.225,47.24,47.225,47.235,4700.0
2017-10-19 15:47:00,47.225,47.225,47.22,47.225,1769.0
2017-10-19 15:48:00,47.235,47.24,47.22,47.225,7192.0
2017-10-19 15:49:00,47.25,47.25,47.23,47.235,7100.0
2017-10-19 15:50:00,47.225,47.25,47.225,47.25,9034.0
2017-10-19 15:51:00,47.215,47.23,47.21,47.225,3600.0
2017-10-19 15:52:00,47.215,47.22,47.21,47.21,6493.0
2017-10-19 15:53:00,47.215,47.22,47.21,47.215,2665.0
2017-10-19 15:54:00,47.22,47.22,47.21,47.215,6604.0
2017-10-19 15:55:00,47.22,47.22,47.2147,47.22,5938.0
2017-10-19 15:56:00,47.22,47.22,47.21,47.22,3294.0
2017-10-19 15:57:00,47.22,47.22,47.215,47.22,9300.0
2017-10-19 15:58:00,47.205,47.22,47.2,47.22,18881.0
2017-10-19 15:59:00,47.24,47.24,47.215,47.22,5614.0
2017-10-19 16:00:00,47.26,47.27,47.23,47.24,67979.0
2017-10-20 09:30:00,47.21,47.21,47.21,47.21,73123.0
2017-10-20 09:31:00,47.17,47.215,47.11,47.18,4126.0
2017-10-20 09:32:00,46.8838,47.13,46.88,47.09,3600.0
2017-10-20 09:33:00,47.03,47.03,46.89,46.89,2200.0
2017-10-20 09:34:00,47.02,47.02,46.99,47.0,600.0
2017-10-20 09:35:00,46.84,46.96,46.84,46.96,1200.0
2017-10-20 09:36:00,46.88,46.9,46.88,46.89,1100.0
2017-10-20 09:37:00,46.85,46.87,46.82,46.84,5127.0
2017-10-20 09:38:00,46.87,46.88,46.84,46.86,1700.0
2017-10-20 09:39:00,46.83,46.855,46.83,46.855,800.0
2017-10-20 09:40:00,46.87,46.88,46.86,46.86,2504.0
2017-10-20 09:41:00,46.92,46.92,46.89,46.89,2000.0
2017-10-20 09:42:00,46.89,46.91,46.84,46.91,7143.0
2017-10-20 09:43:00,46.89,46.905,46.85,46.88,3646.0
2017-10-20 09:44:00,46.8579,46.89,46.8579,46.89,2800.0
2017-10-20 09:45:00,46.89,46.93,46.84,46.85,4676.0
2017-10-20 09:46:00,46.9,46.94,46.83,46.89,5220.0
2017-10-20 09:47:00,46.89,46.93,46.89,46.9195,13449.0
2017-10-20 09:48:00,46.88,46.9,46.83,46.88,3200.0
2017-10-20 09:49:00,46.81,46.87,46.81,46.87,6193.0
2017-10-20 09:50:00,46.82,46.83,46.78,46.82,1900.0
2017-10-20 09:51:00,46.75,46.82,46.74,46.82,1900.0
2017-10-20 09:52:00,46.76,46.78,46.76,46.76,2444.0
2017-10-20 09:53:00,46.6612,46.75,46.66,46.75,6164.0
2017-10-20 09:54:00,46.73,46.735,46.65,46.66,2942.0
2017-10-20 09:55:00,46.67,46.7,46.67,46.7,700.0
2017-10-20 09:56:00,46.67,46.7,46.6575,46.665,9498.0
2017-10-20 09:57:00,46.61,46.675,46.61,46.675,1800.0
2017-10-20 09:58:00,46.59,46.61,46.56,46.61,8284.0
2017-10-20 09:59:00,46.61,46.62,46.57,46.58,4348.0
2017-10-20 10:00:00,46.605,46.62,46.58,46.615,4309.0
2017-10-20 10:01:00,46.62,46.63,46.59,46.61,10040.0
2017-10-20 10:02:00,46.67,46.67,46.61,46.63,7316.0
2017-10-20 10:03:00,46.63,46.66,46.62,46.65,3543.0
2017-10-20 10:04:00,46.64,46.66,46.64,46.64,1420.0
2017-10-20 10:05:00,46.67,46.71,46.62,46.63,9463.0
2017-10-20 10:06:00,46.61,46.67,46.61,46.67,8820.0
2017-10-20 10:07:00,46.6,46.655,46.6,46.62,5511.0
2017-10-20 10:08:00,46.59,46.6,46.58,46.58,900.0
2017-10-20 10:09:00,46.45,46.59,46.45,46.59,10739.0
2017-10-20 10:10:00,46.45,46.48,46.44,46.45,6389.0
2017-10-20 10:11:00,46.49,46.52,46.43,46.45,5607.0
2017-10-20 10:12:00,46.525,46.53,46.5,46.5,4200.0
2017-10-20 10:13:00,46.46,46.52,46.46,46.52,9114.0
2017-10-20 10:14:00,46.48,46.49,46.43,46.455,3710.0
2017-10-20 10:15:00,46.49,46.5,46.46,46.475,7785.0
2017-10-20 10:16:00,46.44,46.52,46.42,46.5,18645.0
2017-10-20 10:17:00,46.4,46.45,46.4,46.43,13558.0
2017-10-20 10:18:00,46.39,46.41,46.37,46.4,11257.0
2017-10-20 10:19:00,46.45,46.47,46.38,46.38,8767.0
2017-10-20 10:20:00,46.46,46.49,46.46,46.46,4245.0
2017-10-20 10:21:00,46.535,46.54,46.46,46.46,2800.0
2017-10-20 10:22:00,46.53,46.56,46.53,46.535,5201.0
2017-10-20 10:23:00,46.5,46.54,46.5,46.53,4957.0
2017-10-20 10:24:00,46.44,46.52,46.44,46.505,5355.0
2017-10-20 10:25:00,46.35,46.44,46.34,46.44,9178.0
2017-10-20 10:26:00,46.4,46.41,46.36,46.3788,5853.0
2017-10-20 10:27:00,46.3,46.4,46.29,46.39,12995.0
2017-10-20 10:28:00,46.41,46.41,46.31,46.31,16875.0
2017-10-20 10:29:00,46.47,46.47,46.41,46.41,1855.0
2017-10-20 10:30:00,46.36,46.46,46.36,46.46,7523.0
2017-10-20 10:31:00,46.39,46.41,46.35,46.35,3000.0
2017-10-20 10:32:00,46.39,46.41,46.39,46.4,3192.0
2017-10-20 10:33:00,46.38,46.4,46.38,46.39,1014.0
2017-10-20 10:34:00,46.4,46.4175,46.38,46.38,4605.0
2017-10-20 10:35:00,46.4,46.4,46.39,46.4,1100.0
2017-10-20 10:36:00,46.38,46.405,46.38,46.4,3118.0
2017-10-20 10:37:00,46.41,46.43,46.37,46.37,7900.0
2017-10-20 10:38:00,46.3842,46.41,46.38,46.4,1450.0
2017-10-20 10:39:00,46.4,46.4,46.38,46.38,2417.0
2017-10-20 10:40:00,46.39,46.4,46.39,46.4,2491.0
2017-10-20 10:41:00,46.4,46.41,46.39,46.39,7500.0
2017-10-20 10:42:00,46.38,46.43,46.38,46.4,8728.0
2017-10-20 10:43:00,46.38,46.4,46.38,46.39,7000.0
2017-10-20 10:44:00,46.38,46.3932,46.38,46.3932,1100.0
2017-10-20 10:45:00,46.4,46.4,46.38,46.4,700.0
2017-10-20 10:46:00,46.36,46.39,46.32,46.38,8292.0
2017-10-20 10:47:00,46.39,46.4,46.39,46.39,1741.0
2017-10-20 10:48:00,46.4,46.4,46.39,46.4,1400.0
2017-10-20 10:49:00,46.3895,46.3895,46.3895,46.3895,1051.0
2017-10-20 10:50:00,46.4,46.4,46.39,46.39,300.0
2017-10-20 10:51:00,46.39,46.4,46.38,46.4,4802.0
2017-10-20 10:52:00,46.4,46.415,46.3901,46.4,2426.0
2017-10-20 10:53:00,46.36,46.39,46.3496,46.39,3286.0
2017-10-20 10:54:00,46.37,46.37,46.37,46.37,563.0
2017-10-20 10:55:00,46.36,46.37,46.36,46.36,2935.0
2017-10-20 10:56:00,46.37,46.38,46.36,46.36,3679.0
2017-10-20 10:57:00,46.33,46.36,46.33,46.36,838.0
2017-10-20 10:58:00,46.32,46.34,46.32,46.33,2659.0
2017-10-20 10:59:00,46.3,46.33,46.28,46.33,8996.0
2017-10-20 11:00:00,46.32,46.32,46.3,46.3,2500.0
2017-10-20 11:01:00,46.33,46.33,46.33,46.33,100.0
2017-10-20 11:02:00,46.34,46.34,46.33,46.33,4496.0
2017-10-20 11:03:00,46.3234,46.33,46.3234,46.33,1150.0
2017-10-20 11:05:00,46.33,46.34,46.32,46.33,4600.0
2017-10-20 11:06:00,46.3151,46.325,46.3151,46.325,1748.0
2017-10-20 11:07:00,46.3,46.31,46.3,46.31,600.0
2017-10-20 11:08:00,46.32,46.32,46.31,46.31,2100.0
2017-10-20 11:09:00,46.31,46.33,46.31,46.3298,3133.0
2017-10-20 11:10:00,46.33,46.33,46.31,46.31,2919.0
2017-10-20 11:11:00,46.318000000000005,46.33,46.315,46.33,3700.0
2017-10-20 11:12:00,46.32,46.325,46.32,46.325,316.0
2017-10-20 11:13:00,46.3,46.32,46.3,46.32,2300.0
2017-10-20 11:14:00,46.29,46.3,46.29,46.3,1220.0
2017-10-20 11:15:00,46.2801,46.29,46.2801,46.29,5035.0
2017-10-20 11:16:00,46.25,46.28,46.25,46.28,5895.0
2017-10-20 11:17:00,46.24,46.26,46.24,46.26,9280.0
2017-10-20 11:18:00,46.211000000000006,46.24,46.21,46.24,4890.0
2017-10-20 11:19:00,46.22,46.225,46.21,46.21,3988.0
2017-10-20 11:20:00,46.23,46.24,46.2299,46.2299,4399.0
2017-10-20 11:21:00,46.24,46.25,46.24,46.24,6744.0
2017-10-20 11:22:00,46.22,46.24,46.22,46.24,1918.0
2017-10-20 11:23:00,46.2329,46.2329,46.22,46.22,2200.0
2017-10-20 11:24:00,46.22,46.23,46.22,46.23,1600.0
2017-10-20 11:25:00,46.22,46.22,46.213,46.215,2263.0
2017-10-20 11:26:00,46.22,46.23,46.22,46.23,1051.0
2017-10-20 11:27:00,46.2,46.23,46.2,46.22,5401.0
2017-10-20 11:28:00,46.21,46.21,46.2,46.21,4385.0
2017-10-20 11:29:00,46.21,46.21,46.21,46.21,900.0
2017-10-20 11:30:00,46.2,46.21,46.2,46.21,2000.0
2017-10-20 11:31:00,46.21,46.22,46.19,46.2,4643.0
2017-10-20 11:32:00,46.225,46.225,46.22,46.22,1190.0
2017-10-20 11:33:00,46.221000000000004,46.225,46.22,46.22,1125.0
2017-10-20 11:34:00,46.23,46.23,46.23,46.23,1600.0
2017-10-20 11:35:00,46.215,46.24,46.2101,46.23,1573.0
2017-10-20 11:36:00,46.221000000000004,46.24,46.22,46.22,6194.0
2017-10-20 11:37:00,46.22,46.23,46.22,46.23,1900.0
2017-10-20 11:38:00,46.21,46.22,46.2,46.22,900.0
2017-10-20 11:39:00,46.21,46.22,46.205,46.21,3996.0
2017-10-20 11:40:00,46.19,46.21,46.19,46.21,4200.0
2017-10-20 11:41:00,46.2,46.2,46.1801,46.1875,4515.0
2017-10-20 11:43:00,46.19,46.195,46.19,46.195,2200.0
2017-10-20 11:44:00,46.2,46.2,46.19,46.195,3600.0
2017-10-20 11:45:00,46.18,46.19,46.18,46.19,1674.0
2017-10-20 11:46:00,46.18,46.18,46.17,46.17,400.0
2017-10-20 11:47:00,46.18,46.18,46.16,46.175,7178.0
2017-10-20 11:48:00,46.165,46.1799,46.165,46.17,1173.0
2017-10-20 11:49:00,46.155,46.16,46.15,46.16,1105.0
2017-10-20 11:50:00,46.18,46.21,46.1599,46.1599,20302.0
2017-10-20 11:51:00,46.17,46.175,46.17,46.17,700.0
2017-10-20 11:52:00,46.1744,46.19,46.1744,46.18,3944.0
2017-10-20 11:53:00,46.12,46.175,46.12,46.175,6326.0
2017-10-20 11:54:00,46.135,46.14,46.12,46.12,2434.0
2017-10-20 11:55:00,46.13,46.135,46.13,46.135,1100.0
2017-10-20 11:56:00,46.13,46.13,46.13,46.13,1271.0
2017-10-20 11:57:00,46.1239,46.13,46.1239,46.125,1218.0
2017-10-20 11:58:00,46.13,46.13,46.13,46.13,1391.0
2017-10-20 11:59:00,46.1,46.13,46.1,46.13,6393.0
2017-10-20 12:00:00,46.14,46.1405,46.1,46.1,6833.0
2017-10-20 12:01:00,46.1437,46.16,46.13,46.13,2490.0
2017-10-20 12:02:00,46.1544,46.1544,46.15,46.15,700.0
2017-10-20 12:03:00,46.09,46.15,46.08,46.15,11834.0
2017-10-20 12:04:00,46.09,46.09,46.07,46.09,3033.0
2017-10-20 12:05:00,46.095,46.095,46.09,46.09,1924.0
2017-10-20 12:06:00,46.12,46.12,46.1,46.1,6485.0
2017-10-20 12:07:00,46.09,46.11,46.09,46.11,2512.0
2017-10-20 12:08:00,46.105,46.105,46.1,46.1,1200.0
2017-10-20 12:09:00,46.1,46.105,46.1,46.1,2119.0
2017-10-20 12:10:00,46.14,46.15,46.11,46.11,4656.0
2017-10-20 12:11:00,46.14,46.15,46.14,46.15,1000.0
2017-10-20 12:12:00,46.165,46.165,46.141000000000005,46.15,1787.0
2017-10-20 12:13:00,46.16,46.165,46.16,46.165,3912.0
2017-10-20 12:14:00,46.165,46.165,46.15,46.15,1000.0
2017-10-20 12:15:00,46.1452,46.16,46.14,46.16,2150.0
2017-10-20 12:16:00,46.14,46.1499,46.14,46.1499,400.0
2017-10-20 12:17:00,46.145,46.15,46.14,46.14,2951.0
2017-10-20 12:18:00,46.14,46.15,46.14,46.15,600.0
2017-10-20 12:19:00,46.13,46.145,46.13,46.145,1244.0
2017-10-20 12:20:00,46.13,46.13,46.13,46.13,500.0
2017-10-20 12:21:00,46.13,46.13,46.13,46.13,100.0
2017-10-20 12:22:00,46.14,46.16,46.135,46.135,3762.0
2017-10-20 12:24:00,46.1458,46.15,46.1458,46.15,250.0
2017-10-20 12:25:00,46.145,46.145,46.145,46.145,452.0
2017-10-20 12:26:00,46.12,46.14,46.12,46.14,1400.0
2017-10-20 12:27:00,46.12,46.13,46.12,46.12,700.0
2017-10-20 12:28:00,46.12,46.13,46.12,46.13,2029.0
2017-10-20 12:29:00,46.12,46.12,46.11,46.11,2710.0
2017-10-20 12:30:00,46.07,46.12,46.07,46.12,9870.0
2017-10-20 12:31:00,45.99,46.07,45.96,46.07,24521.0
2017-10-20 12:32:00,46.0,46.01,45.98,46.0,12662.0
2017-10-20 12:33:00,45.96,46.0,45.93,46.0,32021.0
2017-10-20 12:34:00,45.9494,45.96,45.93,45.96,6804.0
2017-10-20 12:35:00,45.93,45.95,45.93,45.94,4854.0
2017-10-20 12:36:00,45.95,45.95,45.93,45.93,4700.0
2017-10-20 12:37:00,45.94,45.955,45.94,45.95,800.0
2017-10-20 12:38:00,45.945,45.945,45.93,45.94,3507.0
2017-10-20 12:39:00,45.9199,45.94,45.9199,45.94,1383.0
2017-10-20 12:40:00,45.94,45.94,45.915,45.92,3085.0
2017-10-20 12:41:00,45.95,45.96,45.94,45.945,1761.0
2017-10-20 12:42:00,45.95,45.95,45.95,45.95,100.0
2017-10-20 12:43:00,45.96,45.97,45.95,45.95,2732.0
2017-10-20 12:44:00,45.97,45.98,45.97,45.97,3692.0
2017-10-20 12:45:00,45.93,45.97,45.93,45.97,2564.0
2017-10-20 12:46:00,45.94,45.94,45.94,45.94,400.0
2017-10-20 12:47:00,45.95,45.95,45.93,45.93,1948.0
2017-10-20 12:48:00,45.9,45.945,45.89,45.945,3285.0
2017-10-20 12:49:00,45.9,45.915,45.9,45.915,2317.0
2017-10-20 12:50:00,45.88,45.89,45.875,45.89,1700.0
2017-10-20 12:51:00,45.9057,45.9057,45.89,45.89,1300.0
2017-10-20 12:52:00,45.9096,45.9096,45.9096,45.9096,220.0
2017-10-20 12:53:00,45.89,45.9082,45.89,45.905,5900.0
2017-10-20 12:54:00,45.85,45.9,45.84,45.895,16749.0
2017-10-20 12:55:00,45.855,45.86,45.83,45.84,10387.0
2017-10-20 12:56:00,45.8444,45.85,45.843,45.845,3267.0
2017-10-20 12:57:00,45.84,45.85,45.83,45.85,4520.0
2017-10-20 12:58:00,45.84,45.85,45.84,45.84,1904.0
2017-10-20 12:59:00,45.82,45.84,45.82,45.84,2800.0
2017-10-20 13:00:00,45.84,45.85,45.82,45.82,4200.0
2017-10-20 13:01:00,45.83,45.855,45.83,45.83,4200.0
2017-10-20 13:02:00,45.85,45.85,45.83,45.83,2100.0
2017-10-20 13:03:00,45.8486,45.855,45.835,45.85,6311.0
2017-10-20 13:04:00,45.84,45.84,45.84,45.84,100.0
2017-10-20 13:05:00,45.87,45.87,45.84,45.85,11007.0
2017-10-20 13:06:00,45.86,45.88,45.86,45.87,3422.0
2017-10-20 13:07:00,45.86,45.86,45.85,45.85,3328.0
2017-10-20 13:08:00,45.86,45.88,45.86,45.86,7800.0
2017-10-20 13:09:00,45.84,45.87,45.84,45.87,3153.0
2017-10-20 13:10:00,45.83,45.85,45.83,45.83,4900.0
2017-10-20 13:11:00,45.855,45.855,45.825,45.825,6340.0
2017-10-20 13:12:00,45.85,45.85,45.85,45.85,200.0
2017-10-20 13:13:00,45.85,45.86,45.85,45.855,3409.0
2017-10-20 13:14:00,45.86,45.86,45.86,45.86,2100.0
2017-10-20 13:15:00,45.84,45.85,45.83,45.85,3332.0
2017-10-20 13:16:00,45.845,45.85,45.84,45.84,2000.0
2017-10-20 13:17:00,45.845,45.85,45.845,45.85,700.0
2017-10-20 13:18:00,45.83,45.85,45.82,45.85,9401.0
2017-10-20 13:19:00,45.84,45.84,45.83,45.84,860.0
2017-10-20 13:20:00,45.82,45.83,45.81,45.83,8344.0
2017-10-20 13:21:00,45.78,45.82,45.78,45.82,8776.0
2017-10-20 13:22:00,45.8001,45.8014,45.79,45.79,8929.0
2017-10-20 13:23:00,45.84,45.84,45.81,45.81,3818.0
2017-10-20 13:24:00,45.81,45.84,45.81,45.84,1968.0
2017-10-20 13:25:00,45.815,45.82,45.81,45.81,500.0
2017-10-20 13:26:00,45.81,45.815,45.81,45.815,400.0
2017-10-20 13:27:00,45.805,45.82,45.8,45.82,2554.0
2017-10-20 13:28:00,45.81,45.82,45.805,45.805,2659.0
2017-10-20 13:29:00,45.83,45.83,45.815,45.82,4260.0
2017-10-20 13:30:00,45.83,45.84,45.83,45.8397,1498.0
2017-10-20 13:31:00,45.82,45.8201,45.81,45.82,4934.0
2017-10-20 13:32:00,45.82,45.82,45.815,45.815,2100.0
2017-10-20 13:33:00,45.825,45.83,45.825,45.825,1300.0
2017-10-20 13:34:00,45.84,45.85,45.825,45.83,5819.0
2017-10-20 13:35:00,45.82,45.83,45.82,45.83,1908.0
2017-10-20 13:36:00,45.84,45.84,45.825,45.825,2213.0
2017-10-20 13:37:00,45.82,45.83,45.82,45.83,1481.0
2017-10-20 13:38:00,45.82,45.825,45.82,45.82,1709.0
2017-10-20 13:39:00,45.805,45.81,45.805,45.81,401.0
2017-10-20 13:40:00,45.83,45.83,45.805,45.81,4371.0
2017-10-20 13:41:00,45.815,45.82,45.805,45.82,2641.0
2017-10-20 13:42:00,45.83,45.83,45.815,45.82,1654.0
2017-10-20 13:43:00,45.83,45.83,45.83,45.83,634.0
2017-10-20 13:44:00,45.825,45.83,45.82,45.825,740.0
2017-10-20 13:45:00,45.825,45.83,45.8207,45.8207,1520.0
2017-10-20 13:46:00,45.825,45.825,45.82,45.825,300.0
2017-10-20 13:47:00,45.83,45.83,45.8244,45.825,1276.0
2017-10-20 13:48:00,45.825,45.83,45.82,45.83,1958.0
2017-10-20 13:49:00,45.86,45.88,45.825,45.825,26437.0
2017-10-20 13:50:00,45.8801,45.89,45.86,45.86,7392.0
2017-10-20 13:51:00,45.88,45.9,45.88,45.885,9600.0
2017-10-20 13:52:00,45.885,45.885,45.87,45.88,5267.0
2017-10-20 13:53:00,45.9,45.9,45.88,45.885,7688.0
2017-10-20 13:54:00,45.89,45.901,45.89,45.901,701.0
2017-10-20 13:55:00,45.9,45.905,45.8944,45.9,4224.0
2017-10-20 13:56:00,45.9,45.92,45.89,45.895,4100.0
2017-10-20 13:57:00,45.895,45.91,45.8906,45.9,5777.0
2017-10-20 13:58:00,45.875,45.895,45.875,45.895,3290.0
2017-10-20 13:59:00,45.885,45.885,45.87,45.875,3350.0
2017-10-20 14:00:00,45.885,45.89,45.88,45.885,620.0
2017-10-20 14:01:00,45.88,45.9,45.88,45.89,4820.0
2017-10-20 14:02:00,45.89,45.89,45.89,45.89,100.0
2017-10-20 14:03:00,45.88,45.88,45.88,45.88,200.0
2017-10-20 14:04:00,45.885,45.885,45.885,45.885,200.0
2017-10-20 14:05:00,45.885,45.89,45.88,45.885,5600.0
2017-10-20 14:06:00,45.885,45.89,45.885,45.885,400.0
2017-10-20 14:07:00,45.885,45.89,45.88,45.885,700.0
2017-10-20 14:08:00,45.89,45.89,45.8837,45.885,2432.0
2017-10-20 14:09:00,45.89,45.89,45.885,45.89,1806.0
2017-10-20 14:10:00,45.9,45.92,45.885,45.885,17826.0
2017-10-20 14:11:00,45.92,45.92,45.9,45.9,2100.0
2017-10-20 14:12:00,45.99,45.99,45.93,45.93,9383.0
2017-10-20 14:13:00,46.03,46.04,45.99,45.99,4784.0
2017-10-20 14:14:00,46.065,46.065,46.02,46.03,4974.0
2017-10-20 14:15:00,46.06,46.06,46.06,46.06,1500.0
2017-10-20 14:16:00,46.0439,46.06,46.04,46.06,2770.0
2017-10-20 14:17:00,46.04,46.04,46.04,46.04,3223.0
2017-10-20 14:18:00,46.07,46.1,46.05,46.05,3500.0
2017-10-20 14:20:00,46.05,46.07,46.03,46.07,5219.0
2017-10-20 14:21:00,46.06,46.06,46.05,46.05,600.0
2017-10-20 14:22:00,46.05,46.0539,46.049,46.0539,1600.0
2017-10-20 14:23:00,46.0414,46.045,46.0414,46.045,700.0
2017-10-20 14:24:00,46.05,46.05,46.05,46.05,300.0
2017-10-20 14:25:00,46.04,46.07,46.03,46.05,8232.0
2017-10-20 14:26:00,46.03,46.03,46.03,46.03,1740.0
2017-10-20 14:27:00,46.0,46.02,46.0,46.02,1472.0
2017-10-20 14:28:00,46.0,46.02,46.0,46.0,3233.0
2017-10-20 14:29:00,46.04,46.04,46.01,46.01,1365.0
2017-10-20 14:30:00,46.03,46.031000000000006,46.01,46.03,6231.0
2017-10-20 14:31:00,46.03,46.04,46.03,46.04,1873.0
2017-10-20 14:32:00,46.05,46.05,46.02,46.02,12738.0
2017-10-20 14:33:00,46.06,46.06,46.06,46.06,800.0
2017-10-20 14:34:00,46.08,46.08,46.05,46.0644,8740.0
2017-10-20 14:35:00,46.11,46.11,46.0851,46.0851,1584.0
2017-10-20 14:36:00,46.05,46.105,46.045,46.105,7319.0
2017-10-20 14:37:00,46.07,46.07,46.06,46.07,2950.0
2017-10-20 14:38:00,46.08,46.085,46.08,46.08,3491.0
2017-10-20 14:39:00,46.095,46.095,46.09,46.09,1237.0
2017-10-20 14:40:00,46.1,46.11,46.095,46.1,3960.0
2017-10-20 14:41:00,46.09,46.095,46.07,46.095,6738.0
2017-10-20 14:42:00,46.0714,46.085,46.0714,46.085,2308.0
2017-10-20 14:43:00,46.08,46.08,46.07,46.07,200.0
2017-10-20 14:44:00,46.055,46.08,46.03,46.08,15085.0
2017-10-20 14:45:00,46.05,46.06,46.05,46.05,3072.0
2017-10-20 14:46:00,46.07,46.07,46.06,46.06,3207.0
2017-10-20 14:47:00,46.07,46.075,46.06,46.07,2200.0
2017-10-20 14:48:00,46.07,46.07,46.065,46.065,1500.0
2017-10-20 14:49:00,46.0701,46.08,46.0701,46.08,825.0
2017-10-20 14:50:00,46.03,46.075,46.03,46.075,10005.0
2017-10-20 14:51:00,46.03,46.045,46.03,46.03,2608.0
2017-10-20 14:52:00,46.06,46.06,46.04,46.04,3293.0
2017-10-20 14:53:00,46.04,46.055,46.04,46.05,3050.0
2017-10-20 14:54:00,46.04,46.045,46.03,46.035,5788.0
2017-10-20 14:55:00,46.035,46.035,46.02,46.03,5013.0
2017-10-20 14:56:00,46.0,46.035,45.99,46.03,11845.0
2017-10-20 14:57:00,46.0166,46.02,46.01,46.01,1306.0
2017-10-20 14:58:00,46.03,46.03,46.03,46.03,1346.0
2017-10-20 14:59:00,46.01,46.035,46.01,46.03,3754.0
2017-10-20 15:00:00,46.0056,46.01,46.0,46.01,4414.0
2017-10-20 15:01:00,46.01,46.01,45.955,46.0,9193.0
2017-10-20 15:02:00,46.0,46.01,45.99,46.0,8436.0
2017-10-20 15:03:00,46.01,46.01,45.9931,46.0,4814.0
2017-10-20 15:04:00,45.99,46.015,45.99,46.015,6682.0
2017-10-20 15:05:00,45.96,45.99,45.96,45.985,3763.0
2017-10-20 15:06:00,45.97,45.97,45.96,45.96,6505.0
2017-10-20 15:07:00,45.96,45.965,45.96,45.96,5325.0
2017-10-20 15:08:00,45.955,45.96,45.95,45.96,14820.0
2017-10-20 15:09:00,45.93,45.96,45.925,45.955,14825.0
2017-10-20 15:10:00,45.93,45.955,45.93,45.93,30827.0
2017-10-20 15:11:00,45.95,45.95,45.93,45.93,4758.0
2017-10-20 15:12:00,45.96,45.96,45.94,45.94,7748.0
2017-10-20 15:13:00,45.9575,45.96,45.95,45.955,10121.0
2017-10-20 15:14:00,45.9575,45.96,45.945,45.955,11031.0
2017-10-20 15:15:00,45.955,45.96,45.955,45.96,300.0
2017-10-20 15:16:00,45.955,45.96,45.92,45.95,21768.0
2017-10-20 15:17:00,45.965,45.98,45.96,45.97,6800.0
2017-10-20 15:18:00,46.1,46.11,45.965,45.97,13100.0
2017-10-20 15:19:00,46.095,46.1134,46.095,46.105,6887.0
2017-10-20 15:20:00,46.075,46.0938,46.075,46.0938,2600.0
2017-10-20 15:21:00,46.06,46.07,46.05,46.07,11508.0
2017-10-20 15:22:00,46.065,46.065,46.065,46.065,100.0
2017-10-20 15:23:00,46.06,46.07,46.055,46.065,8299.0
2017-10-20 15:24:00,46.055,46.07,46.055,46.07,2064.0
2017-10-20 15:25:00,46.045,46.05,46.04,46.05,8371.0
2017-10-20 15:26:00,46.03,46.04,46.03,46.04,800.0
2017-10-20 15:27:00,46.05,46.06,46.04,46.04,8500.0
2017-10-20 15:28:00,46.05,46.06,46.045,46.045,8763.0
2017-10-20 15:29:00,46.04,46.06,46.04,46.06,200.0
2017-10-20 15:30:00,46.05,46.055,46.04,46.05,8322.0
2017-10-20 15:31:00,46.05,46.055,46.045,46.05,13500.0
2017-10-20 15:32:00,46.045,46.05,46.04,46.05,2825.0
2017-10-20 15:33:00,46.1,46.105,46.045,46.045,9078.0
2017-10-20 15:34:00,46.11,46.12,46.09,46.1,11000.0
2017-10-20 15:35:00,46.1195,46.1195,46.11,46.115,1000.0
2017-10-20 15:36:00,46.115,46.12,46.115,46.1193,3300.0
2017-10-20 15:37:00,46.11,46.12,46.11,46.1138,1200.0
2017-10-20 15:38:00,46.13,46.13,46.1,46.12,9517.0
2017-10-20 15:39:00,46.14,46.14,46.13,46.13,3896.0
2017-10-20 15:40:00,46.15,46.16,46.13,46.14,11100.0
2017-10-20 15:41:00,46.16,46.16,46.15,46.15,1000.0
2017-10-20 15:42:00,46.135,46.16,46.135,46.155,8915.0
2017-10-20 15:43:00,46.155,46.16,46.13,46.13,5701.0
2017-10-20 15:44:00,46.1549,46.16,46.15,46.155,1810.0
2017-10-20 15:45:00,46.14,46.16,46.125,46.155,12756.0
2017-10-20 15:46:00,46.135,46.15,46.13,46.145,4148.0
2017-10-20 15:47:00,46.12,46.135,46.12,46.13,3777.0
2017-10-20 15:48:00,46.115,46.125,46.11,46.125,6749.0
2017-10-20 15:49:00,46.095,46.115,46.09,46.11,12385.0
2017-10-20 15:50:00,46.11,46.12,46.09,46.09,20338.0
2017-10-20 15:51:00,46.11,46.12,46.11,46.115,5300.0
2017-10-20 15:52:00,46.06,46.12,46.06,46.12,17581.0
2017-10-20 15:53:00,46.09,46.09,46.06,46.065,23353.0
2017-10-20 15:54:00,46.14,46.14,46.085,46.09,11003.0
2017-10-20 15:55:00,46.145,46.15,46.13,46.13,9023.0
2017-10-20 15:56:00,46.17,46.18,46.145,46.15,9277.0
2017-10-20 15:57:00,46.145,46.18,46.13,46.18,19661.0
2017-10-20 15:58:00,46.15,46.18,46.14,46.15,20636.0
2017-10-20 15:59:00,46.15,46.165,46.1,46.15,26143.0
2017-10-20 16:00:00,46.18,46.18,46.14,46.145,25839.0
2017-10-23 09:30:00,46.29,46.35,46.22,46.22,15092.0
2017-10-23 09:31:00,46.4499,46.4499,46.4499,46.4499,100.0
2017-10-23 09:32:00,46.35,46.4499,46.35,46.4499,659.0
2017-10-23 09:33:00,46.25,46.35,46.25,46.35,2500.0
2017-10-23 09:34:00,46.2599,46.2599,46.13,46.24,6318.0
2017-10-23 09:35:00,46.14,46.22,46.12,46.22,1397.0
2017-10-23 09:36:00,46.36,46.3647,46.1766,46.19,4043.0
2017-10-23 09:37:00,46.35,46.375,46.28,46.375,6516.0
2017-10-23 09:38:00,46.37,46.38,46.33,46.36,799.0
2017-10-23 09:39:00,46.39,46.39,46.39,46.39,400.0
2017-10-23 09:40:00,46.3,46.37,46.3,46.37,1800.0
2017-10-23 09:41:00,46.32,46.32,46.27,46.27,2408.0
2017-10-23 09:42:00,46.32,46.3446,46.3,46.3,3406.0
2017-10-23 09:43:00,46.31,46.32,46.31,46.32,500.0
2017-10-23 09:44:00,46.27,46.31,46.27,46.31,600.0
2017-10-23 09:45:00,46.23,46.27,46.23,46.27,1930.0
2017-10-23 09:46:00,46.245,46.26,46.23,46.245,2100.0
2017-10-23 09:47:00,46.29,46.31,46.23,46.245,7650.0
2017-10-23 09:48:00,46.29,46.34,46.29,46.31,700.0
2017-10-23 09:49:00,46.27,46.29,46.25,46.29,1347.0
2017-10-23 09:50:00,46.265,46.265,46.25,46.25,400.0
2017-10-23 09:51:00,46.32,46.32,46.27,46.28,1800.0
2017-10-23 09:52:00,46.3599,46.3599,46.29,46.3,2900.0
2017-10-23 09:53:00,46.36,46.36,46.3399,46.3399,8700.0
2017-10-23 09:54:00,46.35,46.35,46.33,46.35,3000.0
2017-10-23 09:55:00,46.38,46.38,46.34,46.35,6146.0
2017-10-23 09:56:00,46.45,46.45,46.4,46.4,500.0
2017-10-23 09:57:00,46.37,46.41,46.37,46.41,2870.0
2017-10-23 09:58:00,46.375,46.375,46.37,46.37,500.0
2017-10-23 09:59:00,46.38,46.38,46.38,46.38,200.0
2017-10-23 10:00:00,46.4,46.4,46.38,46.39,6686.0
2017-10-23 10:01:00,46.36,46.41,46.36,46.41,10152.0
2017-10-23 10:02:00,46.355,46.355,46.35,46.355,650.0
2017-10-23 10:03:00,46.285,46.35,46.28,46.35,2760.0
2017-10-23 10:04:00,46.265,46.31,46.14,46.29,21949.0
2017-10-23 10:05:00,46.2601,46.2601,46.26,46.26,243.0
2017-10-23 10:06:00,46.2885,46.2885,46.2885,46.2885,4250.0
2017-10-23 10:07:00,46.33,46.33,46.285,46.29,4819.0
2017-10-23 10:08:00,46.34,46.3688,46.34,46.35,3755.0
2017-10-23 10:09:00,46.37,46.375,46.34,46.35,3100.0
2017-10-23 10:10:00,46.355,46.355,46.355,46.355,300.0
2017-10-23 10:11:00,46.4,46.42,46.37,46.37,7745.0
2017-10-23 10:12:00,46.385,46.4,46.38,46.395,5526.0
2017-10-23 10:13:00,46.34,46.375,46.34,46.37,8576.0
2017-10-23 10:14:00,46.32,46.36,46.32,46.35,10606.0
2017-10-23 10:15:00,46.3,46.33,46.295,46.33,11116.0
2017-10-23 10:16:00,46.295,46.3035,46.295,46.3035,2903.0
2017-10-23 10:17:00,46.285,46.29,46.275,46.29,9282.0
2017-10-23 10:18:00,46.28,46.29,46.26,46.29,4753.0
2017-10-23 10:19:00,46.275,46.28,46.27,46.275,2000.0
2017-10-23 10:20:00,46.26,46.271,46.26,46.271,5041.0
2017-10-23 10:21:00,46.246,46.26,46.2401,46.26,1797.0
2017-10-23 10:22:00,46.23,46.246,46.221000000000004,46.246,4045.0
2017-10-23 10:23:00,46.25,46.25,46.235,46.24,1183.0
2017-10-23 10:24:00,46.21,46.25,46.21,46.25,3833.0
2017-10-23 10:27:00,46.2,46.2,46.2,46.2,500.0
2017-10-23 10:28:00,46.2,46.22,46.2,46.2,714.0
2017-10-23 10:29:00,46.21,46.21,46.2,46.2033,2445.0
2017-10-23 10:30:00,46.2,46.21,46.2,46.2,1005.0
2017-10-23 10:31:00,46.21,46.22,46.21,46.21,3239.0
2017-10-23 10:32:00,46.21,46.21,46.18,46.2,10013.0
2017-10-23 10:33:00,46.21,46.22,46.21,46.22,3100.0
2017-10-23 10:34:00,46.23,46.26,46.2,46.21,4526.0
2017-10-23 10:35:00,46.23,46.23,46.23,46.23,300.0
2017-10-23 10:36:00,46.26,46.26,46.24,46.24,2125.0
2017-10-23 10:37:00,46.27,46.27,46.25,46.25,2300.0
2017-10-23 10:38:00,46.295,46.31,46.26,46.27,7880.0
2017-10-23 10:39:00,46.29,46.3,46.27,46.29,2821.0
2017-10-23 10:40:00,46.29,46.2911,46.27,46.2911,5883.0
2017-10-23 10:41:00,46.29,46.29,46.27,46.28,6350.0
2017-10-23 10:42:00,46.25,46.29,46.25,46.29,3149.0
2017-10-23 10:43:00,46.23,46.26,46.22,46.26,4545.0
2017-10-23 10:44:00,46.2049,46.22,46.2,46.22,2149.0
2017-10-23 10:45:00,46.21,46.22,46.1986,46.2,6414.0
2017-10-23 10:46:00,46.22,46.23,46.22,46.22,4940.0
2017-10-23 10:47:00,46.19,46.21,46.19,46.21,2703.0
2017-10-23 10:48:00,46.21,46.22,46.17,46.18,4453.0
2017-10-23 10:49:00,46.19,46.215,46.19,46.21,3035.0
2017-10-23 10:50:00,46.23,46.27,46.185,46.185,4148.0
2017-10-23 10:51:00,46.2,46.23,46.19,46.23,3416.0
2017-10-23 10:52:00,46.2,46.2,46.17,46.2,6185.0
2017-10-23 10:53:00,46.19,46.2,46.19,46.19,3152.0
2017-10-23 10:54:00,46.19,46.21,46.19,46.19,7088.0
2017-10-23 10:56:00,46.19,46.19,46.18,46.19,1400.0
2017-10-23 10:57:00,46.19,46.2,46.19,46.19,1300.0
2017-10-23 10:58:00,46.165,46.19,46.165,46.19,2381.0
2017-10-23 10:59:00,46.18,46.19,46.17,46.17,6578.0
2017-10-23 11:00:00,46.196000000000005,46.21,46.18,46.18,2900.0
2017-10-23 11:01:00,46.195,46.2,46.19,46.2,5000.0
2017-10-23 11:02:00,46.2,46.21,46.19,46.2,3800.0
2017-10-23 11:03:00,46.2,46.2,46.185,46.2,10528.0
2017-10-23 11:04:00,46.2,46.2,46.19,46.19,2790.0
2017-10-23 11:05:00,46.21,46.21,46.2,46.2,2481.0
2017-10-23 11:06:00,46.21,46.21,46.21,46.21,200.0
2017-10-23 11:07:00,46.23,46.24,46.21,46.21,2600.0
2017-10-23 11:08:00,46.23,46.23,46.22,46.22,300.0
2017-10-23 11:09:00,46.23,46.23,46.21,46.22,2250.0
2017-10-23 11:10:00,46.2388,46.24,46.2388,46.24,453.0
2017-10-23 11:11:00,46.23,46.25,46.23,46.25,766.0
2017-10-23 11:12:00,46.23,46.25,46.23,46.25,220.0
2017-10-23 11:13:00,46.23,46.23,46.23,46.23,2353.0
2017-10-23 11:14:00,46.21,46.23,46.21,46.23,1555.0
2017-10-23 11:15:00,46.21,46.21,46.2,46.2,2700.0
2017-10-23 11:16:00,46.21,46.21,46.2,46.21,2107.0
2017-10-23 11:17:00,46.214,46.214,46.214,46.214,260.0
2017-10-23 11:18:00,46.19,46.21,46.19,46.21,1100.0
2017-10-23 11:20:00,46.22,46.22,46.2,46.2,1300.0
2017-10-23 11:21:00,46.215,46.215,46.215,46.215,100.0
2017-10-23 11:22:00,46.22,46.22,46.2,46.21,2900.0
2017-10-23 11:23:00,46.22,46.22,46.2,46.21,8919.0
2017-10-23 11:24:00,46.215,46.22,46.2,46.22,4148.0
2017-10-23 11:25:00,46.22,46.23,46.21,46.21,4254.0
2017-10-23 11:26:00,46.19,46.225,46.19,46.225,5400.0
2017-10-23 11:27:00,46.215,46.215,46.195,46.195,1700.0
2017-10-23 11:29:00,46.2,46.21,46.2,46.21,1810.0
2017-10-23 11:30:00,46.21,46.22,46.2,46.2,1095.0
2017-10-23 11:31:00,46.18,46.2,46.18,46.2,4896.0
2017-10-23 11:32:00,46.19,46.2,46.17,46.18,2865.0
2017-10-23 11:33:00,46.21,46.23,46.21,46.21,3000.0
2017-10-23 11:34:00,46.21,46.215,46.2,46.21,3810.0
2017-10-23 11:35:00,46.2,46.2,46.17,46.2,4387.0
2017-10-23 11:36:00,46.23,46.23,46.191,46.191,1800.0
2017-10-23 11:37:00,46.236999999999995,46.24,46.23,46.23,465.0
2017-10-23 11:38:00,46.205,46.23,46.2,46.225,4585.0
2017-10-23 11:39:00,46.205,46.23,46.18,46.21,27368.0
2017-10-23 11:40:00,46.18,46.22,46.17,46.205,2500.0
2017-10-23 11:41:00,46.19,46.19,46.19,46.19,400.0
2017-10-23 11:42:00,46.19,46.2,46.19,46.19,1600.0
2017-10-23 11:43:00,46.15,46.19,46.15,46.19,6210.0
2017-10-23 11:44:00,46.16,46.16,46.14,46.15,2765.0
2017-10-23 11:45:00,46.09,46.15,46.09,46.15,10524.0
2017-10-23 11:46:00,46.1,46.1153,46.09,46.09,2774.0
2017-10-23 11:47:00,46.11,46.12,46.104,46.104,1750.0
2017-10-23 11:48:00,46.12,46.13,46.115,46.12,3060.0
2017-10-23 11:49:00,46.11,46.14,46.11,46.125,333.0
2017-10-23 11:50:00,46.14,46.15,46.1377,46.14,1367.0
2017-10-23 11:51:00,46.17,46.17,46.15,46.15,8000.0
2017-10-23 11:52:00,46.16,46.16,46.14,46.15,5000.0
2017-10-23 11:53:00,46.155,46.16,46.155,46.16,700.0
2017-10-23 11:54:00,46.16,46.165,46.15,46.155,13600.0
2017-10-23 11:56:00,46.155,46.16,46.15,46.15,2600.0
2017-10-23 11:57:00,46.155,46.16,46.15,46.16,2000.0
2017-10-23 11:58:00,46.2,46.205,46.16,46.16,16992.0
2017-10-23 11:59:00,46.19,46.2,46.185,46.2,10996.0
2017-10-23 12:00:00,46.18,46.2,46.18,46.2,9200.0
2017-10-23 12:01:00,46.19,46.2,46.18,46.19,5300.0
2017-10-23 12:02:00,46.185,46.19,46.185,46.19,1200.0
2017-10-23 12:03:00,46.15,46.18600000000001,46.15,46.18600000000001,3502.0
2017-10-23 12:04:00,46.15,46.159,46.15,46.155,658.0
2017-10-23 12:05:00,46.16,46.16,46.15,46.16,600.0
2017-10-23 12:06:00,46.16,46.16,46.155,46.16,2630.0
2017-10-23 12:07:00,46.15,46.16,46.15,46.16,3828.0
2017-10-23 12:08:00,46.1399,46.1435,46.13,46.1435,3220.0
2017-10-23 12:09:00,46.13,46.13,46.13,46.13,100.0
2017-10-23 12:10:00,46.14,46.15,46.13,46.14,4225.0
2017-10-23 12:11:00,46.14,46.14,46.13,46.14,1400.0
2017-10-23 12:12:00,46.16,46.16,46.15,46.15,1414.0
2017-10-23 12:13:00,46.15,46.16,46.15,46.16,2100.0
2017-10-23 12:14:00,46.155,46.155,46.15,46.15,800.0
2017-10-23 12:15:00,46.15,46.16,46.1441,46.16,4561.0
2017-10-23 12:16:00,46.145,46.15,46.145,46.15,300.0
2017-10-23 12:18:00,46.16,46.16,46.14,46.14,1600.0
2017-10-23 12:19:00,46.15,46.15,46.14,46.15,1741.0
2017-10-23 12:20:00,46.17,46.17,46.15,46.15,2259.0
2017-10-23 12:21:00,46.18,46.18,46.165,46.165,500.0
2017-10-23 12:22:00,46.18,46.18,46.18,46.18,100.0
2017-10-23 12:23:00,46.1814,46.1814,46.18,46.18,1003.0
2017-10-23 12:24:00,46.18,46.18,46.17,46.18,4648.0
2017-10-23 12:25:00,46.17,46.17,46.16,46.16,735.0
2017-10-23 12:26:00,46.16,46.18,46.16,46.17,1710.0
2017-10-23 12:27:00,46.16,46.16,46.16,46.16,1569.0
2017-10-23 12:28:00,46.15,46.15,46.15,46.15,300.0
2017-10-23 12:29:00,46.15,46.17,46.14,46.17,2010.0
2017-10-23 12:30:00,46.13,46.15,46.13,46.15,1134.0
2017-10-23 12:31:00,46.13,46.13,46.13,46.13,100.0
2017-10-23 12:32:00,46.12,46.13,46.11,46.13,1900.0
2017-10-23 12:33:00,46.05,46.11,46.05,46.11,9639.0
2017-10-23 12:34:00,46.04,46.06,46.03,46.05,3727.0
2017-10-23 12:35:00,46.05,46.05,46.04,46.04,300.0
2017-10-23 12:36:00,46.05,46.07,46.05,46.06,1800.0
2017-10-23 12:37:00,46.04,46.06,46.04,46.06,1709.0
2017-10-23 12:38:00,46.06,46.06,46.05,46.05,1400.0
2017-10-23 12:39:00,46.07,46.07,46.06,46.06,1600.0
2017-10-23 12:40:00,46.05,46.07,46.05,46.07,3520.0
2017-10-23 12:41:00,46.03,46.04,46.02,46.04,2128.0
2017-10-23 12:42:00,46.05,46.05,46.03,46.035,3738.0
2017-10-23 12:43:00,46.06,46.07,46.04,46.04,4800.0
2017-10-23 12:44:00,46.08,46.09,46.06,46.06,5200.0
2017-10-23 12:45:00,46.08,46.085,46.075,46.08,21900.0
2017-10-23 12:46:00,46.08,46.085,46.07,46.08,8440.0
2017-10-23 12:48:00,46.07,46.08,46.05,46.08,4577.0
2017-10-23 12:49:00,46.07,46.07,46.065,46.07,1200.0
2017-10-23 12:50:00,46.06,46.065,46.05,46.06,4600.0
2017-10-23 12:51:00,46.07,46.07,46.06,46.06,1700.0
2017-10-23 12:52:00,46.08,46.08,46.065,46.065,3600.0
2017-10-23 12:53:00,46.06,46.08,46.06,46.075,3300.0
2017-10-23 12:54:00,46.07,46.07,46.055,46.06,2199.0
2017-10-23 12:55:00,46.08,46.08,46.055,46.07,6300.0
2017-10-23 12:56:00,46.1,46.1,46.075,46.08,1900.0
2017-10-23 12:57:00,46.11,46.11,46.11,46.11,100.0
2017-10-23 12:58:00,46.11,46.11,46.11,46.11,100.0
2017-10-23 12:59:00,46.1,46.11,46.09,46.11,4407.0
2017-10-23 13:00:00,46.11,46.11,46.1,46.1,1600.0
2017-10-23 13:01:00,46.101000000000006,46.12,46.1,46.11,3236.0
2017-10-23 13:02:00,46.11,46.11,46.11,46.11,300.0
2017-10-23 13:03:00,46.13,46.13,46.12,46.12,500.0
2017-10-23 13:04:00,46.135,46.135,46.125,46.125,1300.0
2017-10-23 13:05:00,46.12,46.13,46.115,46.13,4343.0
2017-10-23 13:06:00,46.11,46.11,46.11,46.11,500.0
2017-10-23 13:08:00,46.1,46.11,46.1,46.11,3537.0
2017-10-23 13:09:00,46.08,46.09,46.07,46.09,1800.0
2017-10-23 13:10:00,46.08,46.08,46.065,46.07,2329.0
2017-10-23 13:11:00,46.06,46.08,46.06,46.08,960.0
2017-10-23 13:12:00,46.09,46.09,46.07,46.07,900.0
2017-10-23 13:13:00,46.0599,46.08,46.05,46.08,1845.0
2017-10-23 13:14:00,46.08,46.08,46.06,46.06,700.0
2017-10-23 13:15:00,46.09,46.09,46.09,46.09,700.0
2017-10-23 13:17:00,46.08,46.08,46.08,46.08,1210.0
2017-10-23 13:18:00,46.09,46.09,46.09,46.09,100.0
2017-10-23 13:20:00,46.08,46.0847,46.08,46.0847,1100.0
2017-10-23 13:21:00,46.1,46.1,46.08,46.08,4030.0
2017-10-23 13:23:00,46.095,46.1,46.09,46.09,1900.0
2017-10-23 13:24:00,46.095,46.095,46.095,46.095,100.0
2017-10-23 13:25:00,46.085,46.1,46.085,46.1,11053.0
2017-10-23 13:26:00,46.09,46.09,46.085,46.085,700.0
2017-10-23 13:27:00,46.1,46.1,46.09,46.09,15291.0
2017-10-23 13:28:00,46.1,46.1,46.08,46.09,4755.0
2017-10-23 13:29:00,46.09,46.09,46.09,46.09,1200.0
2017-10-23 13:30:00,46.09,46.09,46.09,46.09,300.0
2017-10-23 13:31:00,46.09,46.09,46.09,46.09,400.0
2017-10-23 13:32:00,46.065,46.09,46.06,46.09,3500.0
2017-10-23 13:34:00,46.06,46.06,46.06,46.06,100.0
2017-10-23 13:35:00,46.06,46.0711,46.06,46.07,4200.0
2017-10-23 13:36:00,46.07,46.07,46.045,46.06,2200.0
2017-10-23 13:37:00,46.06,46.06,46.06,46.06,1956.0
2017-10-23 13:38:00,46.09,46.09,46.07,46.07,1900.0
2017-10-23 13:39:00,46.08,46.0826,46.08,46.0826,600.0
2017-10-23 13:40:00,46.08,46.08,46.08,46.08,1904.0
2017-10-23 13:41:00,46.085,46.09,46.085,46.09,220.0
2017-10-23 13:42:00,46.08,46.08,46.08,46.08,820.0
2017-10-23 13:43:00,46.07,46.08,46.0511,46.07,3800.0
2017-10-23 13:44:00,46.08,46.09,46.08,46.09,500.0
2017-10-23 13:45:00,46.08,46.08,46.08,46.08,100.0
2017-10-23 13:46:00,46.1,46.1,46.08,46.09,3200.0
2017-10-23 13:47:00,46.09,46.1,46.085,46.1,14325.0
2017-10-23 13:48:00,46.085,46.085,46.085,46.085,100.0
2017-10-23 13:49:00,46.13,46.13,46.09,46.09,6495.0
2017-10-23 13:50:00,46.15,46.15,46.13,46.1399,1514.0
2017-10-23 13:51:00,46.13,46.14,46.13,46.14,2492.0
2017-10-23 13:52:00,46.12,46.13,46.12,46.13,600.0
2017-10-23 13:53:00,46.115,46.115,46.115,46.115,100.0
2017-10-23 13:54:00,46.11,46.115,46.09,46.115,5801.0
2017-10-23 13:55:00,46.1,46.105,46.1,46.1,499.0
2017-10-23 13:56:00,46.12,46.12,46.11,46.11,2000.0
2017-10-23 13:57:00,46.12,46.12,46.11,46.12,2798.0
2017-10-23 13:58:00,46.12,46.13,46.12,46.12,1770.0
2017-10-23 13:59:00,46.11,46.12,46.11,46.12,2453.0
2017-10-23 14:00:00,46.1032,46.11,46.1,46.11,1646.0
2017-10-23 14:01:00,46.09,46.1,46.09,46.1,700.0
2017-10-23 14:02:00,46.095,46.095,46.095,46.095,600.0
2017-10-23 14:03:00,46.0906,46.095,46.0906,46.095,400.0
2017-10-23 14:04:00,46.13,46.13,46.1,46.1,3865.0
2017-10-23 14:05:00,46.13,46.14,46.125,46.13,4374.0
2017-10-23 14:06:00,46.1,46.12,46.09,46.12,7249.0
2017-10-23 14:07:00,46.11,46.11,46.09,46.1,1945.0
2017-10-23 14:08:00,46.1053,46.1053,46.09,46.1,9809.0
2017-10-23 14:09:00,46.09,46.105,46.09,46.1,1942.0
2017-10-23 14:10:00,46.08,46.08,46.07,46.08,2329.0
2017-10-23 14:11:00,46.08,46.09,46.07,46.078,3068.0
2017-10-23 14:12:00,46.06,46.07,46.06,46.07,1049.0
2017-10-23 14:13:00,46.02,46.05,46.02,46.05,700.0
2017-10-23 14:14:00,46.03,46.04,46.03,46.04,1200.0
2017-10-23 14:15:00,46.06,46.06,46.03,46.04,2108.0
2017-10-23 14:16:00,46.065,46.065,46.05,46.0562,2920.0
2017-10-23 14:17:00,46.06,46.06,46.06,46.06,298.0
2017-10-23 14:18:00,46.09,46.09,46.06,46.06,3300.0
2017-10-23 14:19:00,46.08,46.08,46.08,46.08,4410.0
2017-10-23 14:20:00,46.09,46.1,46.08,46.09,5205.0
2017-10-23 14:21:00,46.08,46.08,46.07,46.08,2600.0
2017-10-23 14:22:00,46.06,46.09,46.05,46.09,2010.0
2017-10-23 14:23:00,46.055,46.06,46.05,46.06,440.0
2017-10-23 14:24:00,46.05,46.05,46.04,46.05,4236.0
2017-10-23 14:26:00,46.065,46.07,46.05,46.05,2276.0
2017-10-23 14:27:00,46.06,46.06,46.045,46.06,3253.0
2017-10-23 14:28:00,46.06,46.07,46.06,46.06,432.0
2017-10-23 14:29:00,46.07,46.07,46.06,46.06,2279.0
2017-10-23 14:30:00,46.0641,46.07,46.06399999999999,46.06399999999999,1577.0
2017-10-23 14:31:00,46.06,46.06,46.05,46.06,3216.0
2017-10-23 14:32:00,46.05,46.06,46.045,46.06,3973.0
2017-10-23 14:33:00,46.07,46.07,46.04,46.05,2600.0
2017-10-23 14:34:00,46.035,46.06,46.03,46.06,2710.0
2017-10-23 14:35:00,46.03,46.04,46.03,46.04,400.0
2017-10-23 14:36:00,46.005,46.035,45.99,46.03,7326.0
2017-10-23 14:37:00,46.01,46.01,45.99,45.99100000000001,1700.0
2017-10-23 14:39:00,46.005,46.025,46.0,46.025,2501.0
2017-10-23 14:40:00,46.005,46.02,46.0,46.0,2459.0
2017-10-23 14:41:00,46.01,46.01,45.99,46.01,1999.0
2017-10-23 14:42:00,46.01,46.01,46.01,46.01,100.0
2017-10-23 14:43:00,46.02,46.02,46.01,46.01,1900.0
2017-10-23 14:44:00,46.015,46.02,46.005,46.02,4900.0
2017-10-23 14:45:00,46.02,46.02,46.015,46.015,200.0
2017-10-23 14:46:00,46.05,46.06,46.02,46.02,7128.0
2017-10-23 14:47:00,46.05,46.05,46.045,46.05,600.0
2017-10-23 14:48:00,46.035,46.049,46.035,46.045,3480.0
2017-10-23 14:49:00,46.1,46.1,46.03,46.035,6326.0
2017-10-23 14:50:00,46.1,46.11,46.1,46.11,200.0
2017-10-23 14:51:00,46.1,46.1023,46.08,46.1023,2877.0
2017-10-23 14:52:00,46.1,46.11,46.1,46.11,500.0
2017-10-23 14:53:00,46.12,46.12,46.095,46.1,2689.0
2017-10-23 14:54:00,46.095,46.12,46.095,46.12,11382.0
2017-10-23 14:55:00,46.095,46.1,46.0909,46.1,4938.0
2017-10-23 14:56:00,46.105,46.11,46.0901,46.095,3052.0
2017-10-23 14:57:00,46.1,46.1,46.1,46.1,662.0
2017-10-23 14:58:00,46.1,46.11,46.09,46.1,19362.0
2017-10-23 14:59:00,46.07,46.1,46.055,46.1,12877.0
2017-10-23 15:00:00,46.1,46.1,46.06,46.06,3600.0
2017-10-23 15:01:00,46.08,46.0941,46.07,46.0941,3355.0
2017-10-23 15:02:00,46.08,46.1,46.08,46.09,4945.0
2017-10-23 15:03:00,46.07,46.08,46.06,46.08,2717.0
2017-10-23 15:04:00,46.07,46.08,46.07,46.075,3767.0
2017-10-23 15:05:00,46.06,46.08,46.05,46.08,5086.0
2017-10-23 15:06:00,46.08,46.08,46.07,46.07,1000.0
2017-10-23 15:07:00,46.08,46.08,46.08,46.08,1810.0
2017-10-23 15:08:00,46.07,46.07,46.055,46.07,6319.0
2017-10-23 15:09:00,46.08,46.08,46.07,46.08,2900.0
2017-10-23 15:10:00,46.11,46.13,46.08,46.08,5695.0
2017-10-23 15:11:00,46.11,46.1164,46.11,46.11,1562.0
2017-10-23 15:12:00,46.105,46.105,46.105,46.105,650.0
2017-10-23 15:13:00,46.1,46.105,46.1,46.105,200.0
2017-10-23 15:14:00,46.095,46.105,46.095,46.1,2347.0
2017-10-23 15:15:00,46.115,46.115,46.095,46.095,3750.0
2017-10-23 15:16:00,46.11,46.12,46.11,46.12,3381.0
2017-10-23 15:17:00,46.17,46.19,46.11,46.11,9984.0
2017-10-23 15:18:00,46.16,46.17,46.15,46.17,3269.0
2017-10-23 15:20:00,46.17,46.17,46.155,46.16,3560.0
2017-10-23 15:21:00,46.16,46.17,46.16,46.17,933.0
2017-10-23 15:22:00,46.16,46.17,46.16,46.165,1615.0
2017-10-23 15:23:00,46.16,46.17,46.16,46.165,1600.0
2017-10-23 15:24:00,46.15,46.165,46.145,46.165,7719.0
2017-10-23 15:25:00,46.1525,46.155,46.15,46.155,2068.0
2017-10-23 15:26:00,46.175,46.18,46.155,46.16,5288.0
2017-10-23 15:27:00,46.175,46.18,46.175,46.175,1300.0
2017-10-23 15:28:00,46.169,46.175,46.1628,46.175,9570.0
2017-10-23 15:29:00,46.165,46.165,46.16,46.16,800.0
2017-10-23 15:30:00,46.165,46.17,46.16,46.165,2600.0
2017-10-23 15:31:00,46.18,46.18,46.165,46.1658,4394.0
2017-10-23 15:32:00,46.155,46.18,46.15,46.18,10146.0
2017-10-23 15:33:00,46.165,46.18,46.155,46.155,6669.0
2017-10-23 15:34:00,46.15,46.16,46.135,46.16,9006.0
2017-10-23 15:35:00,46.15,46.15,46.141000000000005,46.145,6327.0
2017-10-23 15:36:00,46.15,46.15,46.14,46.14,3600.0
2017-10-23 15:37:00,46.14,46.15,46.13,46.145,3427.0
2017-10-23 15:38:00,46.14,46.14,46.12,46.135,9443.0
2017-10-23 15:39:00,46.15,46.16,46.14,46.14,2556.0
2017-10-23 15:40:00,46.145,46.16,46.1412,46.155,4920.0
2017-10-23 15:41:00,46.15,46.155,46.145,46.145,2417.0
2017-10-23 15:42:00,46.155,46.17,46.15,46.16,5717.0
2017-10-23 15:43:00,46.16,46.16,46.15,46.155,2004.0
2017-10-23 15:44:00,46.155,46.16,46.15,46.155,2700.0
2017-10-23 15:45:00,46.165,46.17,46.155,46.16,11432.0
2017-10-23 15:46:00,46.18,46.18,46.165,46.17,8113.0
2017-10-23 15:47:00,46.175,46.18,46.17,46.18,3000.0
2017-10-23 15:48:00,46.17,46.18,46.17,46.17,3075.0
2017-10-23 15:49:00,46.135,46.175,46.135,46.175,11797.0
2017-10-23 15:50:00,46.15,46.16,46.14,46.14,9159.0
2017-10-23 15:51:00,46.155,46.16,46.145,46.145,1736.0
2017-10-23 15:52:00,46.165,46.165,46.145,46.15,12374.0
2017-10-23 15:53:00,46.16,46.17,46.16,46.16,4045.0
2017-10-23 15:54:00,46.19,46.19,46.16,46.165,9648.0
2017-10-23 15:55:00,46.195,46.2,46.18,46.1875,6209.0
2017-10-23 15:56:00,46.185,46.2,46.18,46.195,16096.0
2017-10-23 15:57:00,46.185,46.19,46.18,46.185,8024.0
2017-10-23 15:58:00,46.2,46.205,46.18,46.185,16235.0
2017-10-23 15:59:00,46.19,46.21,46.19,46.21,6206.0
2017-10-23 16:00:00,46.2,46.21,46.18899999999999,46.19,32648.0
2017-10-24 09:30:00,46.2,46.2,46.2,46.2,14529.0
2017-10-24 09:31:00,46.14,46.14,46.07,46.07,1456.0
2017-10-24 09:32:00,46.16,46.26,46.16,46.18,2566.0
2017-10-24 09:33:00,46.15,46.1843,46.148,46.18,1356.0
2017-10-24 09:34:00,46.18,46.19,46.12,46.14,1698.0
2017-10-24 09:35:00,46.16,46.2084,46.16,46.19,800.0
2017-10-24 09:36:00,46.23,46.23,46.15,46.15,1100.0
2017-10-24 09:37:00,46.13,46.24,46.13,46.19,10705.0
2017-10-24 09:38:00,46.22,46.22,46.16,46.16,790.0
2017-10-24 09:39:00,46.2786,46.2786,46.23,46.23,940.0
2017-10-24 09:40:00,46.29,46.31,46.29,46.29,2200.0
2017-10-24 09:41:00,46.27,46.33,46.27,46.28,2416.0
2017-10-24 09:42:00,46.31,46.31,46.24,46.295,4916.0
2017-10-24 09:43:00,46.29,46.33,46.29,46.33,890.0
2017-10-24 09:44:00,46.33,46.33,46.28,46.28,1500.0
2017-10-24 09:45:00,46.36,46.37,46.34,46.35,1691.0
2017-10-24 09:46:00,46.35,46.37,46.34,46.35,6213.0
2017-10-24 09:47:00,46.37,46.37,46.37,46.37,100.0
2017-10-24 09:48:00,46.3,46.37,46.28,46.37,2100.0
2017-10-24 09:49:00,46.35,46.38,46.31,46.31,2460.0
2017-10-24 09:50:00,46.3176,46.35,46.3176,46.34,3400.0
2017-10-24 09:51:00,46.3,46.32,46.3,46.32,4868.0
2017-10-24 09:52:00,46.29,46.31,46.25,46.31,3880.0
2017-10-24 09:53:00,46.23,46.27,46.23,46.27,1100.0
2017-10-24 09:54:00,46.2,46.22,46.2,46.22,500.0
2017-10-24 09:55:00,46.175,46.19,46.17,46.19,1500.0
2017-10-24 09:56:00,46.24,46.25,46.19,46.19,5800.0
2017-10-24 09:57:00,46.24,46.26,46.215,46.22,3940.0
2017-10-24 09:58:00,46.25,46.26,46.24,46.26,1100.0
2017-10-24 09:59:00,46.24,46.29,46.24,46.2401,8870.0
2017-10-24 10:00:00,46.2,46.23,46.2,46.22,5123.0
2017-10-24 10:01:00,46.13,46.21,46.13,46.21,2989.0
2017-10-24 10:02:00,46.18,46.2,46.13,46.13,4577.0
2017-10-24 10:03:00,46.17,46.18,46.17,46.18,889.0
2017-10-24 10:04:00,46.14,46.16,46.12,46.16,2371.0
2017-10-24 10:05:00,46.15,46.16,46.13,46.15,1800.0
2017-10-24 10:06:00,46.13,46.15,46.13,46.15,700.0
2017-10-24 10:07:00,46.13,46.15,46.13,46.15,2700.0
2017-10-24 10:08:00,46.13,46.13,46.13,46.13,2767.0
2017-10-24 10:09:00,46.13,46.14,46.13,46.14,900.0
2017-10-24 10:10:00,46.15,46.17,46.14,46.14,3100.0
2017-10-24 10:11:00,46.18,46.18,46.17,46.17,800.0
2017-10-24 10:12:00,46.13,46.19,46.13,46.19,2100.0
2017-10-24 10:13:00,46.13,46.14,46.12,46.13,8163.0
2017-10-24 10:14:00,46.09,46.13,46.08,46.12,8700.0
2017-10-24 10:15:00,46.15,46.16,46.06,46.07,10400.0
2017-10-24 10:16:00,46.09,46.1462,46.07,46.14,5800.0
2017-10-24 10:17:00,46.13,46.16,46.05,46.1,16264.0
2017-10-24 10:18:00,46.11,46.13,46.07,46.12,7086.0
2017-10-24 10:19:00,46.11,46.11,46.11,46.11,600.0
2017-10-24 10:20:00,46.12,46.13,46.11,46.12,1000.0
2017-10-24 10:21:00,46.1678,46.17,46.12,46.12,2491.0
2017-10-24 10:22:00,46.14,46.1712,46.14,46.16,3300.0
2017-10-24 10:23:00,46.12,46.15,46.12,46.14,2000.0
2017-10-24 10:24:00,46.12,46.15,46.12,46.15,2855.0
2017-10-24 10:25:00,46.12,46.15,46.1,46.1,5802.0
2017-10-24 10:26:00,46.12,46.12,46.12,46.12,500.0
2017-10-24 10:27:00,46.12,46.13,46.11,46.11,3718.0
2017-10-24 10:28:00,46.12,46.13,46.11,46.12,1108.0
2017-10-24 10:29:00,46.1299,46.1299,46.12,46.12,202.0
2017-10-24 10:30:00,46.14,46.15,46.12,46.12,2000.0
2017-10-24 10:31:00,46.14,46.14,46.13,46.14,800.0
2017-10-24 10:32:00,46.14,46.15,46.12,46.15,2313.0
2017-10-24 10:33:00,46.1366,46.16,46.135,46.15,4900.0
2017-10-24 10:35:00,46.16,46.16,46.135,46.14,1000.0
2017-10-24 10:36:00,46.14,46.16,46.14,46.16,1134.0
2017-10-24 10:37:00,46.15,46.15,46.14,46.1402,370.0
2017-10-24 10:38:00,46.16,46.16,46.14,46.14,1400.0
2017-10-24 10:39:00,46.16,46.17,46.15,46.17,1200.0
2017-10-24 10:40:00,46.17,46.17,46.16,46.16,1800.0
2017-10-24 10:41:00,46.11,46.17,46.1,46.17,3730.0
2017-10-24 10:42:00,46.09,46.09,46.08,46.09,1500.0
2017-10-24 10:43:00,46.06,46.071000000000005,46.06,46.07,1300.0
2017-10-24 10:44:00,46.07,46.07,46.06,46.06,799.0
2017-10-24 10:45:00,46.06,46.07,46.06,46.07,472.0
2017-10-24 10:46:00,46.07,46.08,46.06,46.07,1800.0
2017-10-24 10:47:00,46.07,46.095,46.07,46.08,3519.0
2017-10-24 10:48:00,46.11,46.11,46.07,46.07,4385.0
2017-10-24 10:49:00,46.1,46.115,46.1,46.115,700.0
2017-10-24 10:50:00,46.09,46.09,46.08,46.09,1400.0
2017-10-24 10:51:00,46.07,46.07,46.07,46.07,100.0
2017-10-24 10:52:00,46.1,46.1,46.07,46.07,2850.0
2017-10-24 10:53:00,46.05,46.1,46.05,46.1,2884.0
2017-10-24 10:54:00,46.025,46.04,46.02,46.04,4000.0
2017-10-24 10:55:00,46.01,46.03,46.0,46.03,4419.0
2017-10-24 10:56:00,46.03,46.03,46.0,46.0001,3950.0
2017-10-24 10:57:00,46.03,46.03,46.02,46.02,30300.0
2017-10-24 10:58:00,46.08,46.09,46.03,46.03,7838.0
2017-10-24 10:59:00,46.09,46.09,46.08,46.08,1400.0
2017-10-24 11:00:00,46.11,46.11,46.11,46.11,100.0
2017-10-24 11:01:00,46.1,46.12,46.1,46.12,600.0
2017-10-24 11:02:00,46.09,46.11,46.09,46.1084,3140.0
2017-10-24 11:03:00,46.1,46.13,46.09,46.1,4430.0
2017-10-24 11:04:00,46.13,46.13,46.11,46.11,1000.0
2017-10-24 11:05:00,46.1201,46.13,46.1201,46.13,2570.0
2017-10-24 11:06:00,46.12,46.14,46.12,46.125,2265.0
2017-10-24 11:07:00,46.1,46.12,46.1,46.12,2300.0
2017-10-24 11:08:00,46.02,46.09,46.01,46.09,5596.0
2017-10-24 11:09:00,46.03,46.03,46.02,46.02,1974.0
2017-10-24 11:10:00,45.99,46.03,45.985,46.03,3400.0
2017-10-24 11:11:00,46.0,46.0,45.985,45.99,2800.0
2017-10-24 11:12:00,46.01,46.03,46.01,46.01,3667.0
2017-10-24 11:13:00,46.015,46.02,46.005,46.01,808.0
2017-10-24 11:14:00,46.01,46.02,46.01,46.01,2213.0
2017-10-24 11:15:00,46.0,46.02,46.0,46.02,817.0
2017-10-24 11:16:00,45.99,45.99,45.98,45.99,1993.0
2017-10-24 11:17:00,45.99,46.0,45.98,46.0,800.0
2017-10-24 11:18:00,45.99,46.0,45.98,46.0,600.0
2017-10-24 11:19:00,45.95,45.98,45.95,45.98,1606.0
2017-10-24 11:20:00,45.98,45.98,45.96,45.96,3061.0
2017-10-24 11:21:00,45.97,45.97,45.965,45.965,698.0
2017-10-24 11:22:00,45.97,45.9825,45.97,45.98,1278.0
2017-10-24 11:23:00,45.97,45.98,45.97,45.97,2030.0
2017-10-24 11:24:00,45.95,45.97,45.95,45.97,1300.0
2017-10-24 11:25:00,45.96,45.96,45.96,45.96,500.0
2017-10-24 11:26:00,45.96,45.96,45.955,45.96,1811.0
2017-10-24 11:27:00,45.955,45.96,45.95,45.95,1302.0
2017-10-24 11:28:00,45.96,45.96,45.94,45.95,1702.0
2017-10-24 11:29:00,45.96,45.96,45.96,45.96,900.0
2017-10-24 11:30:00,45.96,45.99,45.96,45.97,9040.0
2017-10-24 11:31:00,45.95,46.01,45.9489,45.96,9188.0
2017-10-24 11:32:00,45.94,45.97,45.94,45.96,1971.0
2017-10-24 11:33:00,45.93,45.9461,45.91,45.9461,7725.0
2017-10-24 11:34:00,45.93,45.94,45.92,45.93,12152.0
2017-10-24 11:35:00,45.91,45.93,45.91,45.93,4000.0
2017-10-24 11:36:00,45.93,45.93,45.91,45.91,11727.0
2017-10-24 11:37:00,45.93,45.93,45.9,45.92,3162.0
2017-10-24 11:38:00,45.93,45.93,45.92,45.92,1400.0
2017-10-24 11:39:00,45.91,45.93,45.91,45.92,3100.0
2017-10-24 11:41:00,45.91,45.91,45.9,45.91,2300.0
2017-10-24 11:42:00,45.91,45.91,45.9,45.9,1300.0
2017-10-24 11:43:00,45.89,45.9,45.89,45.9,2320.0
2017-10-24 11:44:00,45.89,45.89,45.89,45.89,100.0
2017-10-24 11:45:00,45.88,45.88,45.875,45.88,3712.0
2017-10-24 11:46:00,45.8701,45.88,45.8701,45.88,1340.0
2017-10-24 11:47:00,45.88,45.88,45.86,45.87,3027.0
2017-10-24 11:48:00,45.88,45.89,45.88,45.89,300.0
2017-10-24 11:49:00,45.87,45.88,45.87,45.88,799.0
2017-10-24 11:50:00,45.88,45.88,45.87,45.87,1125.0
2017-10-24 11:51:00,45.885,45.89,45.88,45.88,3094.0
2017-10-24 11:52:00,45.87,45.88,45.87,45.88,2316.0
2017-10-24 11:53:00,45.885,45.885,45.88,45.88,700.0
2017-10-24 11:54:00,45.89,45.89,45.885,45.89,470.0
2017-10-24 11:55:00,45.89,45.89,45.89,45.89,600.0
2017-10-24 11:56:00,45.91,45.91,45.9,45.9,500.0
2017-10-24 11:57:00,45.92,45.928999999999995,45.905,45.91,4484.0
2017-10-24 11:58:00,45.92,45.93,45.912,45.93,4200.0
2017-10-24 11:59:00,45.92,45.92,45.92,45.92,700.0
2017-10-24 12:00:00,45.91,45.91,45.91,45.91,1080.0
2017-10-24 12:01:00,45.9,45.9,45.9,45.9,1491.0
2017-10-24 12:02:00,45.9,45.905,45.9,45.9,2650.0
2017-10-24 12:03:00,45.9,45.905,45.9,45.905,4194.0
2017-10-24 12:04:00,45.89,45.9,45.89,45.89,400.0
2017-10-24 12:05:00,45.8793,45.9,45.8793,45.9,3671.0
2017-10-24 12:06:00,45.88,45.88,45.87,45.87,2836.0
2017-10-24 12:07:00,45.88,45.88,45.8744,45.8744,1133.0
2017-10-24 12:08:00,45.88,45.88,45.87,45.875,2200.0
2017-10-24 12:09:00,45.88,45.895,45.88,45.895,200.0
2017-10-24 12:10:00,45.9,45.9,45.895,45.895,450.0
2017-10-24 12:11:00,45.895,45.895,45.895,45.895,100.0
2017-10-24 12:12:00,45.9,45.9,45.9,45.9,600.0
2017-10-24 12:13:00,45.9,45.91,45.89,45.91,9135.0
2017-10-24 12:14:00,45.89,45.9,45.89,45.9,2800.0
2017-10-24 12:15:00,45.8821,45.89,45.88,45.89,1666.0
2017-10-24 12:16:00,45.88,45.89,45.8775,45.89,3300.0
2017-10-24 12:17:00,45.87,45.88,45.86,45.875,25100.0
2017-10-24 12:18:00,45.86,45.89,45.85,45.88,10160.0
2017-10-24 12:19:00,45.85,45.85,45.85,45.85,800.0
2017-10-24 12:22:00,45.87,45.87,45.8597,45.8597,425.0
2017-10-24 12:23:00,45.9,45.9,45.865,45.87,5157.0
2017-10-24 12:24:00,45.915,45.92,45.91,45.91,1940.0
2017-10-24 12:25:00,45.9032,45.91,45.9,45.91,2700.0
2017-10-24 12:26:00,45.91,45.91,45.9,45.9,1100.0
2017-10-24 12:27:00,45.91,45.91,45.9,45.9,300.0
2017-10-24 12:28:00,45.9,45.9,45.9,45.9,100.0
2017-10-24 12:29:00,45.9,45.9,45.9,45.9,1442.0
2017-10-24 12:30:00,45.92,45.92,45.91,45.91,1030.0
2017-10-24 12:31:00,45.92,45.9306,45.92,45.9306,475.0
2017-10-24 12:32:00,45.92,45.92,45.92,45.92,600.0
2017-10-24 12:33:00,45.93,45.93,45.92,45.92,500.0
2017-10-24 12:34:00,45.93,45.94,45.93,45.94,1059.0
2017-10-24 12:35:00,45.93,45.93,45.92,45.92,1000.0
2017-10-24 12:36:00,45.92,45.92,45.92,45.92,200.0
2017-10-24 12:37:00,45.975,45.98,45.93,45.9325,3475.0
2017-10-24 12:38:00,45.97,45.98,45.97,45.97,2215.0
2017-10-24 12:39:00,45.95,45.97,45.95,45.97,1200.0
2017-10-24 12:40:00,45.9538,45.9538,45.95,45.95,250.0
2017-10-24 12:41:00,45.95,45.96,45.9485,45.95,505.0
2017-10-24 12:42:00,45.97,45.97,45.9463,45.9463,2023.0
2017-10-24 12:43:00,45.96,45.97,45.96,45.97,200.0
2017-10-24 12:44:00,45.97,45.98,45.97,45.98,400.0
2017-10-24 12:45:00,45.96,45.98,45.96,45.97,4928.0
2017-10-24 12:46:00,45.93,45.98,45.93,45.96,9794.0
2017-10-24 12:47:00,45.95,45.95,45.915,45.92,462.0
2017-10-24 12:48:00,45.97,45.97,45.94,45.94,1427.0
2017-10-24 12:49:00,45.98,45.98,45.97,45.97,700.0
2017-10-24 12:50:00,45.98,45.98,45.98,45.98,776.0
2017-10-24 12:51:00,45.99,46.0,45.98,45.98,1944.0
2017-10-24 12:52:00,45.98,45.99,45.98,45.99,812.0
2017-10-24 12:53:00,45.99,45.99,45.98,45.989,1565.0
2017-10-24 12:54:00,46.0,46.0,45.99,45.99,700.0
2017-10-24 12:55:00,46.005,46.005,45.99,46.0,2100.0
2017-10-24 12:56:00,46.01,46.01,46.0,46.0,200.0
2017-10-24 12:57:00,46.0,46.005,46.0,46.005,1300.0
2017-10-24 12:59:00,45.99,46.0,45.99,46.0,501.0
2017-10-24 13:00:00,45.996,46.0,45.996,46.0,2264.0
2017-10-24 13:01:00,46.0,46.0,45.995,46.0,3488.0
2017-10-24 13:02:00,45.99,45.99,45.98,45.99,966.0
2017-10-24 13:03:00,45.98,45.98,45.98,45.98,500.0
2017-10-24 13:04:00,45.97,45.98,45.97,45.97,2021.0
2017-10-24 13:05:00,45.975,45.98,45.965,45.97,1250.0
2017-10-24 13:06:00,45.98,45.98,45.97,45.97,600.0
2017-10-24 13:07:00,45.9973,46.0,45.9973,46.0,360.0
2017-10-24 13:09:00,45.985,46.0,45.985,46.0,1648.0
2017-10-24 13:10:00,45.98,46.0,45.98,46.0,500.0
2017-10-24 13:11:00,45.97,45.97,45.97,45.97,100.0
2017-10-24 13:12:00,45.97,45.98,45.97,45.97,800.0
2017-10-24 13:13:00,45.97,45.97,45.96,45.96,800.0
2017-10-24 13:14:00,45.97,45.97,45.96,45.96,200.0
2017-10-24 13:15:00,45.98,45.98,45.97,45.97,2218.0
2017-10-24 13:16:00,45.9662,45.97,45.96,45.97,1626.0
2017-10-24 13:17:00,45.95,45.96,45.95,45.96,1000.0
2017-10-24 13:18:00,45.96,45.965,45.96,45.96,2000.0
2017-10-24 13:19:00,45.96,45.96,45.95,45.95,500.0
2017-10-24 13:20:00,45.953,45.953,45.953,45.953,100.0
2017-10-24 13:21:00,45.95,45.97,45.94,45.955,14382.0
2017-10-24 13:22:00,45.96,45.97,45.96,45.96,1800.0
2017-10-24 13:23:00,45.96,45.96,45.96,45.96,300.0
2017-10-24 13:24:00,45.97,45.97,45.96,45.97,1800.0
2017-10-24 13:25:00,45.96,45.97,45.9509,45.97,6400.0
2017-10-24 13:26:00,45.955,45.96,45.95,45.95,3300.0
2017-10-24 13:27:00,45.965,45.968999999999994,45.96,45.96,5600.0
2017-10-24 13:28:00,45.96,45.9625,45.95,45.96,6100.0
2017-10-24 13:29:00,45.935,45.95,45.93,45.95,2192.0
2017-10-24 13:30:00,45.955,45.955,45.93,45.93,1900.0
2017-10-24 13:31:00,45.95,45.95,45.95,45.95,100.0
2017-10-24 13:32:00,45.95,45.96,45.95,45.96,832.0
2017-10-24 13:33:00,45.91,45.95,45.91,45.95,2300.0
2017-10-24 13:34:00,45.895,45.9,45.895,45.9,1942.0
2017-10-24 13:35:00,45.9,45.9,45.9,45.9,200.0
2017-10-24 13:36:00,45.92,45.92,45.91,45.91,1700.0
2017-10-24 13:37:00,45.94,45.94,45.92,45.92,2665.0
2017-10-24 13:38:00,45.94,45.945,45.935,45.94,600.0
2017-10-24 13:39:00,45.95,45.95,45.95,45.95,100.0
2017-10-24 13:41:00,45.94,45.95,45.94,45.95,1100.0
2017-10-24 13:42:00,45.94,45.95,45.94,45.945,786.0
2017-10-24 13:43:00,45.95,45.95,45.945,45.95,3200.0
2017-10-24 13:44:00,45.96,45.96,45.943000000000005,45.95,4035.0
2017-10-24 13:45:00,45.955,45.96,45.955,45.96,1304.0
2017-10-24 13:46:00,45.94,45.95,45.94,45.95,1651.0
2017-10-24 13:47:00,45.96,45.96,45.94,45.94,2400.0
2017-10-24 13:49:00,45.94,45.95,45.94,45.95,1010.0
2017-10-24 13:50:00,45.93,45.935,45.93,45.935,200.0
2017-10-24 13:51:00,45.9,45.92,45.9,45.92,3700.0
2017-10-24 13:52:00,45.9,45.91,45.9,45.905,4200.0
2017-10-24 13:53:00,45.89,45.901,45.86,45.9,4962.0
2017-10-24 13:54:00,45.91,45.91,45.91,45.91,300.0
2017-10-24 13:56:00,45.915,45.92,45.905,45.9106,1837.0
2017-10-24 13:57:00,45.95,45.95,45.93,45.93,3995.0
2017-10-24 13:58:00,45.955,45.96,45.94,45.94,3100.0
2017-10-24 13:59:00,45.94,45.95,45.94,45.95,1415.0
2017-10-24 14:00:00,45.95,45.95,45.93,45.93,1100.0
2017-10-24 14:01:00,45.945,45.945,45.945,45.945,100.0
2017-10-24 14:02:00,45.92,45.94,45.92,45.94,1767.0
2017-10-24 14:03:00,45.91,45.92,45.9,45.92,1568.0
2017-10-24 14:04:00,45.91,45.91,45.89,45.89,2509.0
2017-10-24 14:05:00,45.9,45.91,45.9,45.91,917.0
2017-10-24 14:06:00,45.9,45.905,45.9,45.905,1650.0
2017-10-24 14:07:00,45.8952,45.92,45.8952,45.9075,4333.0
2017-10-24 14:08:00,45.91,45.91,45.8983,45.8983,965.0
2017-10-24 14:09:00,45.89,45.91,45.88,45.91,5088.0
2017-10-24 14:10:00,45.9,45.9,45.89,45.9,3700.0
2017-10-24 14:11:00,45.9,45.9,45.9,45.9,2650.0
2017-10-24 14:12:00,45.9,45.9,45.89,45.89,800.0
2017-10-24 14:13:00,45.89,45.9,45.89,45.9,1125.0
2017-10-24 14:14:00,45.9,45.9,45.89,45.89,1756.0
2017-10-24 14:15:00,45.9,45.9,45.9,45.9,1500.0
2017-10-24 14:16:00,45.89,45.9,45.89,45.9,2100.0
2017-10-24 14:17:00,45.88,45.9,45.88,45.9,6057.0
2017-10-24 14:18:00,45.87,45.88,45.87,45.88,500.0
2017-10-24 14:19:00,45.88,45.88,45.87,45.87,3072.0
2017-10-24 14:20:00,45.88,45.88,45.88,45.88,100.0
2017-10-24 14:21:00,45.89,45.89,45.88,45.88,200.0
2017-10-24 14:22:00,45.89,45.9,45.885,45.885,9844.0
2017-10-24 14:23:00,45.9,45.9,45.8901,45.895,770.0
2017-10-24 14:24:00,45.89,45.9,45.89,45.9,8686.0
2017-10-24 14:25:00,45.9,45.9,45.89,45.9,6137.0
2017-10-24 14:26:00,45.9,45.9,45.895,45.895,600.0
2017-10-24 14:27:00,45.895,45.9,45.895,45.895,5387.0
2017-10-24 14:28:00,45.875,45.9,45.875,45.895,4510.0
2017-10-24 14:29:00,45.87,45.88,45.86,45.87,2963.0
2017-10-24 14:30:00,45.861000000000004,45.87,45.86,45.87,6839.0
2017-10-24 14:31:00,45.89,45.89,45.865,45.87,3000.0
2017-10-24 14:32:00,45.89,45.89,45.89,45.89,200.0
2017-10-24 14:34:00,45.885,45.89,45.885,45.89,680.0
2017-10-24 14:35:00,45.87,45.89,45.87,45.89,3807.0
2017-10-24 14:36:00,45.865,45.87,45.86,45.86,1300.0
2017-10-24 14:37:00,45.8735,45.8735,45.87,45.87,254.0
2017-10-24 14:38:00,45.88,45.88,45.875,45.875,200.0
2017-10-24 14:39:00,45.875,45.875,45.875,45.875,500.0
2017-10-24 14:40:00,45.865,45.87,45.86,45.87,2882.0
2017-10-24 14:41:00,45.85,45.865,45.85,45.865,1590.0
2017-10-24 14:42:00,45.8429,45.86,45.84,45.855,9933.0
2017-10-24 14:43:00,45.845,45.845,45.845,45.845,100.0
2017-10-24 14:44:00,45.845,45.845,45.845,45.845,100.0
2017-10-24 14:45:00,45.845,45.85,45.84,45.85,1939.0
2017-10-24 14:46:00,45.845,45.85,45.845,45.85,500.0
2017-10-24 14:47:00,45.8401,45.85,45.84,45.85,1984.0
2017-10-24 14:48:00,45.86,45.86,45.835,45.84,7835.0
2017-10-24 14:49:00,45.86,45.87,45.86,45.86,1658.0
2017-10-24 14:50:00,45.85,45.855,45.85,45.855,500.0
2017-10-24 14:51:00,45.86,45.86,45.845,45.85,1100.0
2017-10-24 14:52:00,45.84,45.85,45.84,45.85,849.0
2017-10-24 14:53:00,45.84,45.85,45.84,45.85,200.0
2017-10-24 14:54:00,45.865,45.865,45.84,45.85,4856.0
2017-10-24 14:55:00,45.87,45.87,45.865,45.87,400.0
2017-10-24 14:56:00,45.845,45.86,45.845,45.86,2648.0
2017-10-24 14:57:00,45.85,45.85,45.84,45.85,700.0
2017-10-24 14:58:00,45.84,45.845,45.83,45.845,3403.0
2017-10-24 14:59:00,45.83,45.84,45.83,45.84,200.0
2017-10-24 15:00:00,45.83,45.833,45.83,45.83,440.0
2017-10-24 15:01:00,45.86,45.86,45.84,45.84,2300.0
2017-10-24 15:02:00,45.875,45.875,45.865,45.87,1933.0
2017-10-24 15:03:00,45.88,45.89,45.87,45.875,1347.0
2017-10-24 15:04:00,45.865,45.885,45.865,45.885,2591.0
2017-10-24 15:05:00,45.86,45.87,45.86,45.86,900.0
2017-10-24 15:06:00,45.83,45.86,45.83,45.86,5642.0
2017-10-24 15:07:00,45.81,45.845,45.81,45.84,10739.0
2017-10-24 15:08:00,45.805,45.82,45.8,45.81,8122.0
2017-10-24 15:09:00,45.82,45.83,45.805,45.805,3000.0
2017-10-24 15:10:00,45.81,45.825,45.81,45.825,600.0
2017-10-24 15:11:00,45.81,45.82,45.81,45.81,500.0
2017-10-24 15:12:00,45.83,45.83,45.82,45.82,5233.0
2017-10-24 15:13:00,45.8175,45.83,45.81,45.8242,2308.0
2017-10-24 15:14:00,45.82,45.82,45.81,45.82,3000.0
2017-10-24 15:15:00,45.825,45.825,45.82,45.82,1000.0
2017-10-24 15:16:00,45.82,45.83,45.82,45.83,600.0
2017-10-24 15:17:00,45.83,45.84,45.82,45.82,7102.0
2017-10-24 15:18:00,45.81,45.84,45.8,45.83,6286.0
2017-10-24 15:19:00,45.74,45.81,45.735,45.81,36751.0
2017-10-24 15:20:00,45.745,45.76,45.74,45.745,8019.0
2017-10-24 15:21:00,45.745,45.745,45.74,45.745,400.0
2017-10-24 15:22:00,45.73,45.75,45.71,45.745,11110.0
2017-10-24 15:23:00,45.7493,45.75,45.7244,45.73,3800.0
2017-10-24 15:24:00,45.74,45.75,45.73,45.74,8925.0
2017-10-24 15:25:00,45.735,45.75,45.735,45.735,4836.0
2017-10-24 15:26:00,45.74,45.74,45.73,45.74,2700.0
2017-10-24 15:27:00,45.73,45.75,45.73,45.74,4106.0
2017-10-24 15:28:00,45.73,45.74,45.73,45.73,2656.0
2017-10-24 15:29:00,45.725,45.73,45.72,45.72,4684.0
2017-10-24 15:30:00,45.705,45.72,45.69,45.72,13619.0
2017-10-24 15:31:00,45.715,45.72,45.7,45.71,7437.0
2017-10-24 15:32:00,45.725,45.73,45.715,45.72,5835.0
2017-10-24 15:33:00,45.73,45.74,45.725,45.725,4235.0
2017-10-24 15:34:00,45.75,45.75,45.735,45.735,3101.0
2017-10-24 15:35:00,45.745,45.75,45.745,45.745,5957.0
2017-10-24 15:36:00,45.745,45.75,45.74,45.75,2300.0
2017-10-24 15:37:00,45.735,45.75,45.735,45.75,5359.0
2017-10-24 15:38:00,45.73,45.74,45.73,45.74,1900.0
2017-10-24 15:39:00,45.73,45.745,45.73,45.735,7128.0
2017-10-24 15:40:00,45.74,45.75,45.735,45.74,3600.0
2017-10-24 15:41:00,45.745,45.75,45.74,45.745,2723.0
2017-10-24 15:42:00,45.75,45.755,45.74,45.745,13442.0
2017-10-24 15:43:00,45.745,45.75,45.745,45.75,4300.0
2017-10-24 15:44:00,45.75,45.755,45.74,45.75,8324.0
2017-10-24 15:45:00,45.74,45.75,45.735,45.745,11929.0
2017-10-24 15:46:00,45.7025,45.735,45.7025,45.735,6388.0
2017-10-24 15:47:00,45.7,45.71,45.7,45.71,4056.0
2017-10-24 15:48:00,45.705,45.71,45.7,45.7,1700.0
2017-10-24 15:49:00,45.69,45.71,45.69,45.7,10921.0
2017-10-24 15:50:00,45.7,45.71,45.69,45.7,15009.0
2017-10-24 15:51:00,45.685,45.71,45.685,45.69,18459.0
2017-10-24 15:52:00,45.68,45.69,45.68,45.685,700.0
2017-10-24 15:53:00,45.69,45.69,45.68,45.6834,3766.0
2017-10-24 15:54:00,45.7,45.7,45.68,45.68,8690.0
2017-10-24 15:55:00,45.705,45.71,45.695,45.695,6842.0
2017-10-24 15:56:00,45.725,45.73,45.7,45.71,9250.0
2017-10-24 15:57:00,45.74,45.74,45.73,45.73,7659.0
2017-10-24 15:58:00,45.735,45.74,45.73,45.735,7946.0
2017-10-24 15:59:00,45.735,45.74,45.73,45.74,16958.0
2017-10-24 16:00:00,45.74,45.74,45.72,45.735,41965.0
2017-10-25 09:30:00,45.975,45.995,45.69,45.69,11648.0
2017-10-25 09:31:00,45.64,45.84,45.55,45.64,8816.0
2017-10-25 09:32:00,45.63,45.63,45.57,45.57,1760.0
2017-10-25 09:33:00,45.6,45.67,45.6,45.67,300.0
2017-10-25 09:34:00,45.63,45.66,45.62,45.66,1405.0
2017-10-25 09:35:00,45.36,45.68,45.36,45.57,21366.0
2017-10-25 09:36:00,45.45,45.47,45.3561,45.3561,1769.0
2017-10-25 09:37:00,45.46,45.46,45.33,45.42,7888.0
2017-10-25 09:39:00,45.38,45.38,45.38,45.38,100.0
2017-10-25 09:40:00,45.38,45.44,45.38,45.44,2300.0
2017-10-25 09:41:00,45.39,45.4,45.36,45.38,2745.0
2017-10-25 09:42:00,45.44,45.44,45.39,45.39,1500.0
2017-10-25 09:44:00,45.5,45.5,45.42,45.47,2858.0
2017-10-25 09:45:00,45.43,45.43,45.43,45.43,100.0
2017-10-25 09:46:00,45.435,45.48,45.435,45.48,5000.0
2017-10-25 09:47:00,45.44,45.46,45.4,45.43,4400.0
2017-10-25 09:48:00,45.425,45.46,45.41,45.43,4600.0
2017-10-25 09:49:00,45.43,45.45,45.42,45.42,1615.0
2017-10-25 09:50:00,45.43,45.43,45.4,45.425,3706.0
2017-10-25 09:51:00,45.5,45.5,45.405,45.42,34855.0
2017-10-25 09:52:00,45.44,45.5,45.44,45.5,2733.0
2017-10-25 09:53:00,45.4,45.44,45.39,45.44,5400.0
2017-10-25 09:54:00,45.39,45.4,45.38,45.4,822.0
2017-10-25 09:55:00,45.37,45.38,45.37,45.38,300.0
2017-10-25 09:56:00,45.36,45.36,45.35,45.36,600.0
2017-10-25 09:57:00,45.32,45.35,45.32,45.35,2388.0
2017-10-25 09:58:00,45.37,45.38,45.34,45.35,2427.0
2017-10-25 09:59:00,45.33,45.37,45.33,45.37,800.0
2017-10-25 10:00:00,45.35,45.35,45.33,45.33,500.0
2017-10-25 10:01:00,45.26,45.33,45.24,45.33,3165.0
2017-10-25 10:02:00,45.25,45.26,45.25,45.26,700.0
2017-10-25 10:03:00,45.23,45.25,45.22,45.24,1700.0
2017-10-25 10:04:00,45.24,45.28,45.22,45.25,17634.0
2017-10-25 10:05:00,45.24,45.27,45.23,45.23,2710.0
2017-10-25 10:06:00,45.2,45.25,45.2,45.25,700.0
2017-10-25 10:07:00,45.2,45.24,45.19,45.19,5774.0
2017-10-25 10:08:00,45.22,45.24,45.21,45.22,4125.0
2017-10-25 10:09:00,45.2,45.22,45.2,45.21,2283.0
2017-10-25 10:10:00,45.19,45.21,45.19,45.21,900.0
2017-10-25 10:11:00,45.23,45.24,45.2,45.2,7949.0
2017-10-25 10:12:00,45.22,45.24,45.22,45.239,2322.0
2017-10-25 10:13:00,45.21,45.21,45.2,45.2,340.0
2017-10-25 10:14:00,45.2,45.21,45.19,45.19,8872.0
2017-10-25 10:15:00,45.22,45.25,45.18,45.2,8250.0
2017-10-25 10:16:00,45.165,45.21,45.1501,45.21,2731.0
2017-10-25 10:17:00,45.16,45.18,45.16,45.18,1000.0
2017-10-25 10:18:00,45.1,45.19,45.06,45.18,7509.0
2017-10-25 10:19:00,45.13,45.15,45.1,45.12,3185.0
2017-10-25 10:20:00,45.16,45.17,45.15,45.15,1989.0
2017-10-25 10:21:00,45.18,45.19,45.15,45.15,2100.0
2017-10-25 10:22:00,45.18,45.18,45.17,45.17,585.0
2017-10-25 10:23:00,45.17,45.19,45.17,45.19,400.0
2017-10-25 10:24:00,45.1,45.18,45.09,45.17,4872.0
2017-10-25 10:25:00,45.1,45.1,45.1,45.1,600.0
2017-10-25 10:26:00,45.07,45.1,45.07,45.1,3600.0
2017-10-25 10:27:00,45.08,45.09,45.07,45.07,1963.0
2017-10-25 10:28:00,45.04,45.09,45.04,45.08,3422.0
2017-10-25 10:29:00,45.05,45.05,45.05,45.05,150.0
2017-10-25 10:30:00,45.04,45.05,45.02,45.04,5476.0
2017-10-25 10:31:00,44.99,45.04,44.92,45.04,17280.0
2017-10-25 10:32:00,45.02,45.02,44.99,45.0,2800.0
2017-10-25 10:33:00,44.99,45.02,44.99,45.01,3547.0
2017-10-25 10:34:00,45.01,45.01,44.98,44.99,2018.0
2017-10-25 10:35:00,45.05,45.05,45.0,45.02,3800.0
2017-10-25 10:36:00,45.05,45.065,45.03,45.05,6704.0
2017-10-25 10:37:00,45.06,45.06,45.06,45.06,500.0
2017-10-25 10:38:00,45.03,45.04,44.9986,45.04,6400.0
2017-10-25 10:39:00,45.01,45.03,45.01,45.03,1300.0
2017-10-25 10:40:00,45.02,45.02,44.99,44.99,3050.0
2017-10-25 10:41:00,45.05,45.05,45.03,45.04,2200.0
2017-10-25 10:42:00,45.03,45.03,45.03,45.03,100.0
2017-10-25 10:43:00,45.06,45.07,45.03,45.03,2065.0
2017-10-25 10:44:00,45.07,45.0725,45.055,45.07,4100.0
2017-10-25 10:45:00,45.05,45.0898,45.05,45.08,4279.0
2017-10-25 10:46:00,45.08,45.08,45.05,45.06,2889.0
2017-10-25 10:47:00,45.09,45.11,45.06,45.07,3065.0
2017-10-25 10:49:00,45.07,45.09,45.07,45.09,1600.0
2017-10-25 10:50:00,45.05,45.07,45.04,45.07,2329.0
2017-10-25 10:51:00,45.07,45.07,45.05,45.05,2121.0
2017-10-25 10:52:00,45.03,45.07,45.01,45.06,6300.0
2017-10-25 10:53:00,45.07,45.07,45.04,45.04,1900.0
2017-10-25 10:54:00,45.09,45.09,45.07,45.07,970.0
2017-10-25 10:55:00,45.07,45.09,45.06,45.09,2903.0
2017-10-25 10:56:00,45.08,45.09,45.07,45.0815,563.0
2017-10-25 10:57:00,45.13,45.15,45.0899,45.0899,4100.0
2017-10-25 10:58:00,45.13,45.13,45.12,45.12,400.0
2017-10-25 10:59:00,45.14,45.14,45.13,45.13,6061.0
2017-10-25 11:00:00,45.1205,45.14,45.12,45.14,2369.0
2017-10-25 11:01:00,45.1,45.1212,45.09,45.111999999999995,3410.0
2017-10-25 11:02:00,45.13,45.13,45.09,45.09,3892.0
2017-10-25 11:03:00,45.14,45.16,45.12,45.13,5600.0
2017-10-25 11:04:00,45.13,45.14,45.12,45.14,4202.0
2017-10-25 11:05:00,45.14,45.14,45.11,45.12,859.0
2017-10-25 11:06:00,45.16,45.17,45.14,45.14,2825.0
2017-10-25 11:07:00,45.14,45.16,45.14,45.15,4131.0
2017-10-25 11:08:00,45.16,45.17,45.14,45.14,2200.0
2017-10-25 11:09:00,45.115,45.17,45.1,45.17,4334.0
2017-10-25 11:10:00,45.16,45.18,45.12,45.12,10300.0
2017-10-25 11:11:00,45.17,45.18,45.15,45.16,2850.0
2017-10-25 11:12:00,45.15,45.18,45.15,45.18,1811.0
2017-10-25 11:13:00,45.16,45.17,45.15,45.15,2440.0
2017-10-25 11:14:00,45.16,45.18,45.15,45.17,5146.0
2017-10-25 11:15:00,45.17,45.17,45.17,45.17,100.0
2017-10-25 11:16:00,45.27,45.27,45.17,45.17,17495.0
2017-10-25 11:17:00,45.29,45.29,45.26,45.27,5225.0
2017-10-25 11:18:00,45.28,45.2854,45.28,45.2854,500.0
2017-10-25 11:19:00,45.31,45.32,45.28,45.29,5821.0
2017-10-25 11:20:00,45.34,45.36,45.32,45.32,5727.0
2017-10-25 11:21:00,45.34,45.34,45.33,45.34,1130.0
2017-10-25 11:22:00,45.36,45.38,45.34,45.34,4850.0
2017-10-25 11:23:00,45.36,45.36,45.36,45.36,340.0
2017-10-25 11:24:00,45.32,45.35,45.31,45.35,3378.0
2017-10-25 11:25:00,45.287,45.31,45.28,45.31,2045.0
2017-10-25 11:26:00,45.32,45.32,45.28,45.28,12259.0
2017-10-25 11:27:00,45.33,45.33,45.32,45.32,300.0
2017-10-25 11:28:00,45.31,45.33,45.31,45.33,2800.0
2017-10-25 11:29:00,45.32,45.32,45.29,45.3,2405.0
2017-10-25 11:30:00,45.33,45.3399,45.33,45.33,600.0
2017-10-25 11:31:00,45.35,45.35,45.335,45.34,1145.0
2017-10-25 11:32:00,45.36,45.37,45.36,45.36,1569.0
2017-10-25 11:33:00,45.37,45.37,45.35,45.35,1200.0
2017-10-25 11:34:00,45.39,45.39,45.38,45.38,4287.0
2017-10-25 11:35:00,45.41,45.41,45.38,45.385,5625.0
2017-10-25 11:36:00,45.45,45.45,45.42,45.42,6070.0
2017-10-25 11:37:00,45.43,45.45,45.43,45.45,2210.0
2017-10-25 11:38:00,45.425,45.43,45.425,45.425,1434.0
2017-10-25 11:39:00,45.4265,45.4265,45.4238,45.425,520.0
2017-10-25 11:40:00,45.39,45.42,45.37,45.42,3954.0
2017-10-25 11:41:00,45.405,45.41,45.36,45.39,5420.0
2017-10-25 11:42:00,45.37,45.41,45.36,45.405,4005.0
2017-10-25 11:43:00,45.37,45.37,45.36,45.36,1200.0
2017-10-25 11:44:00,45.37,45.37,45.37,45.37,1500.0
2017-10-25 11:45:00,45.4,45.4,45.38,45.38,2502.0
2017-10-25 11:46:00,45.33,45.38,45.33,45.38,2200.0
2017-10-25 11:47:00,45.34,45.34,45.32,45.32,3300.0
2017-10-25 11:48:00,45.34,45.34,45.34,45.34,200.0
2017-10-25 11:49:00,45.38,45.38,45.35,45.35,3785.0
2017-10-25 11:50:00,45.4,45.4,45.37,45.37,1800.0
2017-10-25 11:51:00,45.41,45.41,45.39,45.4,2800.0
2017-10-25 11:52:00,45.4,45.4,45.4,45.4,1312.0
2017-10-25 11:53:00,45.38,45.395,45.38,45.39,1569.0
2017-10-25 11:54:00,45.4,45.405,45.36,45.36,9046.0
2017-10-25 11:55:00,45.4,45.405,45.39,45.405,3049.0
2017-10-25 11:56:00,45.43,45.4374,45.4,45.41,4230.0
2017-10-25 11:57:00,45.418,45.43,45.41,45.43,1502.0
2017-10-25 11:58:00,45.4,45.4,45.4,45.4,100.0
2017-10-25 11:59:00,45.38,45.41,45.38,45.41,2790.0
2017-10-25 12:00:00,45.42,45.44,45.39,45.39,4406.0
2017-10-25 12:01:00,45.44,45.45,45.43,45.44,2004.0
2017-10-25 12:02:00,45.41,45.43,45.41,45.43,1187.0
2017-10-25 12:03:00,45.46,45.46,45.42,45.42,3100.0
2017-10-25 12:04:00,45.45,45.46,45.45,45.45,2450.0
2017-10-25 12:05:00,45.45,45.4654,45.45,45.46,1886.0
2017-10-25 12:06:00,45.44,45.46,45.44,45.46,2650.0
2017-10-25 12:07:00,45.45,45.45,45.44,45.44,1300.0
2017-10-25 12:08:00,45.46,45.47,45.45,45.45,3000.0
2017-10-25 12:09:00,45.47,45.47,45.4699,45.4699,1503.0
2017-10-25 12:10:00,45.48,45.49,45.48,45.48,3952.0
2017-10-25 12:11:00,45.47,45.48,45.45,45.47,3342.0
2017-10-25 12:12:00,45.44,45.48,45.44,45.47,1705.0
2017-10-25 12:13:00,45.43,45.43,45.43,45.43,500.0
2017-10-25 12:14:00,45.42,45.44,45.42,45.43,3021.0
2017-10-25 12:15:00,45.45,45.45,45.43,45.43,7007.0
2017-10-25 12:16:00,45.45,45.47,45.45,45.45,4500.0
2017-10-25 12:17:00,45.42,45.45,45.42,45.45,2349.0
2017-10-25 12:18:00,45.46,45.46,45.42,45.42,2750.0
2017-10-25 12:19:00,45.44,45.45,45.44,45.45,2452.0
2017-10-25 12:20:00,45.44,45.45,45.43,45.43,1300.0
2017-10-25 12:21:00,45.45,45.46,45.44,45.45,3200.0
2017-10-25 12:22:00,45.45,45.45,45.425,45.45,3400.0
2017-10-25 12:23:00,45.46,45.46,45.445,45.45,11700.0
2017-10-25 12:24:00,45.46,45.46,45.445,45.45,3522.0
2017-10-25 12:25:00,45.49,45.4901,45.46,45.47,8100.0
2017-10-25 12:26:00,45.5,45.5,45.49,45.49,2415.0
2017-10-25 12:27:00,45.51,45.51,45.51,45.51,900.0
2017-10-25 12:28:00,45.49,45.51,45.48,45.51,5000.0
2017-10-25 12:29:00,45.49,45.5,45.49,45.5,400.0
2017-10-25 12:30:00,45.46,45.49,45.46,45.49,2530.0
2017-10-25 12:31:00,45.48,45.48,45.47,45.47,3286.0
2017-10-25 12:32:00,45.49,45.5,45.49,45.49,500.0
2017-10-25 12:33:00,45.49,45.505,45.49,45.5,3437.0
2017-10-25 12:34:00,45.47,45.48,45.47,45.48,2317.0
2017-10-25 12:35:00,45.49,45.49,45.48,45.48,600.0
2017-10-25 12:36:00,45.49,45.49,45.48,45.48,1900.0
2017-10-25 12:37:00,45.5,45.505,45.49,45.5,1200.0
2017-10-25 12:38:00,45.49,45.51,45.49,45.505,5070.0
2017-10-25 12:39:00,45.46,45.48,45.45,45.48,1785.0
2017-10-25 12:40:00,45.46,45.46,45.46,45.46,400.0
2017-10-25 12:41:00,45.45,45.46,45.45,45.46,2600.0
2017-10-25 12:42:00,45.42,45.43,45.42,45.43,800.0
2017-10-25 12:43:00,45.38,45.42,45.38,45.42,2675.0
2017-10-25 12:44:00,45.4,45.4,45.37,45.37,1850.0
2017-10-25 12:45:00,45.42,45.42,45.4,45.4,2101.0
2017-10-25 12:46:00,45.42,45.44,45.42,45.42,2699.0
2017-10-25 12:47:00,45.42,45.43,45.41,45.42,2369.0
2017-10-25 12:48:00,45.4224,45.43,45.4128,45.4128,996.0
2017-10-25 12:49:00,45.43,45.43,45.43,45.43,200.0
2017-10-25 12:50:00,45.4,45.42,45.4,45.42,1500.0
2017-10-25 12:51:00,45.415,45.415,45.4,45.4,1700.0
2017-10-25 12:52:00,45.43,45.43,45.4128,45.43,1610.0
2017-10-25 12:53:00,45.45,45.46,45.43,45.43,3700.0
2017-10-25 12:54:00,45.51,45.51,45.47,45.47,3351.0
2017-10-25 12:55:00,45.48,45.5,45.48,45.49,4221.0
2017-10-25 12:56:00,45.48,45.49,45.48,45.485,2700.0
2017-10-25 12:57:00,45.51,45.51,45.48,45.48,4509.0
2017-10-25 12:58:00,45.55,45.55,45.52,45.52,1898.0
2017-10-25 12:59:00,45.57,45.57,45.54,45.55,1000.0
2017-10-25 13:00:00,45.59,45.59,45.57,45.57,4859.0
2017-10-25 13:01:00,45.57,45.585,45.57,45.58,2181.0
2017-10-25 13:02:00,45.61,45.61,45.58,45.58,1650.0
2017-10-25 13:03:00,45.6,45.6,45.6,45.6,100.0
2017-10-25 13:04:00,45.6,45.62,45.6,45.6096,2300.0
2017-10-25 13:05:00,45.6,45.6,45.585,45.59,1500.0
2017-10-25 13:06:00,45.62,45.63,45.6,45.6,1200.0
2017-10-25 13:07:00,45.62,45.63,45.6,45.63,4101.0
2017-10-25 13:08:00,45.6,45.6,45.6,45.6,900.0
2017-10-25 13:09:00,45.59,45.6,45.59,45.6,2756.0
2017-10-25 13:10:00,45.58,45.5881,45.58,45.581,1275.0
2017-10-25 13:11:00,45.57,45.588,45.57,45.588,1050.0
2017-10-25 13:12:00,45.57,45.57,45.56,45.57,2645.0
2017-10-25 13:13:00,45.59,45.59,45.57,45.57,2328.0
2017-10-25 13:14:00,45.59,45.595,45.59,45.595,300.0
2017-10-25 13:15:00,45.59,45.59,45.59,45.59,2465.0
2017-10-25 13:16:00,45.58,45.59,45.57,45.59,1700.0
2017-10-25 13:17:00,45.6,45.6,45.56,45.57,3859.0
2017-10-25 13:18:00,45.55,45.59,45.55,45.59,2600.0
2017-10-25 13:19:00,45.56,45.56,45.55,45.55,1100.0
2017-10-25 13:20:00,45.57,45.57,45.55,45.56,1000.0
2017-10-25 13:21:00,45.53,45.55,45.53,45.55,4800.0
2017-10-25 13:22:00,45.55,45.55,45.53,45.53,2600.0
2017-10-25 13:23:00,45.5301,45.55,45.52,45.55,5110.0
2017-10-25 13:24:00,45.56,45.56,45.54,45.54,1115.0
2017-10-25 13:25:00,45.53,45.56,45.53,45.5501,2100.0
2017-10-25 13:26:00,45.535,45.535,45.53,45.53,1339.0
2017-10-25 13:27:00,45.47,45.52,45.43,45.52,6800.0
2017-10-25 13:28:00,45.51,45.51,45.48,45.48,1650.0
2017-10-25 13:29:00,45.47,45.49,45.47,45.49,3222.0
2017-10-25 13:30:00,45.465,45.48,45.46,45.48,600.0
2017-10-25 13:31:00,45.49,45.49,45.47,45.47,1401.0
2017-10-25 13:32:00,45.51,45.51,45.5,45.5,900.0
2017-10-25 13:33:00,45.51,45.515,45.5014,45.51,1584.0
2017-10-25 13:34:00,45.48,45.5,45.48,45.5,1313.0
2017-10-25 13:35:00,45.48,45.49,45.48,45.49,500.0
2017-10-25 13:36:00,45.47,45.49,45.47,45.48,700.0
2017-10-25 13:37:00,45.49,45.49,45.4865,45.4865,820.0
2017-10-25 13:38:00,45.5,45.52,45.5,45.5,1900.0
2017-10-25 13:39:00,45.52,45.5201,45.52,45.52,500.0
2017-10-25 13:40:00,45.54,45.54,45.51,45.53,6800.0
2017-10-25 13:41:00,45.54,45.55,45.53,45.5398,1950.0
2017-10-25 13:42:00,45.5576,45.5617,45.5576,45.56,1195.0
2017-10-25 13:43:00,45.55,45.55,45.55,45.55,700.0
2017-10-25 13:44:00,45.53,45.53,45.53,45.53,100.0
2017-10-25 13:45:00,45.56,45.56,45.54,45.54,1300.0
2017-10-25 13:46:00,45.56,45.57,45.5553,45.57,2552.0
2017-10-25 13:47:00,45.56,45.56,45.56,45.56,300.0
2017-10-25 13:48:00,45.58,45.58,45.57,45.57,700.0
2017-10-25 13:49:00,45.58,45.585,45.58,45.5801,1620.0
2017-10-25 13:50:00,45.54,45.57,45.54,45.57,1400.0
2017-10-25 13:51:00,45.56100000000001,45.57,45.55,45.55,1500.0
2017-10-25 13:52:00,45.53,45.56,45.53,45.56,2600.0
2017-10-25 13:53:00,45.56,45.56,45.55,45.55,600.0
2017-10-25 13:54:00,45.56,45.57,45.56,45.56,800.0
2017-10-25 13:55:00,45.58,45.58,45.56,45.56,830.0
2017-10-25 13:56:00,45.59,45.59,45.56,45.56100000000001,1200.0
2017-10-25 13:57:00,45.59,45.6,45.58,45.6,1100.0
2017-10-25 13:58:00,45.57,45.57,45.57,45.57,200.0
2017-10-25 13:59:00,45.6,45.6,45.59,45.59,2078.0
2017-10-25 14:00:00,45.5901,45.62,45.59,45.6,2150.0
2017-10-25 14:01:00,45.58,45.595,45.58,45.59,700.0
2017-10-25 14:02:00,45.57,45.6,45.57,45.59,2900.0
2017-10-25 14:03:00,45.57,45.57,45.57,45.57,362.0
2017-10-25 14:04:00,45.58,45.6,45.58,45.59,1900.0
2017-10-25 14:05:00,45.6,45.61,45.58,45.58,2900.0
2017-10-25 14:06:00,45.61,45.63,45.6,45.6,7000.0
2017-10-25 14:07:00,45.64,45.65,45.605,45.61,7452.0
2017-10-25 14:08:00,45.65,45.66,45.645,45.65,3821.0
2017-10-25 14:09:00,45.65,45.67,45.65,45.65,3309.0
2017-10-25 14:10:00,45.65,45.65,45.65,45.65,1001.0
2017-10-25 14:11:00,45.66,45.66,45.64,45.65,2098.0
2017-10-25 14:12:00,45.67,45.67,45.66,45.66,800.0
2017-10-25 14:13:00,45.65,45.67,45.65,45.67,1200.0
2017-10-25 14:14:00,45.64,45.65,45.625,45.65,2900.0
2017-10-25 14:15:00,45.64,45.64,45.64,45.64,558.0
2017-10-25 14:16:00,45.66,45.66,45.64,45.64,2685.0
2017-10-25 14:17:00,45.66,45.66,45.66,45.66,300.0
2017-10-25 14:18:00,45.68,45.68,45.665,45.67,1076.0
2017-10-25 14:19:00,45.665,45.69,45.66,45.69,2511.0
2017-10-25 14:20:00,45.65,45.67,45.65,45.67,1500.0
2017-10-25 14:21:00,45.64,45.65,45.63,45.65,1200.0
2017-10-25 14:22:00,45.64,45.64,45.63,45.6381,1281.0
2017-10-25 14:23:00,45.66,45.66,45.64,45.65,3063.0
2017-10-25 14:24:00,45.6345,45.66,45.6345,45.66,1600.0
2017-10-25 14:25:00,45.63,45.63,45.63,45.63,100.0
2017-10-25 14:26:00,45.66,45.67,45.65,45.65,2200.0
2017-10-25 14:27:00,45.655,45.67,45.65,45.67,1077.0
2017-10-25 14:28:00,45.66,45.67,45.66,45.66,600.0
2017-10-25 14:29:00,45.67,45.67,45.67,45.67,300.0
2017-10-25 14:30:00,45.68,45.69,45.65,45.6571,3257.0
2017-10-25 14:31:00,45.66,45.68,45.655,45.68,2571.0
2017-10-25 14:32:00,45.67,45.67,45.66,45.66,700.0
2017-10-25 14:33:00,45.66,45.66,45.66,45.66,700.0
2017-10-25 14:34:00,45.66,45.66,45.66,45.66,1200.0
2017-10-25 14:35:00,45.65,45.65,45.65,45.65,500.0
2017-10-25 14:36:00,45.67,45.67,45.65,45.65,1846.0
2017-10-25 14:37:00,45.67,45.67,45.67,45.67,100.0
2017-10-25 14:38:00,45.66,45.685,45.66,45.66,3480.0
2017-10-25 14:39:00,45.64,45.66,45.64,45.6547,1882.0
2017-10-25 14:40:00,45.64,45.64,45.64,45.64,300.0
2017-10-25 14:41:00,45.65,45.65,45.635,45.635,3618.0
2017-10-25 14:42:00,45.66,45.66,45.65,45.6516,1100.0
2017-10-25 14:43:00,45.665,45.67,45.66,45.67,3553.0
2017-10-25 14:44:00,45.62,45.665,45.62,45.665,5700.0
2017-10-25 14:45:00,45.64,45.64,45.63,45.63,1306.0
2017-10-25 14:46:00,45.62,45.635,45.62,45.6345,817.0
2017-10-25 14:47:00,45.63,45.635,45.625,45.63,2200.0
2017-10-25 14:48:00,45.635,45.64,45.6341,45.6341,728.0
2017-10-25 14:49:00,45.61,45.63,45.605,45.63,4568.0
2017-10-25 14:50:00,45.6,45.61,45.575,45.6,4451.0
2017-10-25 14:51:00,45.61,45.63,45.6,45.61,5512.0
2017-10-25 14:52:00,45.61,45.62,45.6064,45.61,1505.0
2017-10-25 14:53:00,45.62,45.62,45.6083,45.6083,401.0
2017-10-25 14:54:00,45.66,45.66,45.62,45.62,1536.0
2017-10-25 14:55:00,45.655,45.66,45.65,45.66,1100.0
2017-10-25 14:56:00,45.65,45.66,45.65,45.66,650.0
2017-10-25 14:57:00,45.65,45.65,45.65,45.65,300.0
2017-10-25 14:58:00,45.65,45.66,45.65,45.655,903.0
2017-10-25 14:59:00,45.65,45.655,45.65,45.65,400.0
2017-10-25 15:00:00,45.665,45.67,45.65,45.65,5183.0
2017-10-25 15:01:00,45.69,45.7,45.665,45.67,6293.0
2017-10-25 15:02:00,45.68,45.685,45.68,45.685,200.0
2017-10-25 15:03:00,45.72,45.72,45.685,45.69,4350.0
2017-10-25 15:04:00,45.71,45.715,45.7,45.71,3408.0
2017-10-25 15:05:00,45.7,45.7,45.7,45.7,600.0
2017-10-25 15:06:00,45.74,45.74,45.6976,45.7099,3334.0
2017-10-25 15:07:00,45.73,45.74,45.73,45.735,1476.0
2017-10-25 15:08:00,45.72,45.735,45.72,45.73,2673.0
2017-10-25 15:09:00,45.715,45.73,45.71,45.72,2170.0
2017-10-25 15:10:00,45.7,45.71,45.7,45.71,1400.0
2017-10-25 15:11:00,45.73,45.735,45.7,45.7,6524.0
2017-10-25 15:12:00,45.725,45.7301,45.725,45.7301,1012.0
2017-10-25 15:13:00,45.74,45.7544,45.73,45.73,4044.0
2017-10-25 15:14:00,45.75,45.77,45.75,45.75,2081.0
2017-10-25 15:15:00,45.76,45.77,45.75,45.75,3200.0
2017-10-25 15:16:00,45.75,45.75,45.745,45.75,800.0
2017-10-25 15:17:00,45.755,45.755,45.75,45.75,1354.0
2017-10-25 15:18:00,45.771,45.775,45.755,45.755,2300.0
2017-10-25 15:19:00,45.78,45.785,45.78,45.78,1770.0
2017-10-25 15:20:00,45.775,45.78,45.77,45.775,2100.0
2017-10-25 15:21:00,45.78,45.78,45.76,45.77,4400.0
2017-10-25 15:22:00,45.76,45.78,45.76,45.78,2100.0
2017-10-25 15:23:00,45.765,45.765,45.765,45.765,200.0
2017-10-25 15:24:00,45.76,45.77,45.76,45.77,2100.0
2017-10-25 15:25:00,45.8,45.8,45.76,45.76,4311.0
2017-10-25 15:26:00,45.81,45.81,45.79,45.795,4092.0
2017-10-25 15:27:00,45.82,45.82,45.81,45.81,1100.0
2017-10-25 15:28:00,45.78,45.815,45.78,45.815,4810.0
2017-10-25 15:29:00,45.79,45.79,45.78,45.78,300.0
2017-10-25 15:30:00,45.8,45.81,45.79,45.79,2901.0
2017-10-25 15:31:00,45.78,45.8,45.78,45.8,2803.0
2017-10-25 15:32:00,45.76,45.77,45.76,45.77,2821.0
2017-10-25 15:33:00,45.78,45.79,45.765,45.77,6710.0
2017-10-25 15:34:00,45.765,45.78,45.765,45.78,2260.0
2017-10-25 15:35:00,45.78,45.78,45.77,45.77,2500.0
2017-10-25 15:36:00,45.79,45.79,45.78,45.78,3409.0
2017-10-25 15:37:00,45.77,45.78,45.77,45.78,3708.0
2017-10-25 15:38:00,45.75,45.765,45.75,45.765,2100.0
2017-10-25 15:39:00,45.75,45.76,45.74,45.75,3100.0
2017-10-25 15:40:00,45.73,45.75,45.73,45.75,2755.0
2017-10-25 15:41:00,45.735,45.735,45.705,45.72,9392.0
2017-10-25 15:42:00,45.73,45.75,45.73,45.74,7640.0
2017-10-25 15:43:00,45.71,45.72,45.71,45.72,1300.0
2017-10-25 15:44:00,45.7,45.72,45.7,45.72,1900.0
2017-10-25 15:45:00,45.7,45.705,45.69,45.7,5671.0
2017-10-25 15:46:00,45.705,45.71,45.7,45.7,900.0
2017-10-25 15:47:00,45.71,45.71,45.7,45.7,2162.0
2017-10-25 15:48:00,45.725,45.73,45.7,45.7,7280.0
2017-10-25 15:49:00,45.7,45.725,45.7,45.725,7742.0
2017-10-25 15:50:00,45.68,45.705,45.68,45.7,4829.0
2017-10-25 15:51:00,45.7,45.7,45.685,45.685,10552.0
2017-10-25 15:52:00,45.725,45.73,45.69,45.695,5556.0
2017-10-25 15:53:00,45.74,45.74,45.72,45.73,3489.0
2017-10-25 15:54:00,45.745,45.75,45.735,45.74,3505.0
2017-10-25 15:55:00,45.735,45.75,45.73,45.75,8103.0
2017-10-25 15:56:00,45.74,45.74,45.73,45.73,1800.0
2017-10-25 15:57:00,45.71,45.735,45.71,45.73,7337.0
2017-10-25 15:58:00,45.715,45.74,45.705,45.71,24637.0
2017-10-25 15:59:00,45.73,45.73,45.715,45.72,11353.0
2017-10-25 16:00:00,45.75,45.77,45.73,45.73,74179.0
2017-10-26 09:30:00,45.81,45.81,45.81,45.81,9995.0
2017-10-26 09:31:00,46.098,46.14,45.94,45.98,8659.0
2017-10-26 09:32:00,46.09,46.11,46.09,46.11,200.0
2017-10-26 09:33:00,46.015,46.11,46.015,46.1,1500.0
2017-10-26 09:34:00,45.94,46.03,45.94,46.01,1885.0
2017-10-26 09:35:00,45.87,45.91,45.84,45.91,1000.0
2017-10-26 09:37:00,45.93,45.98,45.93,45.97,3596.0
2017-10-26 09:38:00,45.94,45.95,45.92,45.92,1200.0
2017-10-26 09:39:00,45.894,45.95,45.894,45.95,700.0
2017-10-26 09:40:00,45.8923,45.91,45.8923,45.91,795.0
2017-10-26 09:41:00,45.94,45.94,45.91,45.91,2995.0
2017-10-26 09:42:00,45.98,45.99,45.95,45.96,600.0
2017-10-26 09:43:00,45.97,46.01,45.97,45.99,984.0
2017-10-26 09:44:00,46.03,46.03,46.01,46.01,403.0
2017-10-26 09:45:00,46.0,46.03,46.0,46.03,800.0
2017-10-26 09:46:00,46.07,46.07,46.02,46.02,1447.0
2017-10-26 09:47:00,46.05,46.06,46.02,46.04,2279.0
2017-10-26 09:48:00,46.09,46.11,46.07,46.07,1300.0
2017-10-26 09:49:00,46.12,46.12,46.12,46.12,100.0
2017-10-26 09:50:00,46.1,46.13,46.08,46.13,1700.0
2017-10-26 09:51:00,46.12,46.13,46.1,46.1,700.0
2017-10-26 09:52:00,46.1,46.12,46.1,46.12,800.0
2017-10-26 09:53:00,46.05,46.1,46.05,46.1,1734.0
2017-10-26 09:54:00,46.02,46.05,46.0,46.05,2500.0
2017-10-26 09:55:00,46.02,46.02,45.995,46.02,1000.0
2017-10-26 09:56:00,46.0,46.0,45.98,45.99,1275.0
2017-10-26 09:57:00,45.94,46.01,45.94,46.01,1618.0
2017-10-26 09:59:00,45.99,45.99,45.945,45.96,17657.0
2017-10-26 10:00:00,46.04,46.05,46.01,46.01,2500.0
2017-10-26 10:01:00,46.07,46.07,46.05,46.05,1100.0
2017-10-26 10:02:00,46.07,46.09,46.07,46.08,3100.0
2017-10-26 10:03:00,46.04,46.0635,46.03,46.05,6483.0
2017-10-26 10:04:00,45.97,46.04,45.97,46.04,4036.0
2017-10-26 10:05:00,45.99,45.99,45.96,45.96,3699.0
2017-10-26 10:06:00,45.99,46.01,45.99,46.01,1400.0
2017-10-26 10:07:00,45.985,45.985,45.985,45.985,800.0
2017-10-26 10:08:00,45.95,46.0,45.935,45.9972,3051.0
2017-10-26 10:09:00,45.96,45.97,45.96,45.96,500.0
2017-10-26 10:10:00,45.93,45.9572,45.93,45.9572,1531.0
2017-10-26 10:11:00,45.95,45.96,45.94,45.94,1000.0
2017-10-26 10:12:00,45.93,45.9525,45.91,45.95,3060.0
2017-10-26 10:13:00,45.935,45.94,45.92,45.93,4117.0
2017-10-26 10:14:00,45.935,45.95,45.93,45.935,2268.0
2017-10-26 10:15:00,45.94,45.95,45.915,45.94,5878.0
2017-10-26 10:16:00,45.93,45.97,45.93,45.95,3421.0
2017-10-26 10:17:00,45.88,45.92,45.88,45.92,1000.0
2017-10-26 10:18:00,45.89,45.89,45.88,45.88,469.0
2017-10-26 10:19:00,45.88,45.9,45.88,45.88,776.0
2017-10-26 10:20:00,45.86,45.88,45.86,45.88,400.0
2017-10-26 10:21:00,45.83,45.86,45.81,45.86,1100.0
2017-10-26 10:22:00,45.82,45.82,45.82,45.82,1100.0
2017-10-26 10:23:00,45.82,45.82,45.815,45.82,768.0
2017-10-26 10:24:00,45.82,45.82,45.7845,45.82,6366.0
2017-10-26 10:25:00,45.87,45.87,45.815,45.82,6000.0
2017-10-26 10:26:00,45.91,45.91,45.895,45.9,1633.0
2017-10-26 10:27:00,45.92,45.92,45.91,45.91,1400.0
2017-10-26 10:28:00,45.925,45.925,45.91,45.92,2500.0
2017-10-26 10:29:00,45.9501,45.96,45.93,45.93,4458.0
2017-10-26 10:30:00,45.96,45.96,45.955,45.96,1390.0
2017-10-26 10:31:00,45.945,45.96,45.93,45.96,3400.0
2017-10-26 10:32:00,45.94,45.94,45.94,45.94,300.0
2017-10-26 10:33:00,45.95,45.95,45.945,45.95,3127.0
2017-10-26 10:34:00,45.935,45.95,45.93,45.95,1500.0
2017-10-26 10:35:00,45.96,45.96,45.93,45.93,2239.0
2017-10-26 10:36:00,45.93,45.96,45.93,45.96,2550.0
2017-10-26 10:37:00,45.945,45.945,45.92,45.92,2800.0
2017-10-26 10:38:00,45.96,45.96,45.94,45.94,5800.0
2017-10-26 10:39:00,45.96,45.96,45.95,45.96,5881.0
2017-10-26 10:40:00,45.96,45.96,45.96,45.96,200.0
2017-10-26 10:41:00,45.99,46.01,45.965,45.97,4100.0
2017-10-26 10:42:00,45.95,45.97,45.95,45.97,700.0
2017-10-26 10:43:00,45.96,45.965,45.955,45.96,2281.0
2017-10-26 10:44:00,45.955,45.955,45.94,45.95,2579.0
2017-10-26 10:45:00,45.96,45.96,45.945,45.95,1600.0
2017-10-26 10:46:00,45.92,45.95,45.92,45.95,1200.0
2017-10-26 10:47:00,45.91,45.94,45.91,45.94,1600.0
2017-10-26 10:48:00,45.9,45.91,45.9,45.91,4887.0
2017-10-26 10:49:00,45.89,45.9,45.885,45.9,3704.0
2017-10-26 10:50:00,45.89,45.9,45.88,45.89,11609.0
2017-10-26 10:51:00,45.8592,45.91,45.83,45.9,20911.0
2017-10-26 10:52:00,45.875,45.88,45.86,45.86,3000.0
2017-10-26 10:53:00,45.87,45.88,45.87,45.875,2700.0
2017-10-26 10:54:00,45.8492,45.86,45.84,45.86,1700.0
2017-10-26 10:55:00,45.91,45.915,45.86,45.86,5403.0
2017-10-26 10:56:00,45.91,45.91,45.895,45.91,4030.0
2017-10-26 10:57:00,45.92,45.93,45.92,45.92,1000.0
2017-10-26 10:58:00,45.89,45.92,45.89,45.915,2361.0
2017-10-26 10:59:00,45.895,45.895,45.88,45.89,11177.0
2017-10-26 11:00:00,45.88,45.89,45.88,45.88,7772.0
2017-10-26 11:01:00,45.9,45.9,45.87,45.87,3161.0
2017-10-26 11:02:00,45.89,45.9,45.885,45.89,2900.0
2017-10-26 11:03:00,45.89,45.89,45.89,45.89,1000.0
2017-10-26 11:04:00,45.89,45.89,45.875,45.88,3997.0
2017-10-26 11:05:00,45.88,45.89,45.88,45.88,730.0
2017-10-26 11:07:00,45.83,45.88,45.83,45.88,2274.0
2017-10-26 11:08:00,45.82,45.83,45.81,45.81,2678.0
2017-10-26 11:09:00,45.8,45.82,45.8,45.82,989.0
2017-10-26 11:10:00,45.82,45.82,45.76,45.8132,7437.0
2017-10-26 11:11:00,45.8001,45.81,45.8,45.81,1350.0
2017-10-26 11:12:00,45.8,45.81,45.78,45.81,2701.0
2017-10-26 11:14:00,45.8,45.8,45.8,45.8,200.0
2017-10-26 11:15:00,45.8,45.8,45.785,45.7901,15500.0
2017-10-26 11:16:00,45.81,45.81,45.8,45.81,2900.0
2017-10-26 11:17:00,45.8,45.81,45.8,45.81,1175.0
2017-10-26 11:18:00,45.78,45.79,45.77,45.77,2200.0
2017-10-26 11:19:00,45.735,45.78,45.71,45.78,22559.0
2017-10-26 11:20:00,45.77,45.77,45.7301,45.735,6657.0
2017-10-26 11:21:00,45.73,45.76,45.72,45.76,4166.0
2017-10-26 11:22:00,45.74,45.742,45.73,45.73,2107.0
2017-10-26 11:23:00,45.71,45.74,45.71,45.74,5478.0
2017-10-26 11:24:00,45.68,45.7,45.67,45.7,2900.0
2017-10-26 11:25:00,45.69,45.7,45.68,45.69,26240.0
2017-10-26 11:26:00,45.73,45.73,45.695,45.7,4444.0
2017-10-26 11:27:00,45.72,45.74,45.72,45.73,1300.0
2017-10-26 11:28:00,45.75,45.75,45.72,45.72,3053.0
2017-10-26 11:29:00,45.79,45.79,45.75,45.76,9500.0
2017-10-26 11:30:00,45.78,45.8,45.78,45.79,10192.0
2017-10-26 11:31:00,45.81,45.81,45.78,45.78,2642.0
2017-10-26 11:32:00,45.78,45.8,45.76,45.8,2600.0
2017-10-26 11:33:00,45.7655,45.77,45.75,45.77,2812.0
2017-10-26 11:34:00,45.79,45.79,45.77,45.77,1900.0
2017-10-26 11:35:00,45.8,45.81,45.79,45.793,2801.0
2017-10-26 11:36:00,45.81,45.81,45.79,45.7901,1000.0
2017-10-26 11:37:00,45.815,45.82,45.81,45.81,824.0
2017-10-26 11:38:00,45.8,45.815,45.8,45.81,4607.0
2017-10-26 11:39:00,45.8225,45.8225,45.805,45.805,3300.0
2017-10-26 11:40:00,45.84,45.84,45.8267,45.8267,2031.0
2017-10-26 11:41:00,45.845,45.85,45.845,45.85,300.0
2017-10-26 11:42:00,45.84,45.845,45.84,45.84,3700.0
2017-10-26 11:43:00,45.84,45.84,45.84,45.84,900.0
2017-10-26 11:44:00,45.86,45.87,45.85,45.85,2300.0
2017-10-26 11:45:00,45.87,45.87,45.855,45.86,1101.0
2017-10-26 11:46:00,45.8501,45.87,45.85,45.87,2100.0
2017-10-26 11:47:00,45.89,45.89,45.855,45.855,1567.0
2017-10-26 11:48:00,45.9,45.9,45.89,45.89,1800.0
2017-10-26 11:49:00,45.91,45.91,45.9,45.91,1800.0
2017-10-26 11:50:00,45.91,45.91,45.9,45.9,200.0
2017-10-26 11:51:00,45.88,45.9,45.88,45.9,3123.0
2017-10-26 11:52:00,45.9,45.91,45.88,45.88,2602.0
2017-10-26 11:53:00,45.92,45.92,45.9,45.9,1100.0
2017-10-26 11:54:00,45.91,45.91,45.89,45.91,3183.0
2017-10-26 11:55:00,45.93,45.93,45.91,45.91,1300.0
2017-10-26 11:56:00,45.94,45.95,45.92,45.93,3633.0
2017-10-26 11:57:00,45.93,45.945,45.93,45.9344,2018.0
2017-10-26 11:58:00,45.94,45.94,45.94,45.94,1100.0
2017-10-26 11:59:00,45.93,45.935,45.93,45.93,1200.0
2017-10-26 12:00:00,45.93,45.96,45.92,45.92,4100.0
2017-10-26 12:01:00,45.91,45.92,45.9,45.92,3599.0
2017-10-26 12:02:00,45.89,45.9,45.88,45.9,1400.0
2017-10-26 12:03:00,45.88,45.89,45.88,45.89,1933.0
2017-10-26 12:04:00,45.9,45.9,45.88,45.88,2813.0
2017-10-26 12:05:00,45.82,45.9,45.81,45.89,24053.0
2017-10-26 12:06:00,45.83,45.84,45.81,45.82,15520.0
2017-10-26 12:07:00,45.785,45.83,45.78,45.825,4630.0
2017-10-26 12:08:00,45.83,45.83,45.785,45.79,11614.0
2017-10-26 12:09:00,45.82,45.83,45.82,45.82,1800.0
2017-10-26 12:10:00,45.82,45.82,45.81,45.82,4100.0
2017-10-26 12:11:00,45.86,45.86,45.83,45.83,1600.0
2017-10-26 12:12:00,45.87,45.87,45.85,45.85,200.0
2017-10-26 12:13:00,45.87,45.88,45.85,45.86,1805.0
2017-10-26 12:14:00,45.91,45.91,45.88,45.88,1400.0
2017-10-26 12:15:00,45.91,45.91,45.9,45.9,200.0
2017-10-26 12:16:00,45.91,45.91,45.9,45.91,500.0
2017-10-26 12:17:00,45.85,45.91,45.85,45.91,18600.0
2017-10-26 12:18:00,45.89,45.895,45.85,45.855,17180.0
2017-10-26 12:19:00,45.86,45.89,45.86,45.89,2500.0
2017-10-26 12:20:00,45.94,45.94,45.85,45.87,27376.0
2017-10-26 12:21:00,45.97,45.97,45.94,45.94,1100.0
2017-10-26 12:22:00,45.95,45.96,45.945,45.96,1900.0
2017-10-26 12:23:00,45.97,45.97,45.95,45.95,1900.0
2017-10-26 12:24:00,45.97,45.98,45.96,45.97,2200.0
2017-10-26 12:25:00,45.96,45.96,45.96,45.96,100.0
2017-10-26 12:26:00,45.98,45.98,45.97,45.97,1600.0
2017-10-26 12:27:00,45.97,45.99,45.97,45.99,1600.0
2017-10-26 12:28:00,45.99,45.99,45.98,45.98,500.0
2017-10-26 12:29:00,45.9856,45.99,45.9856,45.99,530.0
2017-10-26 12:30:00,45.97,46.0,45.97,45.985,2300.0
2017-10-26 12:31:00,45.9439,45.98,45.94,45.96,3393.0
2017-10-26 12:32:00,45.93,45.9453,45.91,45.9453,2300.0
2017-10-26 12:33:00,45.96,45.975,45.94,45.94,3051.0
2017-10-26 12:34:00,45.91,45.96,45.91,45.96,1978.0
2017-10-26 12:35:00,45.94,45.94,45.92,45.92,1212.0
2017-10-26 12:36:00,45.92,45.93,45.92,45.93,900.0
2017-10-26 12:37:00,45.92,45.92,45.92,45.92,500.0
2017-10-26 12:38:00,45.91,45.94,45.91,45.94,1000.0
2017-10-26 12:39:00,45.88,45.88,45.88,45.88,100.0
2017-10-26 12:40:00,45.87,45.885,45.87,45.885,1753.0
2017-10-26 12:41:00,45.8,45.85,45.77,45.84,5695.0
2017-10-26 12:42:00,45.83,45.8405,45.818999999999996,45.818999999999996,1833.0
2017-10-26 12:43:00,45.82,45.82,45.82,45.82,200.0
2017-10-26 12:44:00,45.835,45.84,45.83,45.83,300.0
2017-10-26 12:46:00,45.85,45.85,45.83,45.83,750.0
2017-10-26 12:47:00,45.87,45.87,45.85,45.85,591.0
2017-10-26 12:48:00,45.86,45.865,45.86,45.865,1005.0
2017-10-26 12:49:00,45.85,45.87,45.85,45.87,631.0
2017-10-26 12:50:00,45.8525,45.86,45.84,45.85,4100.0
2017-10-26 12:51:00,45.84,45.85,45.8339,45.85,1481.0
2017-10-26 12:52:00,45.83,45.84,45.83,45.84,200.0
2017-10-26 12:53:00,45.83,45.83,45.83,45.83,728.0
2017-10-26 12:54:00,45.83,45.83,45.83,45.83,100.0
2017-10-26 12:55:00,45.85,45.85,45.82,45.82,2500.0
2017-10-26 12:56:00,45.85,45.85,45.85,45.85,900.0
2017-10-26 12:57:00,45.85,45.85,45.85,45.85,100.0
2017-10-26 12:58:00,45.86,45.88,45.85,45.85,2900.0
2017-10-26 12:59:00,45.96,45.96,45.879,45.879,6995.0
2017-10-26 13:00:00,45.96,45.96,45.93,45.95,2631.0
2017-10-26 13:01:00,45.96,45.96,45.96,45.96,200.0
2017-10-26 13:02:00,45.93,45.96,45.91,45.96,3766.0
2017-10-26 13:03:00,45.97,45.97,45.93,45.95,2827.0
2017-10-26 13:04:00,45.98,45.98,45.98,45.98,100.0
2017-10-26 13:05:00,45.99,45.99,45.9681,45.9681,2305.0
2017-10-26 13:06:00,45.95,45.98,45.95,45.98,853.0
2017-10-26 13:07:00,45.93,45.94,45.93,45.93,300.0
2017-10-26 13:08:00,45.94,45.94,45.94,45.94,460.0
2017-10-26 13:09:00,45.94,45.94,45.94,45.94,200.0
2017-10-26 13:10:00,45.92,45.95,45.92,45.95,723.0
2017-10-26 13:11:00,45.92,45.9244,45.92,45.9244,409.0
2017-10-26 13:12:00,45.96,45.96,45.93,45.93,2472.0
2017-10-26 13:13:00,45.98,45.98,45.9521,45.9521,5202.0
2017-10-26 13:15:00,46.03,46.03,45.99,45.99,3184.0
2017-10-26 13:16:00,46.02,46.03,46.01,46.03,2200.0
2017-10-26 13:17:00,46.02,46.028,46.02,46.02,800.0
2017-10-26 13:18:00,46.03,46.03,46.03,46.03,1000.0
2017-10-26 13:19:00,46.04,46.04,46.035,46.035,400.0
2017-10-26 13:20:00,46.05,46.05,46.045,46.05,500.0
2017-10-26 13:21:00,46.05,46.05,46.05,46.05,900.0
2017-10-26 13:23:00,46.01,46.04,45.98,46.04,4098.0
2017-10-26 13:24:00,46.02,46.02,46.02,46.02,500.0
2017-10-26 13:26:00,46.02,46.02,46.01,46.01,1312.0
2017-10-26 13:27:00,46.0201,46.04,46.0201,46.03,1905.0
2017-10-26 13:29:00,46.02,46.025,46.02,46.025,1100.0
2017-10-26 13:30:00,46.0116,46.02,46.01,46.02,700.0
2017-10-26 13:31:00,46.06,46.06,46.02,46.02,3122.0
2017-10-26 13:32:00,46.05,46.06,46.05,46.06,1604.0
2017-10-26 13:33:00,46.06,46.07,46.06,46.06,1400.0
2017-10-26 13:34:00,46.07,46.07,46.06,46.06,2500.0
2017-10-26 13:35:00,46.07,46.07,46.0646,46.068999999999996,400.0
2017-10-26 13:36:00,46.06,46.065,46.06,46.06,1500.0
2017-10-26 13:37:00,46.08,46.08,46.07,46.07,800.0
2017-10-26 13:38:00,46.065,46.08,46.06,46.08,1500.0
2017-10-26 13:39:00,46.065,46.075,46.065,46.07,1629.0
2017-10-26 13:40:00,46.05,46.07,46.05,46.07,2050.0
2017-10-26 13:42:00,46.04,46.07,46.03,46.06,5100.0
2017-10-26 13:43:00,46.058,46.058,46.058,46.058,114.0
2017-10-26 13:44:00,46.0472,46.0472,46.0472,46.0472,712.0
2017-10-26 13:45:00,46.04,46.06,46.04,46.05,1386.0
2017-10-26 13:46:00,46.02,46.04,46.01,46.03,1997.0
2017-10-26 13:47:00,46.01,46.02,45.99,46.01,3181.0
2017-10-26 13:48:00,46.0,46.0,45.97,45.99,2000.0
2017-10-26 13:49:00,45.9954,45.9954,45.9954,45.9954,130.0
2017-10-26 13:51:00,46.0,46.0,45.99,45.99,1600.0
2017-10-26 13:52:00,46.0,46.01,46.0,46.0,2600.0
2017-10-26 13:53:00,46.0,46.03,46.0,46.02,1700.0
2017-10-26 13:55:00,45.99,46.01,45.99,46.01,1314.0
2017-10-26 13:56:00,46.0,46.0,46.0,46.0,200.0
2017-10-26 13:57:00,45.99,45.99,45.99,45.99,100.0
2017-10-26 13:58:00,45.99,46.02,45.99,46.01,6287.0
2017-10-26 13:59:00,46.0,46.0031,45.99,46.0031,993.0
2017-10-26 14:00:00,46.01,46.01,45.9801,45.995,537.0
2017-10-26 14:01:00,46.01,46.03,45.99,46.01,3201.0
2017-10-26 14:03:00,46.02,46.02,46.0,46.01,1500.0
2017-10-26 14:04:00,46.0,46.03,46.0,46.03,1250.0
2017-10-26 14:05:00,46.01,46.01,46.0,46.0,500.0
2017-10-26 14:06:00,46.03,46.03,46.02,46.02,1700.0
2017-10-26 14:07:00,46.0,46.03,45.98,46.03,4577.0
2017-10-26 14:08:00,45.97,46.0,45.97,46.0,1802.0
2017-10-26 14:09:00,45.98,45.99,45.98,45.99,500.0
2017-10-26 14:10:00,45.98,45.98,45.97,45.97,300.0
2017-10-26 14:11:00,45.98,45.98,45.97,45.97,600.0
2017-10-26 14:12:00,45.98,45.99,45.98,45.98,1400.0
2017-10-26 14:13:00,45.98,45.98,45.98,45.98,800.0
2017-10-26 14:14:00,45.9602,45.97,45.9598,45.97,400.0
2017-10-26 14:15:00,45.96,45.96,45.95,45.96,1600.0
2017-10-26 14:16:00,45.97,45.98,45.97,45.97,863.0
2017-10-26 14:17:00,45.97,45.97,45.96,45.96,1600.0
2017-10-26 14:18:00,45.96,45.96,45.96,45.96,400.0
2017-10-26 14:20:00,45.975,45.975,45.96,45.96,2200.0
2017-10-26 14:21:00,45.96,45.98,45.96,45.96,3362.0
2017-10-26 14:23:00,45.96,45.97,45.95,45.97,1900.0
2017-10-26 14:24:00,45.95,45.96,45.95,45.96,600.0
2017-10-26 14:25:00,45.97,45.97,45.96,45.96,1200.0
2017-10-26 14:26:00,45.97,45.97,45.96,45.97,800.0
2017-10-26 14:27:00,45.97,45.97,45.965,45.965,800.0
2017-10-26 14:28:00,45.96,45.97,45.96,45.97,200.0
2017-10-26 14:29:00,45.975,45.975,45.97,45.97,1588.0
2017-10-26 14:30:00,45.94,45.97,45.94,45.97,1645.0
2017-10-26 14:31:00,45.96,45.96,45.96,45.96,100.0
2017-10-26 14:32:00,45.93,45.95,45.93,45.95,1100.0
2017-10-26 14:33:00,45.91,45.93,45.91,45.93,4860.0
2017-10-26 14:34:00,45.91,45.91,45.9,45.9,2300.0
2017-10-26 14:35:00,45.9225,45.93,45.91,45.91,2321.0
2017-10-26 14:36:00,45.91,45.935,45.91,45.925,3000.0
2017-10-26 14:37:00,45.91,45.91,45.8901,45.8901,1300.0
2017-10-26 14:38:00,45.885,45.92,45.885,45.92,1780.0
2017-10-26 14:39:00,45.89,45.9,45.89,45.89,1700.0
2017-10-26 14:40:00,45.895,45.9,45.89,45.89,1544.0
2017-10-26 14:41:00,45.89,45.895,45.89,45.89,1900.0
2017-10-26 14:42:00,45.89,45.9,45.88,45.88,5400.0
2017-10-26 14:43:00,45.89,45.9,45.89,45.9,370.0
2017-10-26 14:44:00,45.91,45.91,45.89,45.895,3713.0
2017-10-26 14:45:00,45.91,45.915,45.91,45.915,304.0
2017-10-26 14:46:00,45.89,45.91,45.89,45.91,1381.0
2017-10-26 14:47:00,45.9,45.9,45.885,45.89,3559.0
2017-10-26 14:48:00,45.9,45.92,45.895,45.9001,6905.0
2017-10-26 14:49:00,45.87,45.9,45.87,45.9,1037.0
2017-10-26 14:50:00,45.8732,45.888000000000005,45.87,45.88,1151.0
2017-10-26 14:51:00,45.82,45.87,45.82,45.87,2100.0
2017-10-26 14:52:00,45.84,45.85,45.815,45.82,8886.0
2017-10-26 14:53:00,45.8001,45.84,45.8,45.84,7090.0
2017-10-26 14:54:00,45.8,45.83,45.8,45.8,3900.0
2017-10-26 14:55:00,45.82,45.82,45.82,45.82,100.0
2017-10-26 14:56:00,45.82,45.82,45.815,45.82,2312.0
2017-10-26 14:57:00,45.82,45.83,45.81,45.82,3691.0
2017-10-26 14:58:00,45.8268,45.83,45.82,45.82,750.0
2017-10-26 14:59:00,45.8,45.83,45.8,45.83,1329.0
2017-10-26 15:00:00,45.795,45.795,45.785,45.79,3566.0
2017-10-26 15:01:00,45.83,45.83,45.8,45.8,2034.0
2017-10-26 15:02:00,45.825,45.83,45.82,45.83,2000.0
2017-10-26 15:03:00,45.81,45.82,45.81,45.82,987.0
2017-10-26 15:04:00,45.81,45.83,45.8,45.82,14517.0
2017-10-26 15:05:00,45.795,45.81,45.78,45.81,3387.0
2017-10-26 15:06:00,45.79,45.8,45.79,45.8,200.0
2017-10-26 15:07:00,45.79,45.805,45.78,45.79,4300.0
2017-10-26 15:08:00,45.835,45.835,45.8,45.8,2488.0
2017-10-26 15:09:00,45.81,45.835,45.81,45.83,3653.0
2017-10-26 15:10:00,45.79,45.8,45.79,45.8,200.0
2017-10-26 15:11:00,45.825,45.825,45.78,45.78,1909.0
2017-10-26 15:12:00,45.83,45.83,45.83,45.83,100.0
2017-10-26 15:13:00,45.805,45.83,45.805,45.8288,2832.0
2017-10-26 15:14:00,45.82,45.82,45.81,45.81,2000.0
2017-10-26 15:15:00,45.81,45.815,45.81,45.81,1900.0
2017-10-26 15:16:00,45.83,45.83,45.81,45.8144,2600.0
2017-10-26 15:17:00,45.84,45.84,45.815,45.83,8979.0
2017-10-26 15:18:00,45.86,45.875,45.85,45.85,3208.0
2017-10-26 15:19:00,45.86,45.87,45.86,45.865,300.0
2017-10-26 15:20:00,45.87,45.87,45.865,45.87,400.0
2017-10-26 15:21:00,45.8737,45.88,45.86,45.865,2620.0
2017-10-26 15:22:00,45.88,45.88,45.88,45.88,100.0
2017-10-26 15:23:00,45.88,45.88,45.8712,45.875,410.0
2017-10-26 15:24:00,45.9,45.91,45.875,45.875,3000.0
2017-10-26 15:25:00,45.89,45.905,45.89,45.905,5121.0
2017-10-26 15:26:00,45.91,45.91,45.9,45.9,1000.0
2017-10-26 15:27:00,45.93,45.93,45.91,45.91,1900.0
2017-10-26 15:28:00,45.85,45.925,45.85,45.925,13886.0
2017-10-26 15:29:00,45.88,45.88,45.84,45.84,4400.0
2017-10-26 15:30:00,45.88,45.88,45.875,45.875,600.0
2017-10-26 15:31:00,45.87,45.88,45.87,45.88,1500.0
2017-10-26 15:32:00,45.89,45.895,45.88,45.88,2092.0
2017-10-26 15:33:00,45.855,45.9,45.855,45.9,5492.0
2017-10-26 15:34:00,45.845,45.85,45.84,45.85,600.0
2017-10-26 15:35:00,45.83,45.85,45.83,45.85,4000.0
2017-10-26 15:36:00,45.84,45.84,45.84,45.84,500.0
2017-10-26 15:37:00,45.84,45.845,45.83,45.84,6271.0
2017-10-26 15:38:00,45.84,45.84,45.81,45.83,6361.0
2017-10-26 15:39:00,45.8333,45.84,45.83,45.83,1932.0
2017-10-26 15:40:00,45.82,45.84,45.82,45.835,5839.0
2017-10-26 15:41:00,45.825,45.84,45.82,45.825,8389.0
2017-10-26 15:42:00,45.85,45.85,45.83,45.83,4000.0
2017-10-26 15:43:00,45.845,45.845,45.845,45.845,200.0
2017-10-26 15:44:00,45.85,45.855,45.84,45.845,5261.0
2017-10-26 15:45:00,45.84,45.86,45.84,45.86,6644.0
2017-10-26 15:46:00,45.85,45.85,45.82,45.83,5744.0
2017-10-26 15:47:00,45.855,45.858999999999995,45.84,45.84,2400.0
2017-10-26 15:48:00,45.81,45.86,45.8,45.855,12844.0
2017-10-26 15:49:00,45.795,45.81,45.79,45.81,5100.0
2017-10-26 15:50:00,45.79,45.79,45.77,45.79,8190.0
2017-10-26 15:51:00,45.77,45.795,45.765,45.795,8959.0
2017-10-26 15:52:00,45.785,45.785,45.77,45.77,4510.0
2017-10-26 15:53:00,45.795,45.8,45.785,45.785,6513.0
2017-10-26 15:54:00,45.77,45.8,45.77,45.8,8872.0
2017-10-26 15:55:00,45.785,45.79,45.77,45.77,6965.0
2017-10-26 15:56:00,45.775,45.8,45.77,45.79,24103.0
2017-10-26 15:57:00,45.77,45.79,45.77,45.77,9200.0
2017-10-26 15:58:00,45.76,45.77,45.74,45.77,18943.0
2017-10-26 15:59:00,45.76,45.77,45.76,45.765,9188.0
2017-10-26 16:00:00,45.745,45.77,45.74,45.765,34452.0
2017-10-27 09:30:00,45.36,45.36,45.36,45.36,25646.0
2017-10-27 09:31:00,45.38,45.395,45.18,45.18,3480.0
2017-10-27 09:32:00,45.37,45.43,45.36,45.42,3000.0
2017-10-27 09:33:00,45.3,45.36,45.3,45.36,900.0
2017-10-27 09:34:00,45.37,45.4,45.34,45.34,800.0
2017-10-27 09:35:00,45.4,45.42,45.4,45.4,700.0
2017-10-27 09:36:00,45.35,45.45,45.35,45.44,3300.0
2017-10-27 09:37:00,45.35,45.39,45.35,45.39,500.0
2017-10-27 09:38:00,45.29,45.33,45.29,45.33,1150.0
2017-10-27 09:39:00,45.3,45.3,45.29,45.29,300.0
2017-10-27 09:40:00,45.31,45.32,45.31,45.32,200.0
2017-10-27 09:41:00,45.32,45.32,45.3,45.31,1100.0
2017-10-27 09:42:00,45.34,45.36,45.33,45.33,1300.0
2017-10-27 09:43:00,45.295,45.35,45.28,45.35,1510.0
2017-10-27 09:44:00,45.27,45.295,45.25,45.295,3713.0
2017-10-27 09:45:00,45.32,45.33,45.27,45.27,4100.0
2017-10-27 09:46:00,45.34,45.35,45.31,45.31,805.0
2017-10-27 09:47:00,45.385,45.41,45.36,45.36,1200.0
2017-10-27 09:48:00,45.32,45.38,45.31,45.38,2704.0
2017-10-27 09:49:00,45.35,45.35,45.32,45.33,1300.0
2017-10-27 09:50:00,45.305,45.35,45.305,45.35,700.0
2017-10-27 09:51:00,45.34,45.355,45.3,45.3,2347.0
2017-10-27 09:52:00,45.28,45.33,45.27,45.31,4169.0
2017-10-27 09:53:00,45.2,45.29,45.2,45.29,1892.0
2017-10-27 09:54:00,45.2,45.22,45.17,45.19,6091.0
2017-10-27 09:55:00,45.22,45.22,45.2,45.21,978.0
2017-10-27 09:56:00,45.23,45.24,45.23,45.23,700.0
2017-10-27 09:57:00,45.23,45.23,45.23,45.23,500.0
2017-10-27 09:58:00,45.19,45.21,45.19,45.2,1031.0
2017-10-27 09:59:00,45.19,45.19,45.16,45.19,3185.0
2017-10-27 10:00:00,45.22,45.22,45.21,45.22,400.0
2017-10-27 10:01:00,45.27,45.28,45.22,45.23,2000.0
2017-10-27 10:02:00,45.3,45.315,45.2552,45.26,4120.0
2017-10-27 10:03:00,45.31,45.34,45.3,45.31,2796.0
2017-10-27 10:04:00,45.365,45.37,45.31,45.31,2300.0
2017-10-27 10:05:00,45.32,45.395,45.31,45.39,2131.0
2017-10-27 10:06:00,45.3,45.32,45.295,45.32,3925.0
2017-10-27 10:07:00,45.33,45.33,45.3,45.3,5051.0
2017-10-27 10:08:00,45.32,45.34,45.3,45.32,1300.0
2017-10-27 10:09:00,45.36,45.36,45.32,45.32,1884.0
2017-10-27 10:10:00,45.35,45.37,45.35,45.37,500.0
2017-10-27 10:11:00,45.31,45.35,45.31,45.35,982.0
2017-10-27 10:12:00,45.29,45.3,45.28,45.3,4842.0
2017-10-27 10:13:00,45.29,45.3,45.28,45.29,2244.0
2017-10-27 10:14:00,45.31,45.32,45.3,45.3,2699.0
2017-10-27 10:15:00,45.29,45.3,45.285,45.3,2161.0
2017-10-27 10:16:00,45.3108,45.3108,45.29,45.29,1734.0
2017-10-27 10:17:00,45.3,45.31,45.28,45.3,3051.0
2017-10-27 10:18:00,45.2998,45.2998,45.2998,45.2998,100.0
2017-10-27 10:19:00,45.3,45.31,45.29,45.29,1400.0
2017-10-27 10:20:00,45.3,45.3,45.3,45.3,300.0
2017-10-27 10:21:00,45.331,45.331,45.3,45.3,2420.0
2017-10-27 10:22:00,45.34,45.35,45.34,45.34,1701.0
2017-10-27 10:23:00,45.34,45.34,45.33,45.33,1400.0
2017-10-27 10:24:00,45.31,45.33,45.31,45.33,700.0
2017-10-27 10:25:00,45.32,45.32,45.3,45.3,1400.0
2017-10-27 10:26:00,45.31,45.31,45.31,45.31,100.0
2017-10-27 10:27:00,45.34,45.34,45.32,45.32,2100.0
2017-10-27 10:28:00,45.33,45.3445,45.33,45.34,2858.0
2017-10-27 10:29:00,45.3305,45.34,45.32,45.34,2190.0
2017-10-27 10:30:00,45.335,45.345,45.32,45.33,1810.0
2017-10-27 10:31:00,45.33,45.36,45.33,45.34,1602.0
2017-10-27 10:32:00,45.325,45.34,45.325,45.335,2969.0
2017-10-27 10:33:00,45.35,45.37,45.33,45.33,2700.0
2017-10-27 10:34:00,45.33,45.36,45.33,45.35,1682.0
2017-10-27 10:35:00,45.32,45.34,45.32,45.33,2600.0
2017-10-27 10:36:00,45.31,45.31,45.31,45.31,100.0
2017-10-27 10:37:00,45.27,45.34,45.27,45.33,9788.0
2017-10-27 10:38:00,45.285,45.3,45.285,45.29,3552.0
2017-10-27 10:39:00,45.25,45.3,45.23,45.29,8595.0
2017-10-27 10:40:00,45.29,45.29,45.26,45.26,2400.0
2017-10-27 10:41:00,45.28,45.29,45.27,45.29,1300.0
2017-10-27 10:42:00,45.31,45.33,45.27,45.2788,3076.0
2017-10-27 10:43:00,45.32,45.32,45.3038,45.3038,1250.0
2017-10-27 10:44:00,45.33,45.33,45.31,45.31,824.0
2017-10-27 10:45:00,45.3,45.33,45.28,45.33,4000.0
2017-10-27 10:46:00,45.31,45.31,45.31,45.31,200.0
2017-10-27 10:47:00,45.305,45.31,45.305,45.31,2000.0
2017-10-27 10:48:00,45.31,45.32,45.3014,45.31,1450.0
2017-10-27 10:49:00,45.35,45.35,45.31,45.31,2793.0
2017-10-27 10:50:00,45.36,45.37,45.34,45.34,5300.0
2017-10-27 10:51:00,45.365,45.37,45.355,45.36,1400.0
2017-10-27 10:52:00,45.37,45.37,45.365,45.365,300.0
2017-10-27 10:53:00,45.355,45.36,45.35,45.36,801.0
2017-10-27 10:54:00,45.33,45.35,45.33,45.35,2401.0
2017-10-27 10:55:00,45.321999999999996,45.35,45.321999999999996,45.34,4408.0
2017-10-27 10:56:00,45.3,45.34,45.3,45.34,3401.0
2017-10-27 10:57:00,45.301,45.31,45.3,45.3,1000.0
2017-10-27 10:58:00,45.32,45.32,45.3,45.3,2951.0
2017-10-27 10:59:00,45.3,45.33,45.3,45.32,5035.0
2017-10-27 11:00:00,45.31,45.32,45.29,45.305,4650.0
2017-10-27 11:01:00,45.31,45.32,45.3,45.315,1902.0
2017-10-27 11:02:00,45.32,45.32,45.295,45.31,2800.0
2017-10-27 11:03:00,45.33,45.33,45.31,45.32,1600.0
2017-10-27 11:04:00,45.33,45.33,45.33,45.33,100.0
2017-10-27 11:05:00,45.3288,45.3288,45.3288,45.3288,109.0
2017-10-27 11:06:00,45.31,45.32,45.305,45.32,2800.0
2017-10-27 11:07:00,45.3,45.32,45.3,45.3,2145.0
2017-10-27 11:08:00,45.32,45.32,45.3,45.3,2122.0
2017-10-27 11:09:00,45.28,45.31,45.28,45.31,3260.0
2017-10-27 11:10:00,45.3,45.3,45.3,45.3,300.0
2017-10-27 11:11:00,45.315,45.32,45.29,45.3,8767.0
2017-10-27 11:12:00,45.37,45.37,45.32,45.32,1914.0
2017-10-27 11:13:00,45.38,45.39,45.38,45.38,600.0
2017-10-27 11:14:00,45.39,45.39,45.39,45.39,300.0
2017-10-27 11:15:00,45.37,45.4,45.37,45.4,1740.0
2017-10-27 11:16:00,45.38,45.39,45.38,45.38,1300.0
2017-10-27 11:17:00,45.385,45.385,45.38,45.38,650.0
2017-10-27 11:18:00,45.4,45.4,45.385,45.39,1138.0
2017-10-27 11:19:00,45.393,45.4,45.393,45.4,610.0
2017-10-27 11:20:00,45.4,45.41,45.4,45.4,1317.0
2017-10-27 11:21:00,45.42,45.42,45.41,45.42,700.0
2017-10-27 11:22:00,45.43,45.43,45.43,45.43,300.0
2017-10-27 11:23:00,45.43,45.43,45.43,45.43,1190.0
2017-10-27 11:24:00,45.43,45.44,45.4296,45.43,1750.0
2017-10-27 11:25:00,45.44,45.45,45.44,45.44,2400.0
2017-10-27 11:26:00,45.52,45.52,45.45,45.45,6350.0
2017-10-27 11:27:00,45.53,45.53,45.5,45.52,5181.0
2017-10-27 11:28:00,45.49,45.52,45.49,45.52,12624.0
2017-10-27 11:29:00,45.45,45.48,45.45,45.48,1200.0
2017-10-27 11:30:00,45.45,45.45,45.45,45.45,100.0
2017-10-27 11:31:00,45.48,45.48,45.44,45.44,1600.0
2017-10-27 11:32:00,45.5,45.52,45.485,45.485,1101.0
2017-10-27 11:33:00,45.54,45.54,45.5,45.5,1398.0
2017-10-27 11:34:00,45.51,45.54,45.51,45.54,400.0
2017-10-27 11:35:00,45.5,45.5,45.5,45.5,600.0
2017-10-27 11:36:00,45.52,45.53,45.49,45.5,2900.0
2017-10-27 11:37:00,45.52,45.5312,45.52,45.5312,610.0
2017-10-27 11:38:00,45.54,45.54,45.53,45.53,700.0
2017-10-27 11:39:00,45.53,45.53,45.53,45.53,300.0
2017-10-27 11:40:00,45.54,45.54,45.54,45.54,100.0
2017-10-27 11:41:00,45.5,45.52,45.5,45.52,3200.0
2017-10-27 11:42:00,45.51,45.51,45.505,45.51,702.0
2017-10-27 11:43:00,45.47,45.5,45.46,45.5,2000.0
2017-10-27 11:44:00,45.48,45.48,45.4665,45.4665,613.0
2017-10-27 11:45:00,45.48,45.48,45.48,45.48,300.0
2017-10-27 11:46:00,45.47,45.48,45.47,45.48,609.0
2017-10-27 11:47:00,45.47,45.47,45.44,45.47,7111.0
2017-10-27 11:48:00,45.55,45.56,45.46,45.47,7395.0
2017-10-27 11:49:00,45.55,45.55,45.54,45.54,1700.0
2017-10-27 11:50:00,45.53,45.55,45.53,45.55,1400.0
2017-10-27 11:51:00,45.53,45.54,45.53,45.54,1716.0
2017-10-27 11:52:00,45.51,45.52,45.51,45.52,1100.0
2017-10-27 11:53:00,45.46,45.5,45.46,45.5,4659.0
2017-10-27 11:54:00,45.42,45.45,45.42,45.45,3590.0
2017-10-27 11:55:00,45.42,45.42,45.42,45.42,800.0
2017-10-27 11:56:00,45.41,45.42,45.4049,45.41,700.0
2017-10-27 11:57:00,45.43,45.43,45.41,45.41,1875.0
2017-10-27 11:58:00,45.42,45.42,45.42,45.42,300.0
2017-10-27 11:59:00,45.41,45.42,45.4062,45.42,1111.0
2017-10-27 12:00:00,45.4249,45.4249,45.41,45.41,1103.0
2017-10-27 12:01:00,45.39,45.43,45.39,45.43,20560.0
2017-10-27 12:02:00,45.4088,45.41,45.38,45.4,3102.0
2017-10-27 12:04:00,45.39,45.41,45.385,45.4,11952.0
2017-10-27 12:05:00,45.38,45.4,45.38,45.39,2207.0
2017-10-27 12:06:00,45.39,45.4,45.37,45.39,3500.0
2017-10-27 12:07:00,45.36,45.39,45.36,45.39,605.0
2017-10-27 12:08:00,45.37,45.38,45.37,45.37,1900.0
2017-10-27 12:09:00,45.34,45.37,45.33,45.37,7392.0
2017-10-27 12:10:00,45.39,45.39,45.35,45.36,1500.0
2017-10-27 12:11:00,45.36,45.39,45.36,45.39,2000.0
2017-10-27 12:12:00,45.33,45.36,45.33,45.35,4300.0
2017-10-27 12:13:00,45.34,45.34,45.33,45.34,1800.0
2017-10-27 12:14:00,45.32,45.34,45.32,45.34,3260.0
2017-10-27 12:15:00,45.34,45.35,45.34,45.34,1900.0
2017-10-27 12:16:00,45.33,45.37,45.33,45.345,7581.0
2017-10-27 12:17:00,45.32,45.34,45.32,45.34,2800.0
2017-10-27 12:18:00,45.31,45.32,45.305,45.32,2000.0
2017-10-27 12:19:00,45.3,45.31,45.3,45.31,1700.0
2017-10-27 12:20:00,45.3,45.3,45.29,45.29,1200.0
2017-10-27 12:21:00,45.3,45.31,45.295,45.3,3345.0
2017-10-27 12:22:00,45.29,45.31,45.29,45.29,3000.0
2017-10-27 12:24:00,45.31,45.32,45.29,45.3,8611.0
2017-10-27 12:25:00,45.3487,45.35,45.32,45.32,1400.0
2017-10-27 12:27:00,45.39,45.4,45.35,45.35,2800.0
2017-10-27 12:28:00,45.34,45.38,45.33,45.38,6280.0
2017-10-27 12:30:00,45.3144,45.35,45.31,45.35,3550.0
2017-10-27 12:31:00,45.3,45.325,45.29,45.315,11350.0
2017-10-27 12:32:00,45.28,45.3,45.28,45.3,2199.0
2017-10-27 12:33:00,45.24,45.28,45.24,45.28,7796.0
2017-10-27 12:34:00,45.25,45.25,45.24,45.24,3021.0
2017-10-27 12:35:00,45.25,45.26,45.24,45.24,3603.0
2017-10-27 12:36:00,45.27,45.275,45.25,45.255,1935.0
2017-10-27 12:37:00,45.27,45.28,45.27,45.27,1719.0
2017-10-27 12:38:00,45.27,45.28,45.27,45.275,4280.0
2017-10-27 12:39:00,45.25,45.27,45.25,45.27,4819.0
2017-10-27 12:40:00,45.25,45.26,45.25,45.25,12538.0
2017-10-27 12:41:00,45.25,45.25,45.2225,45.25,10277.0
2017-10-27 12:42:00,45.25,45.25,45.24,45.24,4300.0
2017-10-27 12:43:00,45.26,45.27,45.24,45.25,14529.0
2017-10-27 12:44:00,45.3,45.31,45.25,45.26,55190.0
2017-10-27 12:45:00,45.29,45.32,45.29,45.3075,15396.0
2017-10-27 12:46:00,45.3,45.3,45.28,45.29,22982.0
2017-10-27 12:47:00,45.27,45.3,45.27,45.29,6699.0
2017-10-27 12:48:00,45.28,45.28,45.27,45.275,900.0
2017-10-27 12:49:00,45.28,45.28,45.275,45.275,1275.0
2017-10-27 12:50:00,45.29,45.3,45.2848,45.2848,4902.0
2017-10-27 12:51:00,45.27,45.31,45.27,45.3,9922.0
2017-10-27 12:52:00,45.29,45.3,45.27,45.27,3600.0
2017-10-27 12:53:00,45.28,45.29,45.28,45.29,3214.0
2017-10-27 12:54:00,45.26,45.27,45.26,45.27,2510.0
2017-10-27 12:55:00,45.26,45.27,45.26,45.26,4925.0
2017-10-27 12:56:00,45.21,45.255,45.2,45.255,8337.0
2017-10-27 12:57:00,45.18,45.22,45.17,45.22,2943.0
2017-10-27 12:58:00,45.18,45.19,45.18,45.18,1700.0
2017-10-27 12:59:00,45.1886,45.19,45.18,45.19,1200.0
2017-10-27 13:00:00,45.2,45.201,45.18,45.18,5320.0
2017-10-27 13:01:00,45.24,45.25,45.21,45.21,1200.0
2017-10-27 13:02:00,45.28,45.28,45.25,45.25,2875.0
2017-10-27 13:03:00,45.27,45.27,45.24,45.27,3312.0
2017-10-27 13:04:00,45.27,45.27,45.26,45.26,1900.0
2017-10-27 13:05:00,45.295,45.295,45.28,45.28,900.0
2017-10-27 13:06:00,45.29,45.29,45.29,45.29,270.0
2017-10-27 13:07:00,45.29,45.32,45.29,45.3,2350.0
2017-10-27 13:08:00,45.28,45.29,45.28,45.28,900.0
2017-10-27 13:10:00,45.27,45.27,45.27,45.27,719.0
2017-10-27 13:11:00,45.26,45.27,45.25,45.26,3000.0
2017-10-27 13:12:00,45.25,45.2725,45.24,45.27,2344.0
2017-10-27 13:13:00,45.25,45.25,45.24,45.24,400.0
2017-10-27 13:14:00,45.25,45.25,45.25,45.25,1100.0
2017-10-27 13:15:00,45.26,45.26,45.26,45.26,300.0
2017-10-27 13:16:00,45.2755,45.28,45.2734,45.28,879.0
2017-10-27 13:17:00,45.27,45.28,45.26,45.2733,1163.0
2017-10-27 13:18:00,45.3,45.3,45.26,45.26,801.0
2017-10-27 13:19:00,45.29,45.3,45.28,45.3,1380.0
2017-10-27 13:20:00,45.29,45.3,45.28,45.29,1000.0
2017-10-27 13:21:00,45.2769,45.2769,45.2769,45.2769,209.0
2017-10-27 13:22:00,45.29,45.29,45.29,45.29,100.0
2017-10-27 13:23:00,45.2831,45.29,45.28,45.28,1200.0
2017-10-27 13:24:00,45.27,45.27,45.27,45.27,500.0
2017-10-27 13:26:00,45.28,45.28,45.27,45.27,200.0
2017-10-27 13:27:00,45.26,45.27,45.26,45.27,200.0
2017-10-27 13:28:00,45.2697,45.28,45.265,45.28,1668.0
2017-10-27 13:29:00,45.28,45.28,45.271,45.2714,2357.0
2017-10-27 13:30:00,45.3,45.3,45.29,45.29,1563.0
2017-10-27 13:31:00,45.29,45.29,45.29,45.29,1500.0
2017-10-27 13:32:00,45.29,45.29,45.265,45.28,1991.0
2017-10-27 13:33:00,45.28,45.28,45.28,45.28,200.0
2017-10-27 13:34:00,45.26,45.27,45.26,45.27,1300.0
2017-10-27 13:35:00,45.26,45.26,45.25,45.26,1787.0
2017-10-27 13:36:00,45.29,45.29,45.2814,45.2814,300.0
2017-10-27 13:37:00,45.25,45.27,45.25,45.27,1100.0
2017-10-27 13:39:00,45.23,45.24,45.23,45.24,1100.0
2017-10-27 13:40:00,45.23,45.24,45.21,45.22,1400.0
2017-10-27 13:41:00,45.2198,45.22,45.2,45.22,1345.0
2017-10-27 13:42:00,45.21,45.22,45.21,45.22,800.0
2017-10-27 13:44:00,45.21,45.21,45.21,45.21,600.0
2017-10-27 13:45:00,45.19,45.2,45.19,45.2,706.0
2017-10-27 13:46:00,45.19,45.21,45.19,45.2,2500.0
2017-10-27 13:47:00,45.225,45.225,45.19,45.19,1600.0
2017-10-27 13:49:00,45.24,45.25,45.23,45.23,2700.0
2017-10-27 13:50:00,45.23,45.23,45.23,45.23,300.0
2017-10-27 13:51:00,45.23,45.23,45.23,45.23,300.0
2017-10-27 13:53:00,45.21,45.23,45.21,45.23,3184.0
2017-10-27 13:54:00,45.218999999999994,45.218999999999994,45.218999999999994,45.218999999999994,200.0
2017-10-27 13:55:00,45.2,45.22,45.175,45.2,4160.0
2017-10-27 13:56:00,45.2,45.2,45.175,45.19,2860.0
2017-10-27 13:57:00,45.19,45.19,45.19,45.19,300.0
2017-10-27 13:58:00,45.14,45.2,45.14,45.19,3575.0
2017-10-27 13:59:00,45.13,45.17,45.13,45.13,4600.0
2017-10-27 14:00:00,45.13,45.14,45.13,45.14,1850.0
2017-10-27 14:01:00,45.1,45.13,45.1,45.13,1900.0
2017-10-27 14:02:00,45.11,45.12,45.11,45.12,1800.0
2017-10-27 14:03:00,45.11,45.13,45.11,45.1299,1576.0
2017-10-27 14:04:00,45.12,45.135,45.11,45.11,2700.0
2017-10-27 14:05:00,45.11,45.15,45.11,45.13,1900.0
2017-10-27 14:06:00,45.1,45.115,45.1,45.11,3933.0
2017-10-27 14:07:00,45.1252,45.1252,45.1,45.11,1300.0
2017-10-27 14:08:00,45.1298,45.1298,45.11,45.12,1310.0
2017-10-27 14:09:00,45.11,45.12,45.11,45.11,511.0
2017-10-27 14:10:00,45.12,45.13,45.11,45.13,2825.0
2017-10-27 14:11:00,45.16,45.16,45.13,45.13,3715.0
2017-10-27 14:12:00,45.18,45.18,45.16,45.16,1400.0
2017-10-27 14:13:00,45.17,45.18,45.17,45.18,700.0
2017-10-27 14:14:00,45.16,45.16,45.155,45.16,1000.0
2017-10-27 14:15:00,45.16,45.16,45.15,45.15,900.0
2017-10-27 14:16:00,45.19,45.19,45.16,45.16,2980.0
2017-10-27 14:17:00,45.21,45.21,45.195,45.2,2478.0
2017-10-27 14:18:00,45.2,45.21,45.17,45.21,4704.0
2017-10-27 14:19:00,45.21,45.21,45.2,45.2,600.0
2017-10-27 14:20:00,45.19,45.2,45.18,45.2,3300.0
2017-10-27 14:21:00,45.18,45.2,45.18,45.2,1600.0
2017-10-27 14:22:00,45.18,45.19,45.18,45.19,1500.0
2017-10-27 14:23:00,45.18,45.2,45.18,45.18,2300.0
2017-10-27 14:24:00,45.17,45.19,45.17,45.19,6660.0
2017-10-27 14:25:00,45.19,45.19,45.185,45.185,1500.0
2017-10-27 14:26:00,45.19,45.195,45.19,45.19,1400.0
2017-10-27 14:27:00,45.18,45.19,45.18,45.18,1715.0
2017-10-27 14:28:00,45.19,45.19,45.185,45.19,2700.0
2017-10-27 14:29:00,45.19,45.19,45.185,45.19,2724.0
2017-10-27 14:30:00,45.19,45.1951,45.18,45.18,1200.0
2017-10-27 14:31:00,45.1858,45.19,45.185,45.19,2400.0
2017-10-27 14:32:00,45.185,45.185,45.185,45.185,100.0
2017-10-27 14:33:00,45.19,45.19,45.18,45.185,12138.0
2017-10-27 14:34:00,45.16,45.185,45.145,45.18,11049.0
2017-10-27 14:35:00,45.16,45.165,45.145,45.16,6422.0
2017-10-27 14:36:00,45.15,45.17,45.15,45.16,4400.0
2017-10-27 14:37:00,45.16,45.16,45.155,45.16,600.0
2017-10-27 14:38:00,45.155,45.155,45.155,45.155,778.0
2017-10-27 14:39:00,45.155,45.16,45.155,45.16,4000.0
2017-10-27 14:40:00,45.1575,45.16,45.155,45.155,1952.0
2017-10-27 14:41:00,45.13,45.155,45.13,45.15,11506.0
2017-10-27 14:42:00,45.13,45.14,45.125,45.125,4325.0
2017-10-27 14:43:00,45.13,45.13,45.13,45.13,100.0
2017-10-27 14:44:00,45.14,45.14,45.135,45.135,4820.0
2017-10-27 14:45:00,45.13,45.14,45.13,45.135,7927.0
2017-10-27 14:46:00,45.11,45.125,45.11,45.125,3177.0
2017-10-27 14:47:00,45.11,45.11,45.11,45.11,100.0
2017-10-27 14:48:00,45.14,45.14,45.11,45.11,4781.0
2017-10-27 14:49:00,45.1,45.16,45.1,45.135,18005.0
2017-10-27 14:50:00,45.14,45.14,45.095,45.1,5597.0
2017-10-27 14:51:00,45.135,45.14,45.13,45.13,890.0
2017-10-27 14:52:00,45.13,45.14,45.125,45.14,11430.0
2017-10-27 14:53:00,45.13,45.13,45.125,45.125,3305.0
2017-10-27 14:54:00,45.135,45.14,45.1301,45.1301,500.0
2017-10-27 14:55:00,45.135,45.14,45.135,45.135,600.0
2017-10-27 14:56:00,45.125,45.14,45.12,45.14,3200.0
2017-10-27 14:57:00,45.14,45.14,45.125,45.13,2362.0
2017-10-27 14:58:00,45.125,45.14,45.125,45.14,4174.0
2017-10-27 14:59:00,45.125,45.13,45.12,45.125,500.0
2017-10-27 15:00:00,45.115,45.125,45.105,45.125,8967.0
2017-10-27 15:01:00,45.11,45.11,45.11,45.11,500.0
2017-10-27 15:02:00,45.12,45.12,45.12,45.12,100.0
2017-10-27 15:03:00,45.09,45.12,45.09,45.11,8100.0
2017-10-27 15:04:00,45.1,45.1,45.09,45.09,1135.0
2017-10-27 15:05:00,45.1,45.1,45.085,45.1,6477.0
2017-10-27 15:06:00,45.11,45.11,45.09,45.095,2400.0
2017-10-27 15:07:00,45.115,45.13,45.11,45.11,3797.0
2017-10-27 15:08:00,45.125,45.125,45.12,45.12,900.0
2017-10-27 15:09:00,45.1,45.1201,45.1,45.1201,5902.0
2017-10-27 15:10:00,45.12,45.13,45.1,45.1,4600.0
2017-10-27 15:11:00,45.13,45.14,45.115,45.12,2453.0
2017-10-27 15:12:00,45.11,45.135,45.1,45.1343,9563.0
2017-10-27 15:13:00,45.1,45.11,45.1,45.11,2100.0
2017-10-27 15:14:00,45.125,45.13,45.11,45.11,5398.0
2017-10-27 15:15:00,45.14,45.14,45.12,45.13,3300.0
2017-10-27 15:16:00,45.12,45.15,45.11,45.14,6693.0
2017-10-27 15:17:00,45.14,45.14,45.12,45.12,1590.0
2017-10-27 15:18:00,45.15,45.15,45.14,45.14,2100.0
2017-10-27 15:19:00,45.13,45.16,45.13,45.16,4981.0
2017-10-27 15:20:00,45.13,45.135,45.111000000000004,45.135,7789.0
2017-10-27 15:21:00,45.16,45.16,45.1304,45.1304,1950.0
2017-10-27 15:22:00,45.15,45.17,45.15,45.165,6800.0
2017-10-27 15:23:00,45.15,45.16,45.15,45.15,4203.0
2017-10-27 15:24:00,45.13,45.15,45.13,45.15,7640.0
2017-10-27 15:25:00,45.155,45.16,45.1324,45.1324,2803.0
2017-10-27 15:26:00,45.18,45.18,45.16,45.16,2068.0
2017-10-27 15:27:00,45.2,45.205,45.195,45.195,2900.0
2017-10-27 15:28:00,45.23,45.23,45.2,45.2,5520.0
2017-10-27 15:29:00,45.27,45.28,45.23,45.23,4774.0
2017-10-27 15:30:00,45.305,45.31,45.26,45.275,11501.0
2017-10-27 15:31:00,45.315,45.32,45.3,45.305,6046.0
2017-10-27 15:32:00,45.33,45.34,45.31,45.32,7422.0
2017-10-27 15:33:00,45.33,45.34,45.31,45.335,8129.0
2017-10-27 15:34:00,45.325,45.34,45.32,45.33,8486.0
2017-10-27 15:35:00,45.345,45.35,45.32,45.325,7118.0
2017-10-27 15:36:00,45.335,45.345,45.33,45.345,5239.0
2017-10-27 15:37:00,45.37,45.37,45.33,45.33,7110.0
2017-10-27 15:38:00,45.39,45.39,45.36,45.365,3936.0
2017-10-27 15:39:00,45.375,45.4,45.375,45.39,13292.0
2017-10-27 15:40:00,45.37,45.375,45.36,45.375,1700.0
2017-10-27 15:41:00,45.36,45.37,45.36,45.36,2200.0
2017-10-27 15:42:00,45.37,45.37,45.36,45.36,2041.0
2017-10-27 15:43:00,45.37,45.37,45.36,45.36,2263.0
2017-10-27 15:44:00,45.35,45.37,45.35,45.37,8249.0
2017-10-27 15:45:00,45.36,45.37,45.35,45.35,12886.0
2017-10-27 15:46:00,45.375,45.375,45.36,45.36,5607.0
2017-10-27 15:47:00,45.36,45.38,45.36,45.3735,12871.0
2017-10-27 15:48:00,45.35,45.37,45.35,45.36,7059.0
2017-10-27 15:49:00,45.38,45.39,45.35,45.36,12876.0
2017-10-27 15:50:00,45.375,45.39,45.37,45.38,6886.0
2017-10-27 15:51:00,45.38,45.39,45.37,45.37,10641.0
2017-10-27 15:52:00,45.38,45.3899,45.38,45.38,4980.0
2017-10-27 15:53:00,45.355,45.385,45.34,45.385,14843.0
2017-10-27 15:54:00,45.37,45.38,45.35,45.355,9614.0
2017-10-27 15:55:00,45.34,45.38,45.34,45.37,9678.0
2017-10-27 15:56:00,45.375,45.38,45.34,45.345,16558.0
2017-10-27 15:57:00,45.32,45.38,45.32,45.375,15431.0
2017-10-27 15:58:00,45.33,45.33,45.31,45.325,10868.0
2017-10-27 15:59:00,45.315,45.33,45.31,45.325,12675.0
2017-10-27 16:00:00,45.36,45.36,45.31,45.31,21096.0
2017-10-30 09:30:00,45.22,45.22,45.22,45.22,12066.0
2017-10-30 09:32:00,45.19,45.19,45.1412,45.15,800.0
2017-10-30 09:33:00,45.07,45.17,45.04,45.15,2150.0
2017-10-30 09:35:00,45.125,45.125,45.095,45.12,821.0
2017-10-30 09:36:00,45.21,45.22,45.11,45.12,1300.0
2017-10-30 09:37:00,45.16,45.22,45.14,45.21,5000.0
2017-10-30 09:38:00,45.14,45.17,45.14,45.17,800.0
2017-10-30 09:39:00,45.16,45.17,45.15,45.15,474.0
2017-10-30 09:40:00,45.11,45.15,45.11,45.15,2315.0
2017-10-30 09:41:00,45.145,45.145,45.13,45.13,400.0
2017-10-30 09:42:00,45.1128,45.145,45.11,45.145,1541.0
2017-10-30 09:43:00,45.08,45.15,45.04,45.15,11420.0
2017-10-30 09:44:00,45.19,45.19,45.08,45.09,3406.0
2017-10-30 09:45:00,45.2,45.25,45.2,45.22,2953.0
2017-10-30 09:46:00,45.18,45.21,45.18,45.19,2219.0
2017-10-30 09:47:00,45.25,45.25,45.19,45.19,3746.0
2017-10-30 09:48:00,45.24,45.24,45.21,45.21,2110.0
2017-10-30 09:49:00,45.19,45.25,45.19,45.25,5900.0
2017-10-30 09:50:00,45.18,45.2,45.16,45.2,1100.0
2017-10-30 09:51:00,45.17,45.19,45.11,45.16,3200.0
2017-10-30 09:52:00,45.18,45.21,45.145,45.17,6100.0
2017-10-30 09:53:00,45.15,45.185,45.14,45.185,2100.0
2017-10-30 09:54:00,45.16,45.17,45.15,45.16,1031.0
2017-10-30 09:55:00,45.17,45.21,45.17,45.195,1500.0
2017-10-30 09:56:00,45.16,45.16,45.16,45.16,400.0
2017-10-30 09:57:00,45.17,45.17,45.1676,45.1676,885.0
2017-10-30 09:58:00,45.15,45.19,45.15,45.19,1200.0
2017-10-30 09:59:00,45.11,45.12,45.11,45.12,300.0
2017-10-30 10:00:00,45.1268,45.1268,45.1,45.1,1200.0
2017-10-30 10:01:00,45.115,45.13,45.09,45.11,4839.0
2017-10-30 10:02:00,45.12,45.15,45.12,45.14,3850.0
2017-10-30 10:03:00,45.125,45.13,45.12,45.12,2677.0
2017-10-30 10:04:00,45.09,45.14,45.08,45.13,11597.0
2017-10-30 10:05:00,45.08,45.0999,45.07,45.0999,16204.0
2017-10-30 10:06:00,45.07,45.08,45.05,45.08,1913.0
2017-10-30 10:07:00,45.03,45.06,45.03,45.06,3800.0
2017-10-30 10:08:00,45.04,45.04,45.04,45.04,210.0
2017-10-30 10:09:00,44.97,45.04,44.97,45.04,5593.0
2017-10-30 10:10:00,44.95,44.98,44.9,44.98,4100.0
2017-10-30 10:11:00,44.94,44.96,44.94,44.96,1221.0
2017-10-30 10:12:00,44.93,44.94,44.93,44.94,600.0
2017-10-30 10:13:00,44.92,44.93,44.92,44.92,1623.0
2017-10-30 10:14:00,44.94,44.95,44.94,44.94,3796.0
2017-10-30 10:15:00,44.91,44.94,44.91,44.94,2126.0
2017-10-30 10:16:00,44.92,44.92,44.92,44.92,1100.0
2017-10-30 10:17:00,44.95,44.96,44.93,44.93,2209.0
2017-10-30 10:18:00,44.94,44.94,44.94,44.94,800.0
2017-10-30 10:19:00,44.93,44.94,44.93,44.94,1500.0
2017-10-30 10:20:00,44.99,44.99,44.94,44.94,2617.0
2017-10-30 10:21:00,44.96,44.98,44.96,44.96,1240.0
2017-10-30 10:22:00,44.96,44.965,44.95,44.95,2081.0
2017-10-30 10:23:00,44.9805,44.9805,44.96,44.97,3900.0
2017-10-30 10:24:00,44.97,45.0,44.97,44.99,9761.0
2017-10-30 10:25:00,44.98,44.995,44.97,44.97,4503.0
2017-10-30 10:26:00,44.96,44.99,44.96,44.99,1184.0
2017-10-30 10:27:00,44.94,44.96,44.94,44.96,900.0
2017-10-30 10:29:00,44.95,44.95,44.93,44.94,2101.0
2017-10-30 10:30:00,44.95,44.95,44.95,44.95,100.0
2017-10-30 10:31:00,44.9712,44.9712,44.93,44.95,3296.0
2017-10-30 10:32:00,44.97,44.97,44.97,44.97,400.0
2017-10-30 10:33:00,44.98,45.0,44.98,44.98,9509.0
2017-10-30 10:34:00,44.97,44.985,44.97,44.985,601.0
2017-10-30 10:35:00,45.0,45.01,44.98,44.98,1634.0
2017-10-30 10:36:00,44.97,45.01,44.97,45.0,4840.0
2017-10-30 10:37:00,45.01,45.01,44.98,44.98,3082.0
2017-10-30 10:38:00,45.0,45.035,45.0,45.02,3645.0
2017-10-30 10:39:00,45.02,45.02,45.0,45.01,4655.0
2017-10-30 10:40:00,45.0,45.02,44.99,45.02,3800.0
2017-10-30 10:41:00,44.99,45.0,44.99,45.0,1371.0
2017-10-30 10:42:00,44.995,44.995,44.99,44.99,700.0
2017-10-30 10:43:00,45.01,45.01,44.99,44.9956,2194.0
2017-10-30 10:44:00,45.0066,45.01,45.0,45.01,3000.0
2017-10-30 10:45:00,44.99,45.0,44.99,45.0,2440.0
2017-10-30 10:46:00,44.99,45.005,44.975,45.0,4695.0
2017-10-30 10:47:00,45.0,45.0,44.99,44.99,2700.0
2017-10-30 10:48:00,45.02,45.02,45.005,45.01,1714.0
2017-10-30 10:49:00,45.02,45.03,45.02,45.03,2804.0
2017-10-30 10:50:00,45.01,45.02,45.01,45.02,1899.0
2017-10-30 10:51:00,45.01,45.03,45.01,45.015,5399.0
2017-10-30 10:52:00,45.02,45.03,45.01,45.01,7583.0
2017-10-30 10:53:00,45.025,45.03,45.02,45.025,600.0
2017-10-30 10:54:00,45.01,45.03,45.01,45.025,7332.0
2017-10-30 10:55:00,45.0,45.02,45.0,45.01,3783.0
2017-10-30 10:56:00,44.99,45.01,44.98,45.0,3650.0
2017-10-30 10:57:00,45.0,45.0,44.99,44.99,1400.0
2017-10-30 10:58:00,45.01,45.01,45.01,45.01,1600.0
2017-10-30 10:59:00,44.99,45.0,44.99,45.0,1000.0
2017-10-30 11:00:00,44.99,45.0,44.99,45.0,300.0
2017-10-30 11:01:00,44.99,45.02,44.99,45.0,5261.0
2017-10-30 11:02:00,44.9849,44.9899,44.98,44.98,2264.0
2017-10-30 11:03:00,44.99,45.0,44.98,44.9802,4408.0
2017-10-30 11:04:00,44.98,45.0,44.98,45.0,950.0
2017-10-30 11:05:00,44.99,44.99,44.98,44.98,634.0
2017-10-30 11:06:00,44.99,44.99,44.98,44.98,300.0
2017-10-30 11:07:00,44.97,44.995,44.97,44.99,2711.0
2017-10-30 11:08:00,44.99,44.99,44.98,44.98,1196.0
2017-10-30 11:09:00,45.01,45.01,45.01,45.01,1100.0
2017-10-30 11:10:00,45.03,45.04,45.02,45.02,1900.0
2017-10-30 11:11:00,45.02,45.03,45.02,45.03,3283.0
2017-10-30 11:12:00,45.01,45.02,45.0,45.02,2770.0
2017-10-30 11:13:00,45.03,45.03,45.005,45.01,2000.0
2017-10-30 11:14:00,45.05,45.05,45.05,45.05,500.0
2017-10-30 11:15:00,45.055,45.06,45.05,45.05,3641.0
2017-10-30 11:16:00,45.04,45.06,45.04,45.06,3664.0
2017-10-30 11:17:00,45.04,45.04,45.04,45.04,400.0
2017-10-30 11:18:00,45.02,45.05,45.02,45.045,2838.0
2017-10-30 11:19:00,45.03,45.03,45.02,45.025,2300.0
2017-10-30 11:20:00,44.99,45.03,44.98,45.02,8019.0
2017-10-30 11:21:00,44.93,44.995,44.93,44.99,16267.0
2017-10-30 11:22:00,44.94,44.94,44.93,44.93,2844.0
2017-10-30 11:23:00,44.93,44.93,44.93,44.93,300.0
2017-10-30 11:24:00,44.96,44.96,44.94,44.94,3150.0
2017-10-30 11:25:00,44.93,44.96,44.93,44.96,2642.0
2017-10-30 11:26:00,44.91,44.94,44.91,44.91,2570.0
2017-10-30 11:27:00,44.91,44.93,44.91,44.91,2300.0
2017-10-30 11:28:00,44.88,44.9,44.88,44.9,1409.0
2017-10-30 11:29:00,44.93,44.93,44.9,44.9,800.0
2017-10-30 11:30:00,44.92,44.92,44.92,44.92,359.0
2017-10-30 11:31:00,44.9,44.93,44.9,44.9,2063.0
2017-10-30 11:32:00,44.89,44.9052,44.89,44.9,1295.0
2017-10-30 11:33:00,44.91,44.91,44.91,44.91,900.0
2017-10-30 11:34:00,44.8701,44.9,44.87,44.89,1420.0
2017-10-30 11:35:00,44.88,44.88,44.8752,44.8752,236.0
2017-10-30 11:37:00,44.83,44.875,44.83,44.87,5836.0
2017-10-30 11:38:00,44.81,44.839,44.77,44.83,5040.0
2017-10-30 11:39:00,44.83,44.83,44.82,44.82,505.0
2017-10-30 11:40:00,44.82,44.84,44.82,44.82,2308.0
2017-10-30 11:41:00,44.86,44.86,44.85,44.85,800.0
2017-10-30 11:42:00,44.88,44.88,44.86,44.86,812.0
2017-10-30 11:43:00,44.87,44.88,44.87,44.88,300.0
2017-10-30 11:44:00,44.88,44.88,44.87,44.88,1198.0
2017-10-30 11:46:00,44.89,44.89,44.86,44.8805,3406.0
2017-10-30 11:47:00,44.88,44.88,44.88,44.88,100.0
2017-10-30 11:48:00,44.8849,44.89,44.88,44.89,3900.0
2017-10-30 11:49:00,44.87,44.88,44.87,44.88,2520.0
2017-10-30 11:50:00,44.8653,44.8653,44.84,44.86,2443.0
2017-10-30 11:51:00,44.88,44.88,44.86,44.87,1900.0
2017-10-30 11:52:00,44.88,44.89,44.87,44.89,1200.0
2017-10-30 11:53:00,44.869,44.89,44.86,44.89,1665.0
2017-10-30 11:54:00,44.87,44.87,44.87,44.87,500.0
2017-10-30 11:55:00,44.86,44.8684,44.85,44.8684,1227.0
2017-10-30 11:56:00,44.87,44.87,44.87,44.87,700.0
2017-10-30 11:57:00,44.88,44.89,44.88,44.89,1998.0
2017-10-30 11:58:00,44.9,44.905,44.87,44.87,1800.0
2017-10-30 11:59:00,44.89,44.89,44.89,44.89,922.0
2017-10-30 12:00:00,44.89,44.9,44.88,44.9,2288.0
2017-10-30 12:01:00,44.88,44.89,44.88,44.89,597.0
2017-10-30 12:02:00,44.88,44.885,44.88,44.88,1434.0
2017-10-30 12:03:00,44.89,44.89,44.89,44.89,420.0
2017-10-30 12:04:00,44.89,44.9,44.88,44.89,13538.0
2017-10-30 12:05:00,44.89,44.89,44.87,44.89,3098.0
2017-10-30 12:06:00,44.88,44.9,44.88,44.89,2700.0
2017-10-30 12:07:00,44.91,44.91,44.88,44.88,1254.0
2017-10-30 12:08:00,44.91,44.92,44.91,44.91,900.0
2017-10-30 12:09:00,44.935,44.94,44.92,44.92,3781.0
2017-10-30 12:10:00,44.93,44.94,44.93,44.93,3493.0
2017-10-30 12:11:00,44.8799,44.94,44.8799,44.94,6050.0
2017-10-30 12:12:00,44.88,44.88,44.88,44.88,621.0
2017-10-30 12:13:00,44.91,44.91,44.875,44.88,4197.0
2017-10-30 12:14:00,44.9,44.91,44.89,44.9,3706.0
2017-10-30 12:15:00,44.9,44.905,44.89,44.89,1725.0
2017-10-30 12:16:00,44.92,44.92,44.905,44.91,2000.0
2017-10-30 12:17:00,44.92,44.93,44.915,44.915,3076.0
2017-10-30 12:18:00,44.91,44.94,44.9,44.92,9221.0
2017-10-30 12:19:00,44.92,44.92,44.91,44.91,700.0
2017-10-30 12:20:00,44.9,44.92,44.89,44.91,4398.0
2017-10-30 12:21:00,44.89,44.9,44.89,44.9,1700.0
2017-10-30 12:22:00,44.91,44.91,44.89,44.89,3741.0
2017-10-30 12:23:00,44.89,44.91,44.89,44.91,3217.0
2017-10-30 12:24:00,44.91,44.91,44.885,44.89,2600.0
2017-10-30 12:25:00,44.89,44.93,44.89,44.91,2700.0
2017-10-30 12:26:00,44.89,44.91,44.89,44.89,2510.0
2017-10-30 12:27:00,44.89,44.9,44.885,44.89,2341.0
2017-10-30 12:28:00,44.92,44.93,44.89,44.89,5339.0
2017-10-30 12:29:00,44.93,44.94,44.92,44.92,1100.0
2017-10-30 12:30:00,44.94,44.95,44.93,44.93,1575.0
2017-10-30 12:31:00,44.97,44.97,44.94,44.96,2200.0
2017-10-30 12:32:00,44.94,44.97,44.93,44.95,5918.0
2017-10-30 12:33:00,44.92,44.95,44.92,44.94,3486.0
2017-10-30 12:34:00,44.945,44.95,44.925,44.93,2242.0
2017-10-30 12:35:00,44.9,44.94,44.89,44.94,6191.0
2017-10-30 12:36:00,44.88,44.91,44.88,44.9,3900.0
2017-10-30 12:37:00,44.9,44.91,44.89,44.89,1700.0
2017-10-30 12:38:00,44.92,44.9301,44.91,44.91,4303.0
2017-10-30 12:39:00,44.93,44.93,44.91,44.91,1597.0
2017-10-30 12:40:00,44.89,44.93,44.88,44.92,9850.0
2017-10-30 12:41:00,44.89,44.89,44.87,44.88,8547.0
2017-10-30 12:42:00,44.88,44.88,44.88,44.88,4700.0
2017-10-30 12:43:00,44.8735,44.8735,44.8735,44.8735,2131.0
2017-10-30 12:44:00,44.885,44.89,44.88,44.88,2890.0
2017-10-30 12:45:00,44.88,44.9,44.88,44.89,3652.0
2017-10-30 12:46:00,44.89,44.9,44.89,44.89,1400.0
2017-10-30 12:47:00,44.9,44.91,44.89,44.895,2900.0
2017-10-30 12:48:00,44.91,44.92,44.89,44.9,4586.0
2017-10-30 12:49:00,44.93,44.93,44.9,44.91,1600.0
2017-10-30 12:50:00,44.93,44.93,44.92,44.92,300.0
2017-10-30 12:51:00,44.9,44.92,44.9,44.92,2700.0
2017-10-30 12:52:00,44.9,44.91,44.9,44.9,2102.0
2017-10-30 12:53:00,44.905,44.91,44.89,44.9,3039.0
2017-10-30 12:54:00,44.94,44.94,44.9,44.91,4189.0
2017-10-30 12:55:00,44.95,44.96,44.94,44.94,1800.0
2017-10-30 12:56:00,44.96,44.97,44.955,44.955,1590.0
2017-10-30 12:57:00,44.96,44.972,44.96,44.96,2000.0
2017-10-30 12:58:00,44.96,44.96,44.96,44.96,685.0
2017-10-30 12:59:00,44.96,44.96,44.95,44.96,1445.0
2017-10-30 13:00:00,44.98,44.98,44.97,44.97,300.0
2017-10-30 13:01:00,45.0,45.0,45.0,45.0,1200.0
2017-10-30 13:02:00,45.0001,45.01,45.0,45.0048,616.0
2017-10-30 13:03:00,44.99,45.01,44.99,45.01,3906.0
2017-10-30 13:05:00,45.01,45.01,44.995,45.0,1400.0
2017-10-30 13:06:00,44.99,45.0,44.98,45.0,3388.0
2017-10-30 13:07:00,44.99,44.99,44.98,44.99,3100.0
2017-10-30 13:08:00,44.99,44.995,44.9834,44.99,2244.0
2017-10-30 13:09:00,45.0044,45.01,44.99,44.99,2100.0
2017-10-30 13:10:00,45.0,45.0,45.0,45.0,400.0
2017-10-30 13:11:00,45.01,45.02,45.0,45.0,1900.0
2017-10-30 13:12:00,45.02,45.02,45.015,45.02,1300.0
2017-10-30 13:13:00,45.03,45.03,45.03,45.03,200.0
2017-10-30 13:14:00,45.0,45.03,45.0,45.03,3004.0
2017-10-30 13:15:00,45.0,45.0,45.0,45.0,100.0
2017-10-30 13:16:00,44.99,45.0,44.99,45.0,2290.0
2017-10-30 13:17:00,45.0,45.01,44.99,44.99,1317.0
2017-10-30 13:18:00,45.01,45.01,45.01,45.01,100.0
2017-10-30 13:19:00,45.04,45.04,45.01,45.01,986.0
2017-10-30 13:20:00,45.05,45.05,45.05,45.05,200.0
2017-10-30 13:21:00,45.0,45.05,44.96,45.05,15448.0
2017-10-30 13:22:00,45.0,45.01,45.0,45.0,943.0
2017-10-30 13:23:00,44.99,44.99,44.99,44.99,1700.0
2017-10-30 13:24:00,45.0,45.0,44.985,44.99,2229.0
2017-10-30 13:25:00,44.995,45.01,44.99,45.0,3100.0
2017-10-30 13:26:00,44.99,45.0,44.99,44.99,1400.0
2017-10-30 13:27:00,44.99,45.0,44.99,44.99,1508.0
2017-10-30 13:28:00,44.99,44.99,44.99,44.99,200.0
2017-10-30 13:29:00,44.995,45.0,44.99,44.99,800.0
2017-10-30 13:30:00,44.99,44.99,44.97,44.99,5044.0
2017-10-30 13:31:00,44.98,44.98,44.98,44.98,967.0
2017-10-30 13:32:00,44.965,44.98,44.96,44.98,1081.0
2017-10-30 13:33:00,44.96,44.9614,44.96,44.9614,405.0
2017-10-30 13:34:00,44.97,44.97,44.97,44.97,1455.0
2017-10-30 13:36:00,44.97,44.97,44.97,44.97,402.0
2017-10-30 13:37:00,45.0,45.0,44.97,44.97,2952.0
2017-10-30 13:38:00,45.0,45.01,45.0,45.01,200.0
2017-10-30 13:39:00,44.97,45.01,44.97,45.01,2257.0
2017-10-30 13:40:00,44.96,44.96,44.96,44.96,300.0
2017-10-30 13:41:00,44.955,44.96,44.9535,44.96,709.0
2017-10-30 13:42:00,44.95,44.955,44.95,44.95,1800.0
2017-10-30 13:43:00,44.95,44.95,44.93,44.95,4383.0
2017-10-30 13:44:00,44.93,44.94,44.93,44.94,842.0
2017-10-30 13:45:00,44.92,44.93,44.91,44.93,3044.0
2017-10-30 13:46:00,44.92,44.9262,44.91,44.9262,867.0
2017-10-30 13:47:00,44.92,44.93,44.92,44.93,430.0
2017-10-30 13:48:00,44.93,44.94,44.93,44.93,1100.0
2017-10-30 13:49:00,44.94,44.94,44.94,44.94,300.0
2017-10-30 13:50:00,44.951,44.96,44.95,44.96,1667.0
2017-10-30 13:51:00,44.94,44.958999999999996,44.94,44.958999999999996,2237.0
2017-10-30 13:52:00,44.93,44.9342,44.93,44.9342,500.0
2017-10-30 13:53:00,44.94,44.95,44.94,44.94,2417.0
2017-10-30 13:54:00,44.92,44.95,44.92,44.95,8081.0
2017-10-30 13:55:00,44.91,44.925,44.91,44.92,2655.0
2017-10-30 13:56:00,44.91,44.91,44.91,44.91,100.0
2017-10-30 13:57:00,44.92,44.92,44.91,44.91,200.0
2017-10-30 13:58:00,44.9,44.91,44.88,44.91,4281.0
2017-10-30 13:59:00,44.92,44.93,44.9,44.91,2600.0
2017-10-30 14:00:00,44.9,44.92,44.9,44.92,2200.0
2017-10-30 14:01:00,44.9,44.9,44.9,44.9,824.0
2017-10-30 14:02:00,44.93,44.93,44.91,44.91,2800.0
2017-10-30 14:03:00,44.94,44.94,44.94,44.94,200.0
2017-10-30 14:04:00,44.93,44.93,44.93,44.93,100.0
2017-10-30 14:05:00,44.94,44.94,44.935,44.94,900.0
2017-10-30 14:06:00,44.95,44.95,44.95,44.95,1000.0
2017-10-30 14:07:00,44.957,44.97,44.957,44.96,700.0
2017-10-30 14:08:00,44.97,44.97,44.96,44.97,500.0
2017-10-30 14:09:00,44.965,44.97,44.965,44.97,271.0
2017-10-30 14:10:00,44.97,44.97,44.97,44.97,700.0
2017-10-30 14:11:00,44.9769,44.9769,44.975,44.975,491.0
2017-10-30 14:12:00,45.01,45.01,44.97,44.97,4608.0
2017-10-30 14:13:00,44.97,45.0,44.97,45.0,3176.0
2017-10-30 14:14:00,45.0,45.01,44.98,44.98,4860.0
2017-10-30 14:15:00,45.01,45.01,44.986999999999995,45.0,7700.0
2017-10-30 14:16:00,45.0,45.01,45.0,45.0,400.0
2017-10-30 14:17:00,44.99,45.0046,44.99,45.0,2151.0
2017-10-30 14:18:00,44.994,45.0,44.98,44.98,3347.0
2017-10-30 14:19:00,44.99,45.0,44.99,45.0,900.0
2017-10-30 14:20:00,44.99,45.01,44.99,45.0,8410.0
2017-10-30 14:21:00,45.0,45.0,44.99,44.99,2000.0
2017-10-30 14:22:00,45.01,45.01,44.99,44.995,3760.0
2017-10-30 14:23:00,45.0,45.02,44.99,45.02,7014.0
2017-10-30 14:24:00,45.0,45.02,45.0,45.005,3267.0
2017-10-30 14:25:00,45.0,45.0,44.98,45.0,2830.0
2017-10-30 14:26:00,44.99,45.0,44.985,45.0,2400.0
2017-10-30 14:27:00,44.96,44.99,44.94,44.99,5841.0
2017-10-30 14:28:00,44.95,44.968999999999994,44.95,44.965,6285.0
2017-10-30 14:29:00,44.94,44.9501,44.94,44.95,11175.0
2017-10-30 14:30:00,44.94,44.94,44.94,44.94,900.0
2017-10-30 14:31:00,44.94,44.95,44.94,44.95,2045.0
2017-10-30 14:32:00,44.92,44.93,44.92,44.93,1601.0
2017-10-30 14:33:00,44.92,44.92,44.92,44.92,100.0
2017-10-30 14:34:00,44.93,44.93,44.925,44.93,1700.0
2017-10-30 14:35:00,44.93,44.94,44.925,44.925,4977.0
2017-10-30 14:36:00,44.935,44.945,44.93,44.93,2182.0
2017-10-30 14:37:00,44.93,44.935,44.93,44.935,1701.0
2017-10-30 14:38:00,44.9187,44.925,44.91,44.92,1550.0
2017-10-30 14:39:00,44.915,44.92,44.905,44.91,4901.0
2017-10-30 14:40:00,44.925,44.9259,44.915,44.92,1000.0
2017-10-30 14:41:00,44.945,44.95,44.93,44.93,2600.0
2017-10-30 14:42:00,44.945,44.95,44.94,44.94,639.0
2017-10-30 14:43:00,44.945,44.9458,44.9435,44.9435,1641.0
2017-10-30 14:44:00,44.9144,44.945,44.91,44.945,5845.0
2017-10-30 14:45:00,44.95,44.95,44.915,44.92,7740.0
2017-10-30 14:46:00,44.95,44.95,44.93,44.945,2586.0
2017-10-30 14:47:00,44.95,44.95,44.95,44.95,600.0
2017-10-30 14:48:00,44.95,44.955,44.93,44.94,4944.0
2017-10-30 14:49:00,44.945,44.95,44.945,44.95,600.0
2017-10-30 14:50:00,44.95,44.96,44.95,44.9559,2100.0
2017-10-30 14:51:00,44.95,44.96,44.945,44.95,1335.0
2017-10-30 14:52:00,44.94,44.95,44.935,44.95,3682.0
2017-10-30 14:53:00,44.925,44.93,44.92,44.93,1000.0
2017-10-30 14:54:00,44.94,44.94,44.92,44.92,4841.0
2017-10-30 14:55:00,44.94,44.94,44.9331,44.935,3146.0
2017-10-30 14:56:00,44.99,44.995,44.93,44.935,6233.0
2017-10-30 14:57:00,44.95,44.985,44.95,44.985,6705.0
2017-10-30 14:58:00,44.955,44.96,44.95,44.95,8681.0
2017-10-30 14:59:00,44.945,44.95,44.94,44.95,4123.0
2017-10-30 15:00:00,44.94,44.945,44.94,44.945,500.0
2017-10-30 15:01:00,44.93,44.94,44.925,44.94,11057.0
2017-10-30 15:02:00,44.92,44.93,44.92,44.93,700.0
2017-10-30 15:03:00,44.9,44.93,44.9,44.93,3274.0
2017-10-30 15:04:00,44.89,44.91,44.89,44.9,1300.0
2017-10-30 15:05:00,44.86,44.89,44.85,44.89,3361.0
2017-10-30 15:06:00,44.85,44.86,44.84,44.86,5488.0
2017-10-30 15:07:00,44.85,44.855,44.85,44.85,900.0
2017-10-30 15:08:00,44.88,44.88,44.85,44.85,8009.0
2017-10-30 15:09:00,44.89,44.895,44.89,44.89,4499.0
2017-10-30 15:10:00,44.855,44.88,44.855,44.88,5694.0
2017-10-30 15:11:00,44.87,44.875,44.85,44.85,5271.0
2017-10-30 15:12:00,44.86,44.875,44.86,44.875,2264.0
2017-10-30 15:13:00,44.82,44.86,44.815,44.86,5020.0
2017-10-30 15:14:00,44.82,44.845,44.82,44.83,7004.0
2017-10-30 15:15:00,44.83,44.83,44.81,44.82,3291.0
2017-10-30 15:16:00,44.825,44.835,44.82,44.835,2599.0
2017-10-30 15:17:00,44.8,44.82,44.8,44.82,1899.0
2017-10-30 15:18:00,44.81,44.82,44.8,44.8,2400.0
2017-10-30 15:19:00,44.7942,44.81,44.79,44.81,7936.0
2017-10-30 15:20:00,44.79,44.795,44.79,44.79,1000.0
2017-10-30 15:21:00,44.79,44.8,44.79,44.79,1300.0
2017-10-30 15:22:00,44.77,44.79,44.77,44.79,7233.0
2017-10-30 15:23:00,44.77,44.775,44.77,44.77,1100.0
2017-10-30 15:24:00,44.76,44.775,44.76,44.775,8085.0
2017-10-30 15:25:00,44.81,44.81,44.75,44.75,11113.0
2017-10-30 15:26:00,44.815,44.82,44.815,44.815,1145.0
2017-10-30 15:27:00,44.785,44.815,44.78,44.815,6448.0
2017-10-30 15:28:00,44.8,44.81,44.785,44.785,8413.0
2017-10-30 15:29:00,44.78,44.805,44.77,44.8,6372.0
2017-10-30 15:30:00,44.795,44.795,44.785,44.785,4028.0
2017-10-30 15:31:00,44.795,44.805,44.79,44.795,8787.0
2017-10-30 15:32:00,44.805,44.81,44.785,44.795,10950.0
2017-10-30 15:33:00,44.82,44.82,44.8,44.8,5708.0
2017-10-30 15:34:00,44.86,44.86,44.82,44.82,4749.0
2017-10-30 15:35:00,44.83,44.86,44.83,44.855,8146.0
2017-10-30 15:36:00,44.82,44.84,44.82,44.83,8627.0
2017-10-30 15:37:00,44.82,44.83,44.81,44.82,10206.0
2017-10-30 15:38:00,44.82,44.83,44.82,44.83,3100.0
2017-10-30 15:39:00,44.83,44.835,44.8,44.82,15843.0
2017-10-30 15:40:00,44.84,44.85,44.84,44.84,6875.0
2017-10-30 15:41:00,44.82,44.84,44.82,44.835,4520.0
2017-10-30 15:42:00,44.84,44.84,44.82,44.825,11478.0
2017-10-30 15:43:00,44.86,44.86,44.845,44.845,4611.0
2017-10-30 15:44:00,44.855,44.86,44.85,44.855,2649.0
2017-10-30 15:45:00,44.86,44.86,44.85,44.855,10065.0
2017-10-30 15:46:00,44.885,44.89,44.86,44.865,9123.0
2017-10-30 15:47:00,44.87,44.9,44.87,44.885,23906.0
2017-10-30 15:48:00,44.87,44.88,44.87,44.87,10499.0
2017-10-30 15:49:00,44.865,44.875,44.86,44.875,7896.0
2017-10-30 15:50:00,44.89,44.89,44.86,44.86,12833.0
2017-10-30 15:51:00,44.88,44.89,44.88,44.885,6313.0
2017-10-30 15:52:00,44.865,44.885,44.85,44.885,22149.0
2017-10-30 15:53:00,44.855,44.865,44.85,44.865,9494.0
2017-10-30 15:54:00,44.835,44.855,44.83,44.85,9200.0
2017-10-30 15:55:00,44.81,44.835,44.8,44.83,19115.0
2017-10-30 15:56:00,44.82,44.84,44.81,44.81,33163.0
2017-10-30 15:57:00,44.78,44.825,44.78,44.82,25501.0
2017-10-30 15:58:00,44.81,44.83,44.78,44.78,44329.0
2017-10-30 15:59:00,44.8,44.82,44.8,44.81,31143.0
2017-10-30 16:00:00,44.82,44.84,44.8,44.8,73302.0
2017-10-31 09:30:00,44.93,44.99,44.81,44.81,18803.0
2017-10-31 09:31:00,44.97,45.01,44.97,44.99,10019.0
2017-10-31 09:32:00,44.87,44.96,44.86,44.92,3590.0
2017-10-31 09:33:00,44.87,44.92,44.87,44.88,680.0
2017-10-31 09:34:00,44.87,44.885,44.8,44.87,3400.0
2017-10-31 09:35:00,44.86,44.86,44.8,44.84,6122.0
2017-10-31 09:36:00,44.87,44.895,44.82,44.84,13800.0
2017-10-31 09:37:00,44.93,44.93,44.88,44.88,56234.0
2017-10-31 09:38:00,44.91,44.94,44.91,44.93,7351.0
2017-10-31 09:39:00,44.83,44.92,44.83,44.9,1370.0
2017-10-31 09:40:00,44.82,44.87,44.82,44.87,4400.0
2017-10-31 09:41:00,44.83,44.86,44.82,44.86,1100.0
2017-10-31 09:42:00,44.85,44.87,44.83,44.83,3000.0
2017-10-31 09:43:00,44.8,44.84,44.79,44.84,4395.0
2017-10-31 09:44:00,44.78,44.79,44.74,44.77,3900.0
2017-10-31 09:45:00,44.775,44.79,44.76,44.77,3400.0
2017-10-31 09:46:00,44.8899,44.89,44.785,44.8,10772.0
2017-10-31 09:47:00,44.8805,44.89,44.87,44.875,5500.0
2017-10-31 09:48:00,44.986999999999995,44.99,44.86,44.88,52869.0
2017-10-31 09:49:00,45.0,45.0,44.96,44.99,22000.0
2017-10-31 09:50:00,45.12,45.12,45.0,45.0,5950.0
2017-10-31 09:51:00,45.07,45.11,45.05,45.11,2900.0
2017-10-31 09:52:00,45.1,45.11,45.06,45.07,16336.0
2017-10-31 09:53:00,45.1302,45.14,45.11,45.12,4269.0
2017-10-31 09:54:00,45.1197,45.14,45.09,45.14,8186.0
2017-10-31 09:55:00,45.09,45.105,45.09,45.105,1600.0
2017-10-31 09:56:00,45.02,45.08,45.01,45.08,1500.0
2017-10-31 09:57:00,45.0,45.03,45.0,45.02,3800.0
2017-10-31 09:58:00,45.02,45.03,45.0,45.0,7517.0
2017-10-31 09:59:00,44.9749,45.0,44.94,45.0,4777.0
2017-10-31 10:00:00,44.89,44.94,44.88,44.94,1352.0
2017-10-31 10:01:00,44.93,44.94,44.89,44.8908,2100.0
2017-10-31 10:02:00,44.89,44.94,44.89,44.93,2647.0
2017-10-31 10:03:00,45.0,45.0,44.91,44.93,19209.0
2017-10-31 10:04:00,44.98,45.04,44.9719,45.03,6437.0
2017-10-31 10:05:00,44.98,45.01,44.97,44.99,18960.0
2017-10-31 10:06:00,44.96,45.01,44.96,45.0,10650.0
2017-10-31 10:07:00,44.95,45.0,44.95,44.99,21175.0
2017-10-31 10:08:00,44.96,44.97,44.94,44.94,700.0
2017-10-31 10:09:00,44.95,44.95,44.93,44.95,4487.0
2017-10-31 10:10:00,44.96,44.96,44.94,44.95,994.0
2017-10-31 10:11:00,44.97,44.97,44.96,44.96,850.0
2017-10-31 10:12:00,44.95,44.96,44.94,44.96,6958.0
2017-10-31 10:13:00,44.95,44.95,44.925,44.93,2100.0
2017-10-31 10:14:00,44.965,44.97,44.96,44.96,3000.0
2017-10-31 10:15:00,44.96,44.97,44.94,44.95,5500.0
2017-10-31 10:17:00,44.96,44.96,44.95,44.96,3503.0
2017-10-31 10:18:00,44.97,44.97,44.955,44.955,2743.0
2017-10-31 10:19:00,44.99,44.99,44.97,44.97,1666.0
2017-10-31 10:20:00,44.99,44.99,44.98,44.98,200.0
2017-10-31 10:21:00,45.0399,45.0399,44.99,44.99,3835.0
2017-10-31 10:22:00,45.0,45.0315,44.98,45.0315,4138.0
2017-10-31 10:23:00,45.0,45.01,44.99,44.995,17150.0
2017-10-31 10:24:00,45.03,45.04,45.03,45.04,200.0
2017-10-31 10:25:00,45.02,45.03,45.02,45.03,1500.0
2017-10-31 10:26:00,45.03,45.03,45.01,45.01,567.0
2017-10-31 10:27:00,45.05,45.05,45.03,45.03,8096.0
2017-10-31 10:28:00,45.05,45.05,45.04,45.05,2625.0
2017-10-31 10:29:00,45.04,45.05,45.02,45.05,3100.0
2017-10-31 10:30:00,45.03,45.04,45.03,45.04,3800.0
2017-10-31 10:31:00,45.05,45.05,45.03,45.04,1934.0
2017-10-31 10:32:00,45.01,45.04,45.01,45.03,4872.0
2017-10-31 10:33:00,45.05,45.05,45.01,45.01,7022.0
2017-10-31 10:34:00,45.05,45.05,45.04,45.05,600.0
2017-10-31 10:35:00,45.075,45.075,45.043,45.043,7391.0
2017-10-31 10:36:00,45.055,45.09,45.05,45.075,22610.0
2017-10-31 10:37:00,45.05,45.05,45.03,45.05,5700.0
2017-10-31 10:38:00,45.035,45.05,45.035,45.05,9125.0
2017-10-31 10:39:00,45.05,45.06,45.035,45.035,5820.0
2017-10-31 10:40:00,45.06,45.07,45.05,45.05,3100.0
2017-10-31 10:41:00,45.07,45.09,45.07,45.08,1800.0
2017-10-31 10:42:00,45.08,45.08,45.055,45.065,6062.0
2017-10-31 10:43:00,45.07,45.08,45.07,45.07,1000.0
2017-10-31 10:44:00,45.03,45.08,45.03,45.075,12000.0
2017-10-31 10:45:00,45.06,45.06,45.01,45.03,47900.0
2017-10-31 10:46:00,45.04,45.07,45.035,45.055,3769.0
2017-10-31 10:47:00,45.05,45.05,45.035,45.035,2650.0
2017-10-31 10:48:00,45.05,45.05,45.0447,45.05,723.0
2017-10-31 10:49:00,45.08,45.08,45.05,45.05,2200.0
2017-10-31 10:50:00,45.1,45.11,45.09,45.09,3043.0
2017-10-31 10:51:00,45.1,45.1,45.1,45.1,400.0
2017-10-31 10:52:00,45.07,45.1,45.07,45.1,7231.0
2017-10-31 10:53:00,45.08,45.08,45.07,45.08,1300.0
2017-10-31 10:54:00,45.1,45.1,45.07,45.07,1206.0
2017-10-31 10:55:00,45.1,45.11,45.09,45.1,1567.0
2017-10-31 10:56:00,45.1,45.11,45.1,45.1,300.0
2017-10-31 10:57:00,45.1,45.105,45.1,45.1,1300.0
2017-10-31 10:58:00,45.11,45.11,45.09,45.1,4920.0
2017-10-31 10:59:00,45.105,45.11,45.1,45.1,7457.0
2017-10-31 11:00:00,45.1,45.105,45.095,45.105,1400.0
2017-10-31 11:01:00,45.12,45.12,45.0994,45.0994,1505.0
2017-10-31 11:02:00,45.125,45.13,45.12,45.12,7910.0
2017-10-31 11:03:00,45.16,45.16,45.12,45.13,13581.0
2017-10-31 11:04:00,45.14,45.175,45.14,45.175,3700.0
2017-10-31 11:05:00,45.135,45.14,45.13,45.14,1399.0
2017-10-31 11:06:00,45.14,45.145,45.13,45.145,2250.0
2017-10-31 11:07:00,45.15,45.15,45.14,45.14,1322.0
2017-10-31 11:08:00,45.13,45.155,45.13,45.155,3450.0
2017-10-31 11:09:00,45.091,45.13,45.091,45.12,2300.0
2017-10-31 11:10:00,45.1,45.1,45.1,45.1,560.0
2017-10-31 11:11:00,45.12,45.12,45.1,45.1,1976.0
2017-10-31 11:12:00,45.09,45.12,45.08,45.12,2580.0
2017-10-31 11:13:00,45.1,45.1,45.08,45.08,768.0
2017-10-31 11:14:00,45.11,45.12,45.1,45.1,2275.0
2017-10-31 11:15:00,45.11,45.12,45.1,45.12,1400.0
2017-10-31 11:16:00,45.12,45.14,45.11,45.11,1700.0
2017-10-31 11:17:00,45.16,45.16,45.12,45.125,2873.0
2017-10-31 11:18:00,45.16,45.16,45.15,45.15,760.0
2017-10-31 11:19:00,45.18,45.18,45.165,45.17,4816.0
2017-10-31 11:20:00,45.17,45.18,45.15,45.17,3330.0
2017-10-31 11:21:00,45.17,45.18,45.16,45.17,4582.0
2017-10-31 11:22:00,45.165,45.17,45.16,45.16,1473.0
2017-10-31 11:23:00,45.18,45.18,45.1675,45.17,1440.0
2017-10-31 11:24:00,45.18,45.18,45.17,45.17,1085.0
2017-10-31 11:25:00,45.15,45.175,45.15,45.17,10642.0
2017-10-31 11:26:00,45.15,45.16,45.15,45.15,3293.0
2017-10-31 11:27:00,45.16,45.16,45.15,45.1529,600.0
2017-10-31 11:28:00,45.12,45.155,45.12,45.15,5933.0
2017-10-31 11:29:00,45.13,45.13,45.125,45.125,439.0
2017-10-31 11:30:00,45.125,45.13,45.12,45.13,2454.0
2017-10-31 11:31:00,45.11,45.13,45.1,45.13,10194.0
2017-10-31 11:32:00,45.105,45.105,45.105,45.105,400.0
2017-10-31 11:33:00,45.05,45.1024,45.05,45.1,6226.0
2017-10-31 11:34:00,45.07,45.07,45.05,45.05,2504.0
2017-10-31 11:35:00,45.08,45.08,45.06,45.07,1855.0
2017-10-31 11:36:00,45.0905,45.0905,45.08,45.08,3100.0
2017-10-31 11:37:00,45.05,45.08,45.05,45.0751,1590.0
2017-10-31 11:38:00,45.08,45.08,45.06,45.06,1936.0
2017-10-31 11:39:00,45.09,45.09,45.08,45.08,7365.0
2017-10-31 11:40:00,45.13,45.14,45.09,45.09,6076.0
2017-10-31 11:41:00,45.11,45.125,45.07,45.12,114756.0
2017-10-31 11:42:00,45.08,45.11,45.08,45.1,1525.0
2017-10-31 11:43:00,45.06,45.1,45.06,45.08,3350.0
2017-10-31 11:44:00,45.07,45.08,45.07,45.07,1138.0
2017-10-31 11:45:00,45.09,45.1,45.07,45.07,2202.0
2017-10-31 11:46:00,45.08,45.09,45.08,45.08,1905.0
2017-10-31 11:47:00,45.08,45.09,45.075,45.08,5507.0
2017-10-31 11:48:00,45.08,45.08,45.07,45.08,1300.0
2017-10-31 11:49:00,45.1,45.1,45.07,45.07,2963.0
2017-10-31 11:50:00,45.13,45.13,45.09,45.09,37732.0
2017-10-31 11:51:00,45.12,45.13,45.12,45.12,2700.0
2017-10-31 11:52:00,45.17,45.17,45.12,45.12,4100.0
2017-10-31 11:53:00,45.18,45.19,45.17,45.17,800.0
2017-10-31 11:54:00,45.1856,45.19,45.1856,45.19,625.0
2017-10-31 11:55:00,45.26,45.26,45.185,45.185,132912.0
2017-10-31 11:56:00,45.27,45.27,45.27,45.27,100.0
2017-10-31 11:57:00,45.29,45.29,45.26,45.27,1551.0
2017-10-31 11:58:00,45.3001,45.3001,45.3001,45.3001,450.0
2017-10-31 11:59:00,45.37,45.37,45.3,45.3,2320.0
2017-10-31 12:00:00,45.37,45.37,45.36,45.36,2500.0
2017-10-31 12:01:00,45.39,45.3997,45.39,45.39,1118.0
2017-10-31 12:02:00,45.37,45.41,45.37,45.4,2496.0
2017-10-31 12:03:00,45.37,45.37,45.35,45.369,3440.0
2017-10-31 12:04:00,45.3749,45.3749,45.3749,45.3749,100.0
2017-10-31 12:05:00,45.38,45.39,45.375,45.375,2114.0
2017-10-31 12:06:00,45.38,45.38,45.38,45.38,300.0
2017-10-31 12:07:00,45.3,45.37,45.3,45.37,4567.0
2017-10-31 12:08:00,45.34,45.34,45.3,45.3,1895.0
2017-10-31 12:09:00,45.33,45.34,45.33,45.34,2067.0
2017-10-31 12:10:00,45.35,45.35,45.33,45.33,1300.0
2017-10-31 12:11:00,45.34,45.35,45.34,45.35,700.0
2017-10-31 12:12:00,45.34,45.34,45.34,45.34,1050.0
2017-10-31 12:13:00,45.35,45.35,45.34,45.34,695.0
2017-10-31 12:14:00,45.35,45.36,45.35,45.36,300.0
2017-10-31 12:15:00,45.34,45.35,45.34,45.35,1100.0
2017-10-31 12:16:00,45.349,45.349,45.34,45.34,1217.0
2017-10-31 12:17:00,45.349,45.35,45.345,45.35,400.0
2017-10-31 12:18:00,45.31,45.34,45.3,45.34,2510.0
2017-10-31 12:19:00,45.29,45.3056,45.29,45.3,2400.0
2017-10-31 12:20:00,45.28,45.29,45.28,45.29,1060.0
2017-10-31 12:21:00,45.24,45.27,45.23,45.27,4507.0
2017-10-31 12:22:00,45.25,45.25,45.23,45.24,15376.0
2017-10-31 12:23:00,45.23,45.24,45.23,45.24,600.0
2017-10-31 12:24:00,45.23,45.23,45.23,45.23,1200.0
2017-10-31 12:25:00,45.22,45.22,45.22,45.22,200.0
2017-10-31 12:26:00,45.21,45.22,45.21,45.22,1172.0
2017-10-31 12:27:00,45.22,45.22,45.215,45.22,423.0
2017-10-31 12:28:00,45.22,45.22,45.22,45.22,100.0
2017-10-31 12:29:00,45.2,45.24,45.19,45.22,3579.0
2017-10-31 12:30:00,45.2,45.21,45.2,45.2,1100.0
2017-10-31 12:31:00,45.195,45.195,45.185,45.19,1800.0
2017-10-31 12:32:00,45.195,45.2,45.19,45.19,700.0
2017-10-31 12:33:00,45.17,45.195,45.17,45.19,2501.0
2017-10-31 12:34:00,45.14,45.17,45.14,45.17,2841.0
2017-10-31 12:35:00,45.15,45.17,45.14,45.14,1778.0
2017-10-31 12:36:00,45.15,45.163000000000004,45.15,45.15,1000.0
2017-10-31 12:37:00,45.17,45.17,45.16,45.16,400.0
2017-10-31 12:38:00,45.17,45.17,45.17,45.17,386.0
2017-10-31 12:40:00,45.155,45.17,45.155,45.17,1580.0
2017-10-31 12:41:00,45.18,45.18,45.15,45.16,4584.0
2017-10-31 12:42:00,45.18,45.18,45.18,45.18,200.0
2017-10-31 12:43:00,45.18,45.19,45.175,45.18,17037.0
2017-10-31 12:44:00,45.1846,45.19,45.18,45.18,4150.0
2017-10-31 12:45:00,45.18,45.19,45.18,45.18,500.0
2017-10-31 12:46:00,45.18,45.2,45.17,45.18,12816.0
2017-10-31 12:47:00,45.19,45.19,45.18,45.18,1200.0
2017-10-31 12:48:00,45.18,45.19,45.18,45.19,1300.0
2017-10-31 12:49:00,45.16,45.18,45.16,45.18,2500.0
2017-10-31 12:50:00,45.17,45.18,45.16,45.16,1100.0
2017-10-31 12:51:00,45.15,45.175,45.15,45.17,2320.0
2017-10-31 12:52:00,45.17,45.17,45.1454,45.1454,21500.0
2017-10-31 12:53:00,45.17,45.17,45.16,45.17,500.0
2017-10-31 12:54:00,45.19,45.19,45.16,45.17,1215.0
2017-10-31 12:55:00,45.17,45.18,45.17,45.18,1200.0
2017-10-31 12:56:00,45.17,45.17,45.17,45.17,715.0
2017-10-31 12:57:00,45.17,45.17,45.17,45.17,200.0
2017-10-31 12:58:00,45.17,45.18,45.165,45.17,3696.0
2017-10-31 12:59:00,45.16,45.17,45.15,45.17,3500.0
2017-10-31 13:00:00,45.15,45.16,45.15,45.16,1167.0
2017-10-31 13:01:00,45.18,45.18,45.16,45.16,1300.0
2017-10-31 13:02:00,45.18,45.18,45.18,45.18,500.0
2017-10-31 13:03:00,45.19,45.19,45.18,45.18,8914.0
2017-10-31 13:04:00,45.185,45.19,45.17,45.19,6536.0
2017-10-31 13:05:00,45.17,45.17,45.1654,45.1654,226.0
2017-10-31 13:06:00,45.16,45.17,45.16,45.17,200.0
2017-10-31 13:07:00,45.18,45.19,45.17,45.17,990.0
2017-10-31 13:08:00,45.18,45.19,45.17,45.19,2542.0
2017-10-31 13:09:00,45.18,45.19,45.18,45.18,300.0
2017-10-31 13:10:00,45.21,45.21,45.18,45.18,3207.0
2017-10-31 13:11:00,45.22,45.221000000000004,45.21,45.21,1669.0
2017-10-31 13:12:00,45.22,45.23,45.22,45.22,400.0
2017-10-31 13:13:00,45.225,45.23,45.225,45.225,2900.0
2017-10-31 13:14:00,45.2301,45.24,45.225,45.23,3213.0
2017-10-31 13:15:00,45.24,45.24,45.235,45.24,2599.0
2017-10-31 13:16:00,45.21,45.24,45.21,45.24,6400.0
2017-10-31 13:17:00,45.22,45.22,45.2,45.2,1846.0
2017-10-31 13:18:00,45.225,45.225,45.22,45.22,700.0
2017-10-31 13:19:00,45.2,45.22,45.2,45.22,1950.0
2017-10-31 13:20:00,45.21,45.21,45.2,45.2,2656.0
2017-10-31 13:21:00,45.19,45.21,45.19,45.21,5843.0
2017-10-31 13:22:00,45.195,45.1999,45.18,45.181000000000004,3256.0
2017-10-31 13:23:00,45.19,45.191,45.19,45.191,300.0
2017-10-31 13:24:00,45.18,45.2,45.17,45.2,3650.0
2017-10-31 13:25:00,45.18,45.18,45.17,45.18,2174.0
2017-10-31 13:26:00,45.19,45.195,45.175,45.175,3516.0
2017-10-31 13:27:00,45.2,45.2,45.19,45.2,500.0
2017-10-31 13:28:00,45.205,45.205,45.2,45.2,1300.0
2017-10-31 13:29:00,45.22,45.22,45.21,45.21,900.0
2017-10-31 13:30:00,45.24,45.24,45.215,45.215,2322.0
2017-10-31 13:31:00,45.2334,45.24,45.2334,45.24,608.0
2017-10-31 13:32:00,45.21,45.24,45.2,45.24,5231.0
2017-10-31 13:33:00,45.21,45.21,45.2,45.2,424.0
2017-10-31 13:34:00,45.23,45.23,45.21,45.21,2371.0
2017-10-31 13:35:00,45.225,45.225,45.205,45.225,4300.0
2017-10-31 13:36:00,45.23,45.23,45.22,45.22,200.0
2017-10-31 13:37:00,45.225,45.23,45.225,45.23,1916.0
2017-10-31 13:38:00,45.24,45.24,45.23,45.23,10637.0
2017-10-31 13:39:00,45.23,45.24,45.23,45.24,3626.0
2017-10-31 13:40:00,45.23,45.235,45.23,45.23,1940.0
2017-10-31 13:41:00,45.24,45.24,45.235,45.24,5716.0
2017-10-31 13:42:00,45.24,45.24,45.23,45.23,200.0
2017-10-31 13:43:00,45.23,45.24,45.23,45.24,900.0
2017-10-31 13:44:00,45.24,45.24,45.23,45.24,1621.0
2017-10-31 13:45:00,45.24,45.24,45.23,45.23,1100.0
2017-10-31 13:46:00,45.24,45.24,45.23,45.24,2200.0
2017-10-31 13:47:00,45.255,45.27,45.235,45.24,20401.0
2017-10-31 13:48:00,45.27,45.27,45.26,45.265,1200.0
2017-10-31 13:49:00,45.26,45.265,45.26,45.265,700.0
2017-10-31 13:50:00,45.27,45.27,45.265,45.265,1176.0
2017-10-31 13:51:00,45.305,45.31,45.27,45.27,2100.0
2017-10-31 13:52:00,45.31,45.31,45.305,45.31,600.0
2017-10-31 13:53:00,45.345,45.35,45.31,45.31,3538.0
2017-10-31 13:54:00,45.35,45.35,45.33,45.345,6308.0
2017-10-31 13:55:00,45.36,45.36,45.33,45.34,5024.0
2017-10-31 13:56:00,45.365,45.37,45.36,45.36,1100.0
2017-10-31 13:57:00,45.36,45.37,45.36,45.37,2100.0
2017-10-31 13:58:00,45.37,45.37,45.36,45.36,915.0
2017-10-31 13:59:00,45.38,45.38,45.365,45.365,1481.0
2017-10-31 14:00:00,45.36,45.38,45.36,45.3769,3101.0
2017-10-31 14:01:00,45.31,45.36,45.31,45.35,12837.0
2017-10-31 14:02:00,45.31,45.32,45.31,45.32,2400.0
2017-10-31 14:03:00,45.32,45.33,45.31,45.32,3000.0
2017-10-31 14:04:00,45.28,45.305,45.28,45.305,2400.0
2017-10-31 14:06:00,45.28,45.28,45.28,45.28,2955.0
2017-10-31 14:07:00,45.3,45.3,45.285,45.29,3496.0
2017-10-31 14:08:00,45.26,45.3,45.26,45.295,15085.0
2017-10-31 14:09:00,45.24,45.26,45.22,45.25,2851.0
2017-10-31 14:10:00,45.22,45.23,45.22,45.23,1697.0
2017-10-31 14:11:00,45.22,45.22,45.22,45.22,200.0
2017-10-31 14:12:00,45.24,45.25,45.2256,45.2256,7189.0
2017-10-31 14:13:00,45.23,45.23,45.23,45.23,1400.0
2017-10-31 14:14:00,45.23,45.23,45.22,45.23,2878.0
2017-10-31 14:15:00,45.26,45.26,45.24,45.24,2552.0
2017-10-31 14:16:00,45.27,45.27,45.26,45.26,500.0
2017-10-31 14:17:00,45.28,45.28,45.26,45.26,1447.0
2017-10-31 14:18:00,45.26,45.29,45.26,45.28,6541.0
2017-10-31 14:19:00,45.2558,45.2558,45.2558,45.2558,155.0
2017-10-31 14:20:00,45.26,45.26,45.25,45.255,500.0
2017-10-31 14:21:00,45.27,45.29,45.26,45.26,5374.0
2017-10-31 14:22:00,45.295,45.295,45.2601,45.2601,2323.0
2017-10-31 14:23:00,45.31,45.31,45.3,45.305,1040.0
2017-10-31 14:24:00,45.34,45.34,45.305,45.31,6648.0
2017-10-31 14:25:00,45.34,45.34,45.335,45.34,1300.0
2017-10-31 14:26:00,45.33,45.34,45.32,45.33,6820.0
2017-10-31 14:27:00,45.3375,45.34,45.32,45.32,2368.0
2017-10-31 14:28:00,45.335,45.34,45.335,45.34,685.0
2017-10-31 14:29:00,45.29,45.34,45.29,45.34,8569.0
2017-10-31 14:30:00,45.29,45.31,45.29,45.3,10166.0
2017-10-31 14:31:00,45.315,45.32,45.295,45.295,16717.0
2017-10-31 14:32:00,45.3143,45.315,45.3143,45.315,600.0
2017-10-31 14:33:00,45.315,45.32,45.305,45.315,13637.0
2017-10-31 14:34:00,45.35,45.36,45.32,45.32,11780.0
2017-10-31 14:35:00,45.33,45.355,45.33,45.35,16357.0
2017-10-31 14:36:00,45.355,45.36,45.34,45.34,1467.0
2017-10-31 14:37:00,45.385,45.4,45.36,45.36,20015.0
2017-10-31 14:38:00,45.36,45.385,45.36,45.38,9929.0
2017-10-31 14:39:00,45.405,45.41,45.365,45.37,22352.0
2017-10-31 14:40:00,45.41,45.43,45.405,45.405,3614.0
2017-10-31 14:41:00,45.4,45.425,45.39,45.42,19160.0
2017-10-31 14:42:00,45.3901,45.4,45.39,45.4,3894.0
2017-10-31 14:43:00,45.38,45.395,45.34,45.395,7072.0
2017-10-31 14:44:00,45.37,45.4,45.37,45.386,5352.0
2017-10-31 14:45:00,45.385,45.385,45.375,45.38,1595.0
2017-10-31 14:46:00,45.4,45.4,45.38,45.385,3390.0
2017-10-31 14:47:00,45.375,45.4,45.37,45.39,3717.0
2017-10-31 14:48:00,45.39,45.39,45.38,45.38,1316.0
2017-10-31 14:49:00,45.375,45.4,45.37,45.395,3500.0
2017-10-31 14:50:00,45.375,45.375,45.37,45.37,900.0
2017-10-31 14:51:00,45.35,45.38,45.35,45.375,4200.0
2017-10-31 14:52:00,45.355,45.36,45.35,45.36,1400.0
2017-10-31 14:53:00,45.31,45.355,45.3,45.355,7000.0
2017-10-31 14:54:00,45.31,45.32,45.31,45.31,400.0
2017-10-31 14:55:00,45.32,45.32,45.32,45.32,100.0
2017-10-31 14:56:00,45.34,45.34,45.315,45.32,12197.0
2017-10-31 14:57:00,45.335,45.34,45.3301,45.34,928.0
2017-10-31 14:58:00,45.3,45.335,45.3,45.33,10974.0
2017-10-31 14:59:00,45.31,45.31,45.3,45.3,2973.0
2017-10-31 15:00:00,45.325,45.325,45.315,45.32,1390.0
2017-10-31 15:01:00,45.34,45.34,45.325,45.33,1300.0
2017-10-31 15:02:00,45.35,45.35,45.33,45.34,10437.0
2017-10-31 15:03:00,45.37,45.37,45.355,45.355,2756.0
2017-10-31 15:04:00,45.38,45.38,45.37,45.37,3000.0
2017-10-31 15:05:00,45.32,45.38,45.32,45.38,9073.0
2017-10-31 15:06:00,45.34,45.36,45.3238,45.33,7098.0
2017-10-31 15:07:00,45.32,45.34,45.32,45.33,3600.0
2017-10-31 15:08:00,45.3,45.32,45.295,45.32,7330.0
2017-10-31 15:09:00,45.2742,45.29,45.2742,45.29,1658.0
2017-10-31 15:10:00,45.28,45.29,45.27,45.28,6693.0
2017-10-31 15:11:00,45.26,45.28,45.24,45.28,34039.0
2017-10-31 15:12:00,45.28,45.28,45.27,45.27,3997.0
2017-10-31 15:13:00,45.255,45.29,45.255,45.28,4200.0
2017-10-31 15:14:00,45.26,45.26,45.255,45.255,200.0
2017-10-31 15:15:00,45.255,45.26,45.255,45.26,300.0
2017-10-31 15:16:00,45.2643,45.27,45.255,45.26,5000.0
2017-10-31 15:17:00,45.27,45.27,45.26,45.265,2100.0
2017-10-31 15:18:00,45.27,45.27,45.26,45.27,7348.0
2017-10-31 15:19:00,45.19,45.26,45.19,45.26,14090.0
2017-10-31 15:20:00,45.16,45.19,45.145,45.19,7500.0
2017-10-31 15:21:00,45.135,45.18,45.13,45.16,13389.0
2017-10-31 15:22:00,45.1256,45.13,45.115,45.13,7125.0
2017-10-31 15:23:00,45.14,45.14,45.12,45.125,3530.0
2017-10-31 15:24:00,45.07,45.14,45.04,45.14,26054.0
2017-10-31 15:25:00,45.06,45.1,45.06,45.075,7914.0
2017-10-31 15:26:00,45.05,45.07,45.04,45.065,3800.0
2017-10-31 15:27:00,45.095,45.1,45.06,45.06,15800.0
2017-10-31 15:28:00,45.105,45.11,45.095,45.1,4425.0
2017-10-31 15:29:00,45.12,45.13,45.11,45.11,7154.0
2017-10-31 15:30:00,45.08,45.115,45.055,45.11,12251.0
2017-10-31 15:31:00,45.13,45.13,45.05,45.09,16636.0
2017-10-31 15:32:00,45.135,45.15,45.13,45.14,18233.0
2017-10-31 15:33:00,45.11,45.135,45.105,45.135,12910.0
2017-10-31 15:34:00,45.09,45.11,45.09,45.105,8974.0
2017-10-31 15:35:00,45.15,45.16,45.09,45.095,12422.0
2017-10-31 15:36:00,45.18,45.18,45.15,45.15,17591.0
2017-10-31 15:37:00,45.2,45.2,45.18,45.19,25560.0
2017-10-31 15:38:00,45.225,45.23,45.2,45.2,7500.0
2017-10-31 15:39:00,45.225,45.25,45.22,45.23,27806.0
2017-10-31 15:40:00,45.24,45.24,45.22,45.22,10854.0
2017-10-31 15:41:00,45.25,45.26,45.24,45.24,14905.0
2017-10-31 15:42:00,45.24,45.25,45.23,45.25,14951.0
2017-10-31 15:43:00,45.25,45.25,45.25,45.25,700.0
2017-10-31 15:44:00,45.25,45.25,45.245,45.25,1468.0
2017-10-31 15:45:00,45.26,45.265,45.24,45.25,15068.0
2017-10-31 15:46:00,45.265,45.275,45.26,45.26,21029.0
2017-10-31 15:47:00,45.245,45.27,45.245,45.265,11156.0
2017-10-31 15:48:00,45.25,45.26,45.25,45.25,20411.0
2017-10-31 15:49:00,45.23,45.25,45.22,45.25,11328.0
2017-10-31 15:50:00,45.21,45.23,45.21,45.23,9775.0
2017-10-31 15:51:00,45.185,45.21,45.16,45.21,25571.0
2017-10-31 15:52:00,45.2,45.2,45.185,45.185,6059.0
2017-10-31 15:53:00,45.2,45.2,45.19,45.195,3642.0
2017-10-31 15:54:00,45.2,45.2,45.19,45.195,4000.0
2017-10-31 15:55:00,45.2,45.205,45.185,45.195,30805.0
2017-10-31 15:56:00,45.2,45.21,45.2,45.205,5200.0
2017-10-31 15:57:00,45.17,45.21,45.16,45.205,31316.0
2017-10-31 15:58:00,45.17,45.175,45.16,45.16,12337.0
2017-10-31 15:59:00,45.19,45.19,45.16,45.16,18849.0
2017-10-31 16:00:00,45.16,45.19,45.16,45.185,95466.0
2017-11-01 09:30:00,45.32,45.39,45.32,45.39,13188.0
2017-11-01 09:31:00,45.45,45.46,45.28,45.28,6110.0
2017-11-01 09:32:00,45.5,45.5,45.446000000000005,45.48,27189.0
2017-11-01 09:33:00,45.44,45.46,45.39,45.46,2576.0
2017-11-01 09:34:00,45.5,45.5,45.41,45.44,15600.0
2017-11-01 09:35:00,45.53,45.54,45.45,45.47,9739.0
2017-11-01 09:36:00,45.59,45.62,45.55,45.58,2537.0
2017-11-01 09:37:00,45.63,45.63,45.57,45.58,3862.0
2017-11-01 09:38:00,45.73,45.73,45.64,45.64,1360.0
2017-11-01 09:39:00,45.6,45.74,45.6,45.73,19475.0
2017-11-01 09:40:00,45.63,45.65,45.6,45.6,10827.0
2017-11-01 09:41:00,45.65,45.65,45.61,45.62,1314.0
2017-11-01 09:42:00,45.6558,45.67,45.62,45.64,1000.0
2017-11-01 09:43:00,45.61,45.64,45.56,45.64,11946.0
2017-11-01 09:44:00,45.63,45.63,45.6,45.63,2700.0
2017-11-01 09:45:00,45.6,45.63,45.59,45.63,8300.0
2017-11-01 09:46:00,45.6,45.63,45.6,45.6,8000.0
2017-11-01 09:47:00,45.63,45.63,45.59,45.6,9616.0
2017-11-01 09:48:00,45.63,45.63,45.62,45.62,4212.0
2017-11-01 09:49:00,45.625,45.63,45.62,45.63,3866.0
2017-11-01 09:50:00,45.63,45.63,45.62,45.63,9049.0
2017-11-01 09:51:00,45.61,45.63,45.6,45.63,4598.0
2017-11-01 09:52:00,45.63,45.63,45.62,45.62,800.0
2017-11-01 09:53:00,45.62,45.64,45.62,45.63,6391.0
2017-11-01 09:54:00,45.64,45.64,45.62,45.625,7500.0
2017-11-01 09:55:00,45.68,45.68,45.64,45.64,5761.0
2017-11-01 09:56:00,45.68,45.71,45.68,45.71,9249.0
2017-11-01 09:57:00,45.64,45.67,45.63,45.67,2600.0
2017-11-01 09:58:00,45.69,45.7,45.62,45.65,11333.0
2017-11-01 09:59:00,45.7,45.71,45.68,45.695,9200.0
2017-11-01 10:00:00,45.73,45.75,45.68,45.71,21025.0
2017-11-01 10:01:00,45.7,45.73,45.7,45.73,7479.0
2017-11-01 10:02:00,45.625,45.715,45.62,45.7,48373.0
2017-11-01 10:03:00,45.58,45.63,45.57,45.63,23202.0
2017-11-01 10:04:00,45.63,45.63,45.55,45.58,22560.0
2017-11-01 10:05:00,45.71,45.71,45.62,45.625,43554.0
2017-11-01 10:06:00,45.74,45.74,45.71,45.72,21922.0
2017-11-01 10:07:00,45.73,45.74,45.695,45.74,21812.0
2017-11-01 10:08:00,45.86,45.87,45.74,45.74,24087.0
2017-11-01 10:09:00,45.84,45.865,45.79,45.865,12650.0
2017-11-01 10:10:00,45.82,45.8551,45.81,45.84,11799.0
2017-11-01 10:11:00,45.825,45.85,45.82,45.825,11562.0
2017-11-01 10:12:00,45.82,45.825,45.81,45.82,4790.0
2017-11-01 10:13:00,45.7,45.81,45.685,45.81,14679.0
2017-11-01 10:14:00,45.73,45.73,45.695,45.695,7025.0
2017-11-01 10:15:00,45.68,45.73,45.67,45.73,7845.0
2017-11-01 10:16:00,45.64,45.69,45.63,45.69,4055.0
2017-11-01 10:17:00,45.655,45.7,45.64,45.64,14833.0
2017-11-01 10:18:00,45.6,45.65,45.6,45.65,20517.0
2017-11-01 10:19:00,45.6,45.61,45.58,45.58,7965.0
2017-11-01 10:20:00,45.54,45.6,45.51,45.58,16491.0
2017-11-01 10:21:00,45.55,45.57,45.54,45.54,9000.0
2017-11-01 10:22:00,45.5935,45.595,45.555,45.555,4378.0
2017-11-01 10:23:00,45.56,45.59,45.56,45.59,2300.0
2017-11-01 10:24:00,45.58,45.58,45.58,45.58,1668.0
2017-11-01 10:25:00,45.5749,45.58,45.5749,45.58,400.0
2017-11-01 10:26:00,45.62,45.62,45.58,45.58,6881.0
2017-11-01 10:27:00,45.615,45.62,45.615,45.62,1369.0
2017-11-01 10:28:00,45.58,45.62,45.57,45.62,7384.0
2017-11-01 10:29:00,45.59,45.595,45.57,45.58,7734.0
2017-11-01 10:30:00,45.575,45.59,45.57,45.59,1400.0
2017-11-01 10:31:00,45.6,45.6,45.57,45.57,3657.0
2017-11-01 10:32:00,45.605,45.61,45.6,45.6,4173.0
2017-11-01 10:33:00,45.59,45.615,45.59,45.6,8225.0
2017-11-01 10:34:00,45.56,45.59,45.56,45.59,2909.0
2017-11-01 10:35:00,45.58,45.58,45.57,45.58,2844.0
2017-11-01 10:36:00,45.58,45.58,45.57,45.57,1900.0
2017-11-01 10:37:00,45.57,45.575,45.57,45.575,6361.0
2017-11-01 10:38:00,45.58,45.58,45.58,45.58,3298.0
2017-11-01 10:39:00,45.6,45.61,45.57,45.57,5255.0
2017-11-01 10:40:00,45.67,45.67,45.62,45.62,5558.0
2017-11-01 10:41:00,45.73,45.74,45.68,45.68,3726.0
2017-11-01 10:42:00,45.73,45.735,45.71,45.72,14664.0
2017-11-01 10:43:00,45.7101,45.74,45.71,45.73,12207.0
2017-11-01 10:44:00,45.7,45.72,45.69,45.72,5191.0
2017-11-01 10:45:00,45.735,45.735,45.7,45.7,5059.0
2017-11-01 10:46:00,45.72,45.74,45.71,45.735,21618.0
2017-11-01 10:47:00,45.724,45.73,45.72,45.72,5226.0
2017-11-01 10:48:00,45.725,45.725,45.71,45.72,6500.0
2017-11-01 10:49:00,45.71,45.72,45.7,45.72,4937.0
2017-11-01 10:50:00,45.7,45.71,45.69,45.69,5762.0
2017-11-01 10:51:00,45.685,45.7,45.685,45.695,2414.0
2017-11-01 10:52:00,45.69,45.7,45.685,45.69,4817.0
2017-11-01 10:53:00,45.68,45.695,45.64,45.695,18369.0
2017-11-01 10:55:00,45.65,45.69,45.645,45.675,3055.0
2017-11-01 10:56:00,45.665,45.69,45.63,45.645,10670.0
2017-11-01 10:57:00,45.645,45.66,45.63,45.66,4600.0
2017-11-01 10:58:00,45.645,45.65,45.64,45.645,2622.0
2017-11-01 10:59:00,45.655,45.655,45.63,45.645,5543.0
2017-11-01 11:00:00,45.65,45.655,45.64,45.65,3411.0
2017-11-01 11:01:00,45.645,45.65,45.64,45.65,2000.0
2017-11-01 11:02:00,45.645,45.66,45.63,45.645,13796.0
2017-11-01 11:03:00,45.645,45.65,45.64,45.645,1300.0
2017-11-01 11:04:00,45.64,45.65,45.64,45.64,2213.0
2017-11-01 11:05:00,45.63,45.645,45.63,45.64,2500.0
2017-11-01 11:06:00,45.685,45.69,45.63,45.63,18220.0
2017-11-01 11:07:00,45.61,45.68,45.61,45.68,12242.0
2017-11-01 11:08:00,45.65,45.68,45.62,45.62,22877.0
2017-11-01 11:09:00,45.72,45.72,45.63,45.64,23972.0
2017-11-01 11:10:00,45.69,45.71,45.64,45.71,8300.0
2017-11-01 11:11:00,45.79,45.805,45.69,45.695,34732.0
2017-11-01 11:12:00,45.81,45.82,45.75,45.79,8571.0
2017-11-01 11:13:00,45.82,45.83,45.78,45.805,7856.0
2017-11-01 11:14:00,45.89,45.89,45.81,45.82,39799.0
2017-11-01 11:15:00,45.85,45.88,45.85,45.88,2051.0
2017-11-01 11:16:00,45.81,45.845,45.8,45.845,5596.0
2017-11-01 11:17:00,45.81,45.81,45.8,45.8,2537.0
2017-11-01 11:18:00,45.83,45.83,45.81,45.81,3000.0
2017-11-01 11:19:00,45.8,45.84,45.8,45.84,7441.0
2017-11-01 11:20:00,45.77,45.8,45.76,45.8,6861.0
2017-11-01 11:21:00,45.77,45.78,45.76,45.775,6398.0
2017-11-01 11:22:00,45.795,45.8,45.77,45.775,7242.0
2017-11-01 11:23:00,45.72,45.8,45.72,45.8,4652.0
2017-11-01 11:24:00,45.72,45.72,45.7,45.72,5104.0
2017-11-01 11:25:00,45.7,45.73,45.7,45.72,3993.0
2017-11-01 11:26:00,45.7,45.715,45.7,45.71,1300.0
2017-11-01 11:27:00,45.7256,45.73,45.71,45.71,2431.0
2017-11-01 11:28:00,45.73,45.75,45.715,45.72,10162.0
2017-11-01 11:29:00,45.86,45.86,45.72,45.72,25588.0
2017-11-01 11:30:00,45.87,45.88,45.83,45.86,43518.0
2017-11-01 11:31:00,45.85,45.87,45.84,45.86,22864.0
2017-11-01 11:32:00,45.88,45.89,45.86,45.86,11247.0
2017-11-01 11:33:00,45.87,45.89,45.85,45.88,17848.0
2017-11-01 11:34:00,45.87,45.89,45.86,45.875,10950.0
2017-11-01 11:35:00,45.88,45.88,45.87,45.88,5694.0
2017-11-01 11:36:00,45.88,45.885,45.88,45.88,4490.0
2017-11-01 11:37:00,45.88,45.88,45.87,45.88,2290.0
2017-11-01 11:38:00,45.89,45.89,45.88,45.88,19644.0
2017-11-01 11:39:00,45.94,45.95,45.89,45.89,9798.0
2017-11-01 11:40:00,45.99,45.99,45.94,45.94,11747.0
2017-11-01 11:41:00,45.97,45.98,45.96,45.98,3299.0
2017-11-01 11:42:00,46.1,46.1,45.97,45.98,19854.0
2017-11-01 11:43:00,46.11,46.11,46.0875,46.1,15994.0
2017-11-01 11:44:00,46.13,46.2299,46.1,46.11,21118.0
2017-11-01 11:45:00,46.2,46.23,46.13,46.13,7350.0
2017-11-01 11:46:00,46.12,46.2,46.1,46.2,7935.0
2017-11-01 11:47:00,46.16,46.16,46.09,46.12,28804.0
2017-11-01 11:48:00,46.16,46.16,46.13,46.155,3047.0
2017-11-01 11:49:00,46.13,46.16,46.11,46.15,4500.0
2017-11-01 11:50:00,46.15,46.155,46.13,46.13,3400.0
2017-11-01 11:51:00,46.14,46.16,46.11,46.145,5800.0
2017-11-01 11:52:00,46.21,46.22,46.14,46.15,23516.0
2017-11-01 11:53:00,46.18,46.21,46.16,46.21,7600.0
2017-11-01 11:54:00,46.2,46.21,46.17,46.17,5200.0
2017-11-01 11:55:00,46.21,46.21,46.19,46.2,14409.0
2017-11-01 11:56:00,46.26,46.26,46.2,46.2,34081.0
2017-11-01 11:57:00,46.29,46.29,46.22,46.255,22155.0
2017-11-01 11:58:00,46.27,46.31,46.25,46.29,8476.0
2017-11-01 11:59:00,46.32,46.4,46.26,46.28,38126.0
2017-11-01 12:00:00,46.33,46.4,46.32,46.3216,9270.0
2017-11-01 12:01:00,46.34,46.37,46.3001,46.34,24514.0
2017-11-01 12:02:00,46.29,46.33,46.27,46.33,11775.0
2017-11-01 12:03:00,46.28,46.37,46.21,46.29,35759.0
2017-11-01 12:04:00,46.24,46.33,46.23,46.29,9019.0
2017-11-01 12:05:00,46.09,46.25,46.06,46.2469,8700.0
2017-11-01 12:06:00,46.13,46.14,46.09,46.09,6724.0
2017-11-01 12:07:00,46.02,46.14,46.005,46.14,4645.0
2017-11-01 12:08:00,46.12,46.12,46.01,46.01,8000.0
2017-11-01 12:09:00,46.08,46.13,46.08,46.13,5100.0
2017-11-01 12:10:00,46.01,46.05,46.01,46.05,1400.0
2017-11-01 12:11:00,46.02,46.025,46.0,46.025,8410.0
2017-11-01 12:12:00,46.07,46.13,46.02,46.02,9618.0
2017-11-01 12:13:00,46.05,46.06,46.05,46.06,3305.0
2017-11-01 12:14:00,46.02,46.04,46.0,46.04,2437.0
2017-11-01 12:15:00,46.03,46.03,46.02,46.025,2643.0
2017-11-01 12:16:00,46.1,46.12,46.035,46.035,4700.0
2017-11-01 12:17:00,46.08,46.09,46.07,46.09,1200.0
2017-11-01 12:18:00,46.09,46.09,46.08,46.0825,2872.0
2017-11-01 12:19:00,46.16,46.16,46.11,46.11,3546.0
2017-11-01 12:20:00,46.105,46.16,46.1,46.16,5918.0
2017-11-01 12:21:00,46.07,46.11,46.06,46.1001,6934.0
2017-11-01 12:22:00,46.045,46.06,46.04,46.06,2700.0
2017-11-01 12:23:00,46.08,46.08,46.0452,46.05,3302.0
2017-11-01 12:24:00,46.07,46.07,46.07,46.07,637.0
2017-11-01 12:25:00,46.05,46.07,46.05,46.06,1590.0
2017-11-01 12:26:00,46.11,46.13,46.05,46.055,7394.0
2017-11-01 12:27:00,46.06,46.1,46.05,46.1,4750.0
2017-11-01 12:28:00,46.05,46.06,46.03,46.05,3200.0
2017-11-01 12:29:00,46.045,46.06,46.04,46.05,1800.0
2017-11-01 12:30:00,46.07,46.09,46.045,46.05,6434.0
2017-11-01 12:32:00,46.08,46.1,46.06,46.07,5423.0
2017-11-01 12:33:00,46.05,46.06,46.04,46.06,5374.0
2017-11-01 12:34:00,46.045,46.05,46.04,46.05,2108.0
2017-11-01 12:35:00,46.0,46.04,45.98,46.04,19072.0
2017-11-01 12:36:00,45.945,46.01,45.945,46.0,4400.0
2017-11-01 12:37:00,45.97,45.97,45.94,45.94,3333.0
2017-11-01 12:38:00,45.93,45.98,45.93,45.96,1500.0
2017-11-01 12:39:00,45.98,45.98,45.93,45.96,9281.0
2017-11-01 12:40:00,45.99,46.0,45.98,45.98,1600.0
2017-11-01 12:41:00,46.0,46.0,45.98,45.98,1300.0
2017-11-01 12:42:00,46.01,46.01,45.99,46.0,3018.0
2017-11-01 12:43:00,46.05,46.05,46.005,46.01,5198.0
2017-11-01 12:44:00,46.06,46.07,46.04,46.04,4244.0
2017-11-01 12:45:00,46.04,46.06,46.02,46.06,3299.0
2017-11-01 12:46:00,46.025,46.03,46.01,46.02,2973.0
2017-11-01 12:47:00,46.02,46.02,46.01,46.02,2199.0
2017-11-01 12:48:00,46.02,46.02,46.015,46.02,1200.0
2017-11-01 12:49:00,46.03,46.03,46.0,46.03,6510.0
2017-11-01 12:50:00,46.06,46.07,46.04,46.04,3263.0
2017-11-01 12:51:00,46.06,46.06,46.05,46.05,1670.0
2017-11-01 12:52:00,46.04,46.07,46.04,46.06,2700.0
2017-11-01 12:53:00,46.04,46.04,46.04,46.04,100.0
2017-11-01 12:54:00,46.03,46.04,46.02,46.04,2400.0
2017-11-01 12:55:00,46.04,46.04,46.02,46.02,860.0
2017-11-01 12:56:00,46.0301,46.0301,46.03,46.03,500.0
2017-11-01 12:57:00,46.03,46.035,46.01,46.03,5695.0
2017-11-01 12:59:00,46.03,46.035,46.03,46.035,600.0
2017-11-01 13:00:00,46.04,46.04,46.02,46.0338,4215.0
2017-11-01 13:01:00,46.02,46.04,46.02,46.04,1498.0
2017-11-01 13:02:00,46.02,46.03,46.02,46.025,998.0
2017-11-01 13:03:00,46.02,46.03,46.02,46.02,3000.0
2017-11-01 13:04:00,46.025,46.03,46.02,46.0201,515.0
2017-11-01 13:05:00,46.16,46.17,46.025,46.03,10593.0
2017-11-01 13:06:00,46.09,46.14,46.09,46.14,4643.0
2017-11-01 13:07:00,46.07,46.08,46.0601,46.08,1438.0
2017-11-01 13:08:00,46.08,46.08,46.07,46.07,4388.0
2017-11-01 13:09:00,46.13,46.14,46.08,46.08,4207.0
2017-11-01 13:10:00,46.11,46.13,46.09,46.13,2930.0
2017-11-01 13:11:00,46.1,46.1,46.1,46.1,500.0
2017-11-01 13:12:00,46.1,46.11,46.09,46.11,940.0
2017-11-01 13:13:00,46.13,46.13,46.09,46.09,1607.0
2017-11-01 13:14:00,46.16,46.16,46.12,46.1301,6032.0
2017-11-01 13:15:00,46.16,46.16,46.15,46.15,200.0
2017-11-01 13:16:00,46.11,46.16,46.1,46.15,5093.0
2017-11-01 13:17:00,46.1,46.1,46.09,46.09,1000.0
2017-11-01 13:18:00,46.1,46.105,46.1,46.1,400.0
2017-11-01 13:19:00,46.08,46.1001,46.07,46.1001,7871.0
2017-11-01 13:20:00,46.06,46.07,46.04,46.07,2900.0
2017-11-01 13:21:00,46.08,46.08,46.05,46.06,5492.0
2017-11-01 13:22:00,46.06,46.08,46.06,46.08,4000.0
2017-11-01 13:23:00,46.05,46.06,46.05,46.05,1135.0
2017-11-01 13:24:00,46.07,46.07,46.05,46.05,2882.0
2017-11-01 13:25:00,46.08,46.08,46.07,46.07,1100.0
2017-11-01 13:26:00,46.0575,46.07,46.05,46.07,7081.0
2017-11-01 13:27:00,46.06,46.06,46.06,46.06,593.0
2017-11-01 13:28:00,46.04,46.06,46.04,46.06,2618.0
2017-11-01 13:29:00,46.08,46.08,46.04,46.05,2959.0
2017-11-01 13:30:00,46.08,46.0855,46.08,46.08,3404.0
2017-11-01 13:31:00,46.09,46.09,46.08,46.08,1731.0
2017-11-01 13:32:00,46.09,46.1,46.09,46.09,4845.0
2017-11-01 13:33:00,46.095,46.1,46.09,46.095,3800.0
2017-11-01 13:34:00,46.14,46.15,46.1,46.1,5938.0
2017-11-01 13:35:00,46.13,46.13,46.12,46.13,1300.0
2017-11-01 13:36:00,46.11,46.13,46.11,46.12,12484.0
2017-11-01 13:37:00,46.09,46.1,46.09,46.1,6330.0
2017-11-01 13:38:00,46.095,46.11,46.09,46.1,2360.0
2017-11-01 13:39:00,46.1,46.1,46.095,46.095,1800.0
2017-11-01 13:40:00,46.105,46.105,46.1,46.105,500.0
2017-11-01 13:41:00,46.16,46.16,46.11,46.11,6350.0
2017-11-01 13:42:00,46.14,46.16,46.13,46.15,6851.0
2017-11-01 13:43:00,46.1699,46.17,46.14,46.14,2418.0
2017-11-01 13:44:00,46.18,46.18,46.16,46.16,3896.0
2017-11-01 13:45:00,46.17,46.185,46.17,46.18,1900.0
2017-11-01 13:46:00,46.16,46.17,46.15,46.17,4900.0
2017-11-01 13:47:00,46.15,46.165,46.15,46.16,6136.0
2017-11-01 13:48:00,46.1,46.15,46.1,46.15,2100.0
2017-11-01 13:49:00,46.1114,46.12,46.1,46.11,4498.0
2017-11-01 13:50:00,46.125,46.125,46.11,46.12,3508.0
2017-11-01 13:51:00,46.175,46.175,46.12,46.125,4796.0
2017-11-01 13:52:00,46.21,46.21,46.17,46.175,13421.0
2017-11-01 13:53:00,46.305,46.33,46.218999999999994,46.22,14903.0
2017-11-01 13:54:00,46.22,46.29,46.22,46.29,1600.0
2017-11-01 13:55:00,46.21,46.26,46.21,46.22,4913.0
2017-11-01 13:56:00,46.21,46.2497,46.2,46.22,6074.0
2017-11-01 13:58:00,46.15,46.22,46.15,46.21,7566.0
2017-11-01 13:59:00,46.19,46.24,46.16,46.18,44031.0
2017-11-01 14:00:00,46.25,46.32,46.17,46.19,5804.0
2017-11-01 14:01:00,46.27,46.32,46.16,46.16,6742.0
2017-11-01 14:02:00,46.3,46.32,46.25,46.27,6973.0
2017-11-01 14:03:00,46.32,46.35,46.29,46.3,6007.0
2017-11-01 14:04:00,46.35,46.35,46.28,46.31,7892.0
2017-11-01 14:05:00,46.36,46.36,46.32,46.34,6034.0
2017-11-01 14:06:00,46.31,46.37,46.31,46.37,2591.0
2017-11-01 14:07:00,46.3101,46.32,46.31,46.31,1500.0
2017-11-01 14:08:00,46.35,46.355,46.32,46.3233,5575.0
2017-11-01 14:09:00,46.31,46.355,46.31,46.35,7076.0
2017-11-01 14:10:00,46.32,46.33,46.305,46.31,6500.0
2017-11-01 14:11:00,46.39,46.41,46.32,46.32,14346.0
2017-11-01 14:12:00,46.345,46.39,46.345,46.39,3600.0
2017-11-01 14:13:00,46.4,46.4,46.33,46.34,4752.0
2017-11-01 14:14:00,46.38,46.4,46.37,46.4,7212.0
2017-11-01 14:15:00,46.36,46.38,46.36,46.38,2400.0
2017-11-01 14:16:00,46.34,46.37,46.32,46.365,6886.0
2017-11-01 14:17:00,46.33,46.35,46.32,46.33,6938.0
2017-11-01 14:18:00,46.325,46.33,46.32,46.32,7034.0
2017-11-01 14:19:00,46.32,46.325,46.32,46.32,4546.0
2017-11-01 14:20:00,46.34,46.34,46.32,46.325,9748.0
2017-11-01 14:21:00,46.345,46.3462,46.34,46.34,2363.0
2017-11-01 14:22:00,46.34,46.35,46.33,46.34,7575.0
2017-11-01 14:23:00,46.345,46.345,46.34,46.34,1104.0
2017-11-01 14:24:00,46.3425,46.35,46.33,46.34,7912.0
2017-11-01 14:25:00,46.36,46.4,46.345,46.345,7160.0
2017-11-01 14:26:00,46.35,46.375,46.35,46.37,4942.0
2017-11-01 14:27:00,46.34,46.355,46.32,46.35,7899.0
2017-11-01 14:28:00,46.33,46.34,46.33,46.34,1950.0
2017-11-01 14:29:00,46.34,46.34,46.33,46.33,6143.0
2017-11-01 14:30:00,46.34,46.345,46.33,46.34,5800.0
2017-11-01 14:31:00,46.35,46.36,46.33,46.34,18048.0
2017-11-01 14:32:00,46.3,46.34,46.3,46.34,5708.0
2017-11-01 14:33:00,46.3,46.31,46.29,46.29,1590.0
2017-11-01 14:34:00,46.33,46.33,46.3,46.3075,3805.0
2017-11-01 14:35:00,46.31,46.325,46.3,46.32,4700.0
2017-11-01 14:36:00,46.3125,46.32,46.31,46.32,3881.0
2017-11-01 14:37:00,46.315,46.32,46.31,46.31,1200.0
2017-11-01 14:38:00,46.31,46.32,46.31,46.32,1700.0
2017-11-01 14:39:00,46.38,46.38,46.31,46.315,11912.0
2017-11-01 14:40:00,46.385,46.39,46.385,46.39,1800.0
2017-11-01 14:41:00,46.37,46.385,46.37,46.38,15371.0
2017-11-01 14:42:00,46.44,46.47,46.37,46.375,25774.0
2017-11-01 14:43:00,46.41,46.44,46.385,46.43,5353.0
2017-11-01 14:44:00,46.44,46.44,46.38,46.38,3023.0
2017-11-01 14:45:00,46.47,46.47,46.43,46.43,9435.0
2017-11-01 14:46:00,46.435,46.47,46.43,46.47,7291.0
2017-11-01 14:47:00,46.39,46.435,46.38,46.43,9299.0
2017-11-01 14:48:00,46.3889,46.39,46.38,46.385,900.0
2017-11-01 14:49:00,46.4,46.415,46.39,46.39,8750.0
2017-11-01 14:50:00,46.4,46.42,46.4,46.41,5738.0
2017-11-01 14:51:00,46.44,46.46,46.41,46.41,7823.0
2017-11-01 14:52:00,46.44,46.46,46.435,46.45,4464.0
2017-11-01 14:53:00,46.42,46.4362,46.42,46.435,7239.0
2017-11-01 14:54:00,46.44,46.46,46.42,46.42,7031.0
2017-11-01 14:55:00,46.431999999999995,46.44,46.42,46.44,5285.0
2017-11-01 14:56:00,46.445,46.45,46.43,46.43,1300.0
2017-11-01 14:57:00,46.46,46.46,46.445,46.445,11605.0
2017-11-01 14:58:00,46.45,46.475,46.45,46.45,8216.0
2017-11-01 14:59:00,46.45,46.46,46.43,46.45,6470.0
2017-11-01 15:00:00,46.44,46.445,46.44,46.445,1413.0
2017-11-01 15:01:00,46.43,46.46,46.43,46.445,14467.0
2017-11-01 15:02:00,46.41,46.43,46.41,46.43,1360.0
2017-11-01 15:03:00,46.33,46.41,46.32,46.41,4500.0
2017-11-01 15:04:00,46.355,46.355,46.33,46.33,5779.0
2017-11-01 15:05:00,46.335,46.355,46.32,46.35,9620.0
2017-11-01 15:06:00,46.34,46.34,46.325,46.33,2800.0
2017-11-01 15:07:00,46.305,46.35,46.3,46.34,11954.0
2017-11-01 15:08:00,46.29,46.3,46.29,46.2999,2514.0
2017-11-01 15:09:00,46.32,46.35,46.29,46.3,14317.0
2017-11-01 15:10:00,46.32,46.32,46.31,46.32,5418.0
2017-11-01 15:11:00,46.32,46.32,46.31,46.315,2000.0
2017-11-01 15:12:00,46.35,46.35,46.32,46.32,5790.0
2017-11-01 15:13:00,46.315,46.35,46.31,46.345,18152.0
2017-11-01 15:14:00,46.325,46.33,46.315,46.32,9600.0
2017-11-01 15:15:00,46.33,46.33,46.32,46.33,4150.0
2017-11-01 15:16:00,46.325,46.33,46.32,46.33,2921.0
2017-11-01 15:17:00,46.33,46.33,46.32,46.325,4900.0
2017-11-01 15:18:00,46.31,46.33,46.31,46.33,14260.0
2017-11-01 15:19:00,46.36,46.36,46.3,46.305,14456.0
2017-11-01 15:20:00,46.36,46.36,46.35,46.36,7465.0
2017-11-01 15:21:00,46.34,46.37,46.34,46.365,8954.0
2017-11-01 15:22:00,46.365,46.365,46.35,46.35,6019.0
2017-11-01 15:23:00,46.355,46.375,46.355,46.36,14175.0
2017-11-01 15:24:00,46.29,46.36,46.29,46.355,17496.0
2017-11-01 15:25:00,46.28,46.3,46.28,46.3,4802.0
2017-11-01 15:26:00,46.29,46.3,46.28,46.28,6113.0
2017-11-01 15:27:00,46.3,46.3,46.28,46.28,3568.0
2017-11-01 15:28:00,46.3,46.3,46.29,46.3,1715.0
2017-11-01 15:29:00,46.285,46.3,46.285,46.3,6584.0
2017-11-01 15:30:00,46.3,46.32,46.28,46.28,14582.0
2017-11-01 15:31:00,46.31,46.31,46.29,46.295,9622.0
2017-11-01 15:32:00,46.315,46.32,46.305,46.305,4100.0
2017-11-01 15:33:00,46.315,46.32,46.31,46.315,4700.0
2017-11-01 15:34:00,46.32,46.32,46.31,46.31,15261.0
2017-11-01 15:35:00,46.34,46.34,46.31,46.315,12694.0
2017-11-01 15:36:00,46.285,46.35,46.28,46.335,18135.0
2017-11-01 15:37:00,46.32,46.325,46.29,46.29,13932.0
2017-11-01 15:38:00,46.33,46.33,46.31,46.325,17044.0
2017-11-01 15:39:00,46.34,46.35,46.32,46.325,30685.0
2017-11-01 15:40:00,46.345,46.35,46.34,46.345,9160.0
2017-11-01 15:41:00,46.34,46.37,46.325,46.345,26021.0
2017-11-01 15:42:00,46.335,46.34,46.31,46.32,14482.0
2017-11-01 15:43:00,46.33,46.34,46.33,46.335,5892.0
2017-11-01 15:44:00,46.355,46.36,46.32,46.3325,44879.0
2017-11-01 15:45:00,46.35,46.36,46.35,46.35,5415.0
2017-11-01 15:46:00,46.365,46.39,46.35,46.36,41409.0
2017-11-01 15:47:00,46.32,46.37,46.32,46.36,14469.0
2017-11-01 15:48:00,46.33,46.34,46.325,46.33,30276.0
2017-11-01 15:49:00,46.34,46.34,46.33,46.335,4011.0
2017-11-01 15:50:00,46.34,46.35,46.33,46.33,26733.0
2017-11-01 15:51:00,46.305,46.34,46.3,46.3301,27115.0
2017-11-01 15:52:00,46.31,46.32,46.3,46.305,18740.0
2017-11-01 15:53:00,46.28,46.32,46.28,46.315,27023.0
2017-11-01 15:54:00,46.215,46.285,46.215,46.28,37310.0
2017-11-01 15:55:00,46.2101,46.23,46.21,46.215,18797.0
2017-11-01 15:56:00,46.2,46.22,46.2,46.215,26402.0
2017-11-01 15:57:00,46.205,46.21,46.2,46.205,21513.0
2017-11-01 15:58:00,46.205,46.21,46.2,46.21,21062.0
2017-11-01 15:59:00,46.215,46.22,46.2,46.21,31366.0
2017-11-01 16:00:00,46.18,46.22,46.16,46.2101,67662.0
2017-11-02 09:32:00,45.91,46.1,45.91,46.07,900.0
2017-11-02 09:34:00,45.97,46.04,45.71,45.94,41553.0
2017-11-02 09:35:00,45.54,46.01,45.32,45.895,31359.0
2017-11-02 09:36:00,45.66,45.66,45.42,45.42,13069.0
2017-11-02 09:37:00,45.43,45.71,45.4,45.665,38532.0
2017-11-02 09:38:00,45.02,45.5,45.02,45.43,22701.0
2017-11-02 09:39:00,44.97,45.105,44.77,45.03,19350.0
2017-11-02 09:40:00,44.9,45.12,44.9,44.97,13660.0
2017-11-02 09:41:00,44.65,44.9,44.41,44.9,63487.0
2017-11-02 09:42:00,44.53,44.67,44.38,44.63,20990.0
2017-11-02 09:43:00,44.355,44.46,44.2,44.46,43756.0
2017-11-02 09:44:00,44.32,44.42,44.27,44.41,31300.0
2017-11-02 09:45:00,44.61,44.61,44.32,44.33,27657.0
2017-11-02 09:46:00,44.63,44.63,44.46,44.6,37029.0
2017-11-02 09:47:00,44.63,44.66,44.59,44.63,14018.0
2017-11-02 09:48:00,44.71,44.71,44.64,44.65,25228.0
2017-11-02 09:49:00,44.63,44.74,44.58,44.72,28153.0
2017-11-02 09:50:00,44.14,44.64,44.07,44.615,33339.0
2017-11-02 09:51:00,44.29,44.305,44.08,44.08,22066.0
2017-11-02 09:52:00,44.19,44.3,44.15,44.28,28509.0
2017-11-02 09:53:00,44.26,44.28,44.16,44.18,13239.0
2017-11-02 09:54:00,44.25,44.33,44.22,44.25,30955.0
2017-11-02 09:55:00,44.2,44.25,44.16,44.225,13004.0
2017-11-02 09:56:00,44.18,44.23,44.13,44.22,23036.0
2017-11-02 09:57:00,44.0301,44.18,44.0,44.18,17910.0
2017-11-02 09:58:00,44.26,44.29,44.035,44.04,32131.0
2017-11-02 09:59:00,44.275,44.29,44.23,44.26,15508.0
2017-11-02 10:00:00,44.53,44.54,44.275,44.275,24710.0
2017-11-02 10:01:00,44.4,44.5,44.38,44.49,29501.0
2017-11-02 10:02:00,44.51,44.51,44.265,44.4,13220.0
2017-11-02 10:03:00,44.54,44.54,44.4885,44.4885,6500.0
2017-11-02 10:04:00,44.44,44.57,44.4223,44.55,16947.0
2017-11-02 10:05:00,44.46,44.46,44.4,44.46,5876.0
2017-11-02 10:06:00,44.36,44.46,44.3,44.46,21820.0
2017-11-02 10:07:00,44.5,44.5,44.36,44.36,9727.0
2017-11-02 10:08:00,44.58,44.58,44.48,44.55,16190.0
2017-11-02 10:09:00,44.55,44.58,44.53,44.58,18359.0
2017-11-02 10:10:00,44.58,44.67,44.56,44.56,15880.0
2017-11-02 10:11:00,44.52,44.59,44.52,44.59,12876.0
2017-11-02 10:12:00,44.615,44.685,44.49,44.53,22300.0
2017-11-02 10:13:00,44.8131,44.82,44.615,44.615,7023.0
2017-11-02 10:14:00,44.7,44.85,44.66,44.82,12332.0
2017-11-02 10:15:00,44.61,44.69,44.61,44.67,8623.0
2017-11-02 10:16:00,44.6,44.605,44.55,44.6,9100.0
2017-11-02 10:17:00,44.78,44.78,44.59,44.59,7900.0
2017-11-02 10:18:00,44.7,44.76,44.69,44.75,10243.0
2017-11-02 10:19:00,44.68,44.76,44.68,44.71,10181.0
2017-11-02 10:20:00,44.735,44.75,44.66,44.695,15303.0
2017-11-02 10:21:00,44.59,44.735,44.59,44.735,15640.0
2017-11-02 10:22:00,44.62,44.63,44.55,44.5954,17329.0
2017-11-02 10:23:00,44.65,44.65,44.62,44.62,4700.0
2017-11-02 10:24:00,44.68,44.7,44.66,44.66,4908.0
2017-11-02 10:25:00,44.6,44.69,44.58,44.68,20814.0
2017-11-02 10:26:00,44.68,44.69,44.58,44.6,15502.0
2017-11-02 10:27:00,44.79,44.8,44.695,44.7,5882.0
2017-11-02 10:28:00,44.7,44.81,44.7,44.77,16568.0
2017-11-02 10:29:00,44.81,44.81,44.69,44.7,4794.0
2017-11-02 10:30:00,44.82,44.92,44.8102,44.82,14775.0
2017-11-02 10:31:00,44.87,44.89,44.82,44.84,15007.0
2017-11-02 10:32:00,45.0,45.0,44.83,44.87,20457.0
2017-11-02 10:33:00,44.99,45.03,44.98,45.01,18826.0
2017-11-02 10:34:00,44.84,44.98,44.84,44.98,11790.0
2017-11-02 10:35:00,44.79,44.84,44.78,44.82,6585.0
2017-11-02 10:36:00,44.97,44.97,44.77,44.79,17908.0
2017-11-02 10:37:00,44.99,44.99,44.89,44.98,12816.0
2017-11-02 10:38:00,44.98,45.01,44.94,44.99,10948.0
2017-11-02 10:39:00,44.915,44.98,44.91,44.9661,9347.0
2017-11-02 10:40:00,45.03,45.09,44.88,44.91,20584.0
2017-11-02 10:41:00,45.01,45.03,44.98,45.02,6628.0
2017-11-02 10:42:00,44.92,45.02,44.92,45.01,11500.0
2017-11-02 10:43:00,44.85,44.93,44.85,44.91,5055.0
2017-11-02 10:44:00,44.92,44.92,44.84,44.85,10400.0
2017-11-02 10:45:00,44.93,44.94,44.88,44.88,7400.0
2017-11-02 10:46:00,45.01,45.01,44.92,44.92,21401.0
2017-11-02 10:47:00,45.29,45.31,45.01,45.01,62182.0
2017-11-02 10:48:00,45.05,45.3,45.04,45.29,40916.0
2017-11-02 10:49:00,45.25,45.28,45.05,45.05,21613.0
2017-11-02 10:50:00,45.27,45.27,45.15,45.27,21589.0
2017-11-02 10:51:00,45.46,45.54,45.28,45.28,43489.0
2017-11-02 10:52:00,45.47,45.48,45.37,45.46,21701.0
2017-11-02 10:53:00,45.713,45.713,45.45,45.47,24238.0
2017-11-02 10:54:00,45.48,45.705,45.48,45.705,31200.0
2017-11-02 10:55:00,45.745,45.77,45.48,45.5,12981.0
2017-11-02 10:56:00,45.65,45.85,45.61,45.77,47631.0
2017-11-02 10:57:00,45.5725,45.64,45.55,45.64,27482.0
2017-11-02 10:58:00,45.47,45.6,45.46,45.59,20662.0
2017-11-02 10:59:00,45.29,45.52,45.29,45.47,10829.0
2017-11-02 11:00:00,45.32,45.32,45.15,45.275,20435.0
2017-11-02 11:01:00,45.25,45.28,45.14,45.28,15132.0
2017-11-02 11:02:00,45.15,45.25,45.14,45.25,8851.0
2017-11-02 11:03:00,45.18,45.19,45.13,45.13,6558.0
2017-11-02 11:04:00,45.06,45.2,45.06,45.19,67453.0
2017-11-02 11:05:00,45.22,45.23,45.06,45.06,31713.0
2017-11-02 11:06:00,45.205,45.22,45.19,45.22,10729.0
2017-11-02 11:07:00,45.2,45.21,45.19,45.2,15740.0
2017-11-02 11:08:00,45.15,45.21,45.15,45.2,3800.0
2017-11-02 11:09:00,45.14,45.18,45.07,45.15,23660.0
2017-11-02 11:10:00,45.14,45.1674,45.07,45.15,25239.0
2017-11-02 11:11:00,45.075,45.15,45.07,45.14,18676.0
2017-11-02 11:12:00,45.09,45.09,45.05,45.07,6910.0
2017-11-02 11:13:00,45.05,45.13,45.05,45.11,6050.0
2017-11-02 11:14:00,45.05,45.06,45.04,45.05,6299.0
2017-11-02 11:15:00,45.09,45.13,45.05,45.05,14625.0
2017-11-02 11:16:00,45.1,45.11,45.08,45.1,16172.0
2017-11-02 11:17:00,45.16,45.2,45.1,45.11,9686.0
2017-11-02 11:18:00,45.26,45.28,45.14,45.16,8327.0
2017-11-02 11:19:00,45.27,45.27,45.235,45.26,1500.0
2017-11-02 11:20:00,45.345,45.345,45.26,45.27,3447.0
2017-11-02 11:21:00,45.16,45.345,45.16,45.345,18116.0
2017-11-02 11:22:00,45.215,45.23,45.16,45.17,7556.0
2017-11-02 11:23:00,45.17,45.19,45.13,45.19,8550.0
2017-11-02 11:24:00,45.145,45.17,45.13,45.17,6314.0
2017-11-02 11:25:00,45.2,45.205,45.13,45.15,9106.0
2017-11-02 11:26:00,45.28,45.28,45.2,45.2,11911.0
2017-11-02 11:27:00,45.26,45.26,45.26,45.26,100.0
2017-11-02 11:28:00,45.335,45.335,45.25,45.25,5138.0
2017-11-02 11:29:00,45.39,45.39,45.33,45.34,3477.0
2017-11-02 11:30:00,45.355,45.38,45.355,45.3754,11473.0
2017-11-02 11:31:00,45.225,45.355,45.225,45.355,9173.0
2017-11-02 11:32:00,45.205,45.24,45.2,45.215,5883.0
2017-11-02 11:33:00,45.21,45.23,45.2,45.2,5243.0
2017-11-02 11:34:00,45.25,45.25,45.15,45.23,11145.0
2017-11-02 11:35:00,45.3,45.31,45.245,45.245,6090.0
2017-11-02 11:36:00,45.13,45.305,45.13,45.305,6930.0
2017-11-02 11:37:00,45.16,45.17,45.13,45.1301,5591.0
2017-11-02 11:38:00,45.25,45.275,45.17,45.17,14571.0
2017-11-02 11:39:00,45.26,45.26,45.2204,45.2204,1375.0
2017-11-02 11:40:00,45.285,45.29,45.2403,45.255,2641.0
2017-11-02 11:41:00,45.3475,45.35,45.305,45.31,3000.0
2017-11-02 11:42:00,45.46,45.46,45.345,45.345,3047.0
2017-11-02 11:43:00,45.4,45.46,45.4,45.445,3300.0
2017-11-02 11:44:00,45.42,45.47,45.38,45.395,9320.0
2017-11-02 11:45:00,45.395,45.495,45.395,45.43,10484.0
2017-11-02 11:46:00,45.43,45.46,45.39,45.39,4400.0
2017-11-02 11:47:00,45.395,45.425,45.395,45.425,2706.0
2017-11-02 11:48:00,45.44,45.48,45.4,45.4,7200.0
2017-11-02 11:49:00,45.365,45.45,45.35,45.445,9771.0
2017-11-02 11:50:00,45.33,45.355,45.31,45.35,8005.0
2017-11-02 11:51:00,45.29,45.34,45.29,45.34,2992.0
2017-11-02 11:52:00,45.34,45.34,45.27,45.303000000000004,14697.0
2017-11-02 11:53:00,45.3,45.33,45.3,45.33,1600.0
2017-11-02 11:54:00,45.3,45.3,45.28,45.3,5242.0
2017-11-02 11:55:00,45.295,45.33,45.28,45.28,6978.0
2017-11-02 11:56:00,45.3,45.31,45.29,45.3,1000.0
2017-11-02 11:57:00,45.31,45.33,45.3,45.31,7538.0
2017-11-02 11:58:00,45.3,45.305,45.3,45.305,2075.0
2017-11-02 11:59:00,45.29,45.3,45.29,45.295,1105.0
2017-11-02 12:00:00,45.28,45.3,45.28,45.29,1700.0
2017-11-02 12:01:00,45.31,45.33,45.3,45.3,26100.0
2017-11-02 12:02:00,45.35,45.35,45.31,45.31,7647.0
2017-11-02 12:03:00,45.36,45.38,45.35,45.35,13617.0
2017-11-02 12:04:00,45.36,45.36,45.35,45.36,500.0
2017-11-02 12:05:00,45.37,45.38,45.35,45.35,7534.0
2017-11-02 12:06:00,45.355,45.37,45.33,45.37,18276.0
2017-11-02 12:07:00,45.37,45.37,45.3,45.34,12352.0
2017-11-02 12:08:00,45.295,45.39,45.29,45.36,18705.0
2017-11-02 12:09:00,45.28,45.2999,45.2,45.29,22673.0
2017-11-02 12:10:00,45.305,45.305,45.26,45.27,11956.0
2017-11-02 12:11:00,45.245,45.305,45.22,45.3,8835.0
2017-11-02 12:12:00,45.29,45.29,45.245,45.245,17825.0
2017-11-02 12:13:00,45.29,45.3,45.29,45.29,6184.0
2017-11-02 12:14:00,45.25,45.3,45.235,45.29,10528.0
2017-11-02 12:15:00,45.26,45.27,45.22,45.2399,68612.0
2017-11-02 12:16:00,45.15,45.26,45.13,45.255,16253.0
2017-11-02 12:17:00,45.09,45.14,45.08,45.13,7963.0
2017-11-02 12:18:00,45.08,45.085,45.06,45.08,4201.0
2017-11-02 12:19:00,45.05,45.08,45.04,45.075,6023.0
2017-11-02 12:20:00,45.02,45.04,45.01,45.04,15321.0
2017-11-02 12:21:00,45.08,45.09,45.01,45.02,25665.0
2017-11-02 12:22:00,45.13,45.13,45.08,45.08,25172.0
2017-11-02 12:23:00,45.13,45.18,45.12,45.13,25444.0
2017-11-02 12:24:00,45.06,45.1383,45.06,45.1383,14461.0
2017-11-02 12:25:00,45.125,45.13,45.06,45.07,12950.0
2017-11-02 12:26:00,45.14,45.14,45.1,45.14,10924.0
2017-11-02 12:27:00,45.14,45.157,45.14,45.145,3514.0
2017-11-02 12:28:00,45.135,45.145,45.13,45.14,11204.0
2017-11-02 12:29:00,45.17,45.18,45.13,45.135,9113.0
2017-11-02 12:30:00,45.18,45.21,45.17,45.18,9951.0
2017-11-02 12:31:00,45.175,45.19,45.175,45.18,3500.0
2017-11-02 12:32:00,45.21,45.23,45.175,45.18,9563.0
2017-11-02 12:33:00,45.24,45.27,45.21,45.21,11759.0
2017-11-02 12:34:00,45.23,45.25,45.21,45.22,6140.0
2017-11-02 12:35:00,45.16,45.22,45.12,45.22,10785.0
2017-11-02 12:36:00,45.16,45.16,45.14,45.14,7832.0
2017-11-02 12:37:00,45.27,45.39,45.16,45.165,7187.0
2017-11-02 12:38:00,45.2,45.27,45.2,45.25,6798.0
2017-11-02 12:39:00,45.2,45.22,45.19,45.2,6435.0
2017-11-02 12:40:00,45.21,45.23,45.19,45.2,5204.0
2017-11-02 12:41:00,45.2,45.21,45.19,45.2,1400.0
2017-11-02 12:42:00,45.22,45.25,45.18,45.18,5422.0
2017-11-02 12:43:00,45.22,45.24,45.21,45.24,4821.0
2017-11-02 12:44:00,45.18,45.23,45.18,45.22,4910.0
2017-11-02 12:45:00,45.2,45.22,45.18,45.1897,6250.0
2017-11-02 12:46:00,45.21,45.24,45.16,45.2,7739.0
2017-11-02 12:47:00,45.16,45.21,45.15,45.21,3900.0
2017-11-02 12:48:00,45.19,45.205,45.155,45.165,10712.0
2017-11-02 12:49:00,45.24,45.25,45.19,45.19,9100.0
2017-11-02 12:50:00,45.25,45.25,45.24,45.24,1097.0
2017-11-02 12:51:00,45.28,45.29,45.245,45.26,7100.0
2017-11-02 12:52:00,45.29,45.29,45.27,45.2708,900.0
2017-11-02 12:53:00,45.32,45.32,45.3,45.3,400.0
2017-11-02 12:54:00,45.36,45.36,45.31,45.31,11649.0
2017-11-02 12:55:00,45.32,45.36,45.32,45.36,3500.0
2017-11-02 12:56:00,45.34,45.3499,45.31,45.33,4000.0
2017-11-02 12:57:00,45.38,45.4,45.33,45.35,10403.0
2017-11-02 12:58:00,45.405,45.405,45.36,45.38,5894.0
2017-11-02 12:59:00,45.45,45.46,45.41,45.41,10700.0
2017-11-02 13:00:00,45.4,45.47,45.39,45.455,4600.0
2017-11-02 13:01:00,45.4,45.44,45.35,45.39,18755.0
2017-11-02 13:02:00,45.38,45.41,45.37,45.41,1800.0
2017-11-02 13:03:00,45.36,45.372,45.35,45.372,3558.0
2017-11-02 13:04:00,45.36,45.3933,45.34,45.37,11203.0
2017-11-02 13:05:00,45.31,45.36,45.31,45.355,2333.0
2017-11-02 13:06:00,45.38,45.38,45.31,45.31,6419.0
2017-11-02 13:07:00,45.354,45.39,45.35,45.38,3666.0
2017-11-02 13:08:00,45.36,45.36,45.355,45.355,400.0
2017-11-02 13:09:00,45.37,45.375,45.35,45.35,3794.0
2017-11-02 13:10:00,45.4,45.41,45.37,45.38,7744.0
2017-11-02 13:11:00,45.39,45.4,45.38,45.395,4564.0
2017-11-02 13:12:00,45.335,45.4,45.32,45.4,4528.0
2017-11-02 13:13:00,45.3,45.33,45.3,45.33,3300.0
2017-11-02 13:14:00,45.37,45.37,45.3,45.305,11396.0
2017-11-02 13:15:00,45.45,45.475,45.37,45.37,18358.0
2017-11-02 13:16:00,45.44,45.47,45.42,45.45,9500.0
2017-11-02 13:17:00,45.44,45.45,45.43,45.435,2806.0
2017-11-02 13:18:00,45.45,45.458999999999996,45.44,45.44,3849.0
2017-11-02 13:19:00,45.45,45.46,45.45,45.46,500.0
2017-11-02 13:20:00,45.48,45.48,45.44,45.44,6635.0
2017-11-02 13:21:00,45.36,45.49,45.345,45.48,10281.0
2017-11-02 13:22:00,45.365,45.37,45.35,45.36,900.0
2017-11-02 13:23:00,45.37,45.39,45.37,45.38,4380.0
2017-11-02 13:24:00,45.41,45.41,45.36,45.36,4869.0
2017-11-02 13:25:00,45.36,45.42,45.36,45.4088,2248.0
2017-11-02 13:26:00,45.32,45.36,45.32,45.355,3705.0
2017-11-02 13:27:00,45.34,45.34,45.32,45.3201,2975.0
2017-11-02 13:28:00,45.37,45.37,45.33,45.34,4271.0
2017-11-02 13:29:00,45.37,45.4,45.37,45.37,4146.0
2017-11-02 13:30:00,45.4,45.4,45.38,45.39,2500.0
2017-11-02 13:31:00,45.4,45.4,45.4,45.4,700.0
2017-11-02 13:32:00,45.43,45.43,45.4,45.41,3909.0
2017-11-02 13:33:00,45.41,45.42,45.395,45.42,2719.0
2017-11-02 13:34:00,45.42,45.42,45.395,45.4,2900.0
2017-11-02 13:35:00,45.38,45.42,45.37,45.41,6144.0
2017-11-02 13:36:00,45.37,45.39,45.36,45.3899,4371.0
2017-11-02 13:37:00,45.305,45.37,45.29,45.37,7227.0
2017-11-02 13:38:00,45.23,45.33,45.23,45.305,87028.0
2017-11-02 13:39:00,45.145,45.245,45.14,45.23,3866.0
2017-11-02 13:40:00,45.21,45.21,45.15,45.16,7400.0
2017-11-02 13:41:00,45.215,45.22,45.2,45.21,3759.0
2017-11-02 13:42:00,45.22,45.23,45.21,45.23,3200.0
2017-11-02 13:43:00,45.21,45.23,45.21,45.21,3300.0
2017-11-02 13:44:00,45.21,45.23,45.2,45.22,2200.0
2017-11-02 13:45:00,45.2,45.21,45.17,45.21,8900.0
2017-11-02 13:46:00,45.21,45.21,45.18,45.19,4820.0
2017-11-02 13:47:00,45.2,45.22,45.2,45.2,1200.0
2017-11-02 13:48:00,45.22,45.2325,45.21,45.21,3867.0
2017-11-02 13:49:00,45.22,45.23,45.21,45.22,6717.0
2017-11-02 13:50:00,45.24,45.24,45.22,45.22,8160.0
2017-11-02 13:51:00,45.27,45.27,45.22,45.2324,14101.0
2017-11-02 13:52:00,45.29,45.3,45.27,45.27,7309.0
2017-11-02 13:53:00,45.34,45.34,45.29,45.29,12925.0
2017-11-02 13:54:00,45.36,45.36,45.33,45.34,4200.0
2017-11-02 13:55:00,45.36,45.36,45.35,45.35,5809.0
2017-11-02 13:56:00,45.35,45.36,45.35,45.36,2500.0
2017-11-02 13:57:00,45.36,45.36,45.35,45.355,4950.0
2017-11-02 13:58:00,45.4,45.4,45.37,45.37,7774.0
2017-11-02 13:59:00,45.42,45.43,45.405,45.405,5657.0
2017-11-02 14:00:00,45.42,45.42,45.415,45.415,2811.0
2017-11-02 14:01:00,45.42,45.43,45.42,45.42,1800.0
2017-11-02 14:02:00,45.45,45.45,45.43,45.43,3805.0
2017-11-02 14:03:00,45.48,45.48,45.45,45.45,4700.0
2017-11-02 14:04:00,45.49,45.49,45.46,45.47,9114.0
2017-11-02 14:05:00,45.45,45.49,45.45,45.49,6344.0
2017-11-02 14:06:00,45.465,45.465,45.46,45.46,1200.0
2017-11-02 14:07:00,45.49,45.495,45.49,45.49,1500.0
2017-11-02 14:08:00,45.5,45.505,45.48,45.495,9234.0
2017-11-02 14:09:00,45.5,45.5,45.48,45.49,1000.0
2017-11-02 14:10:00,45.495,45.51,45.49,45.49,11815.0
2017-11-02 14:11:00,45.49,45.5,45.48,45.495,21425.0
2017-11-02 14:12:00,45.48,45.49,45.48,45.49,1204.0
2017-11-02 14:13:00,45.43,45.48,45.43,45.48,2900.0
2017-11-02 14:14:00,45.43,45.44,45.42,45.42,5953.0
2017-11-02 14:15:00,45.44,45.44,45.42,45.44,2300.0
2017-11-02 14:16:00,45.46,45.46,45.43,45.435,6383.0
2017-11-02 14:17:00,45.475,45.49,45.4514,45.4514,8623.0
2017-11-02 14:18:00,45.5,45.5,45.48,45.48,28898.0
2017-11-02 14:19:00,45.5,45.51,45.49,45.5,5892.0
2017-11-02 14:20:00,45.53,45.53,45.5,45.5,7243.0
2017-11-02 14:21:00,45.53,45.53,45.525,45.53,2067.0
2017-11-02 14:22:00,45.495,45.535,45.49,45.53,11492.0
2017-11-02 14:23:00,45.51,45.51,45.49,45.5,5633.0
2017-11-02 14:24:00,45.51,45.51,45.5039,45.505,4024.0
2017-11-02 14:25:00,45.505,45.51,45.5007,45.505,1800.0
2017-11-02 14:26:00,45.5,45.51,45.49,45.5,14730.0
2017-11-02 14:27:00,45.5,45.51,45.5,45.505,800.0
2017-11-02 14:28:00,45.54,45.55,45.5,45.5,9790.0
2017-11-02 14:29:00,45.53,45.55,45.52,45.55,1939.0
2017-11-02 14:30:00,45.52,45.53,45.515,45.515,3668.0
2017-11-02 14:31:00,45.495,45.53,45.49,45.525,7700.0
2017-11-02 14:32:00,45.49,45.5,45.49,45.495,5426.0
2017-11-02 14:33:00,45.455,45.48,45.45,45.48,2200.0
2017-11-02 14:34:00,45.46,45.47,45.45,45.455,7518.0
2017-11-02 14:35:00,45.46,45.46,45.45,45.455,500.0
2017-11-02 14:36:00,45.495,45.5,45.455,45.455,6871.0
2017-11-02 14:37:00,45.53,45.535,45.48,45.49,17685.0
2017-11-02 14:38:00,45.51,45.54,45.49,45.54,8300.0
2017-11-02 14:39:00,45.51,45.52,45.5,45.51,2565.0
2017-11-02 14:40:00,45.5,45.54,45.49,45.51,11577.0
2017-11-02 14:41:00,45.495,45.5,45.49,45.49,7113.0
2017-11-02 14:42:00,45.53,45.53,45.495,45.5,7964.0
2017-11-02 14:43:00,45.515,45.54,45.51,45.54,10796.0
2017-11-02 14:44:00,45.53,45.535,45.51,45.52,9088.0
2017-11-02 14:45:00,45.52,45.535,45.52,45.53,4566.0
2017-11-02 14:46:00,45.53,45.53,45.52,45.525,7600.0
2017-11-02 14:47:00,45.525,45.545,45.525,45.525,16862.0
2017-11-02 14:48:00,45.55,45.55,45.52,45.525,8737.0
2017-11-02 14:49:00,45.545,45.56,45.54,45.555,11800.0
2017-11-02 14:50:00,45.54,45.545,45.52,45.545,20238.0
2017-11-02 14:51:00,45.4914,45.55,45.49,45.545,6890.0
2017-11-02 14:52:00,45.51,45.51,45.4941,45.495,7053.0
2017-11-02 14:53:00,45.51,45.515,45.5,45.51,8571.0
2017-11-02 14:54:00,45.49,45.52,45.49,45.51,17183.0
2017-11-02 14:55:00,45.515,45.52,45.495,45.5,14296.0
2017-11-02 14:56:00,45.525,45.53,45.51,45.515,8812.0
2017-11-02 14:57:00,45.525,45.53,45.515,45.525,7610.0
2017-11-02 14:58:00,45.53,45.53,45.52,45.525,5150.0
2017-11-02 14:59:00,45.53,45.53,45.52,45.525,1800.0
2017-11-02 15:00:00,45.57,45.57,45.53,45.53,7940.0
2017-11-02 15:01:00,45.545,45.57,45.54,45.565,24529.0
2017-11-02 15:02:00,45.545,45.55,45.54,45.545,2426.0
2017-11-02 15:03:00,45.545,45.55,45.54,45.545,4448.0
2017-11-02 15:04:00,45.57,45.57,45.545,45.545,10804.0
2017-11-02 15:05:00,45.62,45.62,45.58,45.58,7475.0
2017-11-02 15:06:00,45.685,45.685,45.62,45.62,12648.0
2017-11-02 15:07:00,45.595,45.68,45.595,45.68,19058.0
2017-11-02 15:08:00,45.585,45.62,45.58,45.595,14118.0
2017-11-02 15:09:00,45.615,45.62,45.585,45.585,5485.0
2017-11-02 15:10:00,45.65,45.65,45.61,45.62,15967.0
2017-11-02 15:11:00,45.62,45.66,45.62,45.66,6198.0
2017-11-02 15:12:00,45.605,45.63,45.595,45.625,12961.0
2017-11-02 15:13:00,45.6,45.6053,45.58,45.605,8000.0
2017-11-02 15:14:00,45.6,45.64,45.6,45.605,8349.0
2017-11-02 15:15:00,45.62,45.62,45.6,45.6,1900.0
2017-11-02 15:16:00,45.64,45.65,45.615,45.62,11890.0
2017-11-02 15:17:00,45.59,45.64,45.59,45.635,7600.0
2017-11-02 15:18:00,45.6286,45.64,45.59,45.59,10566.0
2017-11-02 15:19:00,45.55,45.62,45.55,45.62,20183.0
2017-11-02 15:20:00,45.555,45.565,45.53,45.55,8456.0
2017-11-02 15:21:00,45.51,45.56,45.495,45.56,11500.0
2017-11-02 15:22:00,45.48,45.525,45.45,45.51,18809.0
2017-11-02 15:23:00,45.51,45.52,45.46,45.475,29542.0
2017-11-02 15:24:00,45.49,45.5153,45.49,45.51,3882.0
2017-11-02 15:25:00,45.5,45.505,45.49,45.49,3915.0
2017-11-02 15:26:00,45.555,45.57,45.5,45.5,7678.0
2017-11-02 15:27:00,45.54,45.56,45.51,45.555,9550.0
2017-11-02 15:28:00,45.54,45.54,45.525,45.525,1879.0
2017-11-02 15:29:00,45.595,45.595,45.535,45.535,11904.0
2017-11-02 15:30:00,45.55,45.6,45.55,45.595,13184.0
2017-11-02 15:31:00,45.59,45.6,45.56,45.56,9734.0
2017-11-02 15:32:00,45.59,45.595,45.585,45.5899,3600.0
2017-11-02 15:33:00,45.585,45.6,45.58,45.59,3100.0
2017-11-02 15:34:00,45.555,45.585,45.555,45.585,9171.0
2017-11-02 15:35:00,45.56,45.56,45.535,45.55,12586.0
2017-11-02 15:36:00,45.585,45.6,45.565,45.57,11633.0
2017-11-02 15:37:00,45.585,45.595,45.585,45.59,4537.0
2017-11-02 15:38:00,45.54,45.585,45.54,45.58,12581.0
2017-11-02 15:39:00,45.57,45.59,45.54,45.54,14600.0
2017-11-02 15:40:00,45.575,45.58,45.57,45.57,2600.0
2017-11-02 15:41:00,45.575,45.58,45.57,45.575,3600.0
2017-11-02 15:42:00,45.59,45.595,45.57,45.575,15895.0
2017-11-02 15:43:00,45.6,45.6,45.595,45.595,23400.0
2017-11-02 15:44:00,45.555,45.6,45.55,45.595,13449.0
2017-11-02 15:45:00,45.59,45.595,45.555,45.555,12321.0
2017-11-02 15:46:00,45.6,45.6,45.59,45.59,6230.0
2017-11-02 15:47:00,45.56,45.6,45.56,45.6,14216.0
2017-11-02 15:48:00,45.6158,45.6158,45.56,45.565,16017.0
2017-11-02 15:49:00,45.59,45.63,45.59,45.62,10832.0
2017-11-02 15:50:00,45.59,45.6,45.59,45.595,2452.0
2017-11-02 15:51:00,45.61,45.61,45.59,45.595,16197.0
2017-11-02 15:52:00,45.605,45.61,45.6,45.605,5895.0
2017-11-02 15:53:00,45.58,45.61,45.57,45.605,25563.0
2017-11-02 15:54:00,45.585,45.59,45.57,45.58,23282.0
2017-11-02 15:55:00,45.575,45.59,45.57,45.585,13594.0
2017-11-02 15:56:00,45.575,45.58,45.57,45.575,10158.0
2017-11-02 15:57:00,45.5,45.59,45.5,45.57,49565.0
2017-11-02 15:58:00,45.43,45.51,45.43,45.5,32928.0
2017-11-02 15:59:00,45.44,45.47,45.42,45.435,63107.0
2017-11-02 16:00:00,45.42,45.44,45.42,45.43,55036.0
2017-11-03 09:30:00,45.43,45.43,45.43,45.43,39306.0
2017-11-03 09:31:00,45.24,45.41,45.22,45.41,1300.0
2017-11-03 09:32:00,45.19,45.35,45.19,45.27,4609.0
2017-11-03 09:33:00,45.02,45.22,45.0,45.19,15480.0
2017-11-03 09:34:00,45.14,45.225,45.01,45.02,12155.0
2017-11-03 09:35:00,45.24,45.35,45.1,45.14,16399.0
2017-11-03 09:36:00,45.43,45.5,45.19,45.19,7471.0
2017-11-03 09:37:00,45.46,45.49,45.32,45.43,13752.0
2017-11-03 09:38:00,45.255,45.46,45.22,45.46,13856.0
2017-11-03 09:39:00,45.19,45.43,45.15,45.29,13086.0
2017-11-03 09:40:00,45.02,45.29,45.02,45.19,7375.0
2017-11-03 09:41:00,44.93,45.0899,44.93,45.04,20755.0
2017-11-03 09:42:00,44.88,44.94,44.87,44.9,4828.0
2017-11-03 09:43:00,44.82,44.93,44.8,44.905,11100.0
2017-11-03 09:44:00,44.78,44.94,44.77,44.775,10971.0
2017-11-03 09:45:00,44.82,44.84,44.76,44.8,5100.0
2017-11-03 09:46:00,44.78,44.9,44.78,44.84,8329.0
2017-11-03 09:47:00,44.84,44.88,44.79,44.79,4805.0
2017-11-03 09:48:00,44.87,44.9299,44.87,44.88,2970.0
2017-11-03 09:49:00,44.78,44.88,44.78,44.87,6986.0
2017-11-03 09:50:00,44.66,44.79,44.66,44.78,7628.0
2017-11-03 09:51:00,44.89,44.89,44.71,44.72,7346.0
2017-11-03 09:52:00,44.755,44.86,44.73,44.85,8723.0
2017-11-03 09:53:00,44.74,44.82,44.74,44.79,2200.0
2017-11-03 09:54:00,44.72,44.75,44.695,44.74,6100.0
2017-11-03 09:55:00,44.81,44.84,44.73,44.74,18689.0
2017-11-03 09:56:00,44.84,44.87,44.81,44.82,2850.0
2017-11-03 09:57:00,44.835,44.88,44.82,44.86,5536.0
2017-11-03 09:58:00,44.81,44.83,44.78,44.82,6600.0
2017-11-03 09:59:00,44.865,44.89,44.8,44.8175,11300.0
2017-11-03 10:00:00,44.87,44.97,44.84,44.865,4789.0
2017-11-03 10:01:00,44.81,44.87,44.8,44.85,5601.0
2017-11-03 10:02:00,44.74,44.8,44.74,44.8,5538.0
2017-11-03 10:03:00,44.73,44.75,44.71,44.72,3015.0
2017-11-03 10:04:00,44.69,44.705,44.68,44.7,8859.0
2017-11-03 10:05:00,44.6274,44.69,44.6,44.68,7076.0
2017-11-03 10:06:00,44.64,44.64,44.59,44.64,7464.0
2017-11-03 10:07:00,44.62,44.67,44.61,44.63,4480.0
2017-11-03 10:08:00,44.6,44.63,44.57,44.59,6100.0
2017-11-03 10:09:00,44.58,44.61,44.58,44.59,3200.0
2017-11-03 10:10:00,44.6,44.61,44.52,44.58,10948.0
2017-11-03 10:11:00,44.63,44.63,44.6,44.6,4400.0
2017-11-03 10:12:00,44.59,44.67,44.59,44.62,6740.0
2017-11-03 10:13:00,44.56,44.5998,44.56,44.5919,1900.0
2017-11-03 10:14:00,44.53,44.58,44.51,44.57,5968.0
2017-11-03 10:15:00,44.58,44.58,44.5,44.51,8700.0
2017-11-03 10:16:00,44.55,44.58,44.54,44.55,8059.0
2017-11-03 10:17:00,44.5,44.57,44.47,44.56,5442.0
2017-11-03 10:18:00,44.43,44.5,44.43,44.5,3179.0
2017-11-03 10:19:00,44.435,44.45,44.4,44.45,8976.0
2017-11-03 10:20:00,44.445,44.45,44.42,44.45,4375.0
2017-11-03 10:21:00,44.4598,44.47,44.44,44.44,6992.0
2017-11-03 10:22:00,44.455,44.455,44.42,44.44,5735.0
2017-11-03 10:23:00,44.48,44.49,44.45,44.455,2296.0
2017-11-03 10:24:00,44.455,44.48,44.455,44.48,7185.0
2017-11-03 10:25:00,44.42,44.47,44.42,44.46,4216.0
2017-11-03 10:26:00,44.44,44.44,44.4,44.4,4000.0
2017-11-03 10:27:00,44.43,44.45,44.42,44.45,2200.0
2017-11-03 10:28:00,44.39,44.43,44.39,44.43,5505.0
2017-11-03 10:29:00,44.41,44.42,44.39,44.42,7290.0
2017-11-03 10:30:00,44.38,44.41,44.35,44.41,8986.0
2017-11-03 10:31:00,44.44,44.44,44.39,44.39,3600.0
2017-11-03 10:32:00,44.48,44.48,44.435,44.44,3700.0
2017-11-03 10:33:00,44.48,44.49,44.47,44.4797,5891.0
2017-11-03 10:34:00,44.505,44.505,44.475,44.48,3300.0
2017-11-03 10:35:00,44.49,44.52,44.47,44.5,8515.0
2017-11-03 10:36:00,44.53,44.53,44.48,44.49,4400.0
2017-11-03 10:37:00,44.51,44.53,44.51,44.52,2400.0
2017-11-03 10:38:00,44.51,44.51,44.505,44.505,2200.0
2017-11-03 10:39:00,44.45,44.5,44.44,44.5,3478.0
2017-11-03 10:40:00,44.45,44.45,44.43,44.44,2400.0
2017-11-03 10:41:00,44.42,44.45,44.39,44.45,6231.0
2017-11-03 10:42:00,44.42,44.43,44.42,44.42,1350.0
2017-11-03 10:43:00,44.26,44.41,44.26,44.41,6545.0
2017-11-03 10:44:00,44.3122,44.34,44.275,44.29,9222.0
2017-11-03 10:45:00,44.275,44.32,44.25,44.32,6875.0
2017-11-03 10:46:00,44.29,44.3,44.2788,44.28,3680.0
2017-11-03 10:47:00,44.26,44.3,44.24100000000001,44.2882,7120.0
2017-11-03 10:48:00,44.28,44.29,44.26,44.28,6880.0
2017-11-03 10:49:00,44.28,44.31,44.28,44.29,2552.0
2017-11-03 10:50:00,44.35,44.35,44.291000000000004,44.291000000000004,6415.0
2017-11-03 10:51:00,44.35,44.39,44.35,44.36,4715.0
2017-11-03 10:52:00,44.34,44.36,44.33,44.36,2500.0
2017-11-03 10:53:00,44.34,44.3405,44.3288,44.34,3253.0
2017-11-03 10:54:00,44.355,44.36,44.34,44.35,4842.0
2017-11-03 10:55:00,44.35,44.36,44.34,44.3541,4937.0
2017-11-03 10:56:00,44.335,44.35,44.33,44.35,3287.0
2017-11-03 10:57:00,44.33,44.33,44.31,44.33,2800.0
2017-11-03 10:58:00,44.34,44.35,44.32,44.32,4581.0
2017-11-03 10:59:00,44.35,44.35,44.35,44.35,300.0
2017-11-03 11:00:00,44.36,44.365,44.34,44.35,6162.0
2017-11-03 11:01:00,44.355,44.3684,44.3434,44.35,7208.0
2017-11-03 11:02:00,44.35,44.375,44.35,44.37,5566.0
2017-11-03 11:03:00,44.31,44.345,44.3,44.345,3903.0
2017-11-03 11:04:00,44.335,44.335,44.3,44.3,5807.0
2017-11-03 11:05:00,44.37,44.37,44.335,44.34,3634.0
2017-11-03 11:06:00,44.4332,44.4332,44.365,44.37,6301.0
2017-11-03 11:07:00,44.45,44.45,44.42,44.44,7990.0
2017-11-03 11:08:00,44.4242,44.44,44.42,44.43,3300.0
2017-11-03 11:09:00,44.4205,44.43,44.405,44.42,4350.0
2017-11-03 11:10:00,44.42,44.4305,44.4,44.41,4740.0
2017-11-03 11:11:00,44.45,44.45,44.425,44.425,7093.0
2017-11-03 11:12:00,44.52,44.52,44.44,44.44,6374.0
2017-11-03 11:13:00,44.51,44.53,44.5,44.52,8517.0
2017-11-03 11:14:00,44.51,44.52,44.5088,44.51,3900.0
2017-11-03 11:15:00,44.45,44.52,44.45,44.52,3566.0
2017-11-03 11:16:00,44.37,44.44,44.36,44.43,9361.0
2017-11-03 11:17:00,44.3347,44.38,44.3347,44.37,3260.0
2017-11-03 11:18:00,44.35,44.35,44.335,44.335,2639.0
2017-11-03 11:19:00,44.33,44.35,44.31,44.35,8608.0
2017-11-03 11:20:00,44.35,44.35,44.33,44.33,4415.0
2017-11-03 11:21:00,44.42,44.46,44.355,44.355,6685.0
2017-11-03 11:22:00,44.39,44.41,44.39,44.41,1100.0
2017-11-03 11:23:00,44.46,44.48,44.395,44.395,17604.0
2017-11-03 11:24:00,44.47,44.47,44.46,44.46,539.0
2017-11-03 11:25:00,44.4789,44.5,44.44,44.47,10886.0
2017-11-03 11:26:00,44.49,44.49,44.476000000000006,44.48,1344.0
2017-11-03 11:27:00,44.45,44.485,44.45,44.485,6404.0
2017-11-03 11:28:00,44.45,44.45,44.45,44.45,2900.0
2017-11-03 11:29:00,44.465,44.47,44.45,44.45,3350.0
2017-11-03 11:30:00,44.48,44.48,44.46,44.47,5321.0
2017-11-03 11:31:00,44.48,44.495,44.465,44.4683,5377.0
2017-11-03 11:32:00,44.47,44.48,44.47,44.48,2690.0
2017-11-03 11:33:00,44.45,44.47,44.415,44.47,21143.0
2017-11-03 11:34:00,44.43,44.45,44.43,44.44,3032.0
2017-11-03 11:35:00,44.49,44.49,44.43,44.43,6300.0
2017-11-03 11:36:00,44.4788,44.52,44.4788,44.495,6728.0
2017-11-03 11:37:00,44.48,44.48,44.4794,44.48,1400.0
2017-11-03 11:38:00,44.5,44.5,44.48,44.48,5510.0
2017-11-03 11:39:00,44.51,44.535,44.51,44.51,3245.0
2017-11-03 11:40:00,44.53,44.54,44.52,44.525,3400.0
2017-11-03 11:41:00,44.54,44.54,44.525,44.525,2700.0
2017-11-03 11:42:00,44.48,44.53,44.47,44.53,7470.0
2017-11-03 11:43:00,44.45,44.48,44.43,44.48,15013.0
2017-11-03 11:44:00,44.44,44.48,44.41,44.45,11847.0
2017-11-03 11:45:00,44.42,44.45,44.42,44.44,4194.0
2017-11-03 11:46:00,44.43,44.44,44.42,44.42,2700.0
2017-11-03 11:47:00,44.43,44.45,44.43,44.44,3886.0
2017-11-03 11:48:00,44.44,44.44,44.43,44.43899999999999,2400.0
2017-11-03 11:49:00,44.44,44.44,44.43,44.43,700.0
2017-11-03 11:50:00,44.405,44.43,44.4,44.43,9404.0
2017-11-03 11:51:00,44.42,44.43,44.4,44.405,7154.0
2017-11-03 11:52:00,44.42,44.43,44.42,44.43,900.0
2017-11-03 11:53:00,44.43,44.435,44.415,44.43,8144.0
2017-11-03 11:54:00,44.5,44.51,44.42,44.4432,17126.0
2017-11-03 11:55:00,44.51,44.51,44.49,44.5,2000.0
2017-11-03 11:56:00,44.505,44.51,44.49,44.5,3734.0
2017-11-03 11:57:00,44.5,44.55,44.49,44.51,10300.0
2017-11-03 11:58:00,44.5,44.53,44.49,44.5,6288.0
2017-11-03 11:59:00,44.47,44.505,44.46,44.5,7512.0
2017-11-03 12:00:00,44.43,44.4701,44.43,44.47,7800.0
2017-11-03 12:01:00,44.43,44.45,44.43,44.44,1100.0
2017-11-03 12:02:00,44.43,44.45,44.43,44.45,1600.0
2017-11-03 12:03:00,44.45,44.47,44.41,44.44,25837.0
2017-11-03 12:04:00,44.485,44.49,44.47,44.48,3100.0
2017-11-03 12:05:00,44.47,44.49,44.47,44.485,2400.0
2017-11-03 12:06:00,44.42,44.48,44.415,44.48,7202.0
2017-11-03 12:07:00,44.43,44.44,44.415,44.4175,4465.0
2017-11-03 12:08:00,44.42,44.44,44.42,44.43,2400.0
2017-11-03 12:09:00,44.42,44.43,44.41,44.43,2400.0
2017-11-03 12:10:00,44.45,44.45,44.41,44.42,16725.0
2017-11-03 12:11:00,44.45,44.45,44.435,44.435,1711.0
2017-11-03 12:12:00,44.45,44.46,44.44,44.46,4442.0
2017-11-03 12:13:00,44.46,44.46,44.44,44.45,7821.0
2017-11-03 12:14:00,44.46,44.46,44.45,44.46,2450.0
2017-11-03 12:15:00,44.45,44.455,44.44,44.45,4890.0
2017-11-03 12:16:00,44.48,44.48,44.45,44.455,2341.0
2017-11-03 12:17:00,44.44,44.47,44.44,44.47,6500.0
2017-11-03 12:18:00,44.43,44.45,44.43,44.45,2819.0
2017-11-03 12:19:00,44.44,44.44,44.435,44.435,765.0
2017-11-03 12:20:00,44.42,44.435,44.415,44.435,12287.0
2017-11-03 12:21:00,44.428999999999995,44.428999999999995,44.42,44.42,2300.0
2017-11-03 12:22:00,44.42,44.45,44.42,44.43,5104.0
2017-11-03 12:23:00,44.4183,44.43,44.4183,44.43,300.0
2017-11-03 12:24:00,44.43,44.45,44.41,44.42,13225.0
2017-11-03 12:25:00,44.46,44.46,44.43,44.44,6591.0
2017-11-03 12:26:00,44.46,44.46,44.43,44.45,2900.0
2017-11-03 12:27:00,44.43,44.43,44.43,44.43,200.0
2017-11-03 12:28:00,44.41,44.46,44.41,44.445,5460.0
2017-11-03 12:29:00,44.42,44.43,44.39,44.42,26290.0
2017-11-03 12:30:00,44.43,44.43,44.41,44.41,1374.0
2017-11-03 12:31:00,44.46,44.48,44.42,44.43,6599.0
2017-11-03 12:32:00,44.42,44.45,44.42,44.45,1917.0
2017-11-03 12:33:00,44.46,44.46,44.41,44.42,3959.0
2017-11-03 12:34:00,44.45,44.48,44.45,44.47,1450.0
2017-11-03 12:35:00,44.45,44.46,44.43,44.45,1300.0
2017-11-03 12:36:00,44.43,44.43,44.42,44.42,2215.0
2017-11-03 12:37:00,44.43,44.43,44.43,44.43,300.0
2017-11-03 12:38:00,44.41,44.44,44.41,44.42,3596.0
2017-11-03 12:39:00,44.44,44.44,44.41,44.41,2900.0
2017-11-03 12:40:00,44.42,44.43,44.41,44.43,3700.0
2017-11-03 12:41:00,44.45,44.45,44.42,44.42,1200.0
2017-11-03 12:42:00,44.44,44.45,44.44,44.45,2100.0
2017-11-03 12:43:00,44.43,44.45,44.43,44.45,1500.0
2017-11-03 12:44:00,44.42,44.428999999999995,44.41,44.42,3100.0
2017-11-03 12:45:00,44.42,44.42,44.42,44.42,1300.0
2017-11-03 12:46:00,44.43,44.43,44.43,44.43,200.0
2017-11-03 12:47:00,44.39,44.42,44.39,44.42,4291.0
2017-11-03 12:48:00,44.36,44.395,44.35,44.39,9919.0
2017-11-03 12:49:00,44.37,44.37,44.36,44.36,500.0
2017-11-03 12:50:00,44.31,44.36,44.31,44.36,13729.0
2017-11-03 12:51:00,44.325,44.34,44.32,44.32,5294.0
2017-11-03 12:52:00,44.3,44.35,44.3,44.34,21018.0
2017-11-03 12:53:00,44.35,44.36,44.3,44.31,11396.0
2017-11-03 12:54:00,44.31,44.35,44.31,44.35,2753.0
2017-11-03 12:55:00,44.275,44.31,44.27,44.3,11582.0
2017-11-03 12:56:00,44.28,44.3,44.27,44.27,7647.0
2017-11-03 12:57:00,44.31,44.31,44.27,44.29,6789.0
2017-11-03 12:58:00,44.4005,44.41,44.32,44.32,4261.0
2017-11-03 12:59:00,44.35,44.39,44.35,44.39,2800.0
2017-11-03 13:00:00,44.35,44.35,44.32,44.34,1600.0
2017-11-03 13:01:00,44.3,44.345,44.3,44.345,2950.0
2017-11-03 13:02:00,44.33,44.34,44.32,44.32,4724.0
2017-11-03 13:03:00,44.33,44.33,44.31,44.3212,3277.0
2017-11-03 13:04:00,44.35,44.35,44.33,44.33,1062.0
2017-11-03 13:05:00,44.37,44.37,44.345,44.345,2000.0
2017-11-03 13:06:00,44.345,44.36,44.345,44.36,1701.0
2017-11-03 13:07:00,44.33,44.345,44.33,44.34,4541.0
2017-11-03 13:08:00,44.335,44.349,44.335,44.34,1760.0
2017-11-03 13:09:00,44.335,44.339,44.335,44.335,300.0
2017-11-03 13:10:00,44.29,44.34,44.29,44.335,13866.0
2017-11-03 13:11:00,44.34,44.34,44.3,44.3,1847.0
2017-11-03 13:12:00,44.31,44.33,44.29,44.33,4820.0
2017-11-03 13:13:00,44.375,44.4,44.33,44.33,8979.0
2017-11-03 13:14:00,44.335,44.36,44.32,44.36,3800.0
2017-11-03 13:15:00,44.339,44.38,44.339,44.345,3609.0
2017-11-03 13:16:00,44.33,44.34,44.33,44.33,1100.0
2017-11-03 13:17:00,44.33,44.33,44.31,44.32,2698.0
2017-11-03 13:18:00,44.32,44.34,44.32,44.34,2100.0
2017-11-03 13:19:00,44.29,44.32,44.29,44.32,900.0
2017-11-03 13:20:00,44.31,44.31,44.3,44.31,1894.0
2017-11-03 13:21:00,44.31,44.31,44.305,44.31,1800.0
2017-11-03 13:22:00,44.31,44.31,44.2799,44.3,9645.0
2017-11-03 13:23:00,44.29,44.305,44.29,44.305,1712.0
2017-11-03 13:24:00,44.28,44.3,44.28,44.29,1700.0
2017-11-03 13:25:00,44.3,44.3,44.29,44.29,3000.0
2017-11-03 13:26:00,44.3188,44.32,44.309,44.31,1120.0
2017-11-03 13:27:00,44.34,44.34,44.3106,44.32,2815.0
2017-11-03 13:28:00,44.31,44.35,44.3,44.34,9199.0
2017-11-03 13:29:00,44.29,44.32,44.29,44.315,3107.0
2017-11-03 13:30:00,44.3,44.31,44.2901,44.3,891.0
2017-11-03 13:31:00,44.25,44.31,44.2201,44.31,7022.0
2017-11-03 13:32:00,44.24,44.26,44.22,44.2401,5595.0
2017-11-03 13:33:00,44.25,44.27,44.24,44.24,3200.0
2017-11-03 13:34:00,44.25,44.2505,44.2301,44.25,1896.0
2017-11-03 13:35:00,44.26,44.26,44.24,44.26,1700.0
2017-11-03 13:36:00,44.2356,44.2547,44.2201,44.2547,3125.0
2017-11-03 13:37:00,44.2301,44.25,44.23,44.24,2777.0
2017-11-03 13:38:00,44.22,44.24,44.2101,44.24,2462.0
2017-11-03 13:39:00,44.239,44.24,44.2201,44.23,2813.0
2017-11-03 13:40:00,44.14,44.24,44.14,44.239,9518.0
2017-11-03 13:41:00,44.17,44.17,44.13,44.14,5579.0
2017-11-03 13:42:00,44.1401,44.18,44.1401,44.17,2480.0
2017-11-03 13:43:00,44.16,44.175,44.1538,44.155,2855.0
2017-11-03 13:44:00,44.128,44.158,44.1201,44.15,5350.0
2017-11-03 13:45:00,44.13,44.16,44.13,44.13,7124.0
2017-11-03 13:46:00,44.13,44.14,44.11,44.12,3600.0
2017-11-03 13:47:00,44.12,44.14,44.06,44.12,11636.0
2017-11-03 13:48:00,44.14,44.14,44.1,44.115,3412.0
2017-11-03 13:49:00,44.12,44.17,44.12,44.13,4946.0
2017-11-03 13:50:00,44.11,44.13,44.11,44.12,7000.0
2017-11-03 13:51:00,44.11,44.12,44.1,44.11,5324.0
2017-11-03 13:52:00,44.12,44.13,44.1,44.1,1350.0
2017-11-03 13:53:00,44.09,44.12,44.09,44.11,5970.0
2017-11-03 13:54:00,44.1,44.1,44.07,44.085,3620.0
2017-11-03 13:55:00,44.08,44.12,44.08,44.09,2300.0
2017-11-03 13:56:00,44.05,44.08,44.05,44.08,3700.0
2017-11-03 13:57:00,44.06,44.07,44.035,44.06,4114.0
2017-11-03 13:58:00,44.0,44.07,44.0,44.06,14821.0
2017-11-03 13:59:00,44.01,44.02,44.0,44.0001,3313.0
2017-11-03 14:00:00,44.0,44.03,44.0,44.02,4713.0
2017-11-03 14:01:00,44.0101,44.025,44.0,44.01,3231.0
2017-11-03 14:02:00,44.01,44.025,44.0,44.02,7773.0
2017-11-03 14:03:00,43.9932,44.02,43.9808,44.01,3786.0
2017-11-03 14:04:00,43.95,43.995,43.95,43.995,4225.0
2017-11-03 14:05:00,43.967,43.97,43.92,43.93,3381.0
2017-11-03 14:06:00,43.96,43.97,43.92,43.9533,5722.0
2017-11-03 14:07:00,43.93,43.96,43.91,43.96,2078.0
2017-11-03 14:08:00,43.995,43.995,43.94,43.96,2228.0
2017-11-03 14:09:00,43.96,43.98,43.96,43.97,4626.0
2017-11-03 14:10:00,43.93,43.96,43.93,43.96,1500.0
2017-11-03 14:11:00,43.89,43.94,43.89,43.93,8000.0
2017-11-03 14:12:00,43.87,43.91,43.87,43.89,7297.0
2017-11-03 14:13:00,43.87,43.88,43.85,43.87,7685.0
2017-11-03 14:14:00,43.86,43.89,43.86,43.89,2490.0
2017-11-03 14:15:00,43.83,43.86,43.83,43.85,8900.0
2017-11-03 14:16:00,43.84,43.86,43.82,43.85,9200.0
2017-11-03 14:17:00,43.84,43.86,43.84,43.84,500.0
2017-11-03 14:18:00,43.85,43.86,43.84,43.85,5429.0
2017-11-03 14:19:00,43.84,43.87,43.83,43.86,11881.0
2017-11-03 14:20:00,43.88,43.88,43.83,43.83,3171.0
2017-11-03 14:21:00,43.88,43.89,43.85,43.885,6193.0
2017-11-03 14:22:00,43.88,43.88,43.87,43.87,3095.0
2017-11-03 14:23:00,43.85,43.88,43.85,43.88,2900.0
2017-11-03 14:24:00,43.85,43.87,43.84,43.868,5384.0
2017-11-03 14:25:00,43.86,43.87,43.85,43.86,2140.0
2017-11-03 14:26:00,43.87,43.87,43.86,43.86,2200.0
2017-11-03 14:27:00,43.87,43.878,43.85,43.86,3920.0
2017-11-03 14:28:00,43.85,43.878,43.84,43.8601,5486.0
2017-11-03 14:29:00,43.84,43.85,43.83,43.84,2400.0
2017-11-03 14:30:00,43.82,43.83,43.82,43.83,1100.0
2017-11-03 14:31:00,43.81,43.82,43.8,43.82,4100.0
2017-11-03 14:32:00,43.8,43.83,43.8,43.81,4200.0
2017-11-03 14:33:00,43.73,43.81,43.5,43.8,25673.0
2017-11-03 14:34:00,43.76,43.82,43.74,43.7499,5666.0
2017-11-03 14:35:00,43.7707,43.78,43.72,43.78,4725.0
2017-11-03 14:36:00,43.79,43.8,43.75,43.77,5639.0
2017-11-03 14:37:00,43.74,43.78,43.73,43.78,7380.0
2017-11-03 14:38:00,43.73,43.75,43.7,43.74,8134.0
2017-11-03 14:39:00,43.77,43.77,43.73,43.73,2800.0
2017-11-03 14:40:00,43.75,43.8,43.74,43.77,6337.0
2017-11-03 14:41:00,43.76,43.76,43.735,43.75,4778.0
2017-11-03 14:42:00,43.75,43.76,43.75,43.76,2660.0
2017-11-03 14:43:00,43.7692,43.77,43.74,43.74,3800.0
2017-11-03 14:44:00,43.8,43.8,43.77,43.78,4031.0
2017-11-03 14:45:00,43.825,43.825,43.79,43.8,12388.0
2017-11-03 14:46:00,43.89,43.89,43.83,43.83,25562.0
2017-11-03 14:47:00,43.94,43.94,43.89,43.89,7900.0
2017-11-03 14:48:00,43.99,43.99,43.93,43.93,9551.0
2017-11-03 14:49:00,43.98,44.01,43.95,43.98,10808.0
2017-11-03 14:50:00,44.01,44.03,43.99,44.03,4100.0
2017-11-03 14:51:00,44.04,44.045,43.99,43.99,5523.0
2017-11-03 14:52:00,43.99,44.05,43.96,44.05,5757.0
2017-11-03 14:53:00,44.0,44.0,43.98,44.0,7473.0
2017-11-03 14:54:00,44.02,44.08,43.96,43.98,14984.0
2017-11-03 14:55:00,44.025,44.07,44.02,44.03,2967.0
2017-11-03 14:56:00,44.025,44.03,44.025,44.025,1700.0
2017-11-03 14:57:00,44.065,44.07,44.01,44.03,8315.0
2017-11-03 14:58:00,44.035,44.065,44.03,44.06,6115.0
2017-11-03 14:59:00,44.03,44.05,44.02,44.04,5488.0
2017-11-03 15:00:00,44.02,44.03,44.01,44.02,2300.0
2017-11-03 15:01:00,44.0,44.025,44.0,44.025,6104.0
2017-11-03 15:02:00,44.0125,44.03,44.0,44.01,9192.0
2017-11-03 15:03:00,43.98,44.005,43.96,44.0,7859.0
2017-11-03 15:04:00,43.96,43.97,43.96,43.96,2400.0
2017-11-03 15:05:00,43.995,44.04,43.96,43.97,10064.0
2017-11-03 15:06:00,44.03,44.03,44.0,44.0,4408.0
2017-11-03 15:07:00,44.03,44.03,44.01,44.025,8673.0
2017-11-03 15:08:00,44.06,44.08,44.015,44.025,13054.0
2017-11-03 15:09:00,44.075,44.1,44.05,44.055,15884.0
2017-11-03 15:10:00,44.085,44.1,44.08,44.08,7350.0
2017-11-03 15:11:00,44.03,44.085,44.03,44.08,6100.0
2017-11-03 15:12:00,44.065,44.065,44.04,44.04,3625.0
2017-11-03 15:13:00,44.03,44.06,44.03,44.06,3360.0
2017-11-03 15:14:00,44.03,44.03,44.0,44.03,5684.0
2017-11-03 15:15:00,44.01,44.01,44.01,44.01,2000.0
2017-11-03 15:16:00,44.005,44.03,44.0,44.02,4390.0
2017-11-03 15:17:00,43.96,44.01,43.94,44.01,9790.0
2017-11-03 15:18:00,43.9,43.955,43.9,43.95,2498.0
2017-11-03 15:19:00,43.96,43.97,43.92,43.92,5812.0
2017-11-03 15:20:00,43.925,43.96,43.915,43.96,6212.0
2017-11-03 15:21:00,43.9,43.94,43.89,43.94,9011.0
2017-11-03 15:22:00,43.9,43.92,43.88,43.89,3531.0
2017-11-03 15:23:00,43.87,43.91,43.87,43.91,4141.0
2017-11-03 15:24:00,43.895,43.94,43.87,43.875,11009.0
2017-11-03 15:25:00,43.86,43.9,43.85,43.9,5721.0
2017-11-03 15:26:00,43.91,43.91,43.85,43.855,11804.0
2017-11-03 15:27:00,43.9026,43.92,43.9,43.9086,6463.0
2017-11-03 15:28:00,43.92,43.92,43.9,43.91,1900.0
2017-11-03 15:29:00,43.9,43.915,43.875,43.915,11059.0
2017-11-03 15:30:00,43.92,43.93,43.91,43.91,6200.0
2017-11-03 15:31:00,43.92,43.92,43.89,43.915,9362.0
2017-11-03 15:32:00,43.93,43.93,43.92,43.92,1500.0
2017-11-03 15:33:00,43.94,43.9425,43.915,43.925,9109.0
2017-11-03 15:34:00,43.95,43.96,43.94,43.94,3860.0
2017-11-03 15:35:00,43.895,43.95,43.89,43.95,10664.0
2017-11-03 15:36:00,43.95,43.95,43.895,43.895,8681.0
2017-11-03 15:37:00,43.905,43.96,43.905,43.955,7272.0
2017-11-03 15:38:00,43.93,43.94,43.905,43.9054,7580.0
2017-11-03 15:39:00,43.89,43.93,43.89,43.93,7967.0
2017-11-03 15:40:00,43.88,43.9,43.88,43.9,5448.0
2017-11-03 15:41:00,43.93899999999999,43.93899999999999,43.88,43.885,11514.0
2017-11-03 15:42:00,43.92,43.935,43.92,43.935,5636.0
2017-11-03 15:43:00,43.94,43.95,43.92,43.925,8284.0
2017-11-03 15:44:00,43.94,43.95,43.93,43.94,8489.0
2017-11-03 15:45:00,43.915,43.93,43.9,43.93,16727.0
2017-11-03 15:46:00,43.925,43.93,43.92,43.925,2687.0
2017-11-03 15:47:00,43.92,43.93,43.92,43.925,7117.0
2017-11-03 15:48:00,43.9099,43.925,43.9,43.925,9136.0
2017-11-03 15:49:00,43.87,43.91,43.87,43.9,10732.0
2017-11-03 15:50:00,43.87,43.87,43.84,43.87,21277.0
2017-11-03 15:51:00,43.89,43.895,43.86,43.87,13445.0
2017-11-03 15:52:00,43.885,43.89,43.88,43.89,4995.0
2017-11-03 15:53:00,43.8699,43.89,43.86,43.885,20029.0
2017-11-03 15:54:00,43.8301,43.865,43.81,43.865,32873.0
2017-11-03 15:55:00,43.94,43.96,43.835,43.835,36097.0
2017-11-03 15:56:00,43.9,43.92,43.89,43.92,18801.0
2017-11-03 15:57:00,43.895,43.9,43.89,43.9,9394.0
2017-11-03 15:58:00,43.88,43.9,43.88,43.895,25434.0
2017-11-03 15:59:00,43.87,43.89,43.87,43.885,20908.0
2017-11-03 16:00:00,43.96,43.96,43.87,43.875,62673.0
2017-11-06 09:30:00,43.83,43.83,43.83,43.83,28818.0
2017-11-06 09:31:00,43.78,43.88,43.78,43.87,13535.0
2017-11-06 09:32:00,43.6,43.77,43.6,43.77,1914.0
2017-11-06 09:33:00,43.52,43.65,43.52,43.63,7081.0
2017-11-06 09:34:00,43.55,43.57,43.47,43.56,16662.0
2017-11-06 09:35:00,43.58,43.62,43.511,43.538999999999994,2760.0
2017-11-06 09:36:00,43.54,43.605,43.54,43.605,2300.0
2017-11-06 09:37:00,43.4363,43.54,43.41,43.54,6410.0
2017-11-06 09:38:00,43.43,43.46,43.42,43.42,2499.0
2017-11-06 09:39:00,43.29,43.42,43.27,43.42,4136.0
2017-11-06 09:40:00,43.47,43.48,43.28,43.29,3701.0
2017-11-06 09:41:00,43.405,43.445,43.3892,43.44,2699.0
2017-11-06 09:42:00,43.4414,43.46,43.38,43.38,6192.0
2017-11-06 09:43:00,43.48,43.49,43.45,43.46,3493.0
2017-11-06 09:44:00,43.5,43.5,43.46,43.48,1322.0
2017-11-06 09:45:00,43.49,43.49,43.47,43.48,3408.0
2017-11-06 09:46:00,43.4786,43.49,43.46,43.49,6540.0
2017-11-06 09:47:00,43.455,43.46,43.43,43.46,6092.0
2017-11-06 09:48:00,43.48,43.48,43.42,43.47,3872.0
2017-11-06 09:49:00,43.4475,43.46,43.44,43.46,3220.0
2017-11-06 09:50:00,43.465,43.47,43.44,43.45,4838.0
2017-11-06 09:51:00,43.42,43.45,43.42,43.45,8000.0
2017-11-06 09:52:00,43.4,43.42,43.39,43.42,4660.0
2017-11-06 09:53:00,43.48,43.48,43.41,43.41,2927.0
2017-11-06 09:54:00,43.545,43.56,43.48,43.5,4577.0
2017-11-06 09:55:00,43.53,43.57,43.53,43.54,2781.0
2017-11-06 09:56:00,43.49,43.51,43.49,43.51,800.0
2017-11-06 09:57:00,43.41,43.49,43.41,43.49,1400.0
2017-11-06 09:58:00,43.4732,43.4732,43.43,43.44,6352.0
2017-11-06 09:59:00,43.495,43.51,43.48,43.49,1440.0
2017-11-06 10:00:00,43.51,43.51,43.49,43.49,1357.0
2017-11-06 10:01:00,43.43,43.5,43.43,43.5,4939.0
2017-11-06 10:02:00,43.49,43.49,43.4405,43.4405,2060.0
2017-11-06 10:03:00,43.51,43.53,43.5,43.51,1100.0
2017-11-06 10:04:00,43.58,43.58,43.51,43.51,5740.0
2017-11-06 10:05:00,43.54,43.571999999999996,43.53,43.571999999999996,2050.0
2017-11-06 10:06:00,43.56,43.59,43.53,43.53,4717.0
2017-11-06 10:07:00,43.53,43.58,43.53,43.58,2990.0
2017-11-06 10:08:00,43.48,43.52,43.48,43.52,2607.0
2017-11-06 10:09:00,43.46,43.49,43.46,43.48,2006.0
2017-11-06 10:10:00,43.56,43.56,43.45,43.46,6531.0
2017-11-06 10:11:00,43.5786,43.5786,43.52,43.54,2830.0
2017-11-06 10:12:00,43.5,43.59,43.49,43.59,7994.0
2017-11-06 10:13:00,43.49,43.52,43.485,43.5,2667.0
2017-11-06 10:14:00,43.42,43.48,43.42,43.48,3200.0
2017-11-06 10:15:00,43.43,43.43,43.41,43.42,2462.0
2017-11-06 10:16:00,43.45,43.45,43.44,43.44,900.0
2017-11-06 10:17:00,43.47,43.49,43.45,43.45,6453.0
2017-11-06 10:18:00,43.48,43.48,43.45,43.46,6960.0
2017-11-06 10:19:00,43.48,43.5,43.47,43.49,2950.0
2017-11-06 10:20:00,43.46,43.5,43.46,43.49,2750.0
2017-11-06 10:21:00,43.45,43.46,43.43,43.45,5737.0
2017-11-06 10:22:00,43.42,43.4544,43.42,43.45,1750.0
2017-11-06 10:23:00,43.39,43.41,43.38,43.41,2421.0
2017-11-06 10:24:00,43.42,43.44,43.38,43.39,7348.0
2017-11-06 10:25:00,43.41,43.42,43.4,43.41,2800.0
2017-11-06 10:26:00,43.41,43.42,43.4,43.41,3200.0
2017-11-06 10:27:00,43.39,43.42,43.39,43.42,4132.0
2017-11-06 10:28:00,43.41,43.41,43.39,43.39,1151.0
2017-11-06 10:29:00,43.43,43.43,43.39,43.4051,5100.0
2017-11-06 10:30:00,43.47,43.47,43.4344,43.435,4050.0
2017-11-06 10:31:00,43.5,43.5,43.47,43.48,2500.0
2017-11-06 10:32:00,43.44,43.5,43.44,43.5,9047.0
2017-11-06 10:33:00,43.43,43.45,43.43,43.44,3520.0
2017-11-06 10:34:00,43.41,43.42,43.385,43.41,7275.0
2017-11-06 10:35:00,43.4,43.43,43.4,43.41,5803.0
2017-11-06 10:36:00,43.46,43.46,43.42,43.42,3944.0
2017-11-06 10:37:00,43.45,43.48,43.45,43.47,2000.0
2017-11-06 10:38:00,43.4547,43.46,43.4547,43.46,250.0
2017-11-06 10:39:00,43.44,43.46,43.43,43.455,6080.0
2017-11-06 10:40:00,43.4444,43.46,43.43,43.44,11413.0
2017-11-06 10:41:00,43.42,43.445,43.41,43.445,4199.0
2017-11-06 10:42:00,43.43,43.43,43.42,43.42,1600.0
2017-11-06 10:43:00,43.44,43.44,43.425,43.43,4381.0
2017-11-06 10:44:00,43.41,43.45,43.41,43.44,5550.0
2017-11-06 10:45:00,43.4,43.41,43.395,43.41,2501.0
2017-11-06 10:46:00,43.3705,43.395,43.37,43.395,4379.0
2017-11-06 10:47:00,43.37,43.37,43.36,43.3688,950.0
2017-11-06 10:48:00,43.36,43.375,43.355,43.36,11316.0
2017-11-06 10:49:00,43.36,43.36,43.31,43.3556,13358.0
2017-11-06 10:50:00,43.32,43.36,43.32,43.36,3241.0
2017-11-06 10:51:00,43.31,43.31,43.28,43.31,4357.0
2017-11-06 10:52:00,43.3,43.315,43.28,43.31,6875.0
2017-11-06 10:53:00,43.34,43.34,43.31,43.31,1881.0
2017-11-06 10:54:00,43.3401,43.36,43.335,43.35,3655.0
2017-11-06 10:55:00,43.28,43.35,43.26,43.34,5263.0
2017-11-06 10:56:00,43.23,43.28,43.2253,43.27,6882.0
2017-11-06 10:57:00,43.27,43.27,43.21,43.21,4138.0
2017-11-06 10:58:00,43.26,43.26,43.26,43.26,200.0
2017-11-06 10:59:00,43.4,43.4,43.255,43.255,8294.0
2017-11-06 11:00:00,43.41,43.41,43.36,43.37,9898.0
2017-11-06 11:01:00,43.4251,43.44,43.39,43.41,6050.0
2017-11-06 11:02:00,43.43,43.46,43.4,43.43,12132.0
2017-11-06 11:03:00,43.41,43.4353,43.405,43.4353,3582.0
2017-11-06 11:04:00,43.45,43.46,43.415,43.4156,6000.0
2017-11-06 11:05:00,43.47,43.48,43.43,43.4388,7536.0
2017-11-06 11:06:00,43.46,43.47,43.44,43.44,2728.0
2017-11-06 11:07:00,43.5,43.5,43.461999999999996,43.4666,3980.0
2017-11-06 11:08:00,43.47,43.5,43.46,43.49,6094.0
2017-11-06 11:09:00,43.44,43.46,43.43,43.44,12200.0
2017-11-06 11:10:00,43.455,43.47,43.44,43.44,7782.0
2017-11-06 11:11:00,43.46,43.46,43.45,43.455,300.0
2017-11-06 11:12:00,43.52,43.52,43.45,43.47,14350.0
2017-11-06 11:13:00,43.53,43.53,43.51,43.51,3200.0
2017-11-06 11:14:00,43.53,43.57,43.53,43.53,9985.0
2017-11-06 11:15:00,43.52,43.54,43.51,43.531000000000006,9296.0
2017-11-06 11:16:00,43.5344,43.55,43.515,43.52,9450.0
2017-11-06 11:17:00,43.55,43.57,43.53,43.535,9393.0
2017-11-06 11:18:00,43.53,43.538999999999994,43.53,43.538999999999994,700.0
2017-11-06 11:19:00,43.58,43.58,43.53,43.53,12400.0
2017-11-06 11:20:00,43.57,43.5705,43.5503,43.5705,6565.0
2017-11-06 11:21:00,43.56,43.57,43.55,43.56,4100.0
2017-11-06 11:22:00,43.562,43.59,43.5401,43.549,15728.0
2017-11-06 11:23:00,43.56,43.59,43.56,43.58,8039.0
2017-11-06 11:24:00,43.5605,43.57,43.5501,43.57,3750.0
2017-11-06 11:25:00,43.62,43.62,43.55,43.55,10186.0
2017-11-06 11:26:00,43.622,43.65,43.622,43.63,8081.0
2017-11-06 11:27:00,43.62,43.63,43.601000000000006,43.62,6500.0
2017-11-06 11:28:00,43.59,43.63,43.59,43.62,15086.0
2017-11-06 11:29:00,43.65,43.65,43.59,43.6001,4400.0
2017-11-06 11:30:00,43.67,43.6805,43.65,43.65,8976.0
2017-11-06 11:31:00,43.65,43.67,43.6403,43.6558,1520.0
2017-11-06 11:32:00,43.66,43.66,43.6499,43.65,3439.0
2017-11-06 11:33:00,43.65,43.66,43.6488,43.66,5295.0
2017-11-06 11:34:00,43.69,43.7,43.66,43.66,8420.0
2017-11-06 11:35:00,43.6987,43.72,43.68,43.7,5709.0
2017-11-06 11:36:00,43.7,43.71,43.7,43.71,2500.0
2017-11-06 11:37:00,43.68,43.7,43.68,43.7,7860.0
2017-11-06 11:38:00,43.68,43.68,43.66,43.67,5861.0
2017-11-06 11:39:00,43.69,43.69,43.65,43.66,8691.0
2017-11-06 11:40:00,43.69,43.7,43.68,43.69,5035.0
2017-11-06 11:41:00,43.69,43.7,43.69,43.69,2100.0
2017-11-06 11:42:00,43.72,43.72,43.69,43.7,9447.0
2017-11-06 11:43:00,43.71,43.72,43.71,43.71,800.0
2017-11-06 11:44:00,43.705,43.72,43.7,43.7,8175.0
2017-11-06 11:45:00,43.71,43.72,43.7,43.71,14970.0
2017-11-06 11:46:00,43.75,43.76,43.7,43.7,13845.0
2017-11-06 11:47:00,43.75,43.76,43.74,43.74,1540.0
2017-11-06 11:48:00,43.75,43.76,43.7488,43.75,1307.0
2017-11-06 11:49:00,43.8,43.8,43.75,43.75,10070.0
2017-11-06 11:50:00,43.75,43.79,43.75,43.79,4339.0
2017-11-06 11:51:00,43.75,43.76,43.74,43.75,3700.0
2017-11-06 11:52:00,43.76,43.78,43.75,43.75,6800.0
2017-11-06 11:53:00,43.72,43.77,43.7,43.77,7328.0
2017-11-06 11:54:00,43.71,43.72,43.7,43.7,11700.0
2017-11-06 11:55:00,43.725,43.725,43.7,43.705,6600.0
2017-11-06 11:56:00,43.735,43.75,43.72,43.72,11881.0
2017-11-06 11:57:00,43.73,43.75,43.725,43.73,9598.0
2017-11-06 11:58:00,43.74,43.74,43.72,43.73,1600.0
2017-11-06 11:59:00,43.72,43.75,43.72,43.74,4060.0
2017-11-06 12:00:00,43.69,43.72,43.69,43.72,8500.0
2017-11-06 12:01:00,43.69,43.71,43.69,43.69,7246.0
2017-11-06 12:02:00,43.68,43.69,43.68,43.68,2400.0
2017-11-06 12:03:00,43.7,43.73,43.68,43.68,2800.0
2017-11-06 12:04:00,43.71,43.72,43.701,43.701,2250.0
2017-11-06 12:05:00,43.7,43.72,43.7,43.72,2000.0
2017-11-06 12:06:00,43.71,43.71,43.7,43.7,3501.0
2017-11-06 12:07:00,43.72,43.73,43.705,43.705,1451.0
2017-11-06 12:08:00,43.739,43.739,43.73,43.73,1037.0
2017-11-06 12:09:00,43.72,43.73,43.72,43.72,5300.0
2017-11-06 12:10:00,43.71,43.73,43.71,43.73,2000.0
2017-11-06 12:11:00,43.72,43.72,43.71,43.71,1600.0
2017-11-06 12:12:00,43.72,43.73,43.72,43.72,2200.0
2017-11-06 12:13:00,43.73,43.73,43.72,43.72,2400.0
2017-11-06 12:14:00,43.72,43.725,43.72,43.72,500.0
2017-11-06 12:15:00,43.7438,43.745,43.72,43.72,3888.0
2017-11-06 12:16:00,43.75,43.75,43.74,43.74,500.0
2017-11-06 12:17:00,43.73,43.75,43.73,43.74,2600.0
2017-11-06 12:18:00,43.71,43.73,43.71,43.73,1600.0
2017-11-06 12:19:00,43.71,43.71,43.71,43.71,3400.0
2017-11-06 12:20:00,43.695,43.7,43.69,43.7,900.0
2017-11-06 12:21:00,43.69,43.7,43.69,43.69,4864.0
2017-11-06 12:22:00,43.67,43.68,43.67,43.68,4569.0
2017-11-06 12:23:00,43.67,43.6759,43.67,43.67,2192.0
2017-11-06 12:24:00,43.61,43.67,43.61,43.67,14551.0
2017-11-06 12:25:00,43.6,43.61,43.57,43.61,9407.0
2017-11-06 12:26:00,43.6,43.6011,43.58,43.6,3212.0
2017-11-06 12:27:00,43.58,43.61,43.58,43.6,3316.0
2017-11-06 12:28:00,43.62,43.62,43.57,43.58,5961.0
2017-11-06 12:29:00,43.62,43.63,43.62,43.62,800.0
2017-11-06 12:30:00,43.68,43.68,43.6247,43.63,3907.0
2017-11-06 12:31:00,43.69,43.69,43.68,43.68,1761.0
2017-11-06 12:32:00,43.7,43.7,43.685,43.685,2100.0
2017-11-06 12:33:00,43.7,43.7,43.7,43.7,300.0
2017-11-06 12:34:00,43.71,43.73,43.7,43.7,5479.0
2017-11-06 12:35:00,43.68,43.7,43.68,43.7,4000.0
2017-11-06 12:36:00,43.68,43.68,43.675,43.68,3075.0
2017-11-06 12:37:00,43.69,43.7,43.69,43.69,2100.0
2017-11-06 12:38:00,43.7,43.71,43.69,43.69,1610.0
2017-11-06 12:39:00,43.7,43.7,43.7,43.7,800.0
2017-11-06 12:40:00,43.69,43.7,43.69,43.7,1900.0
2017-11-06 12:41:00,43.68,43.69,43.68,43.69,1200.0
2017-11-06 12:42:00,43.67,43.69,43.66,43.68,4104.0
2017-11-06 12:43:00,43.7,43.7,43.67,43.67,2478.0
2017-11-06 12:44:00,43.7,43.71,43.7,43.7,1000.0
2017-11-06 12:45:00,43.7198,43.73,43.705,43.705,3400.0
2017-11-06 12:46:00,43.74,43.74,43.72,43.72,1438.0
2017-11-06 12:47:00,43.72,43.74,43.72,43.74,1585.0
2017-11-06 12:48:00,43.72,43.72,43.71,43.72,1700.0
2017-11-06 12:49:00,43.72,43.73,43.71,43.71,3391.0
2017-11-06 12:50:00,43.72,43.73,43.71,43.71,4400.0
2017-11-06 12:51:00,43.73,43.73,43.71,43.72,2218.0
2017-11-06 12:52:00,43.72,43.74,43.72,43.74,2600.0
2017-11-06 12:53:00,43.72,43.73,43.72,43.72,1400.0
2017-11-06 12:54:00,43.73,43.735,43.72,43.72,1700.0
2017-11-06 12:55:00,43.725,43.73,43.725,43.73,210.0
2017-11-06 12:56:00,43.71,43.72,43.69,43.72,4683.0
2017-11-06 12:57:00,43.71,43.71,43.7,43.7,1900.0
2017-11-06 12:58:00,43.71,43.71,43.69,43.71,4358.0
2017-11-06 13:00:00,43.72,43.73,43.71,43.71,3130.0
2017-11-06 13:01:00,43.72,43.73,43.71,43.72,7830.0
2017-11-06 13:02:00,43.72,43.72,43.7125,43.7125,2568.0
2017-11-06 13:03:00,43.69,43.7125,43.69,43.71,2134.0
2017-11-06 13:04:00,43.71,43.71,43.69,43.69,1300.0
2017-11-06 13:05:00,43.72,43.73,43.71,43.71,3146.0
2017-11-06 13:06:00,43.7,43.71,43.7,43.71,300.0
2017-11-06 13:07:00,43.72,43.72,43.7,43.7,2600.0
2017-11-06 13:08:00,43.73,43.74,43.73,43.73,600.0
2017-11-06 13:09:00,43.73,43.73,43.71,43.73,1757.0
2017-11-06 13:10:00,43.73,43.73,43.72,43.73,2082.0
2017-11-06 13:11:00,43.71,43.73,43.71,43.72,4298.0
2017-11-06 13:12:00,43.7151,43.72,43.7151,43.72,2290.0
2017-11-06 13:13:00,43.68,43.71,43.68,43.71,2000.0
2017-11-06 13:14:00,43.68,43.695,43.67,43.68,10020.0
2017-11-06 13:16:00,43.68,43.69,43.68,43.68,4867.0
2017-11-06 13:17:00,43.69,43.69,43.67,43.68,2000.0
2017-11-06 13:18:00,43.7,43.7,43.68,43.68,2100.0
2017-11-06 13:19:00,43.62,43.695,43.62,43.691,6328.0
2017-11-06 13:20:00,43.65,43.65,43.59,43.62,5366.0
2017-11-06 13:21:00,43.64,43.64,43.64,43.64,1300.0
2017-11-06 13:22:00,43.64,43.65,43.64,43.64,1500.0
2017-11-06 13:23:00,43.64,43.64,43.64,43.64,2485.0
2017-11-06 13:24:00,43.65,43.65,43.64,43.64,3494.0
2017-11-06 13:25:00,43.64,43.64,43.64,43.64,1000.0
2017-11-06 13:26:00,43.61,43.635,43.6,43.63,7353.0
2017-11-06 13:27:00,43.62,43.62,43.62,43.62,100.0
2017-11-06 13:28:00,43.57,43.61,43.57,43.61,3434.0
2017-11-06 13:29:00,43.59,43.5958,43.58,43.58,836.0
2017-11-06 13:30:00,43.59,43.595,43.59,43.595,300.0
2017-11-06 13:31:00,43.635,43.635,43.6,43.6,6491.0
2017-11-06 13:32:00,43.73,43.73,43.62,43.635,13926.0
2017-11-06 13:33:00,43.68,43.73,43.68,43.73,3693.0
2017-11-06 13:34:00,43.67,43.68,43.67,43.67,500.0
2017-11-06 13:35:00,43.69,43.7,43.68,43.68,2898.0
2017-11-06 13:36:00,43.68,43.685,43.68,43.68,400.0
2017-11-06 13:37:00,43.65,43.69,43.65,43.68,6817.0
2017-11-06 13:38:00,43.65,43.65,43.64,43.65,6860.0
2017-11-06 13:39:00,43.61,43.64,43.61,43.64,3900.0
2017-11-06 13:40:00,43.61,43.61,43.6,43.6,2508.0
2017-11-06 13:41:00,43.59,43.61,43.585,43.61,3693.0
2017-11-06 13:42:00,43.6,43.6,43.59,43.59,700.0
2017-11-06 13:43:00,43.58,43.6,43.58,43.6,1366.0
2017-11-06 13:44:00,43.565,43.58,43.56,43.58,1270.0
2017-11-06 13:45:00,43.57,43.57,43.54,43.56,4400.0
2017-11-06 13:46:00,43.57,43.57,43.56,43.56,1300.0
2017-11-06 13:47:00,43.58,43.58,43.55,43.56,1600.0
2017-11-06 13:48:00,43.59,43.6,43.58,43.585,1000.0
2017-11-06 13:49:00,43.54,43.59,43.54,43.59,5428.0
2017-11-06 13:50:00,43.58,43.58,43.54,43.54,3438.0
2017-11-06 13:51:00,43.57,43.5844,43.57,43.58,1300.0
2017-11-06 13:52:00,43.55,43.5747,43.55,43.5747,4316.0
2017-11-06 13:53:00,43.51,43.55,43.47,43.54,15124.0
2017-11-06 13:54:00,43.52,43.52,43.5,43.51,2854.0
2017-11-06 13:55:00,43.52,43.52,43.5199,43.52,366.0
2017-11-06 13:56:00,43.494,43.52,43.49,43.51,6537.0
2017-11-06 13:57:00,43.49,43.51,43.49,43.49,5913.0
2017-11-06 13:58:00,43.49,43.5,43.48,43.5,2150.0
2017-11-06 13:59:00,43.49,43.4912,43.4866,43.4912,1614.0
2017-11-06 14:00:00,43.5,43.5,43.48,43.49,1200.0
2017-11-06 14:01:00,43.48,43.49,43.47,43.49,5080.0
2017-11-06 14:02:00,43.48,43.48,43.47,43.48,900.0
2017-11-06 14:03:00,43.48,43.49,43.4701,43.48,2319.0
2017-11-06 14:04:00,43.495,43.5,43.49,43.49,4400.0
2017-11-06 14:05:00,43.5,43.5,43.47,43.495,13975.0
2017-11-06 14:06:00,43.52,43.52,43.51,43.51,1168.0
2017-11-06 14:07:00,43.5,43.52,43.5,43.51,6504.0
2017-11-06 14:08:00,43.49,43.5,43.49,43.5,8299.0
2017-11-06 14:09:00,43.5,43.5,43.49,43.49,1194.0
2017-11-06 14:10:00,43.52,43.525,43.49,43.49,7875.0
2017-11-06 14:11:00,43.5,43.52,43.5,43.52,2507.0
2017-11-06 14:12:00,43.5,43.5,43.49,43.5,4390.0
2017-11-06 14:13:00,43.5,43.505,43.49,43.49,4279.0
2017-11-06 14:14:00,43.5,43.51,43.5,43.51,2468.0
2017-11-06 14:15:00,43.5,43.505,43.5,43.5,3400.0
2017-11-06 14:16:00,43.5,43.5,43.5,43.5,1933.0
2017-11-06 14:17:00,43.51,43.53,43.49,43.5,13600.0
2017-11-06 14:18:00,43.51,43.52,43.51,43.52,1605.0
2017-11-06 14:19:00,43.5,43.5175,43.49,43.513000000000005,5462.0
2017-11-06 14:20:00,43.51,43.51,43.51,43.51,800.0
2017-11-06 14:21:00,43.52,43.52,43.51,43.52,300.0
2017-11-06 14:22:00,43.49,43.515,43.49,43.515,5300.0
2017-11-06 14:23:00,43.5,43.5,43.49,43.49,600.0
2017-11-06 14:24:00,43.5,43.51,43.49,43.5,8022.0
2017-11-06 14:25:00,43.49,43.49,43.49,43.49,300.0
2017-11-06 14:26:00,43.5,43.5031,43.49,43.5,5221.0
2017-11-06 14:27:00,43.52,43.525,43.49,43.495,16988.0
2017-11-06 14:28:00,43.49,43.52,43.49,43.52,4816.0
2017-11-06 14:29:00,43.47,43.495,43.47,43.495,17600.0
2017-11-06 14:30:00,43.46,43.48,43.455,43.48,3287.0
2017-11-06 14:31:00,43.43,43.46,43.43,43.46,47100.0
2017-11-06 14:32:00,43.43,43.43,43.43,43.43,100.0
2017-11-06 14:33:00,43.4,43.44,43.4,43.44,5859.0
2017-11-06 14:34:00,43.4192,43.42,43.41,43.41,3051.0
2017-11-06 14:35:00,43.4,43.41,43.4,43.41,8629.0
2017-11-06 14:36:00,43.4,43.4046,43.4,43.4,1905.0
2017-11-06 14:37:00,43.42,43.42,43.4,43.4,4348.0
2017-11-06 14:38:00,43.46,43.46,43.425,43.43,3011.0
2017-11-06 14:39:00,43.44,43.47,43.44,43.46,5885.0
2017-11-06 14:40:00,43.42,43.43,43.42,43.43,3000.0
2017-11-06 14:41:00,43.415,43.425,43.415,43.42,1974.0
2017-11-06 14:42:00,43.42,43.42,43.41,43.41,2376.0
2017-11-06 14:43:00,43.45,43.45,43.42,43.42,4767.0
2017-11-06 14:44:00,43.44,43.45,43.44,43.45,8425.0
2017-11-06 14:45:00,43.43,43.43,43.42,43.43,5200.0
2017-11-06 14:46:00,43.43,43.43,43.4269,43.43,3368.0
2017-11-06 14:47:00,43.41,43.43,43.41,43.43,2176.0
2017-11-06 14:48:00,43.38,43.42,43.375,43.41,15453.0
2017-11-06 14:49:00,43.37,43.38,43.37,43.37,2700.0
2017-11-06 14:50:00,43.365,43.3734,43.36,43.371,7132.0
2017-11-06 14:51:00,43.36,43.3633,43.35,43.36,4180.0
2017-11-06 14:52:00,43.32,43.37,43.32,43.35,8661.0
2017-11-06 14:53:00,43.3568,43.365,43.32,43.32,33379.0
2017-11-06 14:54:00,43.36,43.38,43.335,43.37,7832.0
2017-11-06 14:55:00,43.39,43.39,43.36,43.36,1500.0
2017-11-06 14:56:00,43.381,43.4,43.38,43.38,4943.0
2017-11-06 14:57:00,43.3968,43.41,43.385,43.39,2800.0
2017-11-06 14:58:00,43.355,43.39,43.355,43.39,3446.0
2017-11-06 14:59:00,43.355,43.369,43.35,43.36,6424.0
2017-11-06 15:00:00,43.36,43.365,43.36,43.36,1859.0
2017-11-06 15:01:00,43.355,43.355,43.35,43.35,612.0
2017-11-06 15:02:00,43.37,43.37,43.36,43.36,1825.0
2017-11-06 15:03:00,43.39,43.39,43.36,43.36,4082.0
2017-11-06 15:04:00,43.37,43.39,43.37,43.39,3400.0
2017-11-06 15:05:00,43.375,43.38,43.37,43.38,4010.0
2017-11-06 15:06:00,43.395,43.395,43.375,43.375,4624.0
2017-11-06 15:07:00,43.395,43.4,43.39,43.39,3200.0
2017-11-06 15:08:00,43.4,43.4,43.39,43.395,4090.0
2017-11-06 15:09:00,43.35,43.405,43.35,43.395,24437.0
2017-11-06 15:10:00,43.3643,43.3643,43.35,43.35,3100.0
2017-11-06 15:11:00,43.34,43.36,43.33,43.36,7800.0
2017-11-06 15:12:00,43.34,43.34,43.34,43.34,100.0
2017-11-06 15:13:00,43.355,43.355,43.35,43.35,3037.0
2017-11-06 15:14:00,43.35,43.35,43.345,43.35,2300.0
2017-11-06 15:15:00,43.33,43.345,43.31,43.345,6035.0
2017-11-06 15:16:00,43.325,43.33,43.325,43.33,500.0
2017-11-06 15:17:00,43.325,43.325,43.32,43.32,5591.0
2017-11-06 15:18:00,43.345,43.36,43.32,43.32,9268.0
2017-11-06 15:19:00,43.34,43.35,43.34,43.35,800.0
2017-11-06 15:20:00,43.365,43.365,43.34,43.34,3121.0
2017-11-06 15:21:00,43.395,43.395,43.36,43.37,3487.0
2017-11-06 15:22:00,43.385,43.3975,43.385,43.39,5805.0
2017-11-06 15:23:00,43.34,43.385,43.34,43.38,14855.0
2017-11-06 15:24:00,43.33,43.34,43.32,43.34,13234.0
2017-11-06 15:25:00,43.32,43.32,43.3,43.32,19520.0
2017-11-06 15:26:00,43.33,43.33,43.3,43.3,7261.0
2017-11-06 15:27:00,43.33,43.335,43.315,43.3325,9043.0
2017-11-06 15:28:00,43.33,43.33,43.3,43.33,7007.0
2017-11-06 15:29:00,43.35,43.35,43.34,43.34,3915.0
2017-11-06 15:30:00,43.35,43.35,43.345,43.35,1556.0
2017-11-06 15:31:00,43.35,43.35,43.3434,43.3434,1100.0
2017-11-06 15:32:00,43.35,43.35,43.34,43.345,1000.0
2017-11-06 15:33:00,43.33,43.36,43.325,43.34,21308.0
2017-11-06 15:34:00,43.335,43.335,43.305,43.33,11190.0
2017-11-06 15:35:00,43.4,43.405,43.34,43.34,6036.0
2017-11-06 15:36:00,43.38,43.405,43.38,43.395,7796.0
2017-11-06 15:37:00,43.39,43.39,43.375,43.38,10546.0
2017-11-06 15:38:00,43.3856,43.39,43.375,43.38,11507.0
2017-11-06 15:39:00,43.385,43.39,43.37,43.385,10690.0
2017-11-06 15:40:00,43.355,43.385,43.35,43.385,10029.0
2017-11-06 15:41:00,43.355,43.36,43.35,43.355,12921.0
2017-11-06 15:42:00,43.31,43.3575,43.305,43.3575,24448.0
2017-11-06 15:43:00,43.3,43.31,43.285,43.31,11340.0
2017-11-06 15:44:00,43.25,43.3,43.25,43.3,16813.0
2017-11-06 15:45:00,43.245,43.26,43.225,43.26,33244.0
2017-11-06 15:46:00,43.245,43.26,43.24,43.245,20874.0
2017-11-06 15:47:00,43.245,43.25,43.24,43.245,26928.0
2017-11-06 15:48:00,43.255,43.26,43.24,43.245,11941.0
2017-11-06 15:49:00,43.295,43.3,43.25,43.25,31414.0
2017-11-06 15:50:00,43.275,43.3,43.27,43.3,26250.0
2017-11-06 15:51:00,43.27,43.275,43.26,43.27,8095.0
2017-11-06 15:52:00,43.275,43.28,43.27,43.27,8178.0
2017-11-06 15:53:00,43.34,43.34,43.275,43.28,19562.0
2017-11-06 15:54:00,43.355,43.38,43.34,43.34,28991.0
2017-11-06 15:55:00,43.35,43.37,43.33,43.355,22168.0
2017-11-06 15:56:00,43.345,43.35,43.33,43.3401,10679.0
2017-11-06 15:57:00,43.36,43.37,43.34,43.345,25719.0
2017-11-06 15:58:00,43.365,43.37,43.35,43.37,19479.0
2017-11-06 15:59:00,43.37,43.37,43.36,43.365,12015.0
2017-11-06 16:00:00,43.34,43.37,43.33,43.37,63106.0
2017-11-07 09:30:00,43.45,43.45,43.45,43.45,28582.0
2017-11-07 09:31:00,43.55,43.57,43.46,43.46,2967.0
2017-11-07 09:32:00,43.5,43.54,43.49,43.49,2053.0
2017-11-07 09:33:00,43.5347,43.56,43.5,43.52,4890.0
2017-11-07 09:34:00,43.45,43.56,43.43,43.53,6301.0
2017-11-07 09:35:00,43.57,43.57,43.4448,43.4448,4800.0
2017-11-07 09:36:00,43.57,43.59,43.52,43.53,9450.0
2017-11-07 09:37:00,43.64,43.68,43.5758,43.5758,4433.0
2017-11-07 09:38:00,43.75,43.75,43.63,43.67,7312.0
2017-11-07 09:39:00,43.79,43.79,43.69,43.72,11254.0
2017-11-07 09:40:00,43.72,43.78,43.72,43.765,4900.0
2017-11-07 09:41:00,43.715,43.74,43.7,43.72,3556.0
2017-11-07 09:42:00,43.722,43.77,43.7,43.7001,11602.0
2017-11-07 09:43:00,43.66,43.74,43.66,43.7,8356.0
2017-11-07 09:44:00,43.66,43.67,43.63,43.67,2900.0
2017-11-07 09:45:00,43.63,43.67,43.6,43.66,11881.0
2017-11-07 09:46:00,43.6501,43.68,43.64,43.64,6164.0
2017-11-07 09:47:00,43.57,43.655,43.56,43.64,7207.0
2017-11-07 09:48:00,43.58,43.62,43.57,43.57,2300.0
2017-11-07 09:49:00,43.645,43.66,43.6,43.6,2600.0
2017-11-07 09:50:00,43.63,43.65,43.62,43.645,5532.0
2017-11-07 09:51:00,43.66,43.67,43.61,43.63,6628.0
2017-11-07 09:52:00,43.66,43.69,43.62,43.68,7381.0
2017-11-07 09:53:00,43.7205,43.7205,43.69,43.69,3212.0
2017-11-07 09:54:00,43.68,43.7182,43.65,43.7182,5420.0
2017-11-07 09:55:00,43.68,43.69,43.67,43.68,1600.0
2017-11-07 09:56:00,43.61,43.68,43.61,43.6705,20173.0
2017-11-07 09:57:00,43.67,43.68,43.6132,43.6132,7351.0
2017-11-07 09:58:00,43.61,43.655,43.59,43.65,6619.0
2017-11-07 09:59:00,43.56,43.6002,43.54,43.6002,7970.0
2017-11-07 10:00:00,43.515,43.56,43.5,43.56,1800.0
2017-11-07 10:01:00,43.54,43.54,43.51,43.53,4150.0
2017-11-07 10:02:00,43.53,43.55,43.52,43.54,8474.0
2017-11-07 10:03:00,43.5,43.5171,43.49,43.5171,2143.0
2017-11-07 10:04:00,43.58,43.58,43.49,43.49,12140.0
2017-11-07 10:05:00,43.54,43.595,43.54,43.59,5642.0
2017-11-07 10:06:00,43.54,43.56,43.54,43.54,8061.0
2017-11-07 10:07:00,43.51,43.55,43.5,43.54,4130.0
2017-11-07 10:08:00,43.53,43.53,43.51,43.51,7728.0
2017-11-07 10:09:00,43.505,43.52,43.505,43.52,1093.0
2017-11-07 10:10:00,43.51,43.51,43.505,43.505,700.0
2017-11-07 10:11:00,43.515,43.52,43.51,43.51,10299.0
2017-11-07 10:12:00,43.48,43.51,43.4538,43.51,4404.0
2017-11-07 10:13:00,43.5,43.5,43.46,43.47,4917.0
2017-11-07 10:14:00,43.54,43.54,43.51,43.51,2400.0
2017-11-07 10:15:00,43.48,43.53,43.48,43.53,3200.0
2017-11-07 10:16:00,43.53,43.54,43.49,43.49,3513.0
2017-11-07 10:17:00,43.53,43.535,43.53,43.53,1300.0
2017-11-07 10:18:00,43.57,43.57,43.52,43.53,3210.0
2017-11-07 10:19:00,43.58,43.58,43.575,43.58,2000.0
2017-11-07 10:20:00,43.619,43.619,43.59,43.59,2100.0
2017-11-07 10:21:00,43.59,43.65,43.59,43.61,5920.0
2017-11-07 10:22:00,43.59,43.59,43.5775,43.585,1800.0
2017-11-07 10:23:00,43.56,43.58,43.55,43.58,3355.0
2017-11-07 10:24:00,43.57,43.58,43.56,43.56,300.0
2017-11-07 10:25:00,43.625,43.63,43.58,43.58,9089.0
2017-11-07 10:26:00,43.56,43.625,43.56,43.625,2897.0
2017-11-07 10:27:00,43.59,43.6,43.56,43.57,7124.0
2017-11-07 10:28:00,43.56,43.59,43.545,43.585,10056.0
2017-11-07 10:29:00,43.55,43.57,43.55,43.55,3900.0
2017-11-07 10:30:00,43.58,43.58,43.55,43.56,4160.0
2017-11-07 10:31:00,43.64,43.64,43.59,43.59,3100.0
2017-11-07 10:32:00,43.62,43.64,43.57,43.64,8789.0
2017-11-07 10:33:00,43.62,43.63,43.6,43.6,1897.0
2017-11-07 10:34:00,43.67,43.67,43.62,43.62,2000.0
2017-11-07 10:35:00,43.695,43.7,43.68,43.69,4412.0
2017-11-07 10:36:00,43.68,43.7,43.67,43.7,5754.0
2017-11-07 10:37:00,43.71,43.72,43.68,43.68,7150.0
2017-11-07 10:38:00,43.69,43.716,43.69,43.71,2000.0
2017-11-07 10:39:00,43.71,43.72,43.695,43.7,3300.0
2017-11-07 10:40:00,43.7,43.72,43.67,43.71,8005.0
2017-11-07 10:41:00,43.65,43.69,43.645,43.69,3500.0
2017-11-07 10:42:00,43.63,43.66,43.63,43.64,5330.0
2017-11-07 10:43:00,43.69,43.69,43.63,43.64,4522.0
2017-11-07 10:44:00,43.66,43.69,43.6491,43.68,4460.0
2017-11-07 10:45:00,43.645,43.665,43.63,43.65,695.0
2017-11-07 10:46:00,43.65,43.66,43.63,43.64,1400.0
2017-11-07 10:47:00,43.63,43.67,43.6,43.64,11820.0
2017-11-07 10:48:00,43.62,43.64,43.62,43.63,5622.0
2017-11-07 10:49:00,43.64,43.64,43.61,43.62,2900.0
2017-11-07 10:50:00,43.67,43.67,43.62,43.63,3600.0
2017-11-07 10:51:00,43.67,43.68,43.65,43.66,4915.0
2017-11-07 10:52:00,43.66,43.67,43.65,43.67,5649.0
2017-11-07 10:53:00,43.58,43.67,43.58,43.66,14388.0
2017-11-07 10:54:00,43.63,43.63,43.6,43.6,4920.0
2017-11-07 10:55:00,43.59,43.63,43.59,43.61,6730.0
2017-11-07 10:56:00,43.6,43.6,43.58,43.59,1785.0
2017-11-07 10:57:00,43.59,43.59,43.59,43.59,100.0
2017-11-07 10:58:00,43.58,43.59,43.58,43.58,2543.0
2017-11-07 10:59:00,43.55,43.62,43.54,43.6,12851.0
2017-11-07 11:00:00,43.56,43.56,43.55,43.55,3850.0
2017-11-07 11:01:00,43.55,43.57,43.55,43.55,4482.0
2017-11-07 11:02:00,43.58,43.58,43.545,43.55,6916.0
2017-11-07 11:03:00,43.59,43.59,43.575,43.58,3020.0
2017-11-07 11:04:00,43.59,43.6,43.59,43.59,1538.0
2017-11-07 11:05:00,43.59,43.61,43.58,43.61,3000.0
2017-11-07 11:06:00,43.6,43.6,43.57,43.59,9010.0
2017-11-07 11:07:00,43.6011,43.61,43.6,43.6,1070.0
2017-11-07 11:08:00,43.57,43.59,43.57,43.59,3530.0
2017-11-07 11:09:00,43.51,43.55,43.51,43.54,4921.0
2017-11-07 11:10:00,43.53,43.53,43.51,43.51,6142.0
2017-11-07 11:11:00,43.54,43.55,43.525,43.525,8495.0
2017-11-07 11:12:00,43.47,43.54,43.47,43.54,6784.0
2017-11-07 11:13:00,43.47,43.49,43.47,43.48,10216.0
2017-11-07 11:14:00,43.47,43.47,43.455,43.47,13461.0
2017-11-07 11:15:00,43.53,43.88,43.45,43.47,43668.0
2017-11-07 11:16:00,43.51,43.53,43.5,43.52,34101.0
2017-11-07 11:17:00,43.495,43.53,43.49,43.5254,22095.0
2017-11-07 11:18:00,43.53,43.53,43.46,43.49,35127.0
2017-11-07 11:19:00,43.55,43.55,43.53,43.53,5000.0
2017-11-07 11:20:00,43.55,43.56,43.55,43.55,1600.0
2017-11-07 11:21:00,43.55,43.59,43.55,43.55,12656.0
2017-11-07 11:22:00,43.55,43.55,43.53,43.55,4600.0
2017-11-07 11:23:00,43.6,43.6,43.55,43.55,8971.0
2017-11-07 11:24:00,43.55,43.6,43.55,43.595,6989.0
2017-11-07 11:25:00,43.555,43.56,43.55,43.555,1077.0
2017-11-07 11:26:00,43.52,43.59,43.51,43.56,20584.0
2017-11-07 11:27:00,43.54,43.54,43.52,43.53,1853.0
2017-11-07 11:28:00,43.55,43.555,43.53,43.53,8111.0
2017-11-07 11:29:00,43.58,43.59,43.55,43.55,9111.0
2017-11-07 11:30:00,43.5841,43.59,43.57,43.57,5060.0
2017-11-07 11:31:00,43.63,43.63,43.59,43.59,17410.0
2017-11-07 11:32:00,43.67,43.67,43.625,43.63,4226.0
2017-11-07 11:33:00,43.6998,43.72,43.69,43.69,6227.0
2017-11-07 11:34:00,43.65,43.69,43.65,43.69,8912.0
2017-11-07 11:35:00,43.62,43.65,43.62,43.65,6015.0
2017-11-07 11:36:00,43.65,43.65,43.62,43.62,4225.0
2017-11-07 11:37:00,43.67,43.68,43.65,43.65,4200.0
2017-11-07 11:38:00,43.62,43.675,43.61,43.675,6624.0
2017-11-07 11:39:00,43.65,43.65,43.62,43.62,5230.0
2017-11-07 11:40:00,43.63,43.64,43.62,43.64,2300.0
2017-11-07 11:41:00,43.63,43.63,43.61,43.63,7442.0
2017-11-07 11:42:00,43.65,43.66,43.63,43.63,27430.0
2017-11-07 11:43:00,43.71,43.71,43.64,43.65,9780.0
2017-11-07 11:44:00,43.71,43.74,43.7053,43.7075,12674.0
2017-11-07 11:45:00,43.7344,43.7344,43.72,43.72,4345.0
2017-11-07 11:46:00,43.71,43.74,43.69,43.74,10111.0
2017-11-07 11:47:00,43.72,43.72,43.69,43.69,1922.0
2017-11-07 11:48:00,43.72,43.73,43.71,43.71,3584.0
2017-11-07 11:49:00,43.69,43.72,43.67,43.71,10200.0
2017-11-07 11:50:00,43.65,43.7,43.64,43.7,4000.0
2017-11-07 11:51:00,43.63,43.6316,43.62,43.6316,4000.0
2017-11-07 11:52:00,43.61,43.63,43.61,43.63,9430.0
2017-11-07 11:53:00,43.61,43.61,43.59,43.61,12039.0
2017-11-07 11:54:00,43.62,43.62,43.61,43.61,2000.0
2017-11-07 11:55:00,43.61,43.61,43.6,43.61,5529.0
2017-11-07 11:56:00,43.6,43.63,43.6,43.6,12311.0
2017-11-07 11:57:00,43.59,43.61,43.58,43.61,2054.0
2017-11-07 11:58:00,43.55,43.59,43.54,43.59,9463.0
2017-11-07 11:59:00,43.5548,43.56,43.54,43.56,1703.0
2017-11-07 12:00:00,43.61,43.61,43.56,43.56,14549.0
2017-11-07 12:01:00,43.61,43.62,43.61,43.61,3178.0
2017-11-07 12:02:00,43.63,43.65,43.61,43.62,5951.0
2017-11-07 12:03:00,43.64,43.64,43.63,43.63,2900.0
2017-11-07 12:04:00,43.6,43.64,43.6,43.64,3500.0
2017-11-07 12:05:00,43.6,43.62,43.595,43.6,16830.0
2017-11-07 12:06:00,43.57,43.6,43.56,43.6,5391.0
2017-11-07 12:07:00,43.57,43.575,43.57,43.57,4200.0
2017-11-07 12:08:00,43.55,43.58,43.55,43.57,7395.0
2017-11-07 12:09:00,43.51,43.545,43.51,43.54,1468.0
2017-11-07 12:10:00,43.54,43.54,43.51,43.51,3300.0
2017-11-07 12:11:00,43.54,43.54,43.5388,43.54,500.0
2017-11-07 12:12:00,43.53,43.535,43.53,43.53,1265.0
2017-11-07 12:13:00,43.6,43.6,43.5375,43.54,5958.0
2017-11-07 12:14:00,43.62,43.62,43.61,43.61,1500.0
2017-11-07 12:15:00,43.63,43.63,43.62,43.62,200.0
2017-11-07 12:16:00,43.6,43.63,43.6,43.63,4324.0
2017-11-07 12:17:00,43.6,43.61,43.6,43.6,2800.0
2017-11-07 12:18:00,43.61,43.63,43.59,43.59,2500.0
2017-11-07 12:19:00,43.65,43.65,43.61,43.61,2300.0
2017-11-07 12:20:00,43.6475,43.65,43.64,43.645,2565.0
2017-11-07 12:21:00,43.61,43.66,43.6,43.66,4269.0
2017-11-07 12:22:00,43.615,43.63,43.61,43.61,2100.0
2017-11-07 12:23:00,43.61,43.62,43.6,43.615,3600.0
2017-11-07 12:24:00,43.59,43.6,43.59,43.6,1500.0
2017-11-07 12:25:00,43.62,43.63,43.605,43.61,3018.0
2017-11-07 12:26:00,43.62,43.63,43.61,43.625,4462.0
2017-11-07 12:27:00,43.61,43.62,43.61,43.62,700.0
2017-11-07 12:28:00,43.63,43.63,43.61,43.61,3800.0
2017-11-07 12:29:00,43.63,43.64,43.62,43.62,6619.0
2017-11-07 12:30:00,43.64,43.64,43.63,43.63,700.0
2017-11-07 12:31:00,43.62,43.64,43.61,43.63,3550.0
2017-11-07 12:32:00,43.605,43.62,43.6,43.61,1400.0
2017-11-07 12:33:00,43.61,43.62,43.61,43.62,400.0
2017-11-07 12:34:00,43.61,43.61,43.605,43.61,1800.0
2017-11-07 12:36:00,43.595,43.61,43.595,43.61,3640.0
2017-11-07 12:37:00,43.63,43.71,43.6,43.6,28007.0
2017-11-07 12:38:00,43.62,43.635,43.62,43.62,913.0
2017-11-07 12:39:00,43.62,43.62,43.615,43.615,1100.0
2017-11-07 12:40:00,43.62,43.62,43.62,43.62,100.0
2017-11-07 12:41:00,43.64,43.64,43.62,43.62,2900.0
2017-11-07 12:42:00,43.64,43.64,43.64,43.64,400.0
2017-11-07 12:43:00,43.64,43.64,43.64,43.64,200.0
2017-11-07 12:44:00,43.68,43.69,43.65,43.65,4876.0
2017-11-07 12:45:00,43.67,43.68,43.67,43.68,1853.0
2017-11-07 12:46:00,43.65,43.67,43.65,43.67,5500.0
2017-11-07 12:47:00,43.65,43.665,43.65,43.65,4487.0
2017-11-07 12:48:00,43.65,43.65,43.65,43.65,600.0
2017-11-07 12:49:00,43.69,43.69,43.65,43.65,4312.0
2017-11-07 12:50:00,43.67,43.68,43.67,43.68,200.0
2017-11-07 12:51:00,43.68,43.685,43.67,43.675,3900.0
2017-11-07 12:52:00,43.67,43.67,43.67,43.67,200.0
2017-11-07 12:53:00,43.67,43.68,43.66,43.68,4733.0
2017-11-07 12:54:00,43.66,43.67,43.66,43.66,3284.0
2017-11-07 12:55:00,43.675,43.675,43.67,43.67,500.0
2017-11-07 12:56:00,43.68,43.68,43.67,43.6734,670.0
2017-11-07 12:57:00,43.68,43.69,43.67,43.68,7770.0
2017-11-07 12:58:00,43.65,43.69,43.65,43.69,3739.0
2017-11-07 12:59:00,43.655,43.66,43.65,43.65,300.0
2017-11-07 13:00:00,43.67,43.68,43.66,43.66,6090.0
2017-11-07 13:01:00,43.67,43.67,43.67,43.67,200.0
2017-11-07 13:02:00,43.67,43.68,43.67,43.68,200.0
2017-11-07 13:03:00,43.68,43.68,43.67,43.673,600.0
2017-11-07 13:04:00,43.72,43.72,43.67,43.67,6319.0
2017-11-07 13:05:00,43.75,43.755,43.72,43.72,1400.0
2017-11-07 13:06:00,43.755,43.77,43.755,43.76,1800.0
2017-11-07 13:07:00,43.75,43.76,43.75,43.76,1500.0
2017-11-07 13:08:00,43.74,43.755,43.74,43.755,5153.0
2017-11-07 13:09:00,43.73,43.73,43.715,43.73,3100.0
2017-11-07 13:10:00,43.73,43.74,43.72,43.73,1100.0
2017-11-07 13:11:00,43.72,43.73,43.72,43.725,1450.0
2017-11-07 13:12:00,43.7,43.735,43.7,43.73,2292.0
2017-11-07 13:13:00,43.7,43.71,43.7,43.7,600.0
2017-11-07 13:14:00,43.68,43.7,43.68,43.7,2200.0
2017-11-07 13:15:00,43.69,43.7,43.6875,43.69,1900.0
2017-11-07 13:16:00,43.72,43.72,43.7,43.7,3753.0
2017-11-07 13:17:00,43.72,43.72,43.72,43.72,900.0
2017-11-07 13:18:00,43.72,43.72,43.72,43.72,300.0
2017-11-07 13:19:00,43.72,43.725,43.72,43.72,1200.0
2017-11-07 13:20:00,43.73,43.73,43.715,43.715,2714.0
2017-11-07 13:21:00,43.7,43.72,43.7,43.72,4462.0
2017-11-07 13:22:00,43.7,43.7,43.7,43.7,1971.0
2017-11-07 13:23:00,43.7,43.7,43.69,43.69,1880.0
2017-11-07 13:24:00,43.7,43.71,43.7,43.7,2300.0
2017-11-07 13:25:00,43.71,43.71,43.7,43.705,1785.0
2017-11-07 13:26:00,43.705,43.71,43.705,43.705,400.0
2017-11-07 13:27:00,43.705,43.71,43.7,43.71,4677.0
2017-11-07 13:28:00,43.7,43.71,43.7,43.705,2117.0
2017-11-07 13:29:00,43.7,43.7,43.7,43.7,3657.0
2017-11-07 13:30:00,43.715,43.72,43.7,43.71,1650.0
2017-11-07 13:31:00,43.72,43.73,43.72,43.72,3955.0
2017-11-07 13:32:00,43.7087,43.71,43.7087,43.71,600.0
2017-11-07 13:33:00,43.69,43.705,43.69,43.7,4737.0
2017-11-07 13:34:00,43.695,43.7,43.695,43.6987,700.0
2017-11-07 13:35:00,43.675,43.69,43.675,43.69,1653.0
2017-11-07 13:36:00,43.67,43.675,43.67,43.67,700.0
2017-11-07 13:37:00,43.68,43.68,43.67,43.67,2510.0
2017-11-07 13:38:00,43.67,43.69,43.67,43.68,2849.0
2017-11-07 13:39:00,43.68,43.685,43.68,43.68,1900.0
2017-11-07 13:40:00,43.6304,43.685,43.62,43.685,23811.0
2017-11-07 13:41:00,43.625,43.65,43.62,43.63,17961.0
2017-11-07 13:42:00,43.63,43.64,43.625,43.625,11309.0
2017-11-07 13:43:00,43.62,43.63,43.62,43.63,4894.0
2017-11-07 13:44:00,43.62,43.626999999999995,43.62,43.62,2790.0
2017-11-07 13:45:00,43.575,43.625,43.56,43.62,10915.0
2017-11-07 13:46:00,43.59,43.6,43.575,43.575,2763.0
2017-11-07 13:47:00,43.58,43.6,43.58,43.59,800.0
2017-11-07 13:48:00,43.6,43.6,43.58,43.59,5077.0
2017-11-07 13:49:00,43.595,43.595,43.595,43.595,100.0
2017-11-07 13:50:00,43.57,43.6,43.57,43.6,5028.0
2017-11-07 13:51:00,43.56,43.5693,43.56,43.56,2665.0
2017-11-07 13:52:00,43.575,43.575,43.57,43.57,1836.0
2017-11-07 13:53:00,43.565,43.58,43.56,43.575,6531.0
2017-11-07 13:54:00,43.565,43.565,43.56,43.565,400.0
2017-11-07 13:55:00,43.5626,43.5675,43.5626,43.565,1898.0
2017-11-07 13:56:00,43.55,43.5675,43.55,43.56,6831.0
2017-11-07 13:57:00,43.565,43.57,43.55,43.55,9221.0
2017-11-07 13:58:00,43.565,43.57,43.565,43.57,658.0
2017-11-07 13:59:00,43.55,43.565,43.54,43.565,2739.0
2017-11-07 14:00:00,43.54,43.56,43.54,43.56,2635.0
2017-11-07 14:01:00,43.53,43.54,43.52,43.53,6988.0
2017-11-07 14:02:00,43.535,43.54,43.53,43.5331,16656.0
2017-11-07 14:03:00,43.535,43.535,43.535,43.535,100.0
2017-11-07 14:04:00,43.505,43.54,43.5,43.535,17606.0
2017-11-07 14:05:00,43.5,43.51,43.5,43.505,3849.0
2017-11-07 14:06:00,43.495,43.51,43.49,43.505,5700.0
2017-11-07 14:07:00,43.475,43.49,43.47,43.49,4235.0
2017-11-07 14:08:00,43.47,43.48,43.47,43.48,905.0
2017-11-07 14:09:00,43.46,43.48,43.45,43.47,11905.0
2017-11-07 14:10:00,43.46,43.4663,43.46,43.46,4400.0
2017-11-07 14:11:00,43.4752,43.49,43.46,43.47,10732.0
2017-11-07 14:12:00,43.47,43.48,43.47,43.475,8462.0
2017-11-07 14:13:00,43.46,43.465,43.45,43.465,3842.0
2017-11-07 14:14:00,43.44,43.4552,43.44,43.45,1078.0
2017-11-07 14:15:00,43.42,43.44,43.42,43.44,7100.0
2017-11-07 14:16:00,43.46,43.47,43.42,43.43,19397.0
2017-11-07 14:17:00,43.45,43.48,43.45,43.47,1459.0
2017-11-07 14:18:00,43.49,43.49,43.44,43.44,5136.0
2017-11-07 14:19:00,43.48,43.5,43.48,43.49,2899.0
2017-11-07 14:20:00,43.49,43.49,43.48,43.49,700.0
2017-11-07 14:21:00,43.49,43.49,43.48,43.485,400.0
2017-11-07 14:22:00,43.485,43.485,43.48,43.48,400.0
2017-11-07 14:23:00,43.47,43.485,43.47,43.48,2003.0
2017-11-07 14:24:00,43.46,43.47,43.46,43.47,900.0
2017-11-07 14:25:00,43.46,43.47,43.46,43.46,1589.0
2017-11-07 14:26:00,43.48,43.49,43.46,43.465,6883.0
2017-11-07 14:27:00,43.46,43.48,43.45,43.48,3298.0
2017-11-07 14:28:00,43.465,43.47,43.46,43.46,4200.0
2017-11-07 14:29:00,43.45,43.4686,43.45,43.46,1337.0
2017-11-07 14:30:00,43.45,43.45,43.45,43.45,1210.0
2017-11-07 14:31:00,43.46,43.47,43.445,43.45,14938.0
2017-11-07 14:32:00,43.47,43.4799,43.46,43.47,2500.0
2017-11-07 14:33:00,43.45,43.48,43.45,43.48,2000.0
2017-11-07 14:34:00,43.46,43.46,43.45,43.45,3857.0
2017-11-07 14:35:00,43.47,43.47,43.46,43.465,700.0
2017-11-07 14:36:00,43.505,43.5071,43.47,43.47,7930.0
2017-11-07 14:37:00,43.5,43.505,43.495,43.505,3480.0
2017-11-07 14:38:00,43.51,43.51,43.495,43.5,2710.0
2017-11-07 14:39:00,43.5,43.51,43.5,43.505,800.0
2017-11-07 14:40:00,43.505,43.51,43.5,43.505,2525.0
2017-11-07 14:41:00,43.525,43.53,43.505,43.505,9391.0
2017-11-07 14:42:00,43.535,43.54,43.525,43.525,6476.0
2017-11-07 14:43:00,43.525,43.535,43.525,43.535,5178.0
2017-11-07 14:44:00,43.525,43.53,43.515,43.525,6116.0
2017-11-07 14:45:00,43.5,43.525,43.495,43.52,15669.0
2017-11-07 14:46:00,43.5,43.505,43.495,43.5,4700.0
2017-11-07 14:47:00,43.505,43.51,43.495,43.5,8541.0
2017-11-07 14:48:00,43.5,43.51,43.495,43.5,13189.0
2017-11-07 14:49:00,43.51,43.515,43.5,43.51,5600.0
2017-11-07 14:50:00,43.5,43.505,43.5,43.5,1200.0
2017-11-07 14:51:00,43.51,43.52,43.5,43.505,7994.0
2017-11-07 14:52:00,43.505,43.52,43.505,43.52,2365.0
2017-11-07 14:53:00,43.505,43.51,43.495,43.505,5593.0
2017-11-07 14:54:00,43.505,43.52,43.505,43.505,3902.0
2017-11-07 14:55:00,43.535,43.54,43.505,43.505,5099.0
2017-11-07 14:56:00,43.56,43.56,43.53,43.535,23861.0
2017-11-07 14:57:00,43.58,43.625,43.555,43.56,21409.0
2017-11-07 14:58:00,43.56,43.62,43.56,43.58,27649.0
2017-11-07 14:59:00,43.5702,43.59,43.56,43.565,17378.0
2017-11-07 15:00:00,43.59,43.6,43.58,43.58,2410.0
2017-11-07 15:01:00,43.58,43.59,43.58,43.585,1976.0
2017-11-07 15:02:00,43.56,43.59,43.54,43.59,17640.0
2017-11-07 15:03:00,43.55,43.56,43.54,43.55,4200.0
2017-11-07 15:04:00,43.56,43.56,43.53,43.545,6731.0
2017-11-07 15:05:00,43.61,43.62,43.56,43.57,5723.0
2017-11-07 15:06:00,43.63,43.63,43.605,43.61,3807.0
2017-11-07 15:07:00,43.685,43.69,43.62,43.625,9855.0
2017-11-07 15:08:00,43.655,43.68,43.65,43.68,5104.0
2017-11-07 15:09:00,43.75,43.76,43.65,43.655,11742.0
2017-11-07 15:10:00,43.71,43.74,43.71,43.74,2175.0
2017-11-07 15:11:00,43.735,43.76,43.715,43.715,10767.0
2017-11-07 15:12:00,43.725,43.74,43.725,43.735,2000.0
2017-11-07 15:13:00,43.72,43.73,43.72,43.725,2900.0
2017-11-07 15:14:00,43.705,43.72,43.705,43.715,8582.0
2017-11-07 15:15:00,43.73,43.74,43.705,43.705,10926.0
2017-11-07 15:16:00,43.74,43.74,43.73,43.735,5550.0
2017-11-07 15:17:00,43.735,43.76,43.735,43.735,13946.0
2017-11-07 15:18:00,43.735,43.74,43.73,43.73,5520.0
2017-11-07 15:19:00,43.78,43.785,43.735,43.735,16873.0
2017-11-07 15:20:00,43.78,43.785,43.77,43.785,2200.0
2017-11-07 15:21:00,43.765,43.79,43.765,43.78,3200.0
2017-11-07 15:22:00,43.78,43.8,43.765,43.77,6314.0
2017-11-07 15:23:00,43.785,43.8,43.785,43.79,3601.0
2017-11-07 15:24:00,43.78,43.8,43.78,43.785,5605.0
2017-11-07 15:25:00,43.785,43.79,43.785,43.79,700.0
2017-11-07 15:26:00,43.805,43.81,43.79,43.79,9207.0
2017-11-07 15:27:00,43.795,43.81,43.795,43.8086,5498.0
2017-11-07 15:28:00,43.775,43.8,43.77,43.795,10980.0
2017-11-07 15:29:00,43.77,43.78,43.76,43.775,6526.0
2017-11-07 15:30:00,43.77,43.79,43.76,43.7701,8391.0
2017-11-07 15:31:00,43.77,43.78,43.76,43.78,3950.0
2017-11-07 15:32:00,43.78,43.79,43.77,43.77,8520.0
2017-11-07 15:33:00,43.81,43.81,43.785,43.785,4919.0
2017-11-07 15:34:00,43.77,43.81,43.765,43.81,9392.0
2017-11-07 15:35:00,43.79,43.8,43.765,43.77,12502.0
2017-11-07 15:36:00,43.8,43.8,43.76,43.785,11856.0
2017-11-07 15:37:00,43.75,43.79,43.75,43.79,7215.0
2017-11-07 15:38:00,43.775,43.78,43.76,43.76,4411.0
2017-11-07 15:39:00,43.78,43.78,43.775,43.775,500.0
2017-11-07 15:40:00,43.75,43.776,43.74,43.775,14649.0
2017-11-07 15:41:00,43.765,43.77,43.755,43.755,6992.0
2017-11-07 15:42:00,43.75,43.76,43.75,43.76,3500.0
2017-11-07 15:43:00,43.75,43.755,43.75,43.755,900.0
2017-11-07 15:44:00,43.785,43.8,43.75,43.755,20085.0
2017-11-07 15:45:00,43.8,43.81,43.78,43.78,14315.0
2017-11-07 15:46:00,43.78,43.8,43.78,43.795,6649.0
2017-11-07 15:47:00,43.8,43.8,43.78,43.785,9892.0
2017-11-07 15:48:00,43.79,43.8,43.79,43.79,12631.0
2017-11-07 15:49:00,43.81,43.81,43.79,43.795,14290.0
2017-11-07 15:50:00,43.84,43.84,43.8,43.81,6818.0
2017-11-07 15:51:00,43.833,43.84,43.825,43.83,7282.0
2017-11-07 15:52:00,43.85,43.86,43.83,43.835,13154.0
2017-11-07 15:53:00,43.85,43.86,43.85,43.85,2700.0
2017-11-07 15:54:00,43.86,43.86,43.85,43.86,6600.0
2017-11-07 15:55:00,43.83,43.86,43.83,43.855,17328.0
2017-11-07 15:56:00,43.87,43.87,43.83,43.83,26151.0
2017-11-07 15:57:00,43.86,43.87,43.85,43.87,20909.0
2017-11-07 15:58:00,43.865,43.87,43.855,43.86,20543.0
2017-11-07 15:59:00,43.865,43.87,43.86,43.86,16642.0
2017-11-07 16:00:00,43.82,43.865,43.82,43.86,76741.0
2017-11-08 09:31:00,44.18,44.18,44.0,44.0,29203.0
2017-11-08 09:32:00,44.17,44.19,44.075,44.075,7841.0
2017-11-08 09:33:00,44.26,44.3,44.2,44.2,3981.0
2017-11-08 09:34:00,44.25,44.27,44.25,44.27,4760.0
2017-11-08 09:35:00,44.34,44.34,44.29,44.29,18605.0
2017-11-08 09:36:00,44.35,44.38,44.3,44.33,10969.0
2017-11-08 09:37:00,44.4,44.41,44.36,44.37,7200.0
2017-11-08 09:38:00,44.39,44.41,44.365,44.4,5511.0
2017-11-08 09:39:00,44.47,44.49,44.39,44.39,18982.0
2017-11-08 09:40:00,44.465,44.49,44.44,44.48,12670.0
2017-11-08 09:41:00,44.38,44.48,44.38,44.46,5017.0
2017-11-08 09:42:00,44.2875,44.4,44.27,44.4,6581.0
2017-11-08 09:43:00,44.19,44.3,44.19,44.28,3922.0
2017-11-08 09:44:00,44.16,44.22,44.14,44.19,5600.0
2017-11-08 09:45:00,44.19,44.215,44.145,44.15,4358.0
2017-11-08 09:46:00,44.23,44.27,44.19,44.215,6400.0
2017-11-08 09:47:00,44.225,44.26,44.21,44.23,56315.0
2017-11-08 09:48:00,44.34,44.34,44.225,44.25,5800.0
2017-11-08 09:49:00,44.38,44.4,44.32,44.32,2500.0
2017-11-08 09:50:00,44.375,44.42,44.36,44.39,4062.0
2017-11-08 09:51:00,44.415,44.43,44.37,44.38,136500.0
2017-11-08 09:52:00,44.46,44.55,44.42,44.42,44200.0
2017-11-08 09:53:00,44.48,44.49,44.43,44.44,4000.0
2017-11-08 09:54:00,44.55,44.6,44.47,44.47,9645.0
2017-11-08 09:55:00,44.49,44.55,44.48,44.535,13003.0
2017-11-08 09:56:00,44.45,44.51,44.4,44.5,7910.0
2017-11-08 09:57:00,44.45,44.45,44.415,44.44,1201.0
2017-11-08 09:58:00,44.38,44.43,44.37,44.41,10249.0
2017-11-08 09:59:00,44.37,44.41,44.37,44.38,5945.0
2017-11-08 10:00:00,44.4306,44.4306,44.39,44.39,3573.0
2017-11-08 10:01:00,44.42,44.43,44.4,44.43,5200.0
2017-11-08 10:02:00,44.45,44.46,44.4,44.4,6778.0
2017-11-08 10:03:00,44.438,44.44,44.425,44.425,1325.0
2017-11-08 10:04:00,44.5,44.5,44.41,44.44,11063.0
2017-11-08 10:05:00,44.43,44.5,44.43,44.49,9212.0
2017-11-08 10:06:00,44.44,44.44,44.43,44.431000000000004,2593.0
2017-11-08 10:07:00,44.37,44.43,44.36,44.43,3790.0
2017-11-08 10:08:00,44.4,44.42,44.35,44.37,3784.0
2017-11-08 10:09:00,44.42,44.43,44.4,44.4,2100.0
2017-11-08 10:10:00,44.415,44.44,44.41,44.42,6309.0
2017-11-08 10:11:00,44.37,44.41,44.37,44.41,3394.0
2017-11-08 10:12:00,44.36,44.37,44.36,44.36,3151.0
2017-11-08 10:13:00,44.34,44.36,44.33,44.36,2851.0
2017-11-08 10:14:00,44.33,44.35,44.32,44.35,3519.0
2017-11-08 10:15:00,44.35,44.35,44.34,44.34,2100.0
2017-11-08 10:16:00,44.39,44.39,44.34,44.36,3336.0
2017-11-08 10:17:00,44.39,44.39,44.3764,44.3764,352.0
2017-11-08 10:18:00,44.4,44.405,44.39,44.4,4600.0
2017-11-08 10:19:00,44.44,44.44,44.4,44.4,3551.0
2017-11-08 10:20:00,44.47,44.47,44.44,44.44,3609.0
2017-11-08 10:21:00,44.44,44.48,44.44,44.4597,6800.0
2017-11-08 10:22:00,44.4108,44.43,44.4,44.43,2000.0
2017-11-08 10:23:00,44.39,44.43,44.39,44.42,3359.0
2017-11-08 10:24:00,44.395,44.41,44.38,44.395,2273.0
2017-11-08 10:25:00,44.44,44.44,44.395,44.395,1990.0
2017-11-08 10:26:00,44.49,44.49,44.45,44.45,2200.0
2017-11-08 10:27:00,44.53,44.53,44.495,44.5,3361.0
2017-11-08 10:28:00,44.52,44.53,44.52,44.53,2756.0
2017-11-08 10:29:00,44.56,44.58,44.51,44.51,10259.0
2017-11-08 10:30:00,44.51,44.54,44.5,44.54,1773.0
2017-11-08 10:31:00,44.475,44.5,44.475,44.5,700.0
2017-11-08 10:32:00,44.46,44.47,44.46,44.47,2100.0
2017-11-08 10:33:00,44.44,44.46,44.42,44.45,12407.0
2017-11-08 10:34:00,44.45,44.5,44.4201,44.44,16711.0
2017-11-08 10:35:00,44.47,44.47,44.445,44.47,1900.0
2017-11-08 10:36:00,44.47,44.47,44.455,44.47,400.0
2017-11-08 10:37:00,44.4593,44.46,44.43,44.455,2958.0
2017-11-08 10:38:00,44.43,44.45,44.43,44.43,6260.0
2017-11-08 10:39:00,44.42,44.445,44.41,44.43,6258.0
2017-11-08 10:40:00,44.41,44.44,44.41,44.415,4000.0
2017-11-08 10:41:00,44.4,44.4,44.39,44.4,1649.0
2017-11-08 10:42:00,44.35,44.39,44.33,44.39,1667.0
2017-11-08 10:43:00,44.35,44.36,44.34,44.36,3387.0
2017-11-08 10:44:00,44.3717,44.375,44.36,44.36,2300.0
2017-11-08 10:45:00,44.4,44.4,44.37,44.37,963.0
2017-11-08 10:46:00,44.41,44.41,44.3901,44.3901,1700.0
2017-11-08 10:47:00,44.45,44.45,44.4,44.41,6200.0
2017-11-08 10:48:00,44.44,44.46,44.44,44.44,2750.0
2017-11-08 10:49:00,44.44,44.4466,44.44,44.4456,3225.0
2017-11-08 10:50:00,44.42,44.44,44.42,44.44,4537.0
2017-11-08 10:51:00,44.47,44.49,44.41,44.42,10550.0
2017-11-08 10:52:00,44.48,44.5,44.47,44.47,9955.0
2017-11-08 10:53:00,44.5,44.5,44.474,44.48,10254.0
2017-11-08 10:54:00,44.54,44.54,44.5,44.5,6245.0
2017-11-08 10:55:00,44.53,44.54,44.5,44.54,13778.0
2017-11-08 10:56:00,44.49,44.53,44.47,44.53,22052.0
2017-11-08 10:57:00,44.48,44.5,44.48,44.5,6005.0
2017-11-08 10:58:00,44.45,44.485,44.45,44.485,3300.0
2017-11-08 10:59:00,44.47,44.47,44.45,44.45,2500.0
2017-11-08 11:00:00,44.52,44.52,44.48,44.48,2699.0
2017-11-08 11:01:00,44.51,44.52,44.5088,44.51,1808.0
2017-11-08 11:02:00,44.5301,44.55,44.515,44.5195,2133.0
2017-11-08 11:03:00,44.57,44.57,44.54,44.54,3876.0
2017-11-08 11:04:00,44.57,44.57,44.54,44.56,7342.0
2017-11-08 11:05:00,44.55,44.55,44.54,44.55,300.0
2017-11-08 11:06:00,44.55,44.55,44.55,44.55,100.0
2017-11-08 11:07:00,44.56,44.57,44.555,44.56,1420.0
2017-11-08 11:08:00,44.54,44.56,44.538999999999994,44.56,4511.0
2017-11-08 11:09:00,44.57,44.57,44.54,44.545,4045.0
2017-11-08 11:10:00,44.57,44.58,44.56,44.57,5203.0
2017-11-08 11:11:00,44.55,44.56,44.55,44.56,2396.0
2017-11-08 11:12:00,44.58,44.58,44.54,44.5449,10224.0
2017-11-08 11:13:00,44.55,44.57,44.55,44.57,4785.0
2017-11-08 11:14:00,44.545,44.545,44.54,44.545,400.0
2017-11-08 11:15:00,44.58,44.59,44.545,44.55,12662.0
2017-11-08 11:16:00,44.6,44.61,44.57,44.57,6988.0
2017-11-08 11:17:00,44.61,44.61,44.59,44.61,3450.0
2017-11-08 11:18:00,44.6,44.6,44.6,44.6,1400.0
2017-11-08 11:19:00,44.595,44.61,44.59,44.61,600.0
2017-11-08 11:20:00,44.57,44.6,44.57,44.6,5900.0
2017-11-08 11:21:00,44.57899999999999,44.57899999999999,44.5658,44.57,2040.0
2017-11-08 11:22:00,44.57,44.57,44.57,44.57,650.0
2017-11-08 11:24:00,44.575,44.58,44.56,44.57,1900.0
2017-11-08 11:25:00,44.57,44.575,44.57,44.57,1900.0
2017-11-08 11:26:00,44.6,44.6,44.56,44.56,8237.0
2017-11-08 11:27:00,44.61,44.61,44.5929,44.5929,7022.0
2017-11-08 11:28:00,44.61,44.61,44.61,44.61,1600.0
2017-11-08 11:29:00,44.6258,44.63,44.615,44.615,3235.0
2017-11-08 11:30:00,44.63,44.63,44.63,44.63,100.0
2017-11-08 11:31:00,44.68,44.68,44.62,44.62,10207.0
2017-11-08 11:32:00,44.68,44.685,44.67,44.68,3400.0
2017-11-08 11:33:00,44.67,44.6764,44.67,44.67,5250.0
2017-11-08 11:34:00,44.67,44.67,44.67,44.67,200.0
2017-11-08 11:35:00,44.68,44.68,44.655,44.66,6310.0
2017-11-08 11:36:00,44.67,44.68,44.67,44.68,3077.0
2017-11-08 11:37:00,44.67,44.67,44.67,44.67,1625.0
2017-11-08 11:38:00,44.67,44.67,44.67,44.67,100.0
2017-11-08 11:39:00,44.69,44.695,44.68,44.68,10351.0
2017-11-08 11:40:00,44.71,44.71,44.68,44.68,2829.0
2017-11-08 11:41:00,44.66,44.705,44.66,44.7,7450.0
2017-11-08 11:42:00,44.65,44.6651,44.65,44.6651,670.0
2017-11-08 11:43:00,44.615,44.655,44.615,44.655,1500.0
2017-11-08 11:44:00,44.61,44.615,44.6,44.615,1800.0
2017-11-08 11:45:00,44.5999,44.605,44.59,44.605,1656.0
2017-11-08 11:46:00,44.64,44.64,44.61,44.61,3400.0
2017-11-08 11:47:00,44.64,44.65,44.64,44.65,617.0
2017-11-08 11:48:00,44.66,44.67,44.65,44.65,1500.0
2017-11-08 11:49:00,44.66,44.67,44.66,44.67,3727.0
2017-11-08 11:50:00,44.66,44.668,44.66,44.66,1050.0
2017-11-08 11:51:00,44.66,44.66,44.65,44.65,5237.0
2017-11-08 11:52:00,44.66,44.67,44.66,44.67,354.0
2017-11-08 11:53:00,44.66,44.66,44.65,44.6568,3200.0
2017-11-08 11:54:00,44.67,44.67,44.6528,44.6528,306.0
2017-11-08 11:55:00,44.67,44.67,44.66,44.66,6173.0
2017-11-08 11:56:00,44.669,44.669,44.66,44.66,4551.0
2017-11-08 11:57:00,44.66,44.665,44.66,44.66,5100.0
2017-11-08 11:58:00,44.655,44.66,44.652,44.66,500.0
2017-11-08 11:59:00,44.67100000000001,44.68,44.66,44.66,3700.0
2017-11-08 12:00:00,44.68,44.69,44.67,44.68,1200.0
2017-11-08 12:01:00,44.705,44.705,44.685,44.685,3168.0
2017-11-08 12:02:00,44.72,44.72,44.705,44.705,9040.0
2017-11-08 12:03:00,44.73,44.735,44.73,44.73,1000.0
2017-11-08 12:04:00,44.74,44.74,44.7307,44.735,1200.0
2017-11-08 12:05:00,44.74,44.74,44.74,44.74,200.0
2017-11-08 12:06:00,44.71,44.74,44.7,44.74,8162.0
2017-11-08 12:07:00,44.6634,44.7,44.6634,44.7,2400.0
2017-11-08 12:08:00,44.68,44.69,44.66,44.66,5700.0
2017-11-08 12:09:00,44.69,44.69,44.68,44.68,3000.0
2017-11-08 12:10:00,44.685,44.685,44.685,44.685,800.0
2017-11-08 12:11:00,44.675,44.69,44.67,44.685,3900.0
2017-11-08 12:12:00,44.685,44.685,44.675,44.68,2569.0
2017-11-08 12:13:00,44.61,44.685,44.61,44.68,4023.0
2017-11-08 12:14:00,44.61,44.62,44.58,44.6,4596.0
2017-11-08 12:15:00,44.6099,44.61,44.608999999999995,44.61,1760.0
2017-11-08 12:16:00,44.64,44.64,44.615,44.62,14900.0
2017-11-08 12:17:00,44.62,44.635,44.62,44.635,4245.0
2017-11-08 12:18:00,44.6,44.615,44.6,44.61,3000.0
2017-11-08 12:19:00,44.6,44.6,44.59,44.59,656.0
2017-11-08 12:20:00,44.6,44.615,44.59,44.59,4750.0
2017-11-08 12:21:00,44.58,44.59,44.58,44.59,1800.0
2017-11-08 12:22:00,44.565,44.57,44.56,44.57,2000.0
2017-11-08 12:23:00,44.58,44.58,44.57,44.57,1000.0
2017-11-08 12:25:00,44.55,44.57,44.55,44.57,2701.0
2017-11-08 12:26:00,44.52,44.53,44.52,44.53,3894.0
2017-11-08 12:27:00,44.51,44.51,44.51,44.51,893.0
2017-11-08 12:28:00,44.54,44.54,44.515,44.5151,3616.0
2017-11-08 12:29:00,44.58,44.58,44.56,44.56,734.0
2017-11-08 12:30:00,44.585,44.585,44.585,44.585,100.0
2017-11-08 12:31:00,44.59,44.59,44.59,44.59,950.0
2017-11-08 12:32:00,44.63,44.64,44.6,44.6,5600.0
2017-11-08 12:33:00,44.637,44.64,44.605,44.62,4620.0
2017-11-08 12:34:00,44.65,44.65,44.6498,44.6498,515.0
2017-11-08 12:35:00,44.64,44.64,44.64,44.64,100.0
2017-11-08 12:36:00,44.64,44.64,44.64,44.64,300.0
2017-11-08 12:37:00,44.65,44.65,44.65,44.65,300.0
2017-11-08 12:38:00,44.65,44.655,44.65,44.65,3119.0
2017-11-08 12:39:00,44.63,44.655,44.63,44.65,4996.0
2017-11-08 12:40:00,44.61,44.615,44.61,44.615,600.0
2017-11-08 12:41:00,44.575,44.61,44.575,44.61,3500.0
2017-11-08 12:42:00,44.55,44.58,44.55,44.575,1382.0
2017-11-08 12:43:00,44.56,44.56,44.55,44.55,1300.0
2017-11-08 12:44:00,44.56,44.56,44.56,44.56,100.0
2017-11-08 12:45:00,44.545,44.56,44.54,44.55,1700.0
2017-11-08 12:46:00,44.57,44.57,44.54,44.545,6368.0
2017-11-08 12:47:00,44.56,44.57,44.56,44.57,2540.0
2017-11-08 12:48:00,44.555,44.565,44.555,44.565,600.0
2017-11-08 12:49:00,44.55,44.56,44.55,44.56,1600.0
2017-11-08 12:50:00,44.56,44.565,44.55,44.55,2813.0
2017-11-08 12:51:00,44.54,44.565,44.54,44.565,1657.0
2017-11-08 12:52:00,44.53,44.53,44.53,44.53,100.0
2017-11-08 12:53:00,44.525,44.525,44.51,44.51,2200.0
2017-11-08 12:54:00,44.52,44.525,44.52,44.525,200.0
2017-11-08 12:55:00,44.55,44.55,44.525,44.525,2388.0
2017-11-08 12:56:00,44.545,44.55,44.54,44.55,3500.0
2017-11-08 12:57:00,44.52,44.55,44.52,44.54,3842.0
2017-11-08 12:58:00,44.53,44.53,44.53,44.53,300.0
2017-11-08 12:59:00,44.5,44.535,44.5,44.53,2115.0
2017-11-08 13:00:00,44.485,44.5,44.48,44.49,3350.0
2017-11-08 13:01:00,44.46,44.48,44.45,44.47,2500.0
2017-11-08 13:02:00,44.48,44.48,44.47,44.47,700.0
2017-11-08 13:03:00,44.495,44.495,44.48,44.48,1600.0
2017-11-08 13:04:00,44.49,44.495,44.49,44.49,2046.0
2017-11-08 13:05:00,44.52,44.52,44.49,44.49,5183.0
2017-11-08 13:06:00,44.5,44.52,44.49,44.52,2918.0
2017-11-08 13:07:00,44.5,44.5,44.5,44.5,100.0
2017-11-08 13:09:00,44.525,44.525,44.51,44.51,2569.0
2017-11-08 13:10:00,44.52,44.525,44.52,44.525,3384.0
2017-11-08 13:11:00,44.52,44.535,44.515,44.515,5269.0
2017-11-08 13:12:00,44.52,44.52,44.52,44.52,400.0
2017-11-08 13:13:00,44.5188,44.52,44.5188,44.52,200.0
2017-11-08 13:14:00,44.52,44.52,44.51,44.52,400.0
2017-11-08 13:15:00,44.53,44.54,44.52,44.53,2700.0
2017-11-08 13:16:00,44.51,44.535,44.51,44.535,3050.0
2017-11-08 13:17:00,44.51,44.5186,44.51,44.51,500.0
2017-11-08 13:18:00,44.5,44.51,44.5,44.51,1200.0
2017-11-08 13:19:00,44.505,44.505,44.5,44.5,700.0
2017-11-08 13:20:00,44.46,44.505,44.46,44.5,1900.0
2017-11-08 13:21:00,44.47,44.49,44.45,44.45,6777.0
2017-11-08 13:22:00,44.47,44.485,44.47,44.48,4883.0
2017-11-08 13:24:00,44.48,44.48,44.47,44.47,200.0
2017-11-08 13:25:00,44.475,44.475,44.475,44.475,100.0
2017-11-08 13:26:00,44.5,44.5,44.48,44.48,5505.0
2017-11-08 13:27:00,44.5,44.515,44.5,44.505,5293.0
2017-11-08 13:28:00,44.5,44.51,44.5,44.505,550.0
2017-11-08 13:29:00,44.49,44.5,44.49,44.5,1000.0
2017-11-08 13:30:00,44.5,44.5,44.495,44.495,500.0
2017-11-08 13:33:00,44.5,44.5,44.5,44.5,100.0
2017-11-08 13:34:00,44.495,44.495,44.49,44.495,1111.0
2017-11-08 13:35:00,44.515,44.515,44.495,44.5,3806.0
2017-11-08 13:36:00,44.505,44.51,44.505,44.51,7328.0
2017-11-08 13:37:00,44.51,44.515,44.51,44.515,1600.0
2017-11-08 13:38:00,44.48,44.5,44.48,44.5,900.0
2017-11-08 13:39:00,44.46,44.485,44.46,44.48,26720.0
2017-11-08 13:40:00,44.475,44.475,44.46,44.46,1243.0
2017-11-08 13:41:00,44.49,44.49,44.475,44.475,40800.0
2017-11-08 13:42:00,44.53,44.54,44.49,44.49,6869.0
2017-11-08 13:43:00,44.5086,44.53,44.5086,44.53,13290.0
2017-11-08 13:44:00,44.54,44.55,44.51,44.51,3500.0
2017-11-08 13:45:00,44.53,44.54,44.52,44.54,1495.0
2017-11-08 13:46:00,44.49,44.505,44.49,44.5001,820.0
2017-11-08 13:47:00,44.49,44.495,44.49,44.49,900.0
2017-11-08 13:48:00,44.49,44.49,44.49,44.49,200.0
2017-11-08 13:49:00,44.495,44.495,44.49,44.49,500.0
2017-11-08 13:50:00,44.48,44.495,44.48,44.49,3900.0
2017-11-08 13:51:00,44.47,44.48,44.47,44.48,400.0
2017-11-08 13:52:00,44.465,44.47,44.465,44.47,690.0
2017-11-08 13:53:00,44.46,44.46,44.46,44.46,100.0
2017-11-08 13:54:00,44.5,44.5,44.465,44.47,5224.0
2017-11-08 13:55:00,44.4876,44.5,44.4876,44.5,2832.0
2017-11-08 13:56:00,44.48,44.495,44.48,44.49,400.0
2017-11-08 13:57:00,44.4899,44.49,44.4806,44.49,807.0
2017-11-08 13:58:00,44.49,44.49,44.485,44.485,300.0
2017-11-08 13:59:00,44.485,44.485,44.48,44.485,600.0
2017-11-08 14:00:00,44.49,44.49,44.485,44.485,500.0
2017-11-08 14:01:00,44.49,44.495,44.485,44.485,2488.0
2017-11-08 14:02:00,44.49,44.51,44.49,44.5,4245.0
2017-11-08 14:03:00,44.49,44.495,44.49,44.49,1500.0
2017-11-08 14:04:00,44.49,44.495,44.49,44.49,4671.0
2017-11-08 14:05:00,44.46,44.48,44.46,44.48,3500.0
2017-11-08 14:06:00,44.475,44.475,44.46,44.465,2669.0
2017-11-08 14:07:00,44.42,44.475,44.42,44.475,8292.0
2017-11-08 14:08:00,44.41,44.415,44.41,44.41,500.0
2017-11-08 14:09:00,44.435,44.44,44.415,44.415,5369.0
2017-11-08 14:10:00,44.4399,44.4399,44.43,44.435,1936.0
2017-11-08 14:11:00,44.43,44.435,44.43,44.4349,930.0
2017-11-08 14:12:00,44.44,44.44,44.435,44.435,200.0
2017-11-08 14:13:00,44.435,44.44,44.43,44.435,1268.0
2017-11-08 14:14:00,44.43,44.435,44.43,44.435,900.0
2017-11-08 14:15:00,44.435,44.44,44.435,44.44,1700.0
2017-11-08 14:16:00,44.435,44.44,44.43,44.44,500.0
2017-11-08 14:17:00,44.45,44.46,44.435,44.44,5498.0
2017-11-08 14:18:00,44.4434,44.45,44.44,44.45,5112.0
2017-11-08 14:19:00,44.445,44.445,44.44,44.44,1406.0
2017-11-08 14:20:00,44.445,44.445,44.44,44.445,1100.0
2017-11-08 14:21:00,44.445,44.4456,44.44,44.4401,3673.0
2017-11-08 14:22:00,44.4475,44.45,44.44,44.45,600.0
2017-11-08 14:23:00,44.44,44.455,44.44,44.45,13945.0
2017-11-08 14:24:00,44.4475,44.45,44.445,44.445,1200.0
2017-11-08 14:25:00,44.43,44.44,44.425,44.44,2499.0
2017-11-08 14:26:00,44.41,44.43,44.41,44.43,1500.0
2017-11-08 14:27:00,44.4,44.42,44.4,44.41,1009.0
2017-11-08 14:28:00,44.39,44.4066,44.38,44.4,7631.0
2017-11-08 14:29:00,44.395,44.395,44.385,44.385,2300.0
2017-11-08 14:30:00,44.4,44.4,44.39,44.39,1300.0
2017-11-08 14:31:00,44.38,44.3956,44.38,44.395,2351.0
2017-11-08 14:32:00,44.37,44.38,44.37,44.38,3240.0
2017-11-08 14:33:00,44.37,44.38,44.37,44.3737,3481.0
2017-11-08 14:34:00,44.37,44.375,44.37,44.37,500.0
2017-11-08 14:35:00,44.385,44.39,44.37,44.37,4969.0
2017-11-08 14:36:00,44.395,44.4,44.385,44.385,3669.0
2017-11-08 14:37:00,44.39,44.39,44.39,44.39,2999.0
2017-11-08 14:38:00,44.38,44.39,44.38,44.39,700.0
2017-11-08 14:39:00,44.38,44.385,44.38,44.38,4100.0
2017-11-08 14:40:00,44.36,44.38,44.36,44.38,1900.0
2017-11-08 14:41:00,44.36,44.365,44.36,44.36,700.0
2017-11-08 14:42:00,44.39,44.4,44.36,44.365,10172.0
2017-11-08 14:43:00,44.405,44.405,44.39,44.39,3130.0
2017-11-08 14:44:00,44.405,44.41,44.405,44.405,400.0
2017-11-08 14:45:00,44.41,44.41,44.4,44.41,1748.0
2017-11-08 14:46:00,44.415,44.415,44.405,44.41,2394.0
2017-11-08 14:47:00,44.42,44.42,44.415,44.415,2000.0
2017-11-08 14:48:00,44.425,44.425,44.4147,44.415,3084.0
2017-11-08 14:49:00,44.425,44.435,44.42,44.425,5900.0
2017-11-08 14:50:00,44.435,44.44,44.42,44.425,5300.0
2017-11-08 14:51:00,44.41,44.435,44.41,44.43,12673.0
2017-11-08 14:52:00,44.42,44.42,44.41,44.41,900.0
2017-11-08 14:53:00,44.41,44.415,44.41,44.41,2867.0
2017-11-08 14:54:00,44.39,44.405,44.39,44.405,1403.0
2017-11-08 14:55:00,44.4,44.4,44.39,44.395,1100.0
2017-11-08 14:56:00,44.38,44.395,44.38,44.39,2280.0
2017-11-08 14:57:00,44.38,44.385,44.38,44.38,1500.0
2017-11-08 14:58:00,44.38,44.385,44.38,44.385,530.0
2017-11-08 14:59:00,44.385,44.39,44.38,44.38,1700.0
2017-11-08 15:00:00,44.39,44.4,44.385,44.39,5680.0
2017-11-08 15:01:00,44.4,44.4,44.39,44.39,300.0
2017-11-08 15:02:00,44.39,44.395,44.39,44.395,5992.0
2017-11-08 15:03:00,44.375,44.4,44.37,44.4,4690.0
2017-11-08 15:04:00,44.36,44.375,44.36,44.37,2000.0
2017-11-08 15:05:00,44.36,44.365,44.36,44.36,2104.0
2017-11-08 15:06:00,44.35,44.36,44.35,44.36,862.0
2017-11-08 15:07:00,44.395,44.395,44.355,44.36,12940.0
2017-11-08 15:08:00,44.395,44.4,44.39,44.39,784.0
2017-11-08 15:09:00,44.4,44.41,44.4,44.4,8151.0
2017-11-08 15:10:00,44.41,44.415,44.405,44.41,10000.0
2017-11-08 15:11:00,44.4,44.41,44.395,44.41,6527.0
2017-11-08 15:12:00,44.38,44.3956,44.38,44.3956,5516.0
2017-11-08 15:13:00,44.385,44.385,44.38,44.385,446.0
2017-11-08 15:14:00,44.39,44.39,44.38,44.38,1000.0
2017-11-08 15:15:00,44.38,44.3866,44.38,44.3866,750.0
2017-11-08 15:16:00,44.39,44.39,44.38,44.38,4623.0
2017-11-08 15:17:00,44.4,44.4,44.39,44.39,4506.0
2017-11-08 15:18:00,44.415,44.42,44.41,44.41,3600.0
2017-11-08 15:19:00,44.4,44.415,44.4,44.41,5483.0
2017-11-08 15:20:00,44.4,44.405,44.4,44.4001,1929.0
2017-11-08 15:21:00,44.39,44.405,44.39,44.405,4399.0
2017-11-08 15:22:00,44.3875,44.4,44.38,44.385,6400.0
2017-11-08 15:23:00,44.395,44.395,44.39,44.39,600.0
2017-11-08 15:24:00,44.4,44.41,44.395,44.395,5254.0
2017-11-08 15:25:00,44.41,44.42,44.4,44.405,11190.0
2017-11-08 15:26:00,44.43,44.43,44.42,44.42,2100.0
2017-11-08 15:27:00,44.42,44.43,44.41,44.42,7900.0
2017-11-08 15:28:00,44.425,44.43,44.41,44.41,2640.0
2017-11-08 15:29:00,44.425,44.425,44.42,44.425,500.0
2017-11-08 15:30:00,44.435,44.44,44.42,44.43,7014.0
2017-11-08 15:31:00,44.4452,44.45,44.44,44.44,4775.0
2017-11-08 15:32:00,44.46,44.47,44.45,44.45,7833.0
2017-11-08 15:33:00,44.47,44.47,44.46,44.47,1400.0
2017-11-08 15:34:00,44.46,44.47,44.46,44.465,11600.0
2017-11-08 15:35:00,44.45,44.46,44.45,44.455,2360.0
2017-11-08 15:36:00,44.44,44.455,44.44,44.455,9622.0
2017-11-08 15:37:00,44.43,44.45,44.43,44.44,9320.0
2017-11-08 15:38:00,44.42,44.44,44.42,44.43,5400.0
2017-11-08 15:39:00,44.42,44.44,44.42,44.42,9455.0
2017-11-08 15:40:00,44.42,44.43,44.42,44.43,800.0
2017-11-08 15:41:00,44.41,44.425,44.41,44.42,6619.0
2017-11-08 15:42:00,44.41,44.415,44.41,44.415,5072.0
2017-11-08 15:43:00,44.4,44.42,44.4,44.41,10848.0
2017-11-08 15:44:00,44.4,44.41,44.4,44.4,3900.0
2017-11-08 15:45:00,44.38,44.4,44.38,44.4,15818.0
2017-11-08 15:46:00,44.405,44.41,44.39,44.4,5847.0
2017-11-08 15:47:00,44.39,44.405,44.39,44.405,8278.0
2017-11-08 15:48:00,44.425,44.43,44.39,44.39,21502.0
2017-11-08 15:49:00,44.43,44.43,44.425,44.425,12234.0
2017-11-08 15:50:00,44.46,44.47,44.425,44.43,15845.0
2017-11-08 15:51:00,44.475,44.48,44.46,44.46,16176.0
2017-11-08 15:52:00,44.5,44.5,44.4799,44.4799,9444.0
2017-11-08 15:53:00,44.48,44.5,44.47,44.495,14750.0
2017-11-08 15:54:00,44.49,44.49,44.48,44.485,5400.0
2017-11-08 15:55:00,44.48,44.49,44.47,44.48,16034.0
2017-11-08 15:56:00,44.46,44.48,44.46,44.475,25030.0
2017-11-08 15:57:00,44.44,44.46,44.42,44.45,25215.0
2017-11-08 15:58:00,44.47,44.47,44.445,44.45,15300.0
2017-11-08 15:59:00,44.46,44.475,44.45,44.47,28792.0
2017-11-08 16:00:00,44.45,44.47,44.44,44.46,56485.0
2017-11-09 09:30:00,44.38,44.38,44.38,44.38,27881.0
2017-11-09 09:31:00,44.39,44.41,44.39,44.4,1000.0
2017-11-09 09:32:00,44.48,44.48,44.3456,44.43,1989.0
2017-11-09 09:33:00,44.56,44.59,44.5,44.51,4608.0
2017-11-09 09:34:00,44.61,44.62,44.58,44.62,5400.0
2017-11-09 09:35:00,44.64,44.68,44.6,44.6,9891.0
2017-11-09 09:36:00,44.64,44.72,44.61,44.62,31953.0
2017-11-09 09:37:00,44.63,44.71,44.62,44.66,14870.0
2017-11-09 09:38:00,44.6,44.61,44.6,44.61,2840.0
2017-11-09 09:39:00,44.51,44.55,44.51,44.54,1480.0
2017-11-09 09:40:00,44.56,44.56,44.49,44.49,2414.0
2017-11-09 09:41:00,44.6,44.6,44.58,44.58,600.0
2017-11-09 09:42:00,44.65,44.65,44.63,44.63,800.0
2017-11-09 09:43:00,44.69,44.69,44.66,44.66,300.0
2017-11-09 09:44:00,44.77,44.8,44.7,44.72,24390.0
2017-11-09 09:45:00,44.76,44.77,44.75,44.75,1900.0
2017-11-09 09:46:00,44.74,44.76,44.7,44.74,13600.0
2017-11-09 09:47:00,44.72,44.72,44.6996,44.6996,234.0
2017-11-09 09:48:00,44.72,44.73,44.7,44.7,1161.0
2017-11-09 09:49:00,44.71,44.7176,44.71,44.7176,700.0
2017-11-09 09:50:00,44.68,44.71,44.66,44.7,5780.0
2017-11-09 09:51:00,44.7,44.7,44.68,44.68,900.0
2017-11-09 09:52:00,44.71,44.71,44.68,44.69,4122.0
2017-11-09 09:53:00,44.72,44.72,44.71,44.71,777.0
2017-11-09 09:54:00,44.78,44.79,44.75,44.75,3300.0
2017-11-09 09:55:00,44.76,44.79,44.76,44.79,2510.0
2017-11-09 09:56:00,44.66,44.75,44.66,44.75,3164.0
2017-11-09 09:57:00,44.65,44.66,44.64,44.66,2958.0
2017-11-09 09:58:00,44.61,44.66,44.58,44.65,5385.0
2017-11-09 09:59:00,44.63,44.63,44.59,44.59,2706.0
2017-11-09 10:00:00,44.59,44.605,44.56,44.6,3816.0
2017-11-09 10:01:00,44.6,44.6,44.53,44.57,1800.0
2017-11-09 10:02:00,44.56,44.5702,44.56,44.5702,4655.0
2017-11-09 10:03:00,44.5,44.56,44.48,44.56,5800.0
2017-11-09 10:04:00,44.52,44.54,44.5,44.5,4690.0
2017-11-09 10:05:00,44.5,44.52,44.49,44.51,5438.0
2017-11-09 10:06:00,44.46,44.48,44.44,44.48,5900.0
2017-11-09 10:07:00,44.43,44.46,44.43,44.46,1900.0
2017-11-09 10:08:00,44.41,44.46,44.41,44.43,21200.0
2017-11-09 10:09:00,44.49,44.49,44.41,44.41,3801.0
2017-11-09 10:10:00,44.52,44.52,44.48,44.48,2900.0
2017-11-09 10:11:00,44.42,44.49,44.415,44.49,5516.0
2017-11-09 10:12:00,44.39,44.41,44.39,44.41,3200.0
2017-11-09 10:13:00,44.37,44.38,44.37,44.38,5073.0
2017-11-09 10:14:00,44.42,44.42,44.37,44.37,4790.0
2017-11-09 10:15:00,44.39,44.39,44.39,44.39,1628.0
2017-11-09 10:16:00,44.43,44.43,44.39,44.4,2103.0
2017-11-09 10:17:00,44.385,44.42,44.385,44.42,3541.0
2017-11-09 10:18:00,44.35,44.37,44.35,44.37,1200.0
2017-11-09 10:19:00,44.35,44.37,44.34,44.35,1800.0
2017-11-09 10:20:00,44.34,44.35,44.34,44.35,1000.0
2017-11-09 10:21:00,44.37,44.4,44.34,44.34,7694.0
2017-11-09 10:22:00,44.32,44.37,44.32,44.37,2100.0
2017-11-09 10:23:00,44.29,44.32,44.29,44.32,1150.0
2017-11-09 10:24:00,44.3,44.3,44.3,44.3,2578.0
2017-11-09 10:25:00,44.26,44.28,44.25,44.28,3200.0
2017-11-09 10:26:00,44.26,44.2614,44.25,44.26,1100.0
2017-11-09 10:27:00,44.285,44.3,44.26,44.26,5322.0
2017-11-09 10:28:00,44.28,44.29,44.26,44.28,5055.0
2017-11-09 10:29:00,44.3,44.31,44.28,44.29,3091.0
2017-11-09 10:30:00,44.29,44.29,44.29,44.29,100.0
2017-11-09 10:31:00,44.27,44.28,44.27,44.28,800.0
2017-11-09 10:32:00,44.26,44.29,44.23,44.28,8427.0
2017-11-09 10:33:00,44.27,44.27,44.26,44.27,1912.0
2017-11-09 10:34:00,44.2243,44.26,44.2243,44.26,4930.0
2017-11-09 10:35:00,44.3,44.31,44.21,44.22,6100.0
2017-11-09 10:36:00,44.31,44.325,44.28,44.3,3766.0
2017-11-09 10:37:00,44.3,44.33,44.3,44.32,3500.0
2017-11-09 10:38:00,44.31,44.325,44.3,44.3,5492.0
2017-11-09 10:39:00,44.26,44.31,44.26,44.31,1100.0
2017-11-09 10:40:00,44.26,44.28,44.26,44.26,4351.0
2017-11-09 10:41:00,44.25,44.26,44.24,44.26,1904.0
2017-11-09 10:42:00,44.29,44.29,44.25,44.25,4217.0
2017-11-09 10:43:00,44.31,44.31,44.29,44.29,4700.0
2017-11-09 10:44:00,44.32,44.3225,44.32,44.32,1701.0
2017-11-09 10:45:00,44.33,44.33,44.31,44.315,3664.0
2017-11-09 10:46:00,44.3,44.3225,44.29,44.32,5389.0
2017-11-09 10:47:00,44.285,44.31,44.285,44.31,2300.0
2017-11-09 10:48:00,44.28,44.28,44.27,44.28,2400.0
2017-11-09 10:49:00,44.27,44.28,44.27,44.27,900.0
2017-11-09 10:50:00,44.26,44.29,44.25,44.27,2900.0
2017-11-09 10:51:00,44.28,44.29,44.26,44.26,5152.0
2017-11-09 10:52:00,44.29,44.32,44.29,44.29,4385.0
2017-11-09 10:53:00,44.32,44.35,44.3,44.3,5502.0
2017-11-09 10:54:00,44.33,44.34,44.33,44.33,1200.0
2017-11-09 10:55:00,44.29,44.335,44.29,44.335,1393.0
2017-11-09 10:56:00,44.28,44.31,44.28,44.29,3476.0
2017-11-09 10:57:00,44.26,44.27,44.25,44.26,12628.0
2017-11-09 10:58:00,44.2479,44.28,44.2479,44.27,4183.0
2017-11-09 10:59:00,44.19,44.2532,44.19,44.24,10300.0
2017-11-09 11:00:00,44.19,44.25,44.16,44.17,14277.0
2017-11-09 11:01:00,44.23,44.24,44.21,44.21,3800.0
2017-11-09 11:02:00,44.23,44.24,44.22,44.22,2556.0
2017-11-09 11:03:00,44.23,44.2399,44.22,44.2399,2514.0
2017-11-09 11:04:00,44.22,44.23,44.22,44.23,3293.0
2017-11-09 11:05:00,44.17,44.2234,44.17,44.2234,3941.0
2017-11-09 11:06:00,44.22,44.23,44.19,44.2,4801.0
2017-11-09 11:07:00,44.22,44.225,44.21,44.22,4019.0
2017-11-09 11:08:00,44.22,44.22,44.205,44.22,2800.0
2017-11-09 11:09:00,44.24,44.24,44.22,44.22,4806.0
2017-11-09 11:10:00,44.23,44.23,44.225,44.23,3600.0
2017-11-09 11:11:00,44.23,44.23,44.22,44.225,2508.0
2017-11-09 11:12:00,44.24,44.25,44.225,44.23,3201.0
2017-11-09 11:13:00,44.23,44.24,44.23,44.23,1200.0
2017-11-09 11:14:00,44.18,44.23,44.17,44.23,3967.0
2017-11-09 11:15:00,44.18,44.18,44.18,44.18,700.0
2017-11-09 11:16:00,44.1714,44.1714,44.15,44.17,4576.0
2017-11-09 11:17:00,44.18,44.18,44.17,44.17,1204.0
2017-11-09 11:18:00,44.1625,44.17,44.15,44.17,1528.0
2017-11-09 11:19:00,44.14,44.16,44.13,44.16,4700.0
2017-11-09 11:20:00,44.15,44.15,44.14,44.14,600.0
2017-11-09 11:21:00,44.18,44.18,44.155,44.16,2000.0
2017-11-09 11:22:00,44.17,44.19,44.17,44.18,500.0
2017-11-09 11:23:00,44.17,44.18,44.155,44.18,4778.0
2017-11-09 11:24:00,44.17,44.175,44.16,44.17,1589.0
2017-11-09 11:25:00,44.195,44.195,44.17,44.17,2000.0
2017-11-09 11:26:00,44.21,44.21,44.19,44.195,2795.0
2017-11-09 11:27:00,44.21,44.22,44.21,44.22,2700.0
2017-11-09 11:28:00,44.23,44.23,44.21,44.21,4560.0
2017-11-09 11:29:00,44.24,44.24,44.225,44.23,1601.0
2017-11-09 11:30:00,44.23,44.25,44.23,44.25,2400.0
2017-11-09 11:31:00,44.22,44.23,44.22,44.23,1600.0
2017-11-09 11:32:00,44.208999999999996,44.22,44.205,44.22,1510.0
2017-11-09 11:33:00,44.165,44.2,44.165,44.2,1285.0
2017-11-09 11:34:00,44.175,44.18,44.16,44.17,1300.0
2017-11-09 11:35:00,44.24,44.24,44.18,44.18,4250.0
2017-11-09 11:36:00,44.225,44.245,44.225,44.245,6242.0
2017-11-09 11:37:00,44.235,44.2504,44.23,44.23,3200.0
2017-11-09 11:38:00,44.2325,44.24,44.23,44.24,720.0
2017-11-09 11:39:00,44.23,44.24,44.23,44.24,1343.0
2017-11-09 11:40:00,44.22,44.24,44.22,44.23,5508.0
2017-11-09 11:41:00,44.2,44.215,44.2,44.21,3800.0
2017-11-09 11:42:00,44.23,44.23,44.2,44.2,3500.0
2017-11-09 11:43:00,44.24,44.24,44.23,44.23,2089.0
2017-11-09 11:44:00,44.2257,44.23,44.225,44.23,1000.0
2017-11-09 11:45:00,44.22,44.24,44.22,44.22,2900.0
2017-11-09 11:46:00,44.22,44.22,44.21,44.21,2935.0
2017-11-09 11:47:00,44.21,44.215,44.19,44.2,2603.0
2017-11-09 11:48:00,44.2,44.21,44.2,44.21,1140.0
2017-11-09 11:49:00,44.24,44.24,44.2,44.2018,3170.0
2017-11-09 11:50:00,44.22,44.24,44.21,44.24,1800.0
2017-11-09 11:51:00,44.24,44.25,44.215,44.215,5300.0
2017-11-09 11:52:00,44.245,44.245,44.245,44.245,100.0
2017-11-09 11:53:00,44.24,44.25,44.23,44.24,4045.0
2017-11-09 11:54:00,44.23,44.235,44.23,44.23,2995.0
2017-11-09 11:55:00,44.27,44.27,44.24,44.24,3800.0
2017-11-09 11:56:00,44.27,44.27,44.26,44.27,1200.0
2017-11-09 11:57:00,44.275,44.29,44.26,44.29,3448.0
2017-11-09 11:58:00,44.285,44.285,44.27,44.28,700.0
2017-11-09 11:59:00,44.28,44.29,44.27,44.29,1400.0
2017-11-09 12:00:00,44.29,44.29,44.28,44.28,1200.0
2017-11-09 12:01:00,44.265,44.28,44.265,44.28,3000.0
2017-11-09 12:02:00,44.22,44.265,44.22,44.265,1800.0
2017-11-09 12:03:00,44.19,44.21,44.18,44.21,2467.0
2017-11-09 12:04:00,44.17,44.19,44.1625,44.19,2067.0
2017-11-09 12:05:00,44.175,44.18,44.17,44.17,1600.0
2017-11-09 12:06:00,44.17,44.18,44.16,44.18,3775.0
2017-11-09 12:07:00,44.18,44.19,44.17,44.17,2700.0
2017-11-09 12:08:00,44.18,44.18,44.18,44.18,1150.0
2017-11-09 12:09:00,44.18,44.185,44.175,44.18,1695.0
2017-11-09 12:10:00,44.165,44.185,44.16,44.185,1900.0
2017-11-09 12:11:00,44.18,44.19,44.165,44.165,8643.0
2017-11-09 12:12:00,44.21,44.21,44.18,44.18,1502.0
2017-11-09 12:13:00,44.17,44.21,44.17,44.21,2097.0
2017-11-09 12:14:00,44.17,44.17,44.17,44.17,100.0
2017-11-09 12:15:00,44.15,44.2,44.15,44.185,2550.0
2017-11-09 12:16:00,44.1525,44.16,44.14,44.15,2982.0
2017-11-09 12:17:00,44.17,44.17,44.15,44.15,2700.0
2017-11-09 12:18:00,44.17,44.19,44.16,44.165,4201.0
2017-11-09 12:19:00,44.18,44.18,44.175,44.175,3640.0
2017-11-09 12:20:00,44.18,44.185,44.18,44.185,200.0
2017-11-09 12:21:00,44.15,44.19,44.15,44.185,3100.0
2017-11-09 12:22:00,44.15,44.155,44.14,44.155,2700.0
2017-11-09 12:23:00,44.15,44.16,44.14,44.15,1800.0
2017-11-09 12:24:00,44.16,44.165,44.14,44.15,4300.0
2017-11-09 12:25:00,44.155,44.165,44.15,44.165,1681.0
2017-11-09 12:26:00,44.21,44.21,44.16,44.16,2796.0
2017-11-09 12:27:00,44.22,44.22,44.215,44.22,2100.0
2017-11-09 12:28:00,44.19,44.22,44.19,44.21,900.0
2017-11-09 12:29:00,44.19,44.21,44.19,44.21,584.0
2017-11-09 12:30:00,44.2,44.2,44.19,44.2,956.0
2017-11-09 12:31:00,44.18,44.19,44.18,44.19,2544.0
2017-11-09 12:32:00,44.16,44.18,44.15,44.175,5053.0
2017-11-09 12:33:00,44.15,44.16,44.15,44.15,4705.0
2017-11-09 12:34:00,44.135,44.14,44.12,44.14,2300.0
2017-11-09 12:35:00,44.13,44.14,44.1,44.13,2999.0
2017-11-09 12:36:00,44.17,44.175,44.13,44.14,3676.0
2017-11-09 12:37:00,44.19,44.19,44.18,44.18,767.0
2017-11-09 12:38:00,44.18,44.18,44.16,44.18,4132.0
2017-11-09 12:39:00,44.165,44.185,44.165,44.17,1400.0
2017-11-09 12:40:00,44.15,44.16,44.15,44.16,1081.0
2017-11-09 12:41:00,44.145,44.15,44.14,44.15,500.0
2017-11-09 12:42:00,44.14,44.145,44.12,44.145,2943.0
2017-11-09 12:43:00,44.145,44.145,44.145,44.145,600.0
2017-11-09 12:44:00,44.15,44.15,44.115,44.14,8934.0
2017-11-09 12:45:00,44.145,44.15,44.14,44.15,700.0
2017-11-09 12:46:00,44.13,44.14,44.11,44.13,5400.0
2017-11-09 12:47:00,44.09,44.13,44.09,44.13,3600.0
2017-11-09 12:48:00,44.09,44.09,44.07,44.09,2200.0
2017-11-09 12:49:00,44.125,44.125,44.09,44.09,2785.0
2017-11-09 12:50:00,44.14,44.14,44.14,44.14,501.0
2017-11-09 12:51:00,44.13,44.15,44.13,44.15,2000.0
2017-11-09 12:52:00,44.11,44.14,44.11,44.14,1100.0
2017-11-09 12:53:00,44.11,44.12,44.11,44.11,700.0
2017-11-09 12:54:00,44.12,44.13,44.11,44.12,1800.0
2017-11-09 12:55:00,44.12,44.12,44.11,44.11,2085.0
2017-11-09 12:56:00,44.08,44.1,44.08,44.1,1400.0
2017-11-09 12:57:00,44.09,44.095,44.08,44.085,1756.0
2017-11-09 12:58:00,44.09,44.095,44.08,44.09,1708.0
2017-11-09 12:59:00,44.11,44.11,44.08,44.08,2292.0
2017-11-09 13:00:00,44.1,44.1,44.1,44.1,100.0
2017-11-09 13:01:00,44.11,44.12,44.11,44.12,3100.0
2017-11-09 13:02:00,44.11,44.125,44.11,44.12,3200.0
2017-11-09 13:03:00,44.11,44.12,44.11,44.11,1000.0
2017-11-09 13:04:00,44.1,44.115,44.1,44.11,2583.0
2017-11-09 13:05:00,44.09,44.09,44.07,44.08,2847.0
2017-11-09 13:06:00,44.08,44.0842,44.08,44.0842,1300.0
2017-11-09 13:07:00,44.09,44.105,44.08,44.08,4100.0
2017-11-09 13:08:00,44.07,44.1,44.07,44.1,1487.0
2017-11-09 13:09:00,44.11,44.11,44.08,44.08,1250.0
2017-11-09 13:10:00,44.11,44.11,44.09,44.09,200.0
2017-11-09 13:11:00,44.12,44.13,44.12,44.12,767.0
2017-11-09 13:12:00,44.12,44.12,44.11,44.11,200.0
2017-11-09 13:13:00,44.11,44.12,44.11,44.12,3701.0
2017-11-09 13:14:00,44.15,44.15,44.12,44.12,3100.0
2017-11-09 13:15:00,44.15,44.15,44.14,44.15,3235.0
2017-11-09 13:16:00,44.17,44.17,44.14,44.15,3167.0
2017-11-09 13:17:00,44.1792,44.18,44.17,44.18,2721.0
2017-11-09 13:18:00,44.18,44.18,44.175,44.18,1100.0
2017-11-09 13:19:00,44.19,44.2,44.19,44.2,2100.0
2017-11-09 13:21:00,44.18,44.2,44.17,44.19,3975.0
2017-11-09 13:22:00,44.17,44.19,44.17,44.17,1500.0
2017-11-09 13:23:00,44.18,44.18,44.18,44.18,200.0
2017-11-09 13:24:00,44.15,44.175,44.15,44.17,900.0
2017-11-09 13:25:00,44.15,44.17,44.145,44.17,2600.0
2017-11-09 13:26:00,44.19,44.19,44.15,44.15,3013.0
2017-11-09 13:27:00,44.18,44.2,44.18,44.2,1708.0
2017-11-09 13:28:00,44.18,44.185,44.17,44.185,1000.0
2017-11-09 13:29:00,44.21,44.21,44.18,44.18,3726.0
2017-11-09 13:30:00,44.215,44.215,44.21,44.21,1456.0
2017-11-09 13:31:00,44.23,44.23,44.22,44.22,1300.0
2017-11-09 13:32:00,44.23,44.24,44.23,44.24,4051.0
2017-11-09 13:33:00,44.235,44.24,44.235,44.24,600.0
2017-11-09 13:34:00,44.21,44.235,44.21,44.23,2600.0
2017-11-09 13:35:00,44.218999999999994,44.218999999999994,44.21,44.21,550.0
2017-11-09 13:36:00,44.22,44.22,44.19,44.21,4799.0
2017-11-09 13:37:00,44.25,44.25,44.23,44.23,467.0
2017-11-09 13:38:00,44.215,44.235,44.215,44.23,4100.0
2017-11-09 13:39:00,44.215,44.23,44.215,44.22,800.0
2017-11-09 13:40:00,44.21,44.22,44.2,44.21,2904.0
2017-11-09 13:41:00,44.16,44.185,44.16,44.185,4207.0
2017-11-09 13:42:00,44.17,44.17,44.15,44.17,1000.0
2017-11-09 13:43:00,44.17,44.17,44.16,44.16,1000.0
2017-11-09 13:44:00,44.16,44.17,44.16,44.17,1300.0
2017-11-09 13:45:00,44.17,44.1725,44.17,44.17,1941.0
2017-11-09 13:46:00,44.17,44.17,44.17,44.17,100.0
2017-11-09 13:47:00,44.17,44.175,44.17,44.175,1765.0
2017-11-09 13:48:00,44.16,44.16,44.15,44.15,400.0
2017-11-09 13:49:00,44.15,44.16,44.15,44.16,609.0
2017-11-09 13:50:00,44.17,44.1725,44.165,44.17,3026.0
2017-11-09 13:51:00,44.16,44.17,44.16,44.17,300.0
2017-11-09 13:52:00,44.14,44.17,44.14,44.17,2625.0
2017-11-09 13:53:00,44.13,44.15,44.13,44.14,2700.0
2017-11-09 13:54:00,44.135,44.135,44.13,44.135,1425.0
2017-11-09 13:55:00,44.14,44.14,44.13,44.13,7540.0
2017-11-09 13:56:00,44.13,44.14,44.13,44.135,400.0
2017-11-09 13:57:00,44.12,44.135,44.1,44.135,8684.0
2017-11-09 13:58:00,44.13,44.13,44.125,44.13,1900.0
2017-11-09 13:59:00,44.145,44.16,44.13,44.13,4175.0
2017-11-09 14:00:00,44.16,44.17,44.14,44.14,8720.0
2017-11-09 14:01:00,44.18,44.18,44.15,44.16,4129.0
2017-11-09 14:02:00,44.175,44.18,44.17,44.18,1888.0
2017-11-09 14:03:00,44.175,44.18,44.175,44.18,1100.0
2017-11-09 14:04:00,44.175,44.18,44.17,44.17,983.0
2017-11-09 14:05:00,44.19,44.19,44.175,44.18,3450.0
2017-11-09 14:06:00,44.175,44.2,44.17,44.2,6243.0
2017-11-09 14:07:00,44.19,44.2,44.18,44.18,3367.0
2017-11-09 14:08:00,44.2,44.205,44.2,44.2,2087.0
2017-11-09 14:09:00,44.18,44.21,44.18,44.21,5436.0
2017-11-09 14:10:00,44.19,44.19,44.1833,44.1833,2698.0
2017-11-09 14:11:00,44.18,44.18,44.18,44.18,100.0
2017-11-09 14:12:00,44.19,44.19,44.185,44.185,400.0
2017-11-09 14:13:00,44.2,44.2,44.185,44.19,7926.0
2017-11-09 14:14:00,44.2,44.2,44.2,44.2,100.0
2017-11-09 14:15:00,44.22,44.22,44.2,44.2,5808.0
2017-11-09 14:16:00,44.23,44.23,44.22,44.22,1101.0
2017-11-09 14:17:00,44.245,44.25,44.23,44.23,1929.0
2017-11-09 14:18:00,44.26,44.26,44.245,44.25,5455.0
2017-11-09 14:19:00,44.29,44.29,44.26,44.26,3000.0
2017-11-09 14:20:00,44.27,44.29,44.27,44.29,7298.0
2017-11-09 14:21:00,44.2738,44.275,44.27,44.27,1109.0
2017-11-09 14:22:00,44.2625,44.28,44.2625,44.2767,5350.0
2017-11-09 14:23:00,44.28,44.28,44.27,44.27,1464.0
2017-11-09 14:24:00,44.26,44.27,44.24,44.27,9762.0
2017-11-09 14:25:00,44.285,44.29,44.27,44.27,3098.0
2017-11-09 14:26:00,44.285,44.29,44.28,44.28,700.0
2017-11-09 14:27:00,44.2775,44.29,44.2775,44.29,1913.0
2017-11-09 14:28:00,44.26,44.28,44.26,44.27,7278.0
2017-11-09 14:29:00,44.28,44.29,44.265,44.27,2600.0
2017-11-09 14:30:00,44.28,44.28,44.28,44.28,700.0
2017-11-09 14:31:00,44.3,44.3,44.28,44.285,6551.0
2017-11-09 14:32:00,44.32,44.32,44.305,44.31,3289.0
2017-11-09 14:33:00,44.295,44.315,44.295,44.315,5531.0
2017-11-09 14:34:00,44.29,44.29,44.29,44.29,700.0
2017-11-09 14:35:00,44.29,44.295,44.285,44.29,2867.0
2017-11-09 14:36:00,44.26,44.295,44.26,44.295,3422.0
2017-11-09 14:37:00,44.22,44.28,44.21,44.26,11397.0
2017-11-09 14:38:00,44.23,44.23,44.2,44.215,4091.0
2017-11-09 14:39:00,44.22,44.23,44.215,44.225,5162.0
2017-11-09 14:40:00,44.25,44.25,44.23,44.23,2734.0
2017-11-09 14:41:00,44.25,44.25,44.25,44.25,2200.0
2017-11-09 14:42:00,44.255,44.255,44.255,44.255,200.0
2017-11-09 14:43:00,44.25,44.255,44.24,44.255,1833.0
2017-11-09 14:44:00,44.24,44.245,44.24,44.24,1337.0
2017-11-09 14:45:00,44.2475,44.2475,44.22,44.23,6646.0
2017-11-09 14:46:00,44.25,44.25,44.245,44.25,1400.0
2017-11-09 14:47:00,44.245,44.245,44.24,44.245,2777.0
2017-11-09 14:48:00,44.245,44.25,44.245,44.25,303.0
2017-11-09 14:49:00,44.235,44.245,44.23,44.24,3880.0
2017-11-09 14:50:00,44.24,44.24,44.23,44.235,5900.0
2017-11-09 14:51:00,44.23,44.24,44.23,44.235,1520.0
2017-11-09 14:52:00,44.22,44.24,44.2158,44.24,3700.0
2017-11-09 14:53:00,44.21,44.215,44.205,44.21,3925.0
2017-11-09 14:54:00,44.21,44.215,44.205,44.21,1600.0
2017-11-09 14:55:00,44.21,44.21,44.2,44.21,3049.0
2017-11-09 14:56:00,44.22,44.225,44.22,44.22,3399.0
2017-11-09 14:57:00,44.22,44.23,44.22,44.22,900.0
2017-11-09 14:58:00,44.205,44.2275,44.205,44.225,3900.0
2017-11-09 14:59:00,44.21,44.21,44.19,44.205,6301.0
2017-11-09 15:00:00,44.205,44.21,44.2,44.21,1979.0
2017-11-09 15:01:00,44.2,44.2,44.19,44.2,3800.0
2017-11-09 15:02:00,44.2192,44.22,44.2,44.2,4578.0
2017-11-09 15:03:00,44.18,44.22,44.1788,44.21,21973.0
2017-11-09 15:04:00,44.19,44.2,44.18,44.18,9791.0
2017-11-09 15:05:00,44.15,44.1999,44.14,44.19,17068.0
2017-11-09 15:06:00,44.17,44.17,44.15,44.15,8472.0
2017-11-09 15:07:00,44.17,44.18,44.17,44.175,1600.0
2017-11-09 15:08:00,44.185,44.185,44.17,44.175,5880.0
2017-11-09 15:09:00,44.1699,44.19,44.16,44.19,12192.0
2017-11-09 15:10:00,44.17,44.17,44.16,44.16,1663.0
2017-11-09 15:11:00,44.16,44.17,44.145,44.16,16732.0
2017-11-09 15:12:00,44.1475,44.155,44.1475,44.1531,5605.0
2017-11-09 15:13:00,44.15,44.15,44.145,44.145,6090.0
2017-11-09 15:14:00,44.14,44.1595,44.14,44.15,4769.0
2017-11-09 15:15:00,44.13,44.14,44.12,44.135,11686.0
2017-11-09 15:16:00,44.14,44.15,44.135,44.1358,6655.0
2017-11-09 15:17:00,44.14,44.145,44.13,44.145,5498.0
2017-11-09 15:18:00,44.1366,44.14,44.13,44.14,7284.0
2017-11-09 15:19:00,44.135,44.14,44.13,44.14,900.0
2017-11-09 15:20:00,44.1334,44.145,44.13,44.13,3605.0
2017-11-09 15:21:00,44.11,44.135,44.11,44.135,5299.0
2017-11-09 15:22:00,44.125,44.13,44.12,44.12,3476.0
2017-11-09 15:23:00,44.145,44.15,44.125,44.125,9061.0
2017-11-09 15:24:00,44.165,44.165,44.14,44.145,17999.0
2017-11-09 15:25:00,44.1525,44.1661,44.15,44.16,8094.0
2017-11-09 15:26:00,44.15,44.15,44.14,44.15,5018.0
2017-11-09 15:27:00,44.1425,44.15,44.14,44.15,1200.0
2017-11-09 15:28:00,44.15,44.15,44.14,44.15,1800.0
2017-11-09 15:29:00,44.14,44.15,44.1325,44.15,9299.0
2017-11-09 15:30:00,44.14,44.145,44.13,44.13,9483.0
2017-11-09 15:31:00,44.15,44.155,44.145,44.145,5404.0
2017-11-09 15:32:00,44.14,44.1586,44.14,44.1586,7677.0
2017-11-09 15:33:00,44.145,44.15,44.14,44.145,2021.0
2017-11-09 15:34:00,44.135,44.1457,44.13,44.1457,5517.0
2017-11-09 15:35:00,44.13,44.135,44.13,44.13,3414.0
2017-11-09 15:36:00,44.12,44.135,44.12,44.13,8480.0
2017-11-09 15:37:00,44.12,44.13,44.12,44.12,11217.0
2017-11-09 15:38:00,44.125,44.125,44.12,44.12,4833.0
2017-11-09 15:39:00,44.095,44.12,44.09,44.12,14233.0
2017-11-09 15:40:00,44.095,44.1,44.09,44.095,18102.0
2017-11-09 15:41:00,44.091,44.1,44.091,44.095,1960.0
2017-11-09 15:42:00,44.095,44.0957,44.09,44.095,1400.0
2017-11-09 15:43:00,44.0825,44.1,44.08,44.095,10043.0
2017-11-09 15:44:00,44.08,44.09,44.08,44.08,10789.0
2017-11-09 15:45:00,44.0725,44.09,44.07,44.08,9592.0
2017-11-09 15:46:00,44.06,44.075,44.06,44.07,9839.0
2017-11-09 15:47:00,44.06,44.07,44.06,44.06,6000.0
2017-11-09 15:48:00,44.07,44.075,44.06,44.06,17106.0
2017-11-09 15:49:00,44.1,44.1,44.065,44.07,12258.0
2017-11-09 15:50:00,44.1,44.1,44.09,44.1,2234.0
2017-11-09 15:51:00,44.095,44.1,44.09,44.1,6500.0
2017-11-09 15:52:00,44.1,44.1,44.09,44.09,5200.0
2017-11-09 15:53:00,44.1,44.1,44.09,44.095,3500.0
2017-11-09 15:54:00,44.09,44.1,44.09,44.095,4900.0
2017-11-09 15:55:00,44.09,44.1,44.09,44.1,4577.0
2017-11-09 15:56:00,44.12,44.13,44.09,44.095,20103.0
2017-11-09 15:57:00,44.115,44.12,44.11,44.12,3900.0
2017-11-09 15:58:00,44.09,44.12,44.09,44.12,13313.0
2017-11-09 15:59:00,44.09,44.1,44.05,44.09,44724.0
2017-11-09 16:00:00,44.05,44.09,43.99,44.09,238496.0
2017-11-10 09:30:00,44.0,44.0,44.0,44.0,15926.0
2017-11-10 09:31:00,44.24,44.24,43.96,43.96,1744.0
2017-11-10 09:32:00,44.16,44.25,44.16,44.21,1700.0
2017-11-10 09:33:00,44.16,44.16,44.118,44.13,114935.0
2017-11-10 09:34:00,44.225,44.225,44.2,44.2,600.0
2017-11-10 09:35:00,44.325,44.34,44.27,44.27,1100.0
2017-11-10 09:36:00,44.39,44.4,44.3,44.3,2000.0
2017-11-10 09:37:00,44.35,44.43,44.34,44.395,3200.0
2017-11-10 09:38:00,44.37,44.405,44.35,44.35,2600.0
2017-11-10 09:39:00,44.43,44.43,44.35,44.35,500.0
2017-11-10 09:40:00,44.465,44.49,44.43,44.43,4000.0
2017-11-10 09:41:00,44.56,44.56,44.4504,44.48,3120.0
2017-11-10 09:42:00,44.7,44.7,44.57,44.57,3400.0
2017-11-10 09:43:00,44.69,44.75,44.67,44.68,16774.0
2017-11-10 09:44:00,44.76,44.76,44.63,44.69,7317.0
2017-11-10 09:45:00,44.66,44.79,44.66,44.79,9460.0
2017-11-10 09:46:00,44.8,44.83,44.69,44.69,12595.0
2017-11-10 09:47:00,44.74,44.79,44.64,44.79,14070.0
2017-11-10 09:48:00,44.7,44.7,44.66,44.69,4000.0
2017-11-10 09:49:00,44.71,44.71,44.69,44.69,2020.0
2017-11-10 09:50:00,44.699,44.73,44.69,44.7,3000.0
2017-11-10 09:51:00,44.78,44.78,44.7,44.7,10712.0
2017-11-10 09:52:00,44.73,44.78,44.73,44.78,95641.0
2017-11-10 09:53:00,44.87,44.87,44.73,44.73,5101.0
2017-11-10 09:54:00,44.82,44.9,44.8,44.9,6187.0
2017-11-10 09:55:00,44.8505,44.86,44.83,44.83,3100.0
2017-11-10 09:56:00,44.85,44.89,44.82,44.87,5720.0
2017-11-10 09:57:00,44.96,44.97,44.82,44.83,5580.0
2017-11-10 09:58:00,44.9164,44.93,44.89,44.93,7777.0
2017-11-10 09:59:00,44.89,44.95,44.88,44.92,6300.0
2017-11-10 10:00:00,44.89,44.92,44.87,44.9,2300.0
2017-11-10 10:01:00,44.88,44.9099,44.87,44.9,900.0
2017-11-10 10:02:00,44.85,44.879,44.82,44.87,4842.0
2017-11-10 10:03:00,44.86,44.89,44.85,44.87,6863.0
2017-11-10 10:04:00,44.81,44.85,44.8,44.84,5452.0
2017-11-10 10:05:00,44.8425,44.86,44.82,44.82,2323.0
2017-11-10 10:06:00,44.85,44.85,44.82,44.84,3049.0
2017-11-10 10:07:00,44.8275,44.85,44.8,44.8303,5740.0
2017-11-10 10:08:00,44.85,44.85,44.83,44.85,700.0
2017-11-10 10:09:00,44.83,44.83,44.83,44.83,600.0
2017-11-10 10:10:00,44.8425,44.8425,44.82,44.82,11875.0
2017-11-10 10:11:00,44.82,44.84,44.81,44.835,55445.0
2017-11-10 10:12:00,44.82,44.82,44.79,44.82,6200.0
2017-11-10 10:13:00,44.83,44.83,44.81,44.815,2776.0
2017-11-10 10:14:00,44.83,44.84,44.82,44.84,3500.0
2017-11-10 10:15:00,44.78,44.83,44.78,44.8,5123.0
2017-11-10 10:16:00,44.755,44.77,44.75,44.77,3200.0
2017-11-10 10:17:00,44.71,44.755,44.71,44.75,2400.0
2017-11-10 10:18:00,44.66,44.69,44.65,44.69,1000.0
2017-11-10 10:19:00,44.6675,44.67,44.65,44.66,7640.0
2017-11-10 10:20:00,44.6708,44.68,44.65,44.68,7367.0
2017-11-10 10:21:00,44.645,44.67,44.645,44.67,2300.0
2017-11-10 10:22:00,44.65,44.66,44.64,44.64,6173.0
2017-11-10 10:23:00,44.65,44.66,44.65,44.66,700.0
2017-11-10 10:24:00,44.63,44.64,44.63,44.64,1650.0
2017-11-10 10:25:00,44.66,44.66,44.63,44.63,2794.0
2017-11-10 10:26:00,44.6675,44.67,44.64,44.65,3481.0
2017-11-10 10:27:00,44.67,44.68,44.6699,44.67,900.0
2017-11-10 10:28:00,44.68,44.68,44.67,44.67,900.0
2017-11-10 10:29:00,44.69,44.69,44.68,44.68,442.0
2017-11-10 10:30:00,44.685,44.7,44.67,44.7,2500.0
2017-11-10 10:31:00,44.68,44.69,44.66,44.67,4922.0
2017-11-10 10:32:00,44.65,44.67,44.65,44.67,3500.0
2017-11-10 10:33:00,44.65,44.66,44.65,44.65,2700.0
2017-11-10 10:34:00,44.625,44.64,44.625,44.64,1330.0
2017-11-10 10:35:00,44.6,44.62,44.6,44.62,1600.0
2017-11-10 10:36:00,44.58,44.6,44.58,44.6,1000.0
2017-11-10 10:37:00,44.56,44.56,44.55,44.55,2300.0
2017-11-10 10:38:00,44.59,44.6,44.55,44.55,6998.0
2017-11-10 10:39:00,44.59,44.59,44.58,44.59,1608.0
2017-11-10 10:40:00,44.59,44.59,44.56,44.5892,3931.0
2017-11-10 10:41:00,44.6,44.6,44.59,44.6,1300.0
2017-11-10 10:42:00,44.59,44.6,44.57,44.6,3110.0
2017-11-10 10:43:00,44.62,44.62,44.6,44.6,3125.0
2017-11-10 10:44:00,44.59,44.62,44.59,44.62,3700.0
2017-11-10 10:45:00,44.57,44.59,44.57,44.58,2600.0
2017-11-10 10:46:00,44.59,44.59,44.57,44.58,3500.0
2017-11-10 10:47:00,44.57,44.58,44.56,44.58,3500.0
2017-11-10 10:48:00,44.56,44.6,44.56,44.58,3300.0
2017-11-10 10:49:00,44.57,44.57,44.56,44.565,900.0
2017-11-10 10:50:00,44.54,44.57,44.54,44.57,3701.0
2017-11-10 10:51:00,44.49,44.54,44.49,44.54,5789.0
2017-11-10 10:52:00,44.47,44.493,44.47,44.49,11008.0
2017-11-10 10:53:00,44.4599,44.47,44.4599,44.47,1269.0
2017-11-10 10:54:00,44.47,44.47,44.46,44.46,2400.0
2017-11-10 10:55:00,44.48,44.49,44.47,44.47,2332.0
2017-11-10 10:56:00,44.51,44.51,44.49,44.49,2000.0
2017-11-10 10:57:00,44.54,44.54,44.515,44.52,1300.0
2017-11-10 10:58:00,44.5234,44.5234,44.5234,44.5234,225.0
2017-11-10 10:59:00,44.51,44.51,44.5,44.51,6576.0
2017-11-10 11:00:00,44.565,44.565,44.51,44.51,4100.0
2017-11-10 11:01:00,44.57,44.59,44.56,44.57,6700.0
2017-11-10 11:02:00,44.59,44.59,44.57,44.58,4687.0
2017-11-10 11:03:00,44.595,44.6,44.58,44.59,2000.0
2017-11-10 11:04:00,44.61,44.61,44.6,44.6,3152.0
2017-11-10 11:05:00,44.61,44.61,44.595,44.6,9946.0
2017-11-10 11:06:00,44.62,44.62,44.6,44.6,3300.0
2017-11-10 11:07:00,44.63,44.64,44.62,44.63,3546.0
2017-11-10 11:08:00,44.625,44.64,44.62,44.63,6417.0
2017-11-10 11:09:00,44.64,44.64,44.62,44.62,4000.0
2017-11-10 11:10:00,44.63,44.63,44.6,44.63,79902.0
2017-11-10 11:11:00,44.66,44.66,44.63,44.64,4525.0
2017-11-10 11:12:00,44.67,44.68,44.66,44.68,5000.0
2017-11-10 11:13:00,44.67,44.67,44.65,44.65,3880.0
2017-11-10 11:14:00,44.69,44.7,44.66,44.66,3649.0
2017-11-10 11:15:00,44.69,44.7,44.69,44.69,3900.0
2017-11-10 11:16:00,44.68,44.69,44.68,44.69,600.0
2017-11-10 11:17:00,44.67,44.68,44.67,44.68,3600.0
2017-11-10 11:18:00,44.635,44.67,44.62,44.67,1200.0
2017-11-10 11:19:00,44.63,44.64,44.63,44.63,1000.0
2017-11-10 11:20:00,44.61,44.62,44.61,44.62,1800.0
2017-11-10 11:21:00,44.56,44.61,44.56,44.61,2570.0
2017-11-10 11:22:00,44.59,44.59,44.57,44.57,2868.0
2017-11-10 11:23:00,44.58,44.595,44.58,44.59,3000.0
2017-11-10 11:24:00,44.61,44.61,44.58,44.58,3600.0
2017-11-10 11:25:00,44.62,44.62,44.62,44.62,2519.0
2017-11-10 11:26:00,44.655,44.66,44.63,44.63,4936.0
2017-11-10 11:27:00,44.65,44.66,44.65,44.655,3625.0
2017-11-10 11:28:00,44.65,44.65,44.65,44.65,200.0
2017-11-10 11:30:00,44.68,44.68,44.66,44.66,3012.0
2017-11-10 11:31:00,44.68,44.68,44.65,44.67,2002.0
2017-11-10 11:32:00,44.66,44.68,44.66,44.67,1748.0
2017-11-10 11:33:00,44.66,44.67,44.66,44.66,2200.0
2017-11-10 11:34:00,44.6512,44.6512,44.65,44.65,637.0
2017-11-10 11:35:00,44.64,44.65,44.64,44.64,3532.0
2017-11-10 11:36:00,44.6559,44.66,44.64,44.64,2550.0
2017-11-10 11:37:00,44.655,44.655,44.65,44.65,936.0
2017-11-10 11:38:00,44.65,44.65,44.645,44.65,1800.0
2017-11-10 11:40:00,44.62,44.64,44.62,44.64,4000.0
2017-11-10 11:41:00,44.61,44.62,44.61,44.62,2500.0
2017-11-10 11:42:00,44.59,44.6,44.59,44.6,1428.0
2017-11-10 11:43:00,44.56,44.59,44.56,44.59,900.0
2017-11-10 11:44:00,44.59,44.6,44.55,44.55,10311.0
2017-11-10 11:45:00,44.62,44.62,44.585,44.59,2400.0
2017-11-10 11:46:00,44.58,44.61,44.57,44.61,3520.0
2017-11-10 11:47:00,44.55,44.5716,44.55,44.56,870.0
2017-11-10 11:48:00,44.56,44.56,44.54,44.54,3136.0
2017-11-10 11:49:00,44.55,44.5559,44.55,44.55,871.0
2017-11-10 11:50:00,44.6,44.62,44.56,44.56,4800.0
2017-11-10 11:51:00,44.591,44.6,44.591,44.6,1455.0
2017-11-10 11:52:00,44.5975,44.6,44.59,44.59,1700.0
2017-11-10 11:53:00,44.59,44.6,44.59,44.6,2900.0
2017-11-10 11:54:00,44.64,44.64,44.59,44.59,1900.0
2017-11-10 11:55:00,44.64,44.64,44.62,44.635,1700.0
2017-11-10 11:56:00,44.59,44.63,44.59,44.63,1005.0
2017-11-10 11:57:00,44.585,44.585,44.585,44.585,100.0
2017-11-10 11:58:00,44.61,44.61,44.58,44.58,1900.0
2017-11-10 11:59:00,44.62,44.62,44.61,44.61,1000.0
2017-11-10 12:00:00,44.62,44.63,44.6101,44.62,3560.0
2017-11-10 12:01:00,44.62,44.63,44.62,44.629,5410.0
2017-11-10 12:02:00,44.625,44.63,44.625,44.63,2200.0
2017-11-10 12:03:00,44.64,44.65,44.62,44.62,4786.0
2017-11-10 12:04:00,44.68,44.685,44.64,44.64,12544.0
2017-11-10 12:05:00,44.705,44.705,44.6805,44.6805,2713.0
2017-11-10 12:06:00,44.705,44.71,44.695,44.7,6990.0
2017-11-10 12:07:00,44.715,44.715,44.71,44.71,1200.0
2017-11-10 12:08:00,44.69,44.71,44.69,44.71,2400.0
2017-11-10 12:09:00,44.69,44.71,44.69,44.69,400.0
2017-11-10 12:10:00,44.71,44.71,44.71,44.71,100.0
2017-11-10 12:11:00,44.7,44.7,44.69,44.69,200.0
2017-11-10 12:12:00,44.69,44.71,44.69,44.71,1600.0
2017-11-10 12:13:00,44.69,44.7,44.69,44.7,200.0
2017-11-10 12:14:00,44.695,44.7,44.69,44.7,3083.0
2017-11-10 12:15:00,44.7,44.7,44.69,44.69,4500.0
2017-11-10 12:16:00,44.7,44.705,44.69,44.69,9665.0
2017-11-10 12:17:00,44.64,44.71,44.63,44.705,16995.0
2017-11-10 12:18:00,44.565,44.635,44.51,44.635,30854.0
2017-11-10 12:19:00,44.54,44.585,44.51,44.565,47261.0
2017-11-10 12:20:00,44.49,44.55,44.46,44.54,17912.0
2017-11-10 12:21:00,44.53,44.53,44.49,44.49,24459.0
2017-11-10 12:22:00,44.53,44.54,44.51,44.53,20644.0
2017-11-10 12:23:00,44.54,44.555,44.5,44.53,22870.0
2017-11-10 12:24:00,44.515,44.55,44.51,44.54,229301.0
2017-11-10 12:25:00,44.5,44.53,44.495,44.51,11855.0
2017-11-10 12:26:00,44.51,44.51,44.5,44.5,3070.0
2017-11-10 12:27:00,44.525,44.54,44.515,44.515,9493.0
2017-11-10 12:28:00,44.515,44.54,44.51,44.52,10163.0
2017-11-10 12:29:00,44.535,44.545,44.505,44.51,10798.0
2017-11-10 12:30:00,44.52,44.54,44.51,44.535,24197.0
2017-11-10 12:31:00,44.535,44.555,44.52,44.53,14800.0
2017-11-10 12:32:00,44.53,44.55,44.515,44.53,9100.0
2017-11-10 12:33:00,44.51,44.535,44.51,44.52,13200.0
2017-11-10 12:34:00,44.515,44.52,44.49,44.51,27614.0
2017-11-10 12:35:00,44.505,44.525,44.49,44.52,7200.0
2017-11-10 12:36:00,44.5,44.505,44.495,44.5,6868.0
2017-11-10 12:37:00,44.51,44.51,44.5,44.5,4612.0
2017-11-10 12:38:00,44.515,44.52,44.5,44.5,9980.0
2017-11-10 12:39:00,44.5157,44.5157,44.51,44.51,2028.0
2017-11-10 12:40:00,44.505,44.515,44.5,44.515,13278.0
2017-11-10 12:41:00,44.51,44.525,44.505,44.51,15431.0
2017-11-10 12:42:00,44.51,44.515,44.501000000000005,44.505,7434.0
2017-11-10 12:43:00,44.505,44.515,44.5,44.5,12500.0
2017-11-10 12:44:00,44.51,44.52,44.51,44.51,3900.0
2017-11-10 12:45:00,44.515,44.52,44.51,44.51,8308.0
2017-11-10 12:46:00,44.47,44.515,44.44,44.515,42034.0
2017-11-10 12:47:00,44.51,44.51,44.47,44.47,7350.0
2017-11-10 12:48:00,44.5,44.51,44.49,44.5,1400.0
2017-11-10 12:49:00,44.51,44.51,44.5,44.51,8760.0
2017-11-10 12:50:00,44.5,44.51,44.5,44.5,6300.0
2017-11-10 12:51:00,44.48,44.51,44.48,44.51,7388.0
2017-11-10 12:52:00,44.505,44.505,44.48,44.485,5109.0
2017-11-10 12:53:00,44.49,44.505,44.49,44.505,5400.0
2017-11-10 12:54:00,44.5099,44.51,44.49,44.49,2904.0
2017-11-10 12:55:00,44.51,44.53,44.5,44.51,12834.0
2017-11-10 12:56:00,44.52,44.53,44.51,44.51,16920.0
2017-11-10 12:57:00,44.49,44.52,44.49,44.51,32431.0
2017-11-10 12:58:00,44.5,44.5,44.47,44.47,14800.0
2017-11-10 12:59:00,44.5,44.5,44.48,44.49,3400.0
2017-11-10 13:00:00,44.495,44.51,44.49,44.5,8000.0
2017-11-10 13:01:00,44.515,44.515,44.49,44.49,4300.0
2017-11-10 13:02:00,44.515,44.52,44.51,44.51,10334.0
2017-11-10 13:03:00,44.495,44.525,44.49,44.515,186175.0
2017-11-10 13:04:00,44.5,44.5,44.49,44.49,2035.0
2017-11-10 13:05:00,44.52,44.525,44.5,44.5,10518.0
2017-11-10 13:06:00,44.515,44.53,44.5,44.52,35425.0
2017-11-10 13:07:00,44.52,44.525,44.505,44.51,12310.0
2017-11-10 13:08:00,44.515,44.515,44.51,44.51,2400.0
2017-11-10 13:09:00,44.51,44.52,44.505,44.515,15000.0
2017-11-10 13:10:00,44.505,44.52,44.505,44.51,9500.0
2017-11-10 13:11:00,44.51,44.51,44.48,44.5,7461.0
2017-11-10 13:12:00,44.515,44.52,44.5,44.5005,11732.0
2017-11-10 13:13:00,44.51,44.52,44.5,44.51,15688.0
2017-11-10 13:14:00,44.515,44.515,44.5,44.51,4110.0
2017-11-10 13:15:00,44.505,44.515,44.505,44.515,6536.0
2017-11-10 13:16:00,44.515,44.515,44.5,44.505,6335.0
2017-11-10 13:17:00,44.5,44.52,44.5,44.51,12541.0
2017-11-10 13:18:00,44.5,44.505,44.48,44.5,123860.0
2017-11-10 13:19:00,44.515,44.52,44.5,44.5,4800.0
2017-11-10 13:20:00,44.59,44.63,44.51,44.52,38076.0
2017-11-10 13:21:00,44.645,44.65,44.58,44.59,12446.0
2017-11-10 13:22:00,44.57,44.655,44.57,44.65,13499.0
2017-11-10 13:23:00,44.58,44.64,44.57,44.57,9470.0
2017-11-10 13:24:00,44.61,44.62,44.58,44.58,6538.0
2017-11-10 13:25:00,44.62,44.62,44.62,44.62,100.0
2017-11-10 13:26:00,44.6,44.62,44.59,44.61,39077.0
2017-11-10 13:27:00,44.62,44.64,44.59,44.6,19942.0
2017-11-10 13:28:00,44.68,44.69,44.62,44.63,8575.0
2017-11-10 13:29:00,44.64,44.67,44.64,44.66,4700.0
2017-11-10 13:30:00,44.66,44.665,44.65,44.65,4152.0
2017-11-10 13:31:00,44.675,44.69,44.67,44.67,1424.0
2017-11-10 13:32:00,44.7,44.7,44.68,44.68,4213.0
2017-11-10 13:33:00,44.73,44.74,44.687,44.69,3901.0
2017-11-10 13:34:00,44.77,44.78,44.73,44.73,4301.0
2017-11-10 13:35:00,44.77,44.78,44.7592,44.765,3825.0
2017-11-10 13:36:00,44.78,44.79,44.77,44.78,4500.0
2017-11-10 13:37:00,44.77,44.79,44.77,44.78,1755.0
2017-11-10 13:38:00,44.7575,44.78,44.7575,44.78,4663.0
2017-11-10 13:39:00,44.73,44.7625,44.73,44.76,3800.0
2017-11-10 13:40:00,44.75,44.76,44.74,44.74,1700.0
2017-11-10 13:41:00,44.75,44.75,44.75,44.75,3626.0
2017-11-10 13:42:00,44.77,44.78,44.75,44.75,4457.0
2017-11-10 13:43:00,44.78,44.78,44.77,44.77,3965.0
2017-11-10 13:44:00,44.76,44.77,44.76,44.77,700.0
2017-11-10 13:45:00,44.79,44.8,44.76,44.76,3060.0
2017-11-10 13:46:00,44.79,44.79,44.79,44.79,100.0
2017-11-10 13:47:00,44.81,44.81,44.8,44.8,2400.0
2017-11-10 13:48:00,44.82,44.82,44.82,44.82,100.0
2017-11-10 13:49:00,44.83,44.83,44.82,44.82,1000.0
2017-11-10 13:50:00,44.815,44.83,44.81,44.83,4858.0
2017-11-10 13:51:00,44.8,44.81,44.8,44.8,4345.0
2017-11-10 13:52:00,44.81,44.81,44.8,44.8,3061.0
2017-11-10 13:53:00,44.78,44.82,44.78,44.81,3773.0
2017-11-10 13:54:00,44.77,44.78,44.77,44.77,1000.0
2017-11-10 13:55:00,44.76,44.78,44.76,44.78,1051.0
2017-11-10 13:56:00,44.8,44.8,44.76,44.76,2466.0
2017-11-10 13:57:00,44.79,44.8,44.79,44.8,300.0
2017-11-10 13:58:00,44.82,44.82,44.77,44.79,9898.0
2017-11-10 13:59:00,44.8268,44.8268,44.82,44.82,600.0
2017-11-10 14:00:00,44.82,44.82,44.82,44.82,200.0
2017-11-10 14:01:00,44.82,44.82,44.82,44.82,100.0
2017-11-10 14:02:00,44.75,44.815,44.75,44.812,7522.0
2017-11-10 14:03:00,44.75,44.76,44.75,44.76,1971.0
2017-11-10 14:05:00,44.735,44.75,44.73,44.75,10375.0
2017-11-10 14:06:00,44.7399,44.75,44.73,44.74,2511.0
2017-11-10 14:07:00,44.74,44.745,44.74,44.74,1500.0
2017-11-10 14:08:00,44.75,44.76,44.73,44.73,6176.0
2017-11-10 14:09:00,44.78,44.78,44.75,44.75,1500.0
2017-11-10 14:10:00,44.78,44.81,44.78,44.78,2500.0
2017-11-10 14:11:00,44.79,44.81,44.78,44.8,3500.0
2017-11-10 14:12:00,44.8,44.8,44.79,44.79,4180.0
2017-11-10 14:13:00,44.78,44.8038,44.78,44.8038,5207.0
2017-11-10 14:14:00,44.81,44.81,44.79,44.79,2168.0
2017-11-10 14:15:00,44.83,44.83,44.8,44.81,3338.0
2017-11-10 14:16:00,44.85,44.86,44.835,44.835,3068.0
2017-11-10 14:18:00,44.86,44.87,44.8495,44.8495,5725.0
2017-11-10 14:19:00,44.84,44.87,44.84,44.87,2151.0
2017-11-10 14:20:00,44.81,44.85,44.81,44.83,4830.0
2017-11-10 14:21:00,44.85,44.85,44.82,44.82,2964.0
2017-11-10 14:22:00,44.85,44.85,44.8484,44.85,1000.0
2017-11-10 14:23:00,44.83,44.847,44.83,44.847,312.0
2017-11-10 14:24:00,44.85,44.86,44.84,44.85,9497.0
2017-11-10 14:25:00,44.85,44.85,44.845,44.85,800.0
2017-11-10 14:26:00,44.85,44.86,44.85,44.86,300.0
2017-11-10 14:27:00,44.86,44.86,44.83,44.85,9813.0
2017-11-10 14:28:00,44.86,44.86,44.85,44.86,1300.0
2017-11-10 14:29:00,44.86,44.88,44.85,44.87,6000.0
2017-11-10 14:30:00,44.88,44.88,44.88,44.88,3215.0
2017-11-10 14:31:00,44.88,44.9,44.88,44.885,6579.0
2017-11-10 14:32:00,44.85,44.88,44.85,44.88,6100.0
2017-11-10 14:33:00,44.8286,44.84,44.8286,44.84,900.0
2017-11-10 14:34:00,44.85,44.85,44.84,44.84,6270.0
2017-11-10 14:35:00,44.84,44.85,44.84,44.85,400.0
2017-11-10 14:36:00,44.85,44.85,44.84,44.84,6667.0
2017-11-10 14:37:00,44.845,44.845,44.84,44.84,3600.0
2017-11-10 14:38:00,44.83,44.84,44.83,44.84,3100.0
2017-11-10 14:39:00,44.8,44.835,44.8,44.835,4000.0
2017-11-10 14:40:00,44.8,44.805,44.8,44.805,2300.0
2017-11-10 14:41:00,44.81,44.81,44.77,44.8,7989.0
2017-11-10 14:42:00,44.81,44.81,44.81,44.81,100.0
2017-11-10 14:43:00,44.815,44.82,44.8,44.815,3773.0
2017-11-10 14:44:00,44.82,44.83,44.82,44.82,3280.0
2017-11-10 14:45:00,44.81,44.825,44.81,44.82,8712.0
2017-11-10 14:46:00,44.8,44.81,44.8,44.81,2871.0
2017-11-10 14:47:00,44.7909,44.8,44.79,44.8,1000.0
2017-11-10 14:48:00,44.79,44.795,44.79,44.79,800.0
2017-11-10 14:49:00,44.81,44.81,44.79,44.79,8010.0
2017-11-10 14:50:00,44.8,44.82,44.8,44.82,8079.0
2017-11-10 14:51:00,44.795,44.795,44.79,44.79,900.0
2017-11-10 14:52:00,44.78,44.79,44.78,44.79,4337.0
2017-11-10 14:53:00,44.78,44.79,44.78,44.79,2300.0
2017-11-10 14:54:00,44.78,44.78,44.78,44.78,4502.0
2017-11-10 14:55:00,44.785,44.79,44.785,44.785,800.0
2017-11-10 14:56:00,44.84,44.84,44.785,44.785,13810.0
2017-11-10 14:57:00,44.845,44.85,44.84,44.84,5081.0
2017-11-10 14:58:00,44.86,44.86,44.84,44.85,3713.0
2017-11-10 14:59:00,44.851000000000006,44.853,44.8501,44.8501,500.0
2017-11-10 15:00:00,44.86,44.86,44.85,44.86,900.0
2017-11-10 15:01:00,44.87,44.87,44.85,44.855,12472.0
2017-11-10 15:02:00,44.81,44.87,44.81,44.86,21638.0
2017-11-10 15:03:00,44.84,44.84,44.81,44.81,12364.0
2017-11-10 15:04:00,44.845,44.85,44.83,44.84,5689.0
2017-11-10 15:05:00,44.87,44.87,44.84,44.84,7350.0
2017-11-10 15:06:00,44.82,44.865,44.8,44.86,17475.0
2017-11-10 15:07:00,44.84,44.86,44.81,44.81,5700.0
2017-11-10 15:08:00,44.82,44.84,44.8199,44.84,6900.0
2017-11-10 15:09:00,44.8253,44.835,44.82,44.83,5757.0
2017-11-10 15:10:00,44.82,44.83,44.82,44.83,400.0
2017-11-10 15:11:00,44.82,44.8205,44.82,44.82,900.0
2017-11-10 15:12:00,44.83,44.83,44.82,44.82,426.0
2017-11-10 15:13:00,44.81,44.825,44.81,44.8205,10701.0
2017-11-10 15:14:00,44.77,44.81,44.76,44.81,9129.0
2017-11-10 15:15:00,44.76,44.77,44.76,44.77,4054.0
2017-11-10 15:16:00,44.75899999999999,44.76,44.75899999999999,44.76,1215.0
2017-11-10 15:17:00,44.76,44.76,44.75,44.75,700.0
2017-11-10 15:18:00,44.72,44.755,44.72,44.7525,11056.0
2017-11-10 15:19:00,44.72,44.72,44.71,44.72,3182.0
2017-11-10 15:20:00,44.73,44.74,44.71,44.71,8716.0
2017-11-10 15:21:00,44.76,44.78,44.73,44.73,23685.0
2017-11-10 15:22:00,44.775,44.78,44.77,44.77,4077.0
2017-11-10 15:23:00,44.79,44.79,44.78,44.78,6414.0
2017-11-10 15:24:00,44.785,44.79,44.78,44.7801,719.0
2017-11-10 15:25:00,44.79,44.79,44.78,44.787,3969.0
2017-11-10 15:26:00,44.85,44.85,44.795,44.795,20926.0
2017-11-10 15:27:00,44.85,44.8525,44.85,44.85,3614.0
2017-11-10 15:28:00,44.86,44.86600000000001,44.855,44.855,4702.0
2017-11-10 15:29:00,44.865,44.865,44.865,44.865,300.0
2017-11-10 15:30:00,44.835,44.865,44.83,44.86,14031.0
2017-11-10 15:31:00,44.83,44.83,44.83,44.83,2600.0
2017-11-10 15:32:00,44.83,44.835,44.83,44.83,5614.0
2017-11-10 15:33:00,44.83,44.836000000000006,44.83,44.83,6265.0
2017-11-10 15:34:00,44.8,44.835,44.8,44.835,9907.0
2017-11-10 15:35:00,44.81,44.82,44.8,44.8,10276.0
2017-11-10 15:36:00,44.81,44.815,44.81,44.815,12216.0
2017-11-10 15:37:00,44.81,44.82,44.81,44.81,900.0
2017-11-10 15:38:00,44.83,44.84,44.82,44.82,9745.0
2017-11-10 15:39:00,44.82,44.84,44.82,44.83,18693.0
2017-11-10 15:40:00,44.82,44.82,44.8,44.82,11838.0
2017-11-10 15:41:00,44.815,44.82,44.81,44.815,1700.0
2017-11-10 15:42:00,44.83,44.83,44.82,44.82,5309.0
2017-11-10 15:43:00,44.82,44.83,44.82,44.83,11329.0
2017-11-10 15:44:00,44.825,44.83,44.82,44.82,1000.0
2017-11-10 15:45:00,44.82,44.83,44.82,44.83,7293.0
2017-11-10 15:46:00,44.82,44.83,44.82,44.82,8292.0
2017-11-10 15:47:00,44.82,44.83,44.82,44.82,4370.0
2017-11-10 15:48:00,44.83,44.83,44.82,44.83,3700.0
2017-11-10 15:49:00,44.82,44.83,44.82,44.82,6728.0
2017-11-10 15:50:00,44.82,44.83,44.82,44.8251,3860.0
2017-11-10 15:51:00,44.84,44.87,44.82,44.82,27928.0
2017-11-10 15:52:00,44.84,44.85,44.84,44.84,2800.0
2017-11-10 15:53:00,44.85,44.85,44.84,44.845,7883.0
2017-11-10 15:54:00,44.83,44.845,44.83,44.84,13733.0
2017-11-10 15:55:00,44.83,44.84,44.83,44.83,1500.0
2017-11-10 15:56:00,44.825,44.84,44.82,44.835,12827.0
2017-11-10 15:57:00,44.83,44.83,44.8,44.82,28696.0
2017-11-10 15:58:00,44.815,44.82,44.8,44.82,11221.0
2017-11-10 15:59:00,44.795,44.815,44.79,44.81,11610.0
2017-11-10 16:00:00,44.79,44.82,44.78,44.8,48806.0
2017-11-13 09:30:00,44.79,44.79,44.79,44.79,12017.0
2017-11-13 09:31:00,44.75,44.755,44.75,44.75,1103.0
2017-11-13 09:32:00,44.76,44.8,44.75,44.77,2110.0
2017-11-13 09:33:00,44.79,44.79,44.77,44.77,600.0
2017-11-13 09:34:00,44.93,44.93,44.8,44.8,2295.0
2017-11-13 09:35:00,44.99,44.99,44.935,44.935,700.0
2017-11-13 09:36:00,45.1161,45.1161,44.95,44.99,5241.0
2017-11-13 09:37:00,45.09,45.13,45.05,45.13,2100.0
2017-11-13 09:38:00,44.99,45.085,44.99,45.085,3100.0
2017-11-13 09:39:00,45.04,45.05,44.99,45.0,2370.0
2017-11-13 09:40:00,45.01,45.03,45.0,45.02,2913.0
2017-11-13 09:41:00,45.04,45.06,45.01,45.01,7700.0
2017-11-13 09:42:00,45.0557,45.08,45.0301,45.05,4868.0
2017-11-13 09:43:00,45.05,45.06,45.05,45.05,1800.0
2017-11-13 09:44:00,45.02,45.06,45.01,45.05,8151.0
2017-11-13 09:45:00,45.02,45.06,45.01,45.01,1300.0
2017-11-13 09:46:00,45.02,45.0408,45.02,45.0408,844.0
2017-11-13 09:47:00,45.08,45.08,45.04,45.04,3500.0
2017-11-13 09:48:00,45.07,45.09,45.07,45.09,2449.0
2017-11-13 09:49:00,45.07,45.09,45.07,45.09,2349.0
2017-11-13 09:50:00,45.02,45.04,45.0,45.04,3901.0
2017-11-13 09:51:00,45.035,45.0402,45.02,45.03,2600.0
2017-11-13 09:52:00,45.02,45.05,45.0,45.04,9512.0
2017-11-13 09:53:00,45.03,45.04,45.01,45.02,10796.0
2017-11-13 09:54:00,45.028999999999996,45.04,45.02,45.04,5644.0
2017-11-13 09:55:00,45.035,45.05,44.98,45.01,18348.0
2017-11-13 09:56:00,45.05,45.1,44.98,45.04,24398.0
2017-11-13 09:57:00,45.06,45.09,45.05,45.05,3100.0
2017-11-13 09:58:00,45.065,45.085,45.05,45.085,4335.0
2017-11-13 09:59:00,45.07,45.08,45.07,45.08,700.0
2017-11-13 10:00:00,45.1,45.1,45.062,45.07,6014.0
2017-11-13 10:01:00,45.1,45.12,45.07,45.1,5563.0
2017-11-13 10:02:00,45.08,45.11,45.07,45.09,5539.0
2017-11-13 10:03:00,45.09,45.09,45.07,45.08,3687.0
2017-11-13 10:04:00,45.08,45.09,45.07,45.09,3600.0
2017-11-13 10:05:00,45.14,45.14,45.08,45.08,2127.0
2017-11-13 10:06:00,45.14,45.145,45.13,45.13,4593.0
2017-11-13 10:07:00,45.13,45.15,45.11,45.14,9589.0
2017-11-13 10:08:00,45.14,45.14,45.12,45.13,2325.0
2017-11-13 10:09:00,45.18,45.18,45.15,45.15,3100.0
2017-11-13 10:10:00,45.14,45.185,45.14,45.185,3950.0
2017-11-13 10:11:00,45.15,45.15,45.12,45.12,2825.0
2017-11-13 10:12:00,45.095,45.14,45.095,45.13,3242.0
2017-11-13 10:13:00,45.03,45.095,45.02,45.09,11500.0
2017-11-13 10:14:00,45.03,45.03,45.02,45.025,1300.0
2017-11-13 10:15:00,45.04,45.05,45.01,45.03,23194.0
2017-11-13 10:16:00,45.02,45.045,44.995,45.04,7785.0
2017-11-13 10:17:00,45.00899999999999,45.025,44.99,45.02,3803.0
2017-11-13 10:18:00,45.01,45.02,44.99,45.0,10764.0
2017-11-13 10:19:00,45.04,45.04,45.02,45.02,1200.0
2017-11-13 10:20:00,45.065,45.07,45.05,45.05,1700.0
2017-11-13 10:21:00,45.06,45.065,45.055,45.06,4141.0
2017-11-13 10:22:00,45.08,45.08,45.06,45.06,2300.0
2017-11-13 10:23:00,45.07,45.08,45.07,45.07,2845.0
2017-11-13 10:24:00,45.1,45.11,45.07,45.07,4720.0
2017-11-13 10:25:00,45.105,45.12,45.1,45.105,3363.0
2017-11-13 10:26:00,45.14,45.14,45.105,45.105,2850.0
2017-11-13 10:27:00,45.17,45.17,45.13,45.145,6000.0
2017-11-13 10:28:00,45.2,45.2,45.15,45.16,9030.0
2017-11-13 10:29:00,45.18,45.2,45.17,45.2,7304.0
2017-11-13 10:30:00,45.2,45.2,45.17,45.18,5136.0
2017-11-13 10:31:00,45.17,45.2,45.17,45.2,3590.0
2017-11-13 10:32:00,45.17,45.18,45.15,45.175,1500.0
2017-11-13 10:33:00,45.17,45.17,45.16,45.16,900.0
2017-11-13 10:34:00,45.178999999999995,45.178999999999995,45.16,45.17,621.0
2017-11-13 10:35:00,45.16,45.17,45.15,45.17,5100.0
2017-11-13 10:36:00,45.15,45.18,45.14,45.17,16743.0
2017-11-13 10:37:00,45.18,45.18,45.16,45.16,1300.0
2017-11-13 10:38:00,45.18,45.18,45.17,45.18,4775.0
2017-11-13 10:39:00,45.19,45.19,45.16,45.16,3349.0
2017-11-13 10:40:00,45.21,45.21,45.2,45.2,1200.0
2017-11-13 10:41:00,45.23,45.24,45.21,45.21,10732.0
2017-11-13 10:42:00,45.225,45.238,45.218999999999994,45.238,2744.0
2017-11-13 10:43:00,45.215,45.22,45.2,45.22,5546.0
2017-11-13 10:44:00,45.19,45.21,45.18,45.21,3100.0
2017-11-13 10:45:00,45.16,45.19,45.155,45.19,2150.0
2017-11-13 10:46:00,45.2,45.2,45.15,45.17,5449.0
2017-11-13 10:47:00,45.2,45.21,45.2,45.21,2090.0
2017-11-13 10:48:00,45.185,45.21,45.18,45.2,3229.0
2017-11-13 10:49:00,45.16,45.195,45.16,45.18,6201.0
2017-11-13 10:50:00,45.155,45.18,45.15,45.15,4100.0
2017-11-13 10:51:00,45.17,45.19,45.14,45.17,4379.0
2017-11-13 10:52:00,45.15,45.16,45.13,45.1502,3740.0
2017-11-13 10:53:00,45.155,45.175,45.15,45.16,3700.0
2017-11-13 10:54:00,45.155,45.18,45.155,45.16,2225.0
2017-11-13 10:55:00,45.155,45.155,45.155,45.155,221.0
2017-11-13 10:56:00,45.16,45.16,45.14,45.14,1100.0
2017-11-13 10:57:00,45.165,45.17,45.16,45.17,6400.0
2017-11-13 10:58:00,45.17,45.17,45.16,45.16,4699.0
2017-11-13 10:59:00,45.19,45.19,45.17,45.17,4263.0
2017-11-13 11:00:00,45.185,45.2,45.18,45.19,3239.0
2017-11-13 11:01:00,45.165,45.19,45.16,45.185,3400.0
2017-11-13 11:02:00,45.185,45.185,45.165,45.165,2202.0
2017-11-13 11:03:00,45.23,45.23,45.17,45.18,4110.0
2017-11-13 11:04:00,45.235,45.25,45.22,45.22,10594.0
2017-11-13 11:05:00,45.27,45.28,45.24,45.24,8740.0
2017-11-13 11:06:00,45.255,45.29,45.255,45.275,4240.0
2017-11-13 11:07:00,45.255,45.27,45.255,45.27,300.0
2017-11-13 11:08:00,45.278999999999996,45.278999999999996,45.26,45.26,1783.0
2017-11-13 11:09:00,45.27,45.2884,45.26,45.2884,4390.0
2017-11-13 11:10:00,45.28,45.28,45.26,45.27,3200.0
2017-11-13 11:11:00,45.285,45.29,45.28,45.28,805.0
2017-11-13 11:12:00,45.3,45.3,45.285,45.29,1173.0
2017-11-13 11:13:00,45.27,45.3,45.27,45.29,4444.0
2017-11-13 11:14:00,45.3,45.3,45.27,45.28,3459.0
2017-11-13 11:15:00,45.29,45.3,45.28,45.3,700.0
2017-11-13 11:16:00,45.26,45.29,45.25,45.28,2623.0
2017-11-13 11:17:00,45.245,45.26,45.245,45.255,2900.0
2017-11-13 11:18:00,45.265,45.265,45.245,45.25,4005.0
2017-11-13 11:19:00,45.245,45.26,45.24,45.245,2400.0
2017-11-13 11:20:00,45.265,45.265,45.245,45.25,2200.0
2017-11-13 11:21:00,45.27,45.28,45.265,45.27,4215.0
2017-11-13 11:22:00,45.24,45.275,45.23,45.27,3315.0
2017-11-13 11:23:00,45.24,45.25,45.23,45.23,2650.0
2017-11-13 11:24:00,45.245,45.255,45.2248,45.24,5631.0
2017-11-13 11:25:00,45.24,45.26,45.24,45.24,1745.0
2017-11-13 11:26:00,45.26,45.265,45.25,45.255,2900.0
2017-11-13 11:27:00,45.26,45.2652,45.26,45.2652,1287.0
2017-11-13 11:28:00,45.25,45.2699,45.25,45.265,3971.0
2017-11-13 11:29:00,45.2825,45.29,45.25,45.26,8753.0
2017-11-13 11:30:00,45.32,45.325,45.285,45.29,3776.0
2017-11-13 11:31:00,45.3,45.315,45.3,45.31,4817.0
2017-11-13 11:32:00,45.3101,45.32,45.3,45.3,2206.0
2017-11-13 11:33:00,45.3286,45.33,45.31,45.32,801.0
2017-11-13 11:34:00,45.265,45.33,45.265,45.32,6700.0
2017-11-13 11:35:00,45.3,45.3,45.265,45.265,4057.0
2017-11-13 11:36:00,45.31,45.31,45.2867,45.29,2140.0
2017-11-13 11:37:00,45.3,45.31,45.29,45.305,2901.0
2017-11-13 11:38:00,45.3,45.305,45.29,45.3,3715.0
2017-11-13 11:39:00,45.32899999999999,45.33,45.31,45.31,1200.0
2017-11-13 11:40:00,45.36,45.36,45.33,45.33,2200.0
2017-11-13 11:41:00,45.38,45.4,45.36,45.36,6864.0
2017-11-13 11:42:00,45.4,45.4,45.37,45.38,5992.0
2017-11-13 11:43:00,45.38,45.41,45.38,45.41,3697.0
2017-11-13 11:44:00,45.37,45.3701,45.37,45.3701,300.0
2017-11-13 11:45:00,45.38,45.38,45.35,45.37,2281.0
2017-11-13 11:46:00,45.35,45.37,45.35,45.37,1238.0
2017-11-13 11:47:00,45.29,45.3569,45.29,45.3569,2578.0
2017-11-13 11:48:00,45.27,45.29,45.27,45.28,1000.0
2017-11-13 11:49:00,45.25,45.26,45.25,45.26,700.0
2017-11-13 11:50:00,45.255,45.26,45.24,45.24,5246.0
2017-11-13 11:51:00,45.27,45.27,45.25,45.25,4180.0
2017-11-13 11:52:00,45.31,45.32,45.27,45.27,3525.0
2017-11-13 11:53:00,45.3,45.3,45.29,45.29,1300.0
2017-11-13 11:54:00,45.31,45.31,45.3,45.3,500.0
2017-11-13 11:55:00,45.34,45.36,45.31,45.31,4666.0
2017-11-13 11:56:00,45.335,45.335,45.335,45.335,1500.0
2017-11-13 11:57:00,45.37,45.37,45.325,45.33,3705.0
2017-11-13 11:58:00,45.36,45.37,45.34,45.36,3950.0
2017-11-13 11:59:00,45.39,45.39,45.35,45.36,3300.0
2017-11-13 12:00:00,45.395,45.4,45.38,45.38,1819.0
2017-11-13 12:01:00,45.35,45.4,45.35,45.4,3312.0
2017-11-13 12:02:00,45.32,45.345,45.31,45.34,1800.0
2017-11-13 12:03:00,45.33,45.34,45.305,45.305,2426.0
2017-11-13 12:04:00,45.35,45.36,45.34,45.34,2418.0
2017-11-13 12:05:00,45.37,45.37,45.35,45.35,892.0
2017-11-13 12:06:00,45.37,45.38,45.35,45.38,3725.0
2017-11-13 12:07:00,45.37,45.375,45.36,45.37,3795.0
2017-11-13 12:08:00,45.38,45.39,45.38,45.38,3000.0
2017-11-13 12:09:00,45.37,45.38,45.37,45.38,1412.0
2017-11-13 12:10:00,45.39,45.4,45.39,45.39,3402.0
2017-11-13 12:11:00,45.385,45.39,45.38,45.39,4096.0
2017-11-13 12:12:00,45.37,45.39,45.37,45.39,1251.0
2017-11-13 12:13:00,45.355,45.365,45.35,45.365,3200.0
2017-11-13 12:14:00,45.36,45.36,45.34,45.35,1200.0
2017-11-13 12:15:00,45.37,45.375,45.36,45.37,3900.0
2017-11-13 12:16:00,45.4,45.4,45.365,45.38,3100.0
2017-11-13 12:17:00,45.38,45.405,45.38,45.4,1510.0
2017-11-13 12:18:00,45.4,45.405,45.39,45.39,1400.0
2017-11-13 12:19:00,45.42,45.435,45.41,45.41,7551.0
2017-11-13 12:20:00,45.42,45.42,45.405,45.42,1800.0
2017-11-13 12:21:00,45.38,45.43,45.38,45.43,3212.0
2017-11-13 12:22:00,45.37,45.38,45.37,45.38,1100.0
2017-11-13 12:23:00,45.35,45.37,45.35,45.36,1467.0
2017-11-13 12:24:00,45.35,45.35,45.34,45.3457,2135.0
2017-11-13 12:25:00,45.3465,45.36,45.3465,45.35,3404.0
2017-11-13 12:26:00,45.37,45.37,45.35,45.36,5878.0
2017-11-13 12:27:00,45.37,45.37,45.365,45.37,600.0
2017-11-13 12:28:00,45.34,45.37,45.34,45.365,3209.0
2017-11-13 12:29:00,45.35,45.36,45.35,45.36,700.0
2017-11-13 12:30:00,45.34,45.365,45.34,45.35,3500.0
2017-11-13 12:31:00,45.35,45.355,45.34,45.35,2273.0
2017-11-13 12:32:00,45.34,45.35,45.34,45.35,800.0
2017-11-13 12:33:00,45.39,45.41,45.35,45.35,8476.0
2017-11-13 12:34:00,45.4,45.4,45.39,45.39,993.0
2017-11-13 12:35:00,45.41,45.41,45.395,45.395,1900.0
2017-11-13 12:36:00,45.43,45.43,45.405,45.41,4500.0
2017-11-13 12:37:00,45.43,45.44,45.42,45.43,1700.0
2017-11-13 12:38:00,45.43,45.43,45.4244,45.4244,950.0
2017-11-13 12:39:00,45.45,45.45,45.43,45.43,3368.0
2017-11-13 12:40:00,45.47,45.47,45.45,45.45,1400.0
2017-11-13 12:41:00,45.49,45.49,45.465,45.47,5854.0
2017-11-13 12:42:00,45.48,45.49,45.47,45.49,4118.0
2017-11-13 12:43:00,45.48,45.48,45.48,45.48,2772.0
2017-11-13 12:44:00,45.4732,45.4732,45.4732,45.4732,300.0
2017-11-13 12:45:00,45.45,45.48,45.45,45.48,4432.0
2017-11-13 12:46:00,45.42,45.44,45.42,45.44,2620.0
2017-11-13 12:47:00,45.395,45.41,45.395,45.41,1487.0
2017-11-13 12:48:00,45.41,45.42,45.38,45.38,4018.0
2017-11-13 12:49:00,45.4,45.42,45.4,45.41,4217.0
2017-11-13 12:50:00,45.39,45.4,45.39,45.4,1023.0
2017-11-13 12:51:00,45.37,45.37,45.37,45.37,1600.0
2017-11-13 12:52:00,45.4,45.4,45.36,45.36,4200.0
2017-11-13 12:53:00,45.39,45.4,45.39,45.39,1275.0
2017-11-13 12:54:00,45.4,45.4,45.38,45.4,300.0
2017-11-13 12:55:00,45.38,45.3984,45.38,45.3984,400.0
2017-11-13 12:56:00,45.46,45.46,45.4,45.4,3900.0
2017-11-13 12:57:00,45.44,45.46,45.44,45.4599,6780.0
2017-11-13 12:58:00,45.47,45.48,45.45,45.45,1975.0
2017-11-13 12:59:00,45.48,45.485,45.465,45.47,6123.0
2017-11-13 13:00:00,45.48,45.495,45.48,45.49,5150.0
2017-11-13 13:01:00,45.49,45.49,45.48,45.48,800.0
2017-11-13 13:02:00,45.48,45.495,45.48,45.49,4050.0
2017-11-13 13:03:00,45.47,45.5,45.46,45.48,5068.0
2017-11-13 13:04:00,45.45,45.48,45.44,45.47,3960.0
2017-11-13 13:05:00,45.47,45.47,45.46,45.46,1520.0
2017-11-13 13:06:00,45.47,45.47,45.455,45.465,3165.0
2017-11-13 13:07:00,45.475,45.475,45.46,45.46,6700.0
2017-11-13 13:08:00,45.45,45.46,45.44,45.46,2900.0
2017-11-13 13:09:00,45.49,45.49,45.46,45.46,3092.0
2017-11-13 13:10:00,45.5,45.5,45.48,45.5,1397.0
2017-11-13 13:11:00,45.47,45.5,45.44,45.49,7149.0
2017-11-13 13:12:00,45.49,45.495,45.47,45.47,4020.0
2017-11-13 13:13:00,45.48,45.49,45.47,45.47,2659.0
2017-11-13 13:14:00,45.46,45.48,45.46,45.4705,1994.0
2017-11-13 13:15:00,45.45,45.47,45.45,45.46,2315.0
2017-11-13 13:16:00,45.46,45.47,45.455,45.46,1700.0
2017-11-13 13:17:00,45.44,45.45,45.44,45.45,1500.0
2017-11-13 13:18:00,45.43,45.44,45.43,45.44,2000.0
2017-11-13 13:19:00,45.39,45.41,45.39,45.41,500.0
2017-11-13 13:20:00,45.39,45.39,45.38,45.38,1200.0
2017-11-13 13:21:00,45.36,45.36,45.36,45.36,100.0
2017-11-13 13:22:00,45.33,45.37,45.32,45.36,2400.0
2017-11-13 13:23:00,45.33,45.33,45.33,45.33,2867.0
2017-11-13 13:24:00,45.32,45.32,45.31,45.31,1300.0
2017-11-13 13:25:00,45.355,45.36,45.32,45.32,6267.0
2017-11-13 13:26:00,45.34,45.35,45.34,45.35,2705.0
2017-11-13 13:27:00,45.335,45.335,45.33,45.33,1500.0
2017-11-13 13:28:00,45.35,45.35,45.34,45.34,3149.0
2017-11-13 13:29:00,45.36,45.36,45.35,45.355,700.0
2017-11-13 13:30:00,45.37,45.38,45.36,45.36,3724.0
2017-11-13 13:31:00,45.375,45.38,45.375,45.38,1600.0
2017-11-13 13:32:00,45.375,45.375,45.375,45.375,100.0
2017-11-13 13:33:00,45.36,45.37,45.35,45.36,5405.0
2017-11-13 13:34:00,45.34,45.35,45.34,45.35,900.0
2017-11-13 13:35:00,45.33,45.33,45.32,45.32,200.0
2017-11-13 13:36:00,45.32,45.32,45.32,45.32,300.0
2017-11-13 13:37:00,45.31,45.34,45.31,45.34,7218.0
2017-11-13 13:38:00,45.31,45.31,45.31,45.31,1000.0
2017-11-13 13:39:00,45.28,45.3,45.28,45.3,700.0
2017-11-13 13:40:00,45.32,45.32,45.28,45.28,4420.0
2017-11-13 13:41:00,45.32,45.33,45.32,45.3286,3350.0
2017-11-13 13:42:00,45.33,45.33,45.32,45.32,600.0
2017-11-13 13:43:00,45.33,45.335,45.33,45.33,2500.0
2017-11-13 13:44:00,45.345,45.345,45.34,45.34,2500.0
2017-11-13 13:45:00,45.33,45.345,45.33,45.345,1821.0
2017-11-13 13:46:00,45.33,45.34,45.33,45.34,900.0
2017-11-13 13:47:00,45.335,45.34,45.33,45.33,500.0
2017-11-13 13:48:00,45.335,45.34,45.33,45.33,1600.0
2017-11-13 13:49:00,45.32,45.33,45.32,45.33,2406.0
2017-11-13 13:50:00,45.3,45.31,45.3,45.31,1100.0
2017-11-13 13:51:00,45.3,45.31,45.3,45.31,2500.0
2017-11-13 13:52:00,45.34,45.34,45.305,45.305,6140.0
2017-11-13 13:53:00,45.34,45.35,45.335,45.35,6253.0
2017-11-13 13:54:00,45.35,45.35,45.34,45.34,1283.0
2017-11-13 13:55:00,45.355,45.36,45.355,45.36,1500.0
2017-11-13 13:56:00,45.39,45.39,45.36,45.36,9614.0
2017-11-13 13:57:00,45.38,45.395,45.38,45.39,4286.0
2017-11-13 13:58:00,45.38,45.385,45.38,45.38,5524.0
2017-11-13 13:59:00,45.385,45.39,45.38,45.38,2300.0
2017-11-13 14:00:00,45.38,45.39,45.38,45.38,4900.0
2017-11-13 14:01:00,45.345,45.385,45.34,45.38,5160.0
2017-11-13 14:02:00,45.345,45.36,45.34,45.36,3700.0
2017-11-13 14:03:00,45.325,45.34,45.32,45.34,1700.0
2017-11-13 14:04:00,45.34,45.34,45.325,45.325,3788.0
2017-11-13 14:05:00,45.33,45.335,45.32,45.33,4868.0
2017-11-13 14:06:00,45.34,45.34,45.325,45.33,4225.0
2017-11-13 14:07:00,45.32,45.345,45.32,45.34,8700.0
2017-11-13 14:08:00,45.295,45.315,45.29,45.31,2620.0
2017-11-13 14:09:00,45.34,45.34,45.29,45.29,8592.0
2017-11-13 14:10:00,45.33,45.3453,45.33,45.34,7622.0
2017-11-13 14:11:00,45.33,45.33,45.32,45.325,1440.0
2017-11-13 14:12:00,45.36,45.37,45.32,45.32,8305.0
2017-11-13 14:13:00,45.355,45.37,45.345,45.3501,8889.0
2017-11-13 14:14:00,45.37,45.37,45.36,45.36,1700.0
2017-11-13 14:15:00,45.37,45.38,45.36,45.37,3552.0
2017-11-13 14:16:00,45.38,45.38,45.37,45.37,2800.0
2017-11-13 14:17:00,45.373000000000005,45.3784,45.36,45.37,1218.0
2017-11-13 14:18:00,45.36,45.375,45.36,45.37,3214.0
2017-11-13 14:19:00,45.36,45.37,45.36,45.37,300.0
2017-11-13 14:20:00,45.345,45.3638,45.34,45.3638,47555.0
2017-11-13 14:21:00,45.35,45.355,45.34,45.34,6441.0
2017-11-13 14:22:00,45.32,45.357,45.32,45.35,6600.0
2017-11-13 14:23:00,45.325,45.325,45.32,45.3235,1589.0
2017-11-13 14:24:00,45.35,45.35,45.32,45.32,9252.0
2017-11-13 14:25:00,45.36,45.36,45.35,45.35,7557.0
2017-11-13 14:26:00,45.37,45.37,45.37,45.37,100.0
2017-11-13 14:27:00,45.365,45.37,45.36,45.37,6671.0
2017-11-13 14:28:00,45.365,45.365,45.35,45.365,16620.0
2017-11-13 14:29:00,45.365,45.3659,45.36,45.365,2401.0
2017-11-13 14:30:00,45.36,45.3659,45.36,45.36,27723.0
2017-11-13 14:31:00,45.365,45.365,45.36,45.36,2700.0
2017-11-13 14:32:00,45.36,45.3668,45.36,45.36,6244.0
2017-11-13 14:33:00,45.36,45.365,45.36,45.3605,10002.0
2017-11-13 14:34:00,45.36,45.365,45.36,45.36,1500.0
2017-11-13 14:35:00,45.365,45.37,45.36,45.36,13907.0
2017-11-13 14:36:00,45.36,45.37,45.36,45.36,1686.0
2017-11-13 14:37:00,45.39,45.425,45.36,45.37,24045.0
2017-11-13 14:38:00,45.41,45.41,45.395,45.4,4100.0
2017-11-13 14:39:00,45.43,45.43,45.41,45.415,9763.0
2017-11-13 14:40:00,45.45,45.45,45.44,45.44,2553.0
2017-11-13 14:41:00,45.455,45.46,45.45,45.45,6792.0
2017-11-13 14:42:00,45.45,45.455,45.45,45.455,1694.0
2017-11-13 14:43:00,45.42,45.455,45.42,45.455,12064.0
2017-11-13 14:44:00,45.43,45.435,45.42,45.42,4237.0
2017-11-13 14:45:00,45.46,45.465,45.44,45.44,7799.0
2017-11-13 14:46:00,45.46,45.465,45.46,45.46,2866.0
2017-11-13 14:47:00,45.46,45.46,45.455,45.46,8976.0
2017-11-13 14:48:00,45.43,45.45,45.43,45.45,1300.0
2017-11-13 14:49:00,45.435,45.435,45.43,45.43,600.0
2017-11-13 14:50:00,45.41,45.43,45.41,45.43,3443.0
2017-11-13 14:51:00,45.425,45.425,45.4,45.41,8364.0
2017-11-13 14:52:00,45.43,45.44,45.425,45.43,8965.0
2017-11-13 14:53:00,45.43,45.435,45.42,45.43,3700.0
2017-11-13 14:54:00,45.43,45.43,45.425,45.43,4000.0
2017-11-13 14:55:00,45.43,45.435,45.43,45.435,1200.0
2017-11-13 14:56:00,45.44,45.44,45.43,45.43,1235.0
2017-11-13 14:57:00,45.43,45.435,45.42,45.435,4000.0
2017-11-13 14:58:00,45.42,45.428999999999995,45.42,45.428999999999995,1800.0
2017-11-13 14:59:00,45.42,45.42,45.42,45.42,500.0
2017-11-13 15:00:00,45.42,45.425,45.42,45.42,2400.0
2017-11-13 15:01:00,45.43,45.43,45.42,45.42,5200.0
2017-11-13 15:02:00,45.43,45.43,45.42,45.43,9220.0
2017-11-13 15:03:00,45.43,45.435,45.43,45.435,2016.0
2017-11-13 15:04:00,45.4,45.43,45.4,45.43,2961.0
2017-11-13 15:05:00,45.395,45.4,45.395,45.4,2300.0
2017-11-13 15:06:00,45.4,45.41,45.385,45.39,10987.0
2017-11-13 15:07:00,45.435,45.45,45.41,45.41,9972.0
2017-11-13 15:08:00,45.43,45.435,45.425,45.43,6077.0
2017-11-13 15:09:00,45.45,45.45,45.44,45.44,11190.0
2017-11-13 15:10:00,45.45,45.45,45.45,45.45,2964.0
2017-11-13 15:11:00,45.45,45.46,45.45,45.4525,900.0
2017-11-13 15:12:00,45.43,45.455,45.43,45.45,4068.0
2017-11-13 15:13:00,45.41,45.43,45.41,45.43,2765.0
2017-11-13 15:14:00,45.41,45.42,45.41,45.415,1923.0
2017-11-13 15:15:00,45.41,45.415,45.41,45.41,1100.0
2017-11-13 15:16:00,45.4053,45.41,45.405,45.41,1958.0
2017-11-13 15:17:00,45.4131,45.415,45.395,45.4,8963.0
2017-11-13 15:18:00,45.415,45.415,45.415,45.415,298.0
2017-11-13 15:19:00,45.42,45.42,45.41,45.41,4106.0
2017-11-13 15:20:00,45.4,45.42,45.4,45.42,4449.0
2017-11-13 15:21:00,45.4,45.41,45.4,45.4,600.0
2017-11-13 15:22:00,45.46,45.46,45.4,45.405,20291.0
2017-11-13 15:23:00,45.4538,45.46,45.45,45.46,7045.0
2017-11-13 15:24:00,45.468999999999994,45.48,45.46,45.46,6800.0
2017-11-13 15:25:00,45.48,45.485,45.46,45.46,6132.0
2017-11-13 15:26:00,45.515,45.52,45.485,45.485,10971.0
2017-11-13 15:27:00,45.49,45.515,45.49,45.515,6949.0
2017-11-13 15:28:00,45.46,45.5,45.46,45.5,1861.0
2017-11-13 15:29:00,45.48,45.48,45.435,45.46,13589.0
2017-11-13 15:30:00,45.48,45.485,45.475,45.48,6572.0
2017-11-13 15:31:00,45.5053,45.52,45.47,45.47,14070.0
2017-11-13 15:32:00,45.505,45.505,45.5,45.505,2825.0
2017-11-13 15:33:00,45.5,45.5,45.5,45.5,1600.0
2017-11-13 15:34:00,45.49,45.5,45.49,45.5,6499.0
2017-11-13 15:35:00,45.5225,45.53,45.495,45.495,10756.0
2017-11-13 15:36:00,45.53,45.54,45.525,45.525,7658.0
2017-11-13 15:37:00,45.535,45.54,45.53,45.54,11542.0
2017-11-13 15:38:00,45.535,45.535,45.53,45.53,1000.0
2017-11-13 15:39:00,45.5,45.53,45.5,45.53,7195.0
2017-11-13 15:40:00,45.495,45.5,45.49,45.5,13116.0
2017-11-13 15:41:00,45.5,45.52,45.49,45.49,25252.0
2017-11-13 15:42:00,45.505,45.51,45.495,45.505,7034.0
2017-11-13 15:43:00,45.505,45.51,45.5,45.5,2500.0
2017-11-13 15:44:00,45.505,45.505,45.5,45.505,4355.0
2017-11-13 15:45:00,45.485,45.51,45.485,45.505,19575.0
2017-11-13 15:46:00,45.485,45.49,45.48,45.49,6254.0
2017-11-13 15:47:00,45.5,45.52,45.49,45.49,18887.0
2017-11-13 15:48:00,45.51,45.515,45.5,45.51,10740.0
2017-11-13 15:49:00,45.515,45.52,45.51,45.51,17668.0
2017-11-13 15:50:00,45.52,45.525,45.51,45.515,13737.0
2017-11-13 15:51:00,45.53,45.53,45.505,45.52,15561.0
2017-11-13 15:52:00,45.54,45.54,45.52,45.53,19536.0
2017-11-13 15:53:00,45.53,45.54,45.53,45.535,8155.0
2017-11-13 15:54:00,45.53,45.54,45.525,45.535,11945.0
2017-11-13 15:55:00,45.53,45.54,45.53,45.53,4582.0
2017-11-13 15:56:00,45.525,45.53,45.52,45.53,4887.0
2017-11-13 15:57:00,45.525,45.535,45.52,45.525,13320.0
2017-11-13 15:58:00,45.54,45.54,45.525,45.53,11303.0
2017-11-13 15:59:00,45.555,45.56,45.53,45.54,19642.0
2017-11-13 16:00:00,45.49,45.56,45.49,45.555,36107.0
2017-11-14 09:30:00,45.25,45.25,45.25,45.25,12553.0
2017-11-14 09:31:00,45.33,45.42,45.295,45.33,10100.0
2017-11-14 09:32:00,45.37,45.37,45.31,45.36,3289.0
2017-11-14 09:33:00,45.43,45.43,45.38,45.38,3854.0
2017-11-14 09:34:00,45.42,45.46,45.42,45.42,4191.0
2017-11-14 09:35:00,45.4,45.42,45.36,45.36,3300.0
2017-11-14 09:36:00,45.4,45.41,45.4,45.4,700.0
2017-11-14 09:37:00,45.33,45.4,45.33,45.4,1300.0
2017-11-14 09:38:00,45.31,45.35,45.31,45.33,800.0
2017-11-14 09:39:00,45.39,45.39,45.33,45.33,3800.0
2017-11-14 09:40:00,45.4,45.4,45.35,45.37,4650.0
2017-11-14 09:41:00,45.415,45.42,45.39,45.41,3300.0
2017-11-14 09:42:00,45.405,45.405,45.405,45.405,337.0
2017-11-14 09:43:00,45.45,45.46,45.4,45.405,3847.0
2017-11-14 09:44:00,45.48,45.48,45.44,45.46,5176.0
2017-11-14 09:45:00,45.45,45.5,45.44,45.48,13819.0
2017-11-14 09:46:00,45.45,45.46,45.43,45.445,2510.0
2017-11-14 09:47:00,45.41,45.44,45.39,45.43,12306.0
2017-11-14 09:48:00,45.49,45.52,45.39,45.39,23754.0
2017-11-14 09:49:00,45.4962,45.53,45.47,45.51,4251.0
2017-11-14 09:50:00,45.49,45.49,45.49,45.49,100.0
2017-11-14 09:51:00,45.5,45.51,45.46,45.47,7553.0
2017-11-14 09:52:00,45.49,45.51,45.49,45.51,4840.0
2017-11-14 09:53:00,45.49,45.49,45.36,45.44,16733.0
2017-11-14 09:54:00,45.48,45.51,45.45,45.48,34440.0
2017-11-14 09:55:00,45.37,45.49,45.37,45.46,13600.0
2017-11-14 09:56:00,45.46,45.46,45.36,45.37,8350.0
2017-11-14 09:57:00,45.52,45.52,45.45,45.46,3600.0
2017-11-14 09:58:00,45.5,45.57,45.5,45.52,24816.0
2017-11-14 09:59:00,45.535,45.55,45.52,45.52,4900.0
2017-11-14 10:00:00,45.53,45.55,45.52,45.55,2990.0
2017-11-14 10:01:00,45.455,45.53,45.455,45.53,6163.0
2017-11-14 10:02:00,45.52,45.53,45.45,45.47,15300.0
2017-11-14 10:03:00,45.54,45.55,45.5,45.54,20497.0
2017-11-14 10:04:00,45.5,45.54,45.5,45.535,7496.0
2017-11-14 10:05:00,45.56,45.56,45.46,45.49,10145.0
2017-11-14 10:06:00,45.51,45.6,45.51,45.54,23398.0
2017-11-14 10:07:00,45.55,45.55,45.5,45.5,9500.0
2017-11-14 10:08:00,45.57,45.62,45.54,45.55,14000.0
2017-11-14 10:09:00,45.63,45.65,45.575,45.59,10850.0
2017-11-14 10:10:00,45.66,45.66,45.61,45.62,2884.0
2017-11-14 10:11:00,45.63,45.66,45.62,45.66,8450.0
2017-11-14 10:12:00,45.63,45.64,45.61,45.64,3350.0
2017-11-14 10:13:00,45.57,45.62,45.5601,45.61,6630.0
2017-11-14 10:14:00,45.62,45.63,45.54,45.57,16836.0
2017-11-14 10:15:00,45.64,45.69,45.62,45.62,17500.0
2017-11-14 10:16:00,45.68,45.7,45.64,45.65,18048.0
2017-11-14 10:17:00,45.69,45.76,45.675,45.675,18254.0
2017-11-14 10:18:00,45.68,45.71,45.63,45.65,11460.0
2017-11-14 10:19:00,45.68,45.68,45.62,45.67,8232.0
2017-11-14 10:20:00,45.6932,45.7,45.68,45.69,7086.0
2017-11-14 10:21:00,45.77,45.77,45.68,45.69,10141.0
2017-11-14 10:22:00,45.7592,45.79,45.71,45.77,39834.0
2017-11-14 10:23:00,45.761,45.77,45.75,45.76,3832.0
2017-11-14 10:24:00,45.73,45.77,45.715,45.76,9595.0
2017-11-14 10:25:00,45.75,45.77,45.71,45.72,14002.0
2017-11-14 10:26:00,45.73,45.74,45.73,45.73,4102.0
2017-11-14 10:27:00,45.75,45.75,45.73,45.73,1000.0
2017-11-14 10:28:00,45.75,45.75,45.73,45.74,2450.0
2017-11-14 10:29:00,45.76,45.76,45.75,45.75,50401.0
2017-11-14 10:30:00,45.73,45.8,45.73,45.76,11722.0
2017-11-14 10:31:00,45.75,45.79,45.72,45.73,23170.0
2017-11-14 10:32:00,45.75,45.78,45.75,45.76,4200.0
2017-11-14 10:33:00,45.72,45.76,45.69,45.75,9275.0
2017-11-14 10:34:00,45.79,45.82,45.7,45.7,17269.0
2017-11-14 10:35:00,45.77,45.79,45.75,45.78,29358.0
2017-11-14 10:36:00,45.76,45.77,45.71,45.76,7954.0
2017-11-14 10:37:00,45.75,45.76,45.74,45.75,4600.0
2017-11-14 10:38:00,45.75,45.77,45.71,45.74,6205.0
2017-11-14 10:39:00,45.81,45.84,45.75,45.75,29141.0
2017-11-14 10:40:00,45.76,45.79,45.74,45.79,9572.0
2017-11-14 10:41:00,45.76,45.81,45.74,45.78,6560.0
2017-11-14 10:42:00,45.8,45.83,45.7476,45.7476,20300.0
2017-11-14 10:43:00,45.84,45.88,45.78,45.81,47264.0
2017-11-14 10:44:00,45.795,45.84,45.78,45.83,9421.0
2017-11-14 10:45:00,45.81,45.82,45.81,45.81,800.0
2017-11-14 10:46:00,45.845,45.87,45.81,45.82,7162.0
2017-11-14 10:47:00,45.86,45.87,45.85,45.86,1500.0
2017-11-14 10:48:00,45.86,45.87,45.85,45.86,14900.0
2017-11-14 10:49:00,45.89,45.92,45.86,45.86,9075.0
2017-11-14 10:50:00,45.9,45.92,45.84,45.87,6500.0
2017-11-14 10:51:00,45.85,45.96,45.84,45.92,23000.0
2017-11-14 10:52:00,45.8,45.85,45.8,45.85,2637.0
2017-11-14 10:53:00,45.75,45.79,45.74,45.78,8412.0
2017-11-14 10:54:00,45.7649,45.8,45.75,45.75,3500.0
2017-11-14 10:55:00,45.78,45.7996,45.76,45.7996,4880.0
2017-11-14 10:56:00,45.71,45.77,45.71,45.76,4200.0
2017-11-14 10:57:00,45.7,45.715,45.7,45.71,1300.0
2017-11-14 10:58:00,45.68,45.73,45.68,45.72,11340.0
2017-11-14 10:59:00,45.72,45.73,45.66,45.67,12112.0
2017-11-14 11:00:00,45.76,45.77,45.7,45.72,9365.0
2017-11-14 11:01:00,45.74,45.75,45.74,45.75,2600.0
2017-11-14 11:02:00,45.75,45.75,45.73,45.75,2000.0
2017-11-14 11:03:00,45.75,45.77,45.75,45.76,800.0
2017-11-14 11:04:00,45.71,45.76,45.71,45.75,4900.0
2017-11-14 11:05:00,45.76,45.77,45.72,45.72,20100.0
2017-11-14 11:06:00,45.77,45.77,45.73,45.76,9177.0
2017-11-14 11:07:00,45.82,45.84,45.76,45.7699,6732.0
2017-11-14 11:08:00,45.74,45.82,45.74,45.81,36153.0
2017-11-14 11:09:00,45.77,45.77,45.69,45.74,25151.0
2017-11-14 11:10:00,45.86,45.86,45.78,45.78,2150.0
2017-11-14 11:11:00,45.89,45.94,45.81,45.86,14850.0
2017-11-14 11:12:00,45.9,45.92,45.82,45.89,30175.0
2017-11-14 11:13:00,45.85,45.94,45.84,45.89,19215.0
2017-11-14 11:14:00,45.81,45.85,45.79,45.83,6701.0
2017-11-14 11:15:00,45.84,45.84,45.79,45.79,2110.0
2017-11-14 11:16:00,45.91,45.95,45.83,45.83,24216.0
2017-11-14 11:17:00,45.8,45.92,45.75,45.915,42314.0
2017-11-14 11:18:00,45.75,45.79,45.75,45.78,7900.0
2017-11-14 11:19:00,45.73,45.73,45.7,45.72,3609.0
2017-11-14 11:20:00,45.735,45.74,45.73,45.74,700.0
2017-11-14 11:21:00,45.75,45.75,45.72,45.73,2700.0
2017-11-14 11:22:00,45.73,45.75,45.72,45.72,3750.0
2017-11-14 11:23:00,45.73,45.74,45.71,45.71,3040.0
2017-11-14 11:24:00,45.7,45.74,45.7,45.71,3000.0
2017-11-14 11:25:00,45.69,45.7,45.67,45.69,2000.0
2017-11-14 11:26:00,45.7,45.7,45.69,45.6901,2454.0
2017-11-14 11:27:00,45.7,45.7,45.69,45.69,1400.0
2017-11-14 11:28:00,45.72,45.72,45.69,45.69,4000.0
2017-11-14 11:29:00,45.73,45.73,45.71,45.71,600.0
2017-11-14 11:30:00,45.7225,45.73,45.72,45.73,4392.0
2017-11-14 11:31:00,45.73,45.76,45.72,45.725,5058.0
2017-11-14 11:32:00,45.715,45.73,45.7,45.73,1100.0
2017-11-14 11:33:00,45.72,45.73,45.7,45.71,5900.0
2017-11-14 11:34:00,45.71,45.71,45.71,45.71,100.0
2017-11-14 11:35:00,45.72,45.72,45.705,45.718999999999994,4503.0
2017-11-14 11:36:00,45.72,45.73,45.72,45.73,607.0
2017-11-14 11:37:00,45.73,45.73,45.72,45.7293,1353.0
2017-11-14 11:38:00,45.72,45.74,45.72,45.72,2085.0
2017-11-14 11:39:00,45.72,45.73,45.72,45.72,2649.0
2017-11-14 11:40:00,45.73,45.73,45.72,45.72,2100.0
2017-11-14 11:41:00,45.73,45.74,45.72,45.72,2745.0
2017-11-14 11:42:00,45.72,45.73,45.72,45.72,2600.0
2017-11-14 11:43:00,45.69,45.74,45.69,45.73,7381.0
2017-11-14 11:44:00,45.71,45.72,45.71,45.71,1730.0
2017-11-14 11:45:00,45.71,45.72,45.71,45.71,2700.0
2017-11-14 11:46:00,45.67,45.71,45.67,45.71,2550.0
2017-11-14 11:47:00,45.68,45.7,45.67,45.67,2500.0
2017-11-14 11:48:00,45.7,45.71,45.69,45.69,3600.0
2017-11-14 11:49:00,45.7,45.72,45.7,45.7,2400.0
2017-11-14 11:50:00,45.68,45.71,45.68,45.7,4600.0
2017-11-14 11:51:00,45.68,45.68,45.62,45.65,4100.0
2017-11-14 11:52:00,45.66,45.67,45.66,45.67,1310.0
2017-11-14 11:53:00,45.66,45.66,45.66,45.66,1600.0
2017-11-14 11:54:00,45.66,45.66,45.65,45.6514,1000.0
2017-11-14 11:55:00,45.66,45.66,45.65,45.6514,400.0
2017-11-14 11:56:00,45.67,45.67,45.65,45.65,4280.0
2017-11-14 11:57:00,45.705,45.71,45.665,45.665,5260.0
2017-11-14 11:58:00,45.7,45.71,45.69,45.7,4166.0
2017-11-14 11:59:00,45.68,45.71,45.68,45.7,3100.0
2017-11-14 12:00:00,45.69,45.7,45.68,45.68,500.0
2017-11-14 12:01:00,45.65,45.69,45.65,45.68,5993.0
2017-11-14 12:02:00,45.65,45.66,45.64,45.64,1700.0
2017-11-14 12:03:00,45.665,45.67,45.66,45.66,700.0
2017-11-14 12:04:00,45.65,45.66,45.64,45.66,3684.0
2017-11-14 12:05:00,45.62,45.64,45.62,45.64,1890.0
2017-11-14 12:06:00,45.6,45.62,45.59,45.62,7805.0
2017-11-14 12:07:00,45.56,45.59,45.56,45.59,1892.0
2017-11-14 12:08:00,45.55,45.58,45.55,45.58,3652.0
2017-11-14 12:09:00,45.54,45.5624,45.52,45.5624,2700.0
2017-11-14 12:10:00,45.55,45.555,45.53,45.53,2762.0
2017-11-14 12:11:00,45.54,45.55,45.54,45.55,2100.0
2017-11-14 12:12:00,45.555,45.555,45.545,45.545,1900.0
2017-11-14 12:13:00,45.55,45.56,45.55,45.56,4300.0
2017-11-14 12:14:00,45.55,45.55,45.54,45.54,3510.0
2017-11-14 12:15:00,45.55,45.55,45.54,45.55,400.0
2017-11-14 12:16:00,45.55,45.56,45.54,45.55,5841.0
2017-11-14 12:17:00,45.52,45.55,45.52,45.55,3050.0
2017-11-14 12:18:00,45.525,45.53,45.51,45.5116,4356.0
2017-11-14 12:19:00,45.51,45.5201,45.51,45.5201,3269.0
2017-11-14 12:20:00,45.51,45.52,45.5,45.5,2520.0
2017-11-14 12:21:00,45.5,45.515,45.47,45.515,8952.0
2017-11-14 12:22:00,45.54,45.54,45.515,45.515,1300.0
2017-11-14 12:23:00,45.52,45.545,45.52,45.53,3996.0
2017-11-14 12:24:00,45.54,45.55,45.54,45.54,2333.0
2017-11-14 12:25:00,45.54,45.55,45.53,45.54,9810.0
2017-11-14 12:26:00,45.53,45.54,45.52,45.54,1100.0
2017-11-14 12:27:00,45.52,45.53,45.52,45.53,400.0
2017-11-14 12:28:00,45.47,45.525,45.47,45.52,14331.0
2017-11-14 12:29:00,45.49,45.5,45.47,45.47,4906.0
2017-11-14 12:30:00,45.485,45.49,45.47,45.49,4065.0
2017-11-14 12:31:00,45.51,45.51,45.49,45.49,4492.0
2017-11-14 12:32:00,45.48,45.52,45.48,45.52,5953.0
2017-11-14 12:33:00,45.5153,45.5153,45.48,45.48,3100.0
2017-11-14 12:34:00,45.49,45.52,45.49,45.51,3572.0
2017-11-14 12:35:00,45.465,45.48,45.4625,45.48,600.0
2017-11-14 12:36:00,45.49,45.5,45.48,45.48,5200.0
2017-11-14 12:37:00,45.5,45.5,45.485,45.485,400.0
2017-11-14 12:38:00,45.4895,45.5,45.4895,45.5,970.0
2017-11-14 12:39:00,45.488,45.5,45.488,45.5,450.0
2017-11-14 12:40:00,45.48,45.48,45.47,45.48,5365.0
2017-11-14 12:41:00,45.49,45.49,45.48,45.48,1600.0
2017-11-14 12:42:00,45.48,45.5,45.48,45.49,5179.0
2017-11-14 12:43:00,45.49,45.49,45.49,45.49,600.0
2017-11-14 12:44:00,45.49,45.49,45.47,45.48,4145.0
2017-11-14 12:45:00,45.495,45.5,45.49,45.5,1744.0
2017-11-14 12:46:00,45.49,45.495,45.49,45.49,3100.0
2017-11-14 12:47:00,45.52,45.52,45.49,45.49,7811.0
2017-11-14 12:48:00,45.53,45.53,45.53,45.53,100.0
2017-11-14 12:49:00,45.53,45.53,45.525,45.525,514.0
2017-11-14 12:50:00,45.51,45.525,45.51,45.52,5385.0
2017-11-14 12:51:00,45.55,45.55,45.485,45.51,12054.0
2017-11-14 12:52:00,45.57,45.58,45.55,45.55,9500.0
2017-11-14 12:53:00,45.56,45.56,45.54,45.55,2900.0
2017-11-14 12:54:00,45.55,45.56,45.55,45.56,700.0
2017-11-14 12:55:00,45.55,45.55,45.55,45.55,100.0
2017-11-14 12:56:00,45.59,45.59,45.56,45.56,3280.0
2017-11-14 12:57:00,45.59,45.59,45.58,45.58,4500.0
2017-11-14 12:58:00,45.61,45.61,45.58,45.59,9226.0
2017-11-14 12:59:00,45.5956,45.6,45.59,45.6,1025.0
2017-11-14 13:00:00,45.62,45.62,45.59,45.59,3876.0
2017-11-14 13:01:00,45.59,45.62,45.59,45.62,5490.0
2017-11-14 13:02:00,45.6,45.6,45.5893,45.5893,1600.0
2017-11-14 13:03:00,45.59,45.6,45.58,45.58,3300.0
2017-11-14 13:04:00,45.62,45.63,45.59,45.59,2807.0
2017-11-14 13:05:00,45.62,45.63,45.61,45.62,4456.0
2017-11-14 13:06:00,45.62,45.62,45.61,45.62,1744.0
2017-11-14 13:07:00,45.64,45.64,45.63,45.63,1714.0
2017-11-14 13:08:00,45.63,45.64,45.63,45.6359,4435.0
2017-11-14 13:09:00,45.64,45.65,45.64,45.64,1910.0
2017-11-14 13:10:00,45.64,45.64,45.63,45.64,300.0
2017-11-14 13:11:00,45.64,45.65,45.64,45.64,4526.0
2017-11-14 13:12:00,45.67,45.67,45.63,45.63,4158.0
2017-11-14 13:13:00,45.68,45.68,45.67,45.67,3555.0
2017-11-14 13:14:00,45.65,45.67,45.65,45.67,4110.0
2017-11-14 13:15:00,45.67,45.67,45.66,45.66,3822.0
2017-11-14 13:16:00,45.67,45.68,45.67,45.67,2986.0
2017-11-14 13:17:00,45.67,45.67,45.67,45.67,310.0
2017-11-14 13:18:00,45.68,45.68,45.68,45.68,600.0
2017-11-14 13:19:00,45.69,45.69,45.68,45.68,3500.0
2017-11-14 13:20:00,45.67,45.67,45.67,45.67,2500.0
2017-11-14 13:21:00,45.65,45.65,45.65,45.65,400.0
2017-11-14 13:22:00,45.66,45.66,45.65,45.65,800.0
2017-11-14 13:23:00,45.67,45.67,45.65,45.65,3101.0
2017-11-14 13:24:00,45.67,45.67,45.665,45.67,300.0
2017-11-14 13:25:00,45.65,45.67,45.65,45.66,4200.0
2017-11-14 13:26:00,45.655,45.655,45.655,45.655,100.0
2017-11-14 13:27:00,45.65,45.65,45.65,45.65,200.0
2017-11-14 13:28:00,45.66,45.66,45.65,45.655,400.0
2017-11-14 13:29:00,45.67,45.67,45.65,45.65,2200.0
2017-11-14 13:30:00,45.68,45.68,45.67,45.67,1608.0
2017-11-14 13:31:00,45.67,45.67,45.67,45.67,2870.0
2017-11-14 13:32:00,45.67,45.68,45.67,45.68,2600.0
2017-11-14 13:33:00,45.69,45.69,45.68,45.68,2049.0
2017-11-14 13:34:00,45.68,45.68,45.68,45.68,3200.0
2017-11-14 13:35:00,45.62,45.68,45.61,45.68,5467.0
2017-11-14 13:36:00,45.62,45.63,45.61,45.61,1794.0
2017-11-14 13:37:00,45.62,45.63,45.62,45.62,1500.0
2017-11-14 13:38:00,45.62,45.63,45.62,45.62,600.0
2017-11-14 13:39:00,45.6014,45.63,45.6,45.63,4250.0
2017-11-14 13:40:00,45.625,45.625,45.61,45.61,3200.0
2017-11-14 13:41:00,45.63,45.63,45.63,45.63,100.0
2017-11-14 13:42:00,45.63,45.63,45.62,45.63,1100.0
2017-11-14 13:43:00,45.63,45.63,45.62,45.63,1509.0
2017-11-14 13:44:00,45.63,45.6305,45.63,45.63,3100.0
2017-11-14 13:45:00,45.63,45.63,45.62,45.63,2869.0
2017-11-14 13:46:00,45.66,45.66,45.6205,45.63,5161.0
2017-11-14 13:47:00,45.66,45.66,45.65,45.65,700.0
2017-11-14 13:48:00,45.62,45.65,45.61,45.65,7695.0
2017-11-14 13:49:00,45.63,45.63,45.62,45.62,500.0
2017-11-14 13:50:00,45.63,45.64,45.63,45.64,1900.0
2017-11-14 13:51:00,45.63,45.64,45.63,45.635,1715.0
2017-11-14 13:52:00,45.64,45.64,45.63,45.63,1156.0
2017-11-14 13:53:00,45.63,45.64,45.62,45.63,3266.0
2017-11-14 13:54:00,45.65,45.65,45.64,45.64,2381.0
2017-11-14 13:55:00,45.64,45.65,45.63,45.65,5398.0
2017-11-14 13:56:00,45.645,45.65,45.64,45.64,2866.0
2017-11-14 13:57:00,45.6558,45.6558,45.648999999999994,45.648999999999994,1404.0
2017-11-14 13:58:00,45.65,45.66,45.65,45.65,4800.0
2017-11-14 13:59:00,45.64,45.64,45.64,45.64,600.0
2017-11-14 14:00:00,45.66,45.66,45.64,45.64,784.0
2017-11-14 14:01:00,45.66,45.66,45.66,45.66,300.0
2017-11-14 14:02:00,45.65,45.65,45.65,45.65,200.0
2017-11-14 14:03:00,45.64,45.65,45.64,45.65,4169.0
2017-11-14 14:04:00,45.62,45.64,45.62,45.64,3139.0
2017-11-14 14:05:00,45.63,45.64,45.63,45.63,4100.0
2017-11-14 14:06:00,45.63,45.63,45.63,45.63,901.0
2017-11-14 14:07:00,45.66,45.66,45.64,45.64,2401.0
2017-11-14 14:08:00,45.63,45.66,45.63,45.65,4201.0
2017-11-14 14:10:00,45.64,45.65,45.64,45.65,2180.0
2017-11-14 14:11:00,45.65,45.65,45.63,45.64,10166.0
2017-11-14 14:12:00,45.66,45.66,45.64,45.65,2894.0
2017-11-14 14:13:00,45.675,45.68,45.66,45.66,2800.0
2017-11-14 14:14:00,45.7,45.7,45.68,45.68,2819.0
2017-11-14 14:15:00,45.74,45.74,45.69,45.69,11461.0
2017-11-14 14:16:00,45.75,45.75,45.74,45.74,7404.0
2017-11-14 14:17:00,45.755,45.76,45.75,45.76,1805.0
2017-11-14 14:18:00,45.78,45.78,45.755,45.76,6137.0
2017-11-14 14:19:00,45.8,45.8,45.77,45.78,29050.0
2017-11-14 14:20:00,45.8,45.81,45.8,45.8,11618.0
2017-11-14 14:21:00,45.8,45.8,45.8,45.8,4029.0
2017-11-14 14:22:00,45.83,45.83,45.79,45.8,13577.0
2017-11-14 14:23:00,45.825,45.83,45.79,45.83,10955.0
2017-11-14 14:24:00,45.86,45.86,45.82,45.83,8432.0
2017-11-14 14:25:00,45.84,45.85,45.84,45.85,6866.0
2017-11-14 14:26:00,45.84,45.85,45.84,45.85,10123.0
2017-11-14 14:27:00,45.79,45.86,45.79,45.85,8674.0
2017-11-14 14:28:00,45.82,45.86,45.79,45.8,14647.0
2017-11-14 14:29:00,45.82,45.82,45.82,45.82,3000.0
2017-11-14 14:30:00,45.84,45.84,45.82,45.82,5158.0
2017-11-14 14:31:00,45.825,45.84,45.82,45.84,6995.0
2017-11-14 14:32:00,45.82,45.83,45.82,45.82,3199.0
2017-11-14 14:33:00,45.85,45.85,45.82,45.82,7779.0
2017-11-14 14:34:00,45.8738,45.8738,45.85,45.85,5564.0
2017-11-14 14:35:00,45.87,45.88,45.865,45.88,11142.0
2017-11-14 14:36:00,45.89,45.89,45.865,45.865,3248.0
2017-11-14 14:37:00,45.9,45.9,45.89,45.89,3358.0
2017-11-14 14:38:00,45.9,45.9,45.89,45.9,1347.0
2017-11-14 14:39:00,45.87,45.9,45.86,45.89,10477.0
2017-11-14 14:40:00,45.88,45.9,45.87,45.87,12192.0
2017-11-14 14:41:00,45.88,45.88,45.875,45.88,1835.0
2017-11-14 14:42:00,45.88,45.88,45.87,45.88,11216.0
2017-11-14 14:43:00,45.89,45.89,45.88,45.89,1400.0
2017-11-14 14:44:00,45.905,45.91,45.885,45.89,11031.0
2017-11-14 14:45:00,45.89,45.91,45.89,45.91,13922.0
2017-11-14 14:46:00,45.93,45.935,45.885,45.885,9602.0
2017-11-14 14:47:00,45.91,45.94,45.91,45.93,8198.0
2017-11-14 14:48:00,45.895,45.915,45.89,45.915,7122.0
2017-11-14 14:49:00,45.895,45.9,45.89,45.895,1000.0
2017-11-14 14:50:00,45.9,45.9,45.89,45.9,50574.0
2017-11-14 14:51:00,45.9,45.9,45.89,45.9,3500.0
2017-11-14 14:52:00,45.9,45.9,45.89,45.9,2100.0
2017-11-14 14:53:00,45.84,45.9,45.84,45.89,17409.0
2017-11-14 14:54:00,45.81,45.845,45.79,45.84,16967.0
2017-11-14 14:55:00,45.85,45.86,45.815,45.82,23261.0
2017-11-14 14:56:00,45.87,45.875,45.86,45.86,7883.0
2017-11-14 14:57:00,45.875,45.885,45.86,45.87,7971.0
2017-11-14 14:58:00,45.89,45.895,45.88,45.88,9612.0
2017-11-14 14:59:00,45.91,45.91,45.8953,45.8953,6858.0
2017-11-14 15:00:00,45.905,45.91,45.9,45.9061,1646.0
2017-11-14 15:01:00,45.92,45.96,45.89,45.905,25910.0
2017-11-14 15:02:00,45.89,45.92,45.89,45.92,3103.0
2017-11-14 15:03:00,45.89,45.895,45.885,45.885,13959.0
2017-11-14 15:04:00,45.89,45.9,45.89,45.89,6234.0
2017-11-14 15:05:00,45.92,45.92,45.89,45.89,10206.0
2017-11-14 15:06:00,45.93,45.94,45.91,45.91,13129.0
2017-11-14 15:07:00,45.9185,45.94,45.91,45.93,7911.0
2017-11-14 15:08:00,45.92,45.93,45.92,45.92,8015.0
2017-11-14 15:09:00,45.885,45.91,45.885,45.91,4600.0
2017-11-14 15:10:00,45.8401,45.89,45.8401,45.885,14012.0
2017-11-14 15:11:00,45.855,45.86,45.84,45.84,7569.0
2017-11-14 15:12:00,45.85,45.86,45.85,45.85,2000.0
2017-11-14 15:13:00,45.85,45.86,45.845,45.85,9013.0
2017-11-14 15:14:00,45.89,45.89,45.85,45.855,5608.0
2017-11-14 15:15:00,45.88,45.89,45.87,45.88,13847.0
2017-11-14 15:16:00,45.875,45.88,45.87,45.875,1895.0
2017-11-14 15:17:00,45.875,45.88,45.87,45.875,2388.0
2017-11-14 15:18:00,45.8758,45.88,45.875,45.875,1515.0
2017-11-14 15:19:00,45.875,45.88,45.87,45.875,2300.0
2017-11-14 15:20:00,45.88,45.88,45.87,45.875,5726.0
2017-11-14 15:21:00,45.88,45.88,45.87,45.875,8105.0
2017-11-14 15:22:00,45.905,45.91,45.875,45.875,17427.0
2017-11-14 15:23:00,45.87,45.9,45.87,45.9,21575.0
2017-11-14 15:24:00,45.875,45.88,45.87,45.8752,900.0
2017-11-14 15:25:00,45.87,45.88,45.87,45.87,3086.0
2017-11-14 15:26:00,45.86,45.88,45.86,45.87,26432.0
2017-11-14 15:27:00,45.87,45.875,45.86,45.86,10299.0
2017-11-14 15:28:00,45.885,45.885,45.87,45.875,6706.0
2017-11-14 15:29:00,45.895,45.9,45.885,45.89,6303.0
2017-11-14 15:30:00,45.885,45.8959,45.88,45.895,18265.0
2017-11-14 15:31:00,45.895,45.9,45.885,45.885,8119.0
2017-11-14 15:32:00,45.885,45.9,45.885,45.895,20805.0
2017-11-14 15:33:00,45.89,45.89,45.88,45.885,3000.0
2017-11-14 15:34:00,45.885,45.89,45.88,45.885,5000.0
2017-11-14 15:35:00,45.895,45.895,45.875,45.88,27954.0
2017-11-14 15:36:00,45.895,45.8952,45.89,45.895,7677.0
2017-11-14 15:37:00,45.92,45.92,45.895,45.895,19370.0
2017-11-14 15:38:00,45.905,45.9156,45.9,45.915,26661.0
2017-11-14 15:39:00,45.915,45.92,45.905,45.905,22986.0
2017-11-14 15:40:00,45.89,45.915,45.89,45.91,27283.0
2017-11-14 15:41:00,45.89,45.895,45.87,45.89,39718.0
2017-11-14 15:42:00,45.89,45.895,45.89,45.895,3900.0
2017-11-14 15:43:00,45.895,45.9,45.89,45.89,35168.0
2017-11-14 15:44:00,45.89,45.9,45.89,45.895,26042.0
2017-11-14 15:45:00,45.89,45.9,45.89,45.89,14577.0
2017-11-14 15:46:00,45.85,45.895,45.85,45.89,32186.0
2017-11-14 15:47:00,45.85,45.855,45.845,45.85,19745.0
2017-11-14 15:48:00,45.83,45.855,45.81,45.85,30043.0
2017-11-14 15:49:00,45.845,45.845,45.835,45.84,11782.0
2017-11-14 15:50:00,45.855,45.86,45.84,45.845,22339.0
2017-11-14 15:51:00,45.86,45.865,45.855,45.855,6631.0
2017-11-14 15:52:00,45.79,45.865,45.78,45.865,24248.0
2017-11-14 15:53:00,45.79,45.8,45.785,45.79,16971.0
2017-11-14 15:54:00,45.78,45.795,45.76,45.795,36988.0
2017-11-14 15:55:00,45.78,45.79,45.77,45.78,18694.0
2017-11-14 15:56:00,45.75,45.78,45.745,45.78,12977.0
2017-11-14 15:57:00,45.71,45.76,45.71,45.76,17133.0
2017-11-14 15:58:00,45.73,45.735,45.695,45.71,50316.0
2017-11-14 15:59:00,45.73,45.75,45.72,45.725,25107.0
2017-11-14 16:00:00,45.75,45.75,45.71,45.725,58079.0
2017-11-15 09:30:00,45.64,45.64,45.64,45.64,11085.0
2017-11-15 09:31:00,45.47,45.62,45.47,45.62,2529.0
2017-11-15 09:32:00,45.63,45.63,45.53,45.56,8000.0
2017-11-15 09:33:00,45.665,45.71,45.58,45.62,2080.0
2017-11-15 09:34:00,45.605,45.7,45.59,45.7,2552.0
2017-11-15 09:35:00,45.6,45.61,45.58,45.58,1000.0
2017-11-15 09:36:00,45.465,45.55,45.44,45.55,1265.0
2017-11-15 09:37:00,45.4,45.44,45.331,45.44,2209.0
2017-11-15 09:38:00,45.36,45.39,45.35,45.39,700.0
2017-11-15 09:39:00,45.31,45.35,45.31,45.35,1996.0
2017-11-15 09:40:00,45.27,45.32,45.27,45.32,1110.0
2017-11-15 09:41:00,45.33,45.33,45.24,45.26,5219.0
2017-11-15 09:42:00,45.38,45.39,45.36,45.36,2200.0
2017-11-15 09:43:00,45.43,45.45,45.35,45.37,14926.0
2017-11-15 09:44:00,45.4,45.4363,45.39,45.4363,1801.0
2017-11-15 09:45:00,45.38,45.4,45.38,45.4,500.0
2017-11-15 09:46:00,45.28,45.38,45.23,45.38,2300.0
2017-11-15 09:47:00,45.17,45.26,45.17,45.26,2100.0
2017-11-15 09:48:00,45.2,45.22,45.1532,45.22,8472.0
2017-11-15 09:49:00,45.2,45.22,45.19,45.19,5826.0
2017-11-15 09:50:00,45.21,45.23,45.21,45.21,2980.0
2017-11-15 09:51:00,45.23,45.23,45.19,45.22,3398.0
2017-11-15 09:52:00,45.205,45.25,45.205,45.211000000000006,4378.0
2017-11-15 09:53:00,45.2,45.21,45.18,45.18,2733.0
2017-11-15 09:54:00,45.2,45.2,45.18,45.2,2100.0
2017-11-15 09:55:00,45.19,45.19,45.17,45.18,1813.0
2017-11-15 09:56:00,45.23,45.23,45.19,45.19,1800.0
2017-11-15 09:57:00,45.22,45.22,45.2,45.2,2319.0
2017-11-15 09:58:00,45.18,45.195,45.18,45.195,1400.0
2017-11-15 09:59:00,45.18,45.19,45.17,45.19,922.0
2017-11-15 10:00:00,45.2,45.21,45.17,45.18,2401.0
2017-11-15 10:01:00,45.15,45.2,45.15,45.2,2171.0
2017-11-15 10:02:00,45.13,45.15,45.12,45.13,1100.0
2017-11-15 10:03:00,45.12,45.14,45.1,45.12,1800.0
2017-11-15 10:04:00,45.08,45.08,45.065,45.08,700.0
2017-11-15 10:05:00,45.08,45.08,45.05,45.07,2061.0
2017-11-15 10:06:00,45.14,45.14,45.09,45.09,2767.0
2017-11-15 10:07:00,45.11,45.15,45.11,45.15,1300.0
2017-11-15 10:08:00,45.08,45.1,45.07,45.1,1000.0
2017-11-15 10:09:00,45.13,45.13,45.09,45.09,2864.0
2017-11-15 10:10:00,45.11,45.11,45.1,45.11,1299.0
2017-11-15 10:12:00,45.12,45.12,45.12,45.12,1000.0
2017-11-15 10:13:00,45.07,45.09,45.07,45.09,800.0
2017-11-15 10:14:00,45.13,45.13,45.06,45.0732,4820.0
2017-11-15 10:15:00,45.11,45.117,45.11,45.117,1800.0
2017-11-15 10:16:00,45.14,45.14,45.09,45.1,4577.0
2017-11-15 10:17:00,45.15,45.16,45.14,45.15,2559.0
2017-11-15 10:18:00,45.13,45.14,45.12,45.14,2220.0
2017-11-15 10:19:00,45.14,45.14,45.12,45.14,800.0
2017-11-15 10:20:00,45.16,45.16,45.15,45.15,1200.0
2017-11-15 10:21:00,45.18,45.18,45.16,45.16,1700.0
2017-11-15 10:22:00,45.16,45.18,45.16,45.18,1200.0
2017-11-15 10:23:00,45.13,45.13,45.13,45.13,720.0
2017-11-15 10:24:00,45.14,45.14,45.11,45.11,3064.0
2017-11-15 10:25:00,45.11,45.14,45.11,45.14,1575.0
2017-11-15 10:26:00,45.16,45.17,45.11,45.12,2488.0
2017-11-15 10:27:00,45.17,45.18,45.17,45.18,200.0
2017-11-15 10:28:00,45.15,45.165,45.15,45.165,2300.0
2017-11-15 10:29:00,45.18,45.18,45.15,45.15,1722.0
2017-11-15 10:30:00,45.19,45.19,45.17,45.18,1140.0
2017-11-15 10:31:00,45.19,45.19,45.17,45.19,800.0
2017-11-15 10:32:00,45.21,45.21,45.18,45.19,5983.0
2017-11-15 10:33:00,45.19,45.2,45.19,45.2,3350.0
2017-11-15 10:34:00,45.15,45.18,45.12,45.18,7017.0
2017-11-15 10:35:00,45.18,45.18,45.16,45.16,2396.0
2017-11-15 10:36:00,45.16,45.17,45.16,45.17,428.0
2017-11-15 10:37:00,45.16,45.17,45.15,45.16,2365.0
2017-11-15 10:38:00,45.19,45.21,45.16,45.16,8180.0
2017-11-15 10:39:00,45.16,45.16,45.16,45.16,100.0
2017-11-15 10:40:00,45.16,45.17,45.16,45.16,1394.0
2017-11-15 10:41:00,45.19,45.2,45.17,45.18,1525.0
2017-11-15 10:42:00,45.175,45.18,45.175,45.18,1250.0
2017-11-15 10:43:00,45.16,45.2,45.16,45.19,1443.0
2017-11-15 10:44:00,45.13,45.15,45.13,45.15,700.0
2017-11-15 10:45:00,45.14,45.14,45.14,45.14,623.0
2017-11-15 10:46:00,45.15,45.15,45.15,45.15,756.0
2017-11-15 10:47:00,45.15,45.15,45.14,45.14,1700.0
2017-11-15 10:48:00,45.14,45.15,45.13,45.15,2690.0
2017-11-15 10:49:00,45.13,45.14,45.12,45.14,1300.0
2017-11-15 10:50:00,45.11,45.13,45.1,45.13,2255.0
2017-11-15 10:51:00,45.1,45.11,45.1,45.11,1000.0
2017-11-15 10:52:00,45.09,45.1,45.09,45.1,800.0
2017-11-15 10:53:00,45.08,45.09,45.08,45.09,300.0
2017-11-15 10:54:00,45.08,45.08,45.08,45.08,300.0
2017-11-15 10:55:00,45.04,45.07,45.04,45.07,2407.0
2017-11-15 10:56:00,45.035,45.04,45.02,45.03,2340.0
2017-11-15 10:57:00,45.06,45.07,45.05,45.05,1300.0
2017-11-15 10:58:00,45.06,45.06,45.05,45.05,300.0
2017-11-15 10:59:00,45.05,45.07,45.04,45.07,3851.0
2017-11-15 11:00:00,45.06,45.06,45.05,45.06,800.0
2017-11-15 11:01:00,45.06,45.06,45.05,45.05,1537.0
2017-11-15 11:02:00,45.04,45.06,45.04,45.06,1620.0
2017-11-15 11:03:00,45.03,45.04,45.03,45.03,2900.0
2017-11-15 11:04:00,45.06,45.06,45.03,45.04,2841.0
2017-11-15 11:05:00,45.05,45.06,45.05,45.06,3907.0
2017-11-15 11:06:00,45.04,45.06,45.04,45.06,1160.0
2017-11-15 11:07:00,45.035,45.04,45.03,45.04,1764.0
2017-11-15 11:08:00,45.01,45.035,45.01,45.035,2053.0
2017-11-15 11:09:00,44.99,45.01,44.99,45.01,5147.0
2017-11-15 11:10:00,45.0,45.0,44.99,44.995,600.0
2017-11-15 11:11:00,45.015,45.02,44.9999,44.9999,8972.0
2017-11-15 11:13:00,45.02,45.025,45.02,45.02,1074.0
2017-11-15 11:14:00,45.01,45.015,45.0,45.015,2860.0
2017-11-15 11:15:00,44.97,45.0,44.97,45.0,2352.0
2017-11-15 11:16:00,44.95,44.96,44.94,44.96,1600.0
2017-11-15 11:17:00,44.93,44.95,44.93,44.95,900.0
2017-11-15 11:18:00,44.92,44.93,44.89,44.93,7302.0
2017-11-15 11:19:00,44.905,44.915,44.905,44.915,2281.0
2017-11-15 11:20:00,44.9034,44.91,44.9,44.905,2701.0
2017-11-15 11:21:00,44.895,44.905,44.89,44.9034,2000.0
2017-11-15 11:22:00,44.92,44.93,44.88,44.88,5904.0
2017-11-15 11:23:00,44.93,44.93,44.93,44.93,100.0
2017-11-15 11:24:00,44.92,44.92,44.89,44.92,4165.0
2017-11-15 11:25:00,44.93,44.93,44.92,44.92,1046.0
2017-11-15 11:26:00,44.9001,44.92,44.9001,44.92,3719.0
2017-11-15 11:27:00,44.91,44.92,44.91,44.91,900.0
2017-11-15 11:28:00,44.87,44.91,44.87,44.9,1724.0
2017-11-15 11:29:00,44.85,44.87,44.85,44.87,1500.0
2017-11-15 11:30:00,44.83,44.86,44.825,44.86,2655.0
2017-11-15 11:31:00,44.85,44.85,44.84,44.84,1575.0
2017-11-15 11:32:00,44.835,44.84,44.83,44.84,2519.0
2017-11-15 11:33:00,44.82,44.84,44.82,44.84,1700.0
2017-11-15 11:34:00,44.82,44.82,44.82,44.82,700.0
2017-11-15 11:35:00,44.82,44.82,44.81,44.82,600.0
2017-11-15 11:36:00,44.84,44.84,44.81,44.81,5386.0
2017-11-15 11:37:00,44.84,44.85,44.84,44.8405,3518.0
2017-11-15 11:38:00,44.82,44.84,44.8,44.84,3320.0
2017-11-15 11:39:00,44.82,44.82,44.81,44.815,2530.0
2017-11-15 11:40:00,44.8202,44.83,44.815,44.82,3646.0
2017-11-15 11:42:00,44.82,44.83,44.82,44.82,633.0
2017-11-15 11:43:00,44.82,44.83,44.82,44.82,1420.0
2017-11-15 11:44:00,44.81,44.82,44.81,44.8156,665.0
2017-11-15 11:45:00,44.8,44.82,44.8,44.82,1142.0
2017-11-15 11:46:00,44.82,44.82,44.8056,44.81,5936.0
2017-11-15 11:47:00,44.86,44.86,44.82,44.82,7340.0
2017-11-15 11:48:00,44.8575,44.8575,44.855,44.855,231.0
2017-11-15 11:49:00,44.8312,44.85,44.83,44.85,2929.0
2017-11-15 11:50:00,44.82,44.84,44.82,44.84,1244.0
2017-11-15 11:51:00,44.8,44.82,44.8,44.82,1055.0
2017-11-15 11:52:00,44.79,44.805,44.78,44.8,4888.0
2017-11-15 11:53:00,44.76,44.8,44.76,44.78,3192.0
2017-11-15 11:54:00,44.77,44.78,44.77,44.78,600.0
2017-11-15 11:55:00,44.74,44.77,44.74,44.76,1293.0
2017-11-15 11:56:00,44.74,44.75,44.74,44.74,700.0
2017-11-15 11:57:00,44.76,44.76,44.75,44.75,5528.0
2017-11-15 11:58:00,44.79,44.79,44.77,44.77,4500.0
2017-11-15 11:59:00,44.81,44.81,44.79,44.8,1998.0
2017-11-15 12:00:00,44.79,44.79,44.79,44.79,100.0
2017-11-15 12:01:00,44.8,44.8,44.79,44.79,2400.0
2017-11-15 12:02:00,44.8,44.81,44.795,44.8,2328.0
2017-11-15 12:03:00,44.78,44.8,44.78,44.8,2000.0
2017-11-15 12:04:00,44.76,44.78,44.76,44.78,600.0
2017-11-15 12:05:00,44.75,44.76,44.74,44.76,1700.0
2017-11-15 12:06:00,44.795,44.8,44.75,44.75,6244.0
2017-11-15 12:07:00,44.805,44.81,44.8,44.8,1885.0
2017-11-15 12:08:00,44.815,44.82,44.81,44.81,4470.0
2017-11-15 12:09:00,44.835,44.835,44.81,44.815,7794.0
2017-11-15 12:10:00,44.82,44.84,44.77,44.835,13037.0
2017-11-15 12:11:00,44.83,44.83,44.81,44.82,6386.0
2017-11-15 12:12:00,44.86,44.86,44.83,44.83,2200.0
2017-11-15 12:13:00,44.85,44.86,44.85,44.85,3997.0
2017-11-15 12:14:00,44.82,44.8499,44.8156,44.84,1250.0
2017-11-15 12:15:00,44.83,44.83,44.82,44.82,1700.0
2017-11-15 12:16:00,44.84,44.84,44.835,44.84,600.0
2017-11-15 12:17:00,44.85,44.85,44.84,44.85,300.0
2017-11-15 12:18:00,44.83,44.84,44.83,44.84,2505.0
2017-11-15 12:19:00,44.82,44.825,44.82,44.825,200.0
2017-11-15 12:20:00,44.82,44.83,44.82,44.83,500.0
2017-11-15 12:21:00,44.81,44.825,44.81,44.825,600.0
2017-11-15 12:22:00,44.81,44.82,44.81,44.81,700.0
2017-11-15 12:23:00,44.81,44.82,44.81,44.815,1100.0
2017-11-15 12:24:00,44.79,44.8,44.79,44.8,2687.0
2017-11-15 12:25:00,44.82,44.82,44.8,44.8,3573.0
2017-11-15 12:26:00,44.825,44.825,44.82,44.82,1177.0
2017-11-15 12:27:00,44.8,44.825,44.8,44.825,2825.0
2017-11-15 12:28:00,44.81,44.82,44.8,44.8,600.0
2017-11-15 12:29:00,44.81,44.81,44.81,44.81,200.0
2017-11-15 12:30:00,44.78,44.82,44.78,44.82,3600.0
2017-11-15 12:31:00,44.8,44.81,44.79,44.79,6316.0
2017-11-15 12:32:00,44.77,44.8,44.77,44.8,3406.0
2017-11-15 12:33:00,44.78,44.7898,44.77,44.7898,3944.0
2017-11-15 12:34:00,44.78,44.78,44.775,44.78,1000.0
2017-11-15 12:35:00,44.775,44.78,44.775,44.78,564.0
2017-11-15 12:36:00,44.76,44.77,44.75,44.77,5507.0
2017-11-15 12:37:00,44.76,44.77,44.76,44.76,1312.0
2017-11-15 12:38:00,44.765,44.77,44.76,44.77,1501.0
2017-11-15 12:39:00,44.75,44.765,44.75,44.76,4276.0
2017-11-15 12:40:00,44.755,44.755,44.75,44.75,1330.0
2017-11-15 12:41:00,44.74,44.755,44.74,44.755,2299.0
2017-11-15 12:42:00,44.73,44.75,44.73,44.75,1800.0
2017-11-15 12:43:00,44.73,44.74,44.73,44.74,4302.0
2017-11-15 12:44:00,44.72,44.73,44.72,44.73,1703.0
2017-11-15 12:45:00,44.71,44.74,44.71,44.73,3690.0
2017-11-15 12:46:00,44.69,44.71,44.68,44.71,6437.0
2017-11-15 12:47:00,44.69,44.69,44.685,44.69,2891.0
2017-11-15 12:48:00,44.7,44.7,44.69,44.7,1167.0
2017-11-15 12:49:00,44.69,44.7,44.69,44.7,2300.0
2017-11-15 12:50:00,44.67,44.685,44.66,44.685,3671.0
2017-11-15 12:51:00,44.66,44.67,44.66,44.66,2561.0
2017-11-15 12:52:00,44.66,44.67,44.65,44.67,7646.0
2017-11-15 12:53:00,44.65,44.67,44.65,44.65,9934.0
2017-11-15 12:54:00,44.66,44.66,44.65,44.65,500.0
2017-11-15 12:55:00,44.67,44.67,44.655,44.66,2784.0
2017-11-15 12:56:00,44.68,44.68,44.665,44.665,2887.0
2017-11-15 12:57:00,44.67,44.68,44.67,44.68,4739.0
2017-11-15 12:58:00,44.675,44.675,44.67,44.67,1400.0
2017-11-15 12:59:00,44.675,44.675,44.67,44.67,2102.0
2017-11-15 13:00:00,44.66,44.675,44.66,44.67,1684.0
2017-11-15 13:01:00,44.655,44.66,44.65,44.66,1555.0
2017-11-15 13:02:00,44.65,44.66,44.65,44.66,300.0
2017-11-15 13:03:00,44.63,44.66,44.63,44.66,4156.0
2017-11-15 13:04:00,44.635,44.64,44.635,44.635,300.0
2017-11-15 13:05:00,44.635,44.64,44.63,44.63,1581.0
2017-11-15 13:06:00,44.625,44.64,44.62,44.635,4288.0
2017-11-15 13:07:00,44.65,44.65,44.63,44.63,4926.0
2017-11-15 13:08:00,44.65,44.66,44.65,44.66,600.0
2017-11-15 13:09:00,44.66,44.67,44.64,44.64,6628.0
2017-11-15 13:10:00,44.67100000000001,44.67100000000001,44.66,44.67,9118.0
2017-11-15 13:11:00,44.69,44.69,44.675,44.68,2400.0
2017-11-15 13:12:00,44.685,44.69,44.68,44.68,2926.0
2017-11-15 13:13:00,44.69,44.69,44.69,44.69,100.0
2017-11-15 13:14:00,44.66,44.69,44.65,44.68,4581.0
2017-11-15 13:15:00,44.66,44.66,44.65,44.65,7092.0
2017-11-15 13:16:00,44.66,44.66,44.65,44.65,200.0
2017-11-15 13:17:00,44.65,44.665,44.65,44.665,2039.0
2017-11-15 13:18:00,44.65,44.66,44.65,44.66,1900.0
2017-11-15 13:19:00,44.65,44.65,44.64,44.64,2388.0
2017-11-15 13:20:00,44.65,44.66,44.6437,44.66,1400.0
2017-11-15 13:21:00,44.64,44.65,44.64,44.65,1300.0
2017-11-15 13:22:00,44.62,44.64,44.62,44.64,1400.0
2017-11-15 13:23:00,44.64,44.64,44.63,44.63,1800.0
2017-11-15 13:24:00,44.63,44.64,44.63,44.64,2609.0
2017-11-15 13:25:00,44.63,44.64,44.63,44.63,1994.0
2017-11-15 13:26:00,44.64,44.64,44.64,44.64,500.0
2017-11-15 13:27:00,44.62,44.63,44.62,44.63,1682.0
2017-11-15 13:28:00,44.63,44.64,44.62,44.62,3100.0
2017-11-15 13:29:00,44.63,44.635,44.63,44.635,900.0
2017-11-15 13:30:00,44.65,44.65,44.625,44.63,5561.0
2017-11-15 13:31:00,44.66,44.66,44.655,44.655,1093.0
2017-11-15 13:32:00,44.65,44.65,44.65,44.65,200.0
2017-11-15 13:33:00,44.65,44.655,44.64,44.655,4394.0
2017-11-15 13:34:00,44.64,44.645,44.63,44.645,3208.0
2017-11-15 13:35:00,44.625,44.63,44.625,44.63,1215.0
2017-11-15 13:36:00,44.63,44.63,44.62,44.63,6200.0
2017-11-15 13:37:00,44.62,44.62,44.62,44.62,100.0
2017-11-15 13:38:00,44.62,44.625,44.62,44.625,2272.0
2017-11-15 13:39:00,44.61,44.62,44.61,44.62,1700.0
2017-11-15 13:40:00,44.59,44.61,44.59,44.61,5227.0
2017-11-15 13:41:00,44.6,44.61,44.59,44.6,1000.0
2017-11-15 13:42:00,44.595,44.6,44.59,44.59,2800.0
2017-11-15 13:43:00,44.59,44.595,44.59,44.595,1807.0
2017-11-15 13:44:00,44.59,44.595,44.59,44.59,800.0
2017-11-15 13:45:00,44.59,44.59,44.59,44.59,800.0
2017-11-15 13:46:00,44.585,44.59,44.58,44.58,1390.0
2017-11-15 13:47:00,44.585,44.585,44.58,44.585,1500.0
2017-11-15 13:48:00,44.58,44.585,44.58,44.58,1700.0
2017-11-15 13:49:00,44.585,44.585,44.58,44.58,800.0
2017-11-15 13:50:00,44.57,44.585,44.57,44.58,3106.0
2017-11-15 13:51:00,44.62,44.62,44.57,44.575,12769.0
2017-11-15 13:52:00,44.63,44.63,44.625,44.63,2056.0
2017-11-15 13:53:00,44.64,44.64,44.63,44.63,1624.0
2017-11-15 13:54:00,44.63,44.635,44.63,44.63,4449.0
2017-11-15 13:55:00,44.64,44.64,44.63,44.6395,300.0
2017-11-15 13:56:00,44.63,44.635,44.63,44.635,300.0
2017-11-15 13:57:00,44.63,44.635,44.62,44.635,4730.0
2017-11-15 13:58:00,44.635,44.635,44.62,44.63,1798.0
2017-11-15 13:59:00,44.625,44.64,44.62,44.64,2900.0
2017-11-15 14:00:00,44.635,44.64,44.6201,44.625,1438.0
2017-11-15 14:01:00,44.6,44.635,44.6,44.63,2535.0
2017-11-15 14:02:00,44.59,44.61,44.59,44.61,1600.0
2017-11-15 14:03:00,44.57,44.6,44.56,44.59,3216.0
2017-11-15 14:04:00,44.604,44.61,44.57,44.57,5395.0
2017-11-15 14:05:00,44.63,44.63,44.6,44.62,2000.0
2017-11-15 14:06:00,44.6275,44.6398,44.62,44.63,1400.0
2017-11-15 14:07:00,44.63,44.635,44.625,44.63,4740.0
2017-11-15 14:08:00,44.59,44.625,44.59,44.625,3050.0
2017-11-15 14:09:00,44.57,44.59,44.57,44.59,1168.0
2017-11-15 14:10:00,44.57,44.57,44.56,44.57,3912.0
2017-11-15 14:11:00,44.57,44.58,44.57,44.58,1100.0
2017-11-15 14:13:00,44.58,44.58,44.55,44.56,5117.0
2017-11-15 14:14:00,44.58,44.58,44.58,44.58,1800.0
2017-11-15 14:15:00,44.57,44.57,44.57,44.57,600.0
2017-11-15 14:17:00,44.57,44.57,44.56,44.56,400.0
2017-11-15 14:18:00,44.57,44.57,44.56,44.56,800.0
2017-11-15 14:19:00,44.5652,44.58,44.555,44.58,3444.0
2017-11-15 14:20:00,44.58,44.58,44.57,44.57,2728.0
2017-11-15 14:21:00,44.58,44.58,44.58,44.58,100.0
2017-11-15 14:22:00,44.55,44.57,44.55,44.57,4504.0
2017-11-15 14:23:00,44.555,44.555,44.55,44.55,3109.0
2017-11-15 14:24:00,44.565,44.57,44.55,44.555,5045.0
2017-11-15 14:25:00,44.565,44.565,44.56,44.56,1400.0
2017-11-15 14:26:00,44.55,44.56,44.55,44.56,502.0
2017-11-15 14:27:00,44.5526,44.5584,44.55,44.55,589.0
2017-11-15 14:28:00,44.555,44.56,44.55,44.55,1210.0
2017-11-15 14:29:00,44.56,44.56,44.55,44.5569,2170.0
2017-11-15 14:30:00,44.54,44.56,44.54,44.55,2100.0
2017-11-15 14:31:00,44.595,44.595,44.54,44.54,8000.0
2017-11-15 14:32:00,44.595,44.6,44.59,44.59,3681.0
2017-11-15 14:33:00,44.61,44.61,44.6,44.6,707.0
2017-11-15 14:34:00,44.61,44.62,44.61,44.61,1992.0
2017-11-15 14:35:00,44.6,44.615,44.6,44.615,4278.0
2017-11-15 14:36:00,44.61,44.61,44.61,44.61,130.0
2017-11-15 14:37:00,44.6,44.61,44.6,44.6099,720.0
2017-11-15 14:38:00,44.6,44.61,44.6,44.6,500.0
2017-11-15 14:39:00,44.59,44.605,44.59,44.605,4577.0
2017-11-15 14:40:00,44.59,44.595,44.59,44.595,2100.0
2017-11-15 14:41:00,44.57,44.59,44.57,44.59,3488.0
2017-11-15 14:42:00,44.59,44.59,44.56,44.57,17377.0
2017-11-15 14:43:00,44.58,44.59,44.58,44.585,6417.0
2017-11-15 14:44:00,44.575,44.58,44.57,44.57,1570.0
2017-11-15 14:45:00,44.575,44.58,44.57,44.57,800.0
2017-11-15 14:46:00,44.56,44.575,44.55,44.575,6991.0
2017-11-15 14:47:00,44.57,44.58,44.55,44.55,6783.0
2017-11-15 14:48:00,44.58,44.58,44.575,44.575,200.0
2017-11-15 14:49:00,44.55,44.58,44.55,44.58,7871.0
2017-11-15 14:50:00,44.58,44.59,44.555,44.555,13021.0
2017-11-15 14:51:00,44.58,44.585,44.58,44.585,400.0
2017-11-15 14:52:00,44.55,44.59,44.55,44.59,8319.0
2017-11-15 14:53:00,44.575,44.575,44.56,44.56,5927.0
2017-11-15 14:54:00,44.565,44.58,44.56,44.57,5201.0
2017-11-15 14:55:00,44.56,44.56,44.56,44.56,880.0
2017-11-15 14:56:00,44.54,44.56,44.54,44.56,6407.0
2017-11-15 14:57:00,44.57,44.57,44.54,44.5486,7927.0
2017-11-15 14:58:00,44.575,44.58,44.555,44.57,11855.0
2017-11-15 14:59:00,44.585,44.585,44.57,44.575,3000.0
2017-11-15 15:00:00,44.575,44.58,44.575,44.58,7102.0
2017-11-15 15:01:00,44.57,44.575,44.57,44.575,1600.0
2017-11-15 15:02:00,44.575,44.58,44.57,44.575,3064.0
2017-11-15 15:03:00,44.575,44.575,44.57,44.575,2396.0
2017-11-15 15:04:00,44.58,44.58,44.57,44.575,900.0
2017-11-15 15:05:00,44.575,44.575,44.57,44.57,2943.0
2017-11-15 15:06:00,44.56,44.575,44.56,44.57,11293.0
2017-11-15 15:07:00,44.57,44.57,44.565,44.57,4242.0
2017-11-15 15:08:00,44.56,44.575,44.56,44.575,3592.0
2017-11-15 15:09:00,44.56,44.56,44.55,44.56,3925.0
2017-11-15 15:10:00,44.55,44.555,44.55,44.5536,1518.0
2017-11-15 15:11:00,44.54,44.55,44.54,44.54,1600.0
2017-11-15 15:12:00,44.56,44.56,44.54,44.545,7560.0
2017-11-15 15:13:00,44.565,44.57,44.565,44.57,600.0
2017-11-15 15:14:00,44.56,44.565,44.56,44.565,600.0
2017-11-15 15:15:00,44.56,44.57,44.56,44.565,1800.0
2017-11-15 15:16:00,44.56,44.56,44.55,44.56,10290.0
2017-11-15 15:17:00,44.56,44.57,44.56,44.56,900.0
2017-11-15 15:18:00,44.57,44.57,44.56,44.565,4200.0
2017-11-15 15:19:00,44.585,44.585,44.56,44.56,27044.0
2017-11-15 15:20:00,44.585,44.59,44.58,44.59,1672.0
2017-11-15 15:21:00,44.58,44.585,44.57,44.58,7813.0
2017-11-15 15:22:00,44.58,44.585,44.575,44.575,4933.0
2017-11-15 15:23:00,44.57,44.59,44.57,44.5801,7253.0
2017-11-15 15:24:00,44.55,44.57,44.54,44.57,7231.0
2017-11-15 15:25:00,44.55,44.555,44.55,44.555,363.0
2017-11-15 15:26:00,44.54,44.55,44.535,44.55,5383.0
2017-11-15 15:27:00,44.55,44.55,44.53,44.54,8730.0
2017-11-15 15:28:00,44.55,44.555,44.55,44.55,900.0
2017-11-15 15:29:00,44.53,44.555,44.515,44.55,10823.0
2017-11-15 15:30:00,44.51,44.53,44.51,44.51,2600.0
2017-11-15 15:31:00,44.51,44.51,44.51,44.51,1000.0
2017-11-15 15:32:00,44.5,44.51,44.5,44.51,3791.0
2017-11-15 15:33:00,44.49,44.51,44.49,44.51,10317.0
2017-11-15 15:34:00,44.48,44.495,44.48,44.49,8116.0
2017-11-15 15:35:00,44.47,44.48,44.47,44.48,3357.0
2017-11-15 15:36:00,44.4553,44.48,44.45,44.48,11400.0
2017-11-15 15:37:00,44.505,44.51,44.46,44.46,14939.0
2017-11-15 15:38:00,44.5,44.51,44.5,44.5,9017.0
2017-11-15 15:39:00,44.495,44.5,44.49,44.495,1137.0
2017-11-15 15:40:00,44.48,44.5,44.48,44.5,6269.0
2017-11-15 15:41:00,44.47,44.48,44.47,44.48,4208.0
2017-11-15 15:42:00,44.47,44.48,44.47,44.47,2939.0
2017-11-15 15:43:00,44.46,44.48,44.46,44.47,5597.0
2017-11-15 15:44:00,44.45,44.46,44.45,44.46,2207.0
2017-11-15 15:45:00,44.435,44.45,44.435,44.45,11862.0
2017-11-15 15:46:00,44.4447,44.45,44.43,44.43,13402.0
2017-11-15 15:47:00,44.475,44.48,44.44,44.44,13984.0
2017-11-15 15:48:00,44.47,44.48,44.46,44.47,16906.0
2017-11-15 15:49:00,44.44,44.47,44.44,44.47,8487.0
2017-11-15 15:50:00,44.45,44.47,44.44,44.44,10256.0
2017-11-15 15:51:00,44.44,44.4599,44.43,44.45,8004.0
2017-11-15 15:52:00,44.405,44.44,44.38,44.44,19410.0
2017-11-15 15:53:00,44.405,44.405,44.4,44.405,1900.0
2017-11-15 15:54:00,44.435,44.435,44.4,44.405,12325.0
2017-11-15 15:55:00,44.435,44.44,44.43,44.435,4843.0
2017-11-15 15:56:00,44.425,44.44,44.42,44.44,14472.0
2017-11-15 15:57:00,44.41,44.43,44.41,44.42,18243.0
2017-11-15 15:58:00,44.4,44.42,44.4,44.415,12336.0
2017-11-15 15:59:00,44.385,44.405,44.38,44.4,20090.0
2017-11-15 16:00:00,44.42,44.44,44.38,44.38,69792.0
2017-11-16 09:30:00,44.6,44.6,44.6,44.6,14110.0
2017-11-16 09:31:00,44.81,44.81,44.81,44.81,100.0
2017-11-16 09:32:00,44.62,44.705,44.6,44.705,5400.0
2017-11-16 09:33:00,44.57,44.61,44.54,44.6,4600.0
2017-11-16 09:34:00,44.54,44.59,44.54,44.575,3200.0
2017-11-16 09:35:00,44.54,44.54,44.52,44.54,1903.0
2017-11-16 09:36:00,44.53,44.54,44.52,44.54,4957.0
2017-11-16 09:37:00,44.48,44.51,44.48,44.51,2203.0
2017-11-16 09:38:00,44.515,44.54,44.49,44.49,6348.0
2017-11-16 09:39:00,44.53,44.53,44.5,44.53,6800.0
2017-11-16 09:40:00,44.54,44.54,44.49,44.52,4734.0
2017-11-16 09:41:00,44.56,44.56,44.525,44.53,4322.0
2017-11-16 09:42:00,44.5,44.55,44.5,44.55,3300.0
2017-11-16 09:43:00,44.53,44.53,44.5,44.5,3610.0
2017-11-16 09:44:00,44.52,44.53,44.51,44.53,2400.0
2017-11-16 09:45:00,44.59,44.6,44.54,44.54,4108.0
2017-11-16 09:46:00,44.57,44.59,44.57,44.59,3300.0
2017-11-16 09:47:00,44.58,44.59,44.56,44.57,3400.0
2017-11-16 09:48:00,44.62,44.62,44.6,44.6,1254.0
2017-11-16 09:49:00,44.67,44.6701,44.64,44.64,5431.0
2017-11-16 09:50:00,44.7,44.7,44.7,44.7,200.0
2017-11-16 09:51:00,44.72,44.72,44.69,44.69,3210.0
2017-11-16 09:52:00,44.68,44.71,44.68,44.71,5473.0
2017-11-16 09:53:00,44.6275,44.67,44.6275,44.66,1600.0
2017-11-16 09:54:00,44.59,44.61,44.59,44.61,300.0
2017-11-16 09:55:00,44.59,44.63,44.59,44.61,7307.0
2017-11-16 09:57:00,44.62,44.62,44.6,44.6,5200.0
2017-11-16 09:58:00,44.66,44.66,44.64,44.64,800.0
2017-11-16 09:59:00,44.64,44.66,44.64,44.65,4939.0
2017-11-16 10:00:00,44.58,44.63,44.58,44.63,1517.0
2017-11-16 10:01:00,44.58,44.6,44.58,44.58,2420.0
2017-11-16 10:02:00,44.57,44.6,44.57,44.58,5182.0
2017-11-16 10:03:00,44.61,44.61,44.57,44.57,2406.0
2017-11-16 10:04:00,44.61,44.62,44.59,44.62,2412.0
2017-11-16 10:05:00,44.63,44.63,44.6056,44.6056,4582.0
2017-11-16 10:06:00,44.66,44.66,44.63,44.63,1768.0
2017-11-16 10:07:00,44.7,44.7,44.64,44.65,4300.0
2017-11-16 10:08:00,44.7,44.7,44.67,44.68,2757.0
2017-11-16 10:09:00,44.67,44.71,44.67,44.7,2781.0
2017-11-16 10:10:00,44.71,44.71,44.7,44.7,2438.0
2017-11-16 10:11:00,44.7,44.7,44.69,44.69,300.0
2017-11-16 10:12:00,44.74,44.74,44.7,44.7,6723.0
2017-11-16 10:13:00,44.77,44.79,44.75,44.75,4783.0
2017-11-16 10:14:00,44.7767,44.7767,44.7767,44.7767,150.0
2017-11-16 10:15:00,44.82,44.82,44.788999999999994,44.79,5550.0
2017-11-16 10:16:00,44.825,44.84,44.81,44.81,900.0
2017-11-16 10:17:00,44.81,44.83,44.81,44.81,1099.0
2017-11-16 10:18:00,44.83,44.83,44.81,44.81,6665.0
2017-11-16 10:19:00,44.85,44.9,44.84,44.84,12920.0
2017-11-16 10:20:00,44.87,44.95,44.85,44.86,13083.0
2017-11-16 10:21:00,44.8991,44.8991,44.8984,44.8984,212.0
2017-11-16 10:22:00,44.86,44.87,44.85,44.87,4600.0
2017-11-16 10:23:00,44.84,44.87,44.84,44.87,2700.0
2017-11-16 10:24:00,44.79,44.83,44.77,44.83,3500.0
2017-11-16 10:25:00,44.81,44.82,44.8,44.8,2178.0
2017-11-16 10:26:00,44.79,44.82,44.79,44.81,5200.0
2017-11-16 10:27:00,44.8,44.8,44.79,44.79,1956.0
2017-11-16 10:28:00,44.72,44.79,44.72,44.79,2900.0
2017-11-16 10:29:00,44.73,44.74,44.73,44.74,1900.0
2017-11-16 10:30:00,44.71,44.72,44.71,44.72,2004.0
2017-11-16 10:31:00,44.69,44.7,44.69,44.7,2100.0
2017-11-16 10:32:00,44.69,44.7,44.68,44.68,700.0
2017-11-16 10:33:00,44.69,44.71,44.69,44.69,4627.0
2017-11-16 10:34:00,44.7101,44.72,44.7,44.7,5795.0
2017-11-16 10:35:00,44.72,44.72,44.72,44.72,1111.0
2017-11-16 10:36:00,44.67,44.71,44.66,44.71,5315.0
2017-11-16 10:37:00,44.7,44.7,44.7,44.7,2092.0
2017-11-16 10:38:00,44.69,44.7,44.69,44.69,1200.0
2017-11-16 10:39:00,44.69,44.6967,44.69,44.695,1262.0
2017-11-16 10:40:00,44.71,44.72,44.69,44.69,3358.0
2017-11-16 10:41:00,44.7101,44.72,44.7101,44.72,535.0
2017-11-16 10:42:00,44.74,44.74,44.72,44.72,4328.0
2017-11-16 10:43:00,44.74,44.74,44.72,44.74,2400.0
2017-11-16 10:44:00,44.73,44.73,44.73,44.73,200.0
2017-11-16 10:45:00,44.74,44.74,44.73,44.73,1900.0
2017-11-16 10:46:00,44.78,44.79,44.74,44.74,6263.0
2017-11-16 10:47:00,44.75,44.78,44.75,44.78,1950.0
2017-11-16 10:48:00,44.72,44.74,44.71,44.74,2592.0
2017-11-16 10:50:00,44.71,44.72,44.71,44.72,1300.0
2017-11-16 10:51:00,44.71,44.72,44.71,44.71,571.0
2017-11-16 10:52:00,44.73,44.73,44.71,44.715,7069.0
2017-11-16 10:53:00,44.73,44.73,44.73,44.73,400.0
2017-11-16 10:54:00,44.72,44.74,44.72,44.73,3000.0
2017-11-16 10:55:00,44.75,44.75,44.72,44.72,3535.0
2017-11-16 10:56:00,44.73,44.745,44.73,44.745,3401.0
2017-11-16 10:57:00,44.73,44.735,44.72,44.73,1555.0
2017-11-16 10:58:00,44.74,44.74,44.72,44.73,1515.0
2017-11-16 10:59:00,44.72,44.735,44.72,44.73,2093.0
2017-11-16 11:00:00,44.72,44.72,44.715,44.72,1710.0
2017-11-16 11:01:00,44.72,44.72,44.72,44.72,100.0
2017-11-16 11:02:00,44.72,44.72,44.71,44.72,700.0
2017-11-16 11:03:00,44.69,44.715,44.69,44.715,5011.0
2017-11-16 11:04:00,44.67,44.7,44.67,44.69,13428.0
2017-11-16 11:05:00,44.676,44.69,44.676,44.68,2500.0
2017-11-16 11:06:00,44.69,44.69,44.69,44.69,100.0
2017-11-16 11:07:00,44.69,44.69,44.67,44.68,822.0
2017-11-16 11:08:00,44.69,44.695,44.685,44.69,8471.0
2017-11-16 11:09:00,44.7,44.7,44.69,44.7,902.0
2017-11-16 11:10:00,44.7,44.71,44.69,44.7,1600.0
2017-11-16 11:11:00,44.67,44.695,44.67,44.69,3521.0
2017-11-16 11:12:00,44.6853,44.6853,44.68,44.68,2400.0
2017-11-16 11:13:00,44.69,44.695,44.6865,44.6865,4370.0
2017-11-16 11:14:00,44.7,44.7,44.69,44.69,3010.0
2017-11-16 11:15:00,44.7,44.71,44.7,44.7,3200.0
2017-11-16 11:16:00,44.71,44.71,44.7,44.705,2900.0
2017-11-16 11:17:00,44.69,44.705,44.69,44.7,4200.0
2017-11-16 11:18:00,44.69,44.7,44.685,44.7,1600.0
2017-11-16 11:19:00,44.7,44.705,44.69,44.7,4404.0
2017-11-16 11:20:00,44.6976,44.7,44.69,44.69,481.0
2017-11-16 11:21:00,44.708999999999996,44.71,44.6995,44.7,3118.0
2017-11-16 11:22:00,44.7,44.7101,44.7,44.7,6359.0
2017-11-16 11:23:00,44.72,44.72,44.705,44.71,1650.0
2017-11-16 11:24:00,44.71,44.72,44.7,44.71,3200.0
2017-11-16 11:25:00,44.71,44.71,44.71,44.71,700.0
2017-11-16 11:26:00,44.68,44.71,44.68,44.71,3168.0
2017-11-16 11:27:00,44.67,44.68,44.67,44.68,1200.0
2017-11-16 11:28:00,44.675,44.685,44.67,44.68,5725.0
2017-11-16 11:29:00,44.6786,44.6786,44.6786,44.6786,300.0
2017-11-16 11:30:00,44.67,44.68,44.67,44.68,200.0
2017-11-16 11:31:00,44.69,44.69,44.68,44.685,1699.0
2017-11-16 11:32:00,44.69,44.69,44.68,44.685,700.0
2017-11-16 11:33:00,44.68,44.7,44.68,44.69,7280.0
2017-11-16 11:34:00,44.69,44.69,44.69,44.69,100.0
2017-11-16 11:35:00,44.71,44.71,44.7,44.7,2400.0
2017-11-16 11:36:00,44.72,44.73,44.71,44.71,3650.0
2017-11-16 11:37:00,44.77,44.77,44.725,44.73,5039.0
2017-11-16 11:38:00,44.78,44.78,44.77,44.77,2000.0
2017-11-16 11:39:00,44.78,44.79,44.7786,44.7832,743.0
2017-11-16 11:40:00,44.78,44.785,44.775,44.78,3141.0
2017-11-16 11:41:00,44.77,44.78,44.77,44.78,2050.0
2017-11-16 11:42:00,44.77,44.77,44.765,44.77,2000.0
2017-11-16 11:43:00,44.81,44.815,44.77,44.77,6389.0
2017-11-16 11:44:00,44.815,44.815,44.81,44.81,1500.0
2017-11-16 11:45:00,44.81,44.815,44.81,44.815,300.0
2017-11-16 11:46:00,44.805,44.815,44.805,44.815,3600.0
2017-11-16 11:47:00,44.805,44.81,44.805,44.81,893.0
2017-11-16 11:48:00,44.82,44.82,44.805,44.8094,5295.0
2017-11-16 11:49:00,44.81,44.82,44.81,44.82,5501.0
2017-11-16 11:50:00,44.815,44.83,44.81,44.82,3417.0
2017-11-16 11:51:00,44.79,44.815,44.79,44.81,1950.0
2017-11-16 11:52:00,44.79,44.795,44.79,44.79,3355.0
2017-11-16 11:53:00,44.7862,44.7862,44.78,44.78,1140.0
2017-11-16 11:54:00,44.78,44.79,44.78,44.79,644.0
2017-11-16 11:55:00,44.78,44.785,44.78,44.78,2500.0
2017-11-16 11:56:00,44.79,44.81,44.79,44.79,6352.0
2017-11-16 11:57:00,44.78,44.78,44.78,44.78,100.0
2017-11-16 11:58:00,44.79,44.79,44.785,44.785,1200.0
2017-11-16 11:59:00,44.79,44.79,44.79,44.79,400.0
2017-11-16 12:00:00,44.785,44.7956,44.78,44.7956,3878.0
2017-11-16 12:01:00,44.83,44.8357,44.79,44.79,6480.0
2017-11-16 12:02:00,44.83,44.84,44.82,44.84,2414.0
2017-11-16 12:03:00,44.87,44.87,44.83,44.83,4304.0
2017-11-16 12:04:00,44.86,44.88,44.86,44.88,3050.0
2017-11-16 12:05:00,44.87,44.88,44.87,44.87,1270.0
2017-11-16 12:06:00,44.88,44.88,44.88,44.88,1204.0
2017-11-16 12:07:00,44.88,44.88,44.87,44.87,1400.0
2017-11-16 12:08:00,44.88,44.88,44.87,44.87,400.0
2017-11-16 12:09:00,44.9,44.9,44.88,44.88,4300.0
2017-11-16 12:10:00,44.89,44.905,44.89,44.9,6801.0
2017-11-16 12:11:00,44.875,44.895,44.875,44.89,1900.0
2017-11-16 12:12:00,44.86,44.875,44.85,44.87,1930.0
2017-11-16 12:13:00,44.865,44.865,44.86,44.86,1784.0
2017-11-16 12:14:00,44.85,44.865,44.85,44.86,1400.0
2017-11-16 12:15:00,44.86,44.86,44.84,44.84,1100.0
2017-11-16 12:16:00,44.85,44.86,44.84,44.86,6076.0
2017-11-16 12:17:00,44.85,44.85,44.84,44.85,1969.0
2017-11-16 12:18:00,44.85,44.86,44.85,44.85,1100.0
2017-11-16 12:19:00,44.8598,44.86,44.84,44.86,6402.0
2017-11-16 12:20:00,44.84,44.86,44.84,44.86,2946.0
2017-11-16 12:21:00,44.8566,44.8566,44.84,44.84,910.0
2017-11-16 12:22:00,44.855,44.855,44.8538,44.8538,200.0
2017-11-16 12:23:00,44.89,44.895,44.86,44.86,8949.0
2017-11-16 12:24:00,44.92,44.92,44.895,44.895,2506.0
2017-11-16 12:25:00,44.92,44.92,44.92,44.92,200.0
2017-11-16 12:26:00,44.91,44.92,44.91,44.92,1600.0
2017-11-16 12:27:00,44.91,44.92,44.9,44.92,2500.0
2017-11-16 12:28:00,44.92,44.92,44.9,44.9,2100.0
2017-11-16 12:29:00,44.91,44.91,44.91,44.91,200.0
2017-11-16 12:30:00,44.92,44.92,44.92,44.92,854.0
2017-11-16 12:31:00,44.935,44.955,44.9286,44.93,9089.0
2017-11-16 12:32:00,44.93,44.93,44.93,44.93,100.0
2017-11-16 12:33:00,44.94,44.94,44.93,44.93,1200.0
2017-11-16 12:34:00,44.95,44.95,44.92,44.93,3300.0
2017-11-16 12:35:00,44.95,44.955,44.95,44.95,900.0
2017-11-16 12:36:00,44.95,44.95,44.95,44.95,1000.0
2017-11-16 12:37:00,44.96,44.965,44.95,44.95,4050.0
2017-11-16 12:38:00,44.95,44.96,44.95,44.96,2496.0
2017-11-16 12:39:00,44.94,44.945,44.94,44.945,2000.0
2017-11-16 12:40:00,44.94,44.94,44.94,44.94,2200.0
2017-11-16 12:41:00,44.94,44.945,44.94,44.94,900.0
2017-11-16 12:42:00,44.93,44.95,44.93,44.95,200.0
2017-11-16 12:43:00,44.97,44.97,44.94,44.94,3417.0
2017-11-16 12:44:00,44.97,44.975,44.97,44.97,1600.0
2017-11-16 12:45:00,44.97,44.975,44.97,44.975,300.0
2017-11-16 12:46:00,44.95,44.98,44.95,44.98,4600.0
2017-11-16 12:47:00,44.95,44.95,44.95,44.95,100.0
2017-11-16 12:48:00,44.95,44.96,44.95,44.95,1900.0
2017-11-16 12:49:00,44.94,44.945,44.94,44.94,2200.0
2017-11-16 12:50:00,44.94,44.95,44.93,44.94,3420.0
2017-11-16 12:51:00,44.94,44.945,44.94,44.94,800.0
2017-11-16 12:52:00,44.94,44.94,44.94,44.94,400.0
2017-11-16 12:53:00,44.94,44.95,44.94,44.945,1000.0
2017-11-16 12:54:00,44.92,44.945,44.92,44.94,2901.0
2017-11-16 12:55:00,44.92,44.925,44.92,44.925,1016.0
2017-11-16 12:56:00,44.94,44.94,44.93,44.93,4563.0
2017-11-16 12:57:00,44.95,44.95,44.94,44.9428,1940.0
2017-11-16 12:58:00,44.95,44.955,44.95,44.95,2340.0
2017-11-16 12:59:00,44.96,44.96,44.95,44.95,1740.0
2017-11-16 13:00:00,44.95,44.965,44.94,44.96,1360.0
2017-11-16 13:01:00,44.95,44.95,44.94,44.94,600.0
2017-11-16 13:02:00,44.955,44.955,44.95,44.95,1407.0
2017-11-16 13:03:00,44.96,44.96,44.96,44.96,1662.0
2017-11-16 13:04:00,44.95,44.96,44.94,44.95,3195.0
2017-11-16 13:05:00,44.95,44.95,44.94,44.94,800.0
2017-11-16 13:06:00,44.96,44.97,44.95,44.955,4701.0
2017-11-16 13:07:00,44.97,44.98,44.965,44.965,2740.0
2017-11-16 13:08:00,44.975,44.975,44.97,44.97,200.0
2017-11-16 13:09:00,44.96,44.975,44.96,44.97,2883.0
2017-11-16 13:10:00,44.96,44.96,44.95,44.95,3600.0
2017-11-16 13:11:00,44.955,44.96,44.95,44.96,550.0
2017-11-16 13:12:00,44.965,44.965,44.9544,44.9544,3145.0
2017-11-16 13:13:00,44.96,44.97,44.95,44.97,4633.0
2017-11-16 13:14:00,44.97,44.97,44.97,44.97,1000.0
2017-11-16 13:15:00,44.98,44.98,44.96,44.9644,3050.0
2017-11-16 13:16:00,44.98,44.98,44.98,44.98,200.0
2017-11-16 13:17:00,44.98,44.99,44.98,44.99,2958.0
2017-11-16 13:18:00,44.97,44.98,44.97,44.97,500.0
2017-11-16 13:19:00,44.985,44.99,44.98,44.98,3000.0
2017-11-16 13:20:00,44.965,44.99,44.96,44.99,4103.0
2017-11-16 13:21:00,44.9897,44.99,44.97,44.975,4104.0
2017-11-16 13:22:00,44.98,44.99,44.98,44.99,2131.0
2017-11-16 13:23:00,44.99,45.0,44.98,44.98,2700.0
2017-11-16 13:24:00,45.1,45.1,44.972,44.99,21630.0
2017-11-16 13:25:00,45.05,45.09,45.05,45.09,3600.0
2017-11-16 13:26:00,45.07,45.07,45.05,45.05,3293.0
2017-11-16 13:27:00,45.0897,45.0999,45.08,45.0899,4559.0
2017-11-16 13:28:00,45.07,45.09,45.07,45.09,2379.0
2017-11-16 13:29:00,45.06,45.085,45.06,45.08,4500.0
2017-11-16 13:30:00,45.0905,45.11,45.04,45.06,11890.0
2017-11-16 13:31:00,45.06,45.1097,45.06,45.08,5500.0
2017-11-16 13:32:00,45.1,45.1,45.06,45.06,1900.0
2017-11-16 13:33:00,45.11,45.11,45.1,45.1,1900.0
2017-11-16 13:34:00,45.0997,45.115,45.09,45.11,3994.0
2017-11-16 13:35:00,45.1,45.1,45.08,45.08,3200.0
2017-11-16 13:36:00,45.13,45.14,45.1,45.11,5956.0
2017-11-16 13:37:00,45.12,45.13,45.12,45.13,600.0
2017-11-16 13:38:00,45.12,45.135,45.12,45.13,4059.0
2017-11-16 13:39:00,45.14,45.14,45.13,45.13,1400.0
2017-11-16 13:40:00,45.13,45.13,45.12,45.12,4296.0
2017-11-16 13:41:00,45.1199,45.13,45.11,45.12,3624.0
2017-11-16 13:42:00,45.12,45.12,45.12,45.12,200.0
2017-11-16 13:43:00,45.12,45.12,45.11,45.12,1400.0
2017-11-16 13:44:00,45.12,45.13,45.11,45.11,6656.0
2017-11-16 13:45:00,45.11,45.12,45.11,45.12,300.0
2017-11-16 13:46:00,45.14,45.14,45.11,45.115,10315.0
2017-11-16 13:47:00,45.144,45.16,45.14,45.15,2826.0
2017-11-16 13:48:00,45.15,45.15,45.145,45.15,900.0
2017-11-16 13:49:00,45.15,45.15,45.14,45.14,600.0
2017-11-16 13:50:00,45.16,45.16,45.15,45.16,3100.0
2017-11-16 13:51:00,45.15,45.155,45.15,45.15,709.0
2017-11-16 13:52:00,45.15,45.16,45.15,45.155,2200.0
2017-11-16 13:53:00,45.15,45.16,45.1499,45.15,9225.0
2017-11-16 13:54:00,45.21,45.21,45.15,45.16,7010.0
2017-11-16 13:55:00,45.2099,45.22,45.19,45.22,5500.0
2017-11-16 13:56:00,45.19,45.2,45.19,45.2,1206.0
2017-11-16 13:57:00,45.1834,45.1834,45.18,45.18,1140.0
2017-11-16 13:58:00,45.2,45.22,45.18,45.18,4884.0
2017-11-16 13:59:00,45.21,45.225,45.2,45.2,3826.0
2017-11-16 14:00:00,45.21,45.22,45.2,45.2,1600.0
2017-11-16 14:01:00,45.2,45.215,45.2,45.21,2600.0
2017-11-16 14:02:00,45.19,45.2,45.19,45.2,2300.0
2017-11-16 14:03:00,45.22,45.23,45.2,45.2,6800.0
2017-11-16 14:04:00,45.22,45.225,45.2,45.2201,1300.0
2017-11-16 14:05:00,45.21,45.22,45.21,45.22,700.0
2017-11-16 14:06:00,45.2,45.215,45.1968,45.21,3328.0
2017-11-16 14:07:00,45.2,45.205,45.2,45.205,2600.0
2017-11-16 14:08:00,45.2,45.2035,45.19,45.2035,2242.0
2017-11-16 14:09:00,45.24,45.25,45.2,45.2,8060.0
2017-11-16 14:10:00,45.26,45.265,45.24,45.25,1800.0
2017-11-16 14:11:00,45.27,45.27,45.26,45.26,2999.0
2017-11-16 14:12:00,45.3,45.31,45.27,45.27,5846.0
2017-11-16 14:13:00,45.2902,45.3,45.29,45.3,900.0
2017-11-16 14:14:00,45.29,45.3,45.28,45.29,2829.0
2017-11-16 14:15:00,45.3,45.3,45.28,45.28,3466.0
2017-11-16 14:16:00,45.29,45.3,45.28,45.29,1300.0
2017-11-16 14:17:00,45.29,45.3,45.27,45.29,8012.0
2017-11-16 14:18:00,45.28,45.295,45.26,45.29,1908.0
2017-11-16 14:19:00,45.285,45.285,45.28,45.28,4180.0
2017-11-16 14:20:00,45.28,45.28,45.275,45.28,800.0
2017-11-16 14:21:00,45.28,45.28,45.27,45.28,2136.0
2017-11-16 14:22:00,45.31,45.31,45.29,45.29,5483.0
2017-11-16 14:23:00,45.29,45.305,45.29,45.3,4839.0
2017-11-16 14:24:00,45.305,45.305,45.29,45.29,5758.0
2017-11-16 14:25:00,45.31,45.32,45.3,45.3,5718.0
2017-11-16 14:26:00,45.315,45.32,45.31,45.315,1400.0
2017-11-16 14:27:00,45.31,45.315,45.305,45.31,7525.0
2017-11-16 14:28:00,45.28,45.315,45.27,45.315,4600.0
2017-11-16 14:29:00,45.27,45.27,45.27,45.27,900.0
2017-11-16 14:30:00,45.285,45.285,45.27,45.28,3400.0
2017-11-16 14:31:00,45.2853,45.2853,45.28,45.28,882.0
2017-11-16 14:32:00,45.29,45.29,45.28,45.28,3444.0
2017-11-16 14:33:00,45.29,45.295,45.285,45.29,6038.0
2017-11-16 14:34:00,45.29,45.3,45.29,45.2988,6401.0
2017-11-16 14:35:00,45.29,45.3,45.29,45.29,3000.0
2017-11-16 14:36:00,45.285,45.29,45.28,45.29,2500.0
2017-11-16 14:37:00,45.29,45.29,45.29,45.29,2690.0
2017-11-16 14:38:00,45.29,45.305,45.28,45.29,4942.0
2017-11-16 14:39:00,45.29,45.29,45.27,45.28,2175.0
2017-11-16 14:40:00,45.28,45.28,45.28,45.28,929.0
2017-11-16 14:41:00,45.265,45.27,45.26,45.27,3404.0
2017-11-16 14:42:00,45.24,45.265,45.24,45.26,3700.0
2017-11-16 14:43:00,45.24,45.255,45.24,45.25,2600.0
2017-11-16 14:44:00,45.23,45.24,45.23,45.23,300.0
2017-11-16 14:45:00,45.24,45.24,45.23,45.24,3615.0
2017-11-16 14:46:00,45.22,45.24,45.22,45.24,5515.0
2017-11-16 14:47:00,45.24,45.24,45.2225,45.2225,2200.0
2017-11-16 14:48:00,45.21,45.235,45.21,45.235,4418.0
2017-11-16 14:49:00,45.22,45.22,45.21,45.21,8032.0
2017-11-16 14:50:00,45.23,45.23,45.22,45.22,1384.0
2017-11-16 14:51:00,45.2,45.23,45.2,45.23,5338.0
2017-11-16 14:52:00,45.2,45.2,45.19,45.19,400.0
2017-11-16 14:53:00,45.205,45.205,45.2,45.2,9517.0
2017-11-16 14:54:00,45.19,45.205,45.19,45.2,7025.0
2017-11-16 14:55:00,45.215,45.22,45.19,45.19,7389.0
2017-11-16 14:56:00,45.22,45.22,45.215,45.215,1000.0
2017-11-16 14:57:00,45.195,45.21,45.19,45.21,5553.0
2017-11-16 14:58:00,45.215,45.22,45.2,45.2,10274.0
2017-11-16 14:59:00,45.21,45.225,45.21,45.215,7167.0
2017-11-16 15:00:00,45.21,45.2156,45.21,45.2156,210.0
2017-11-16 15:01:00,45.21,45.22,45.205,45.22,5647.0
2017-11-16 15:02:00,45.2071,45.2099,45.2,45.205,2613.0
2017-11-16 15:03:00,45.215,45.215,45.2,45.2,6002.0
2017-11-16 15:04:00,45.21,45.21,45.2,45.21,4525.0
2017-11-16 15:05:00,45.215,45.215,45.21,45.21,2498.0
2017-11-16 15:06:00,45.21,45.225,45.21,45.22,19857.0
2017-11-16 15:07:00,45.205,45.215,45.2,45.205,7733.0
2017-11-16 15:08:00,45.2,45.21,45.2,45.205,4214.0
2017-11-16 15:09:00,45.205,45.21,45.2,45.2,800.0
2017-11-16 15:10:00,45.205,45.21,45.19,45.2,14239.0
2017-11-16 15:11:00,45.21,45.21,45.2,45.205,2701.0
2017-11-16 15:12:00,45.2067,45.21,45.2067,45.21,400.0
2017-11-16 15:13:00,45.2,45.21,45.2,45.205,5795.0
2017-11-16 15:14:00,45.18,45.205,45.18,45.19,14475.0
2017-11-16 15:15:00,45.175,45.18,45.17,45.18,8111.0
2017-11-16 15:16:00,45.175,45.18,45.175,45.18,5925.0
2017-11-16 15:17:00,45.14,45.17,45.14,45.17,2524.0
2017-11-16 15:18:00,45.15,45.15,45.145,45.145,200.0
2017-11-16 15:19:00,45.145,45.15,45.13,45.14,5130.0
2017-11-16 15:20:00,45.14,45.1467,45.14,45.1467,3000.0
2017-11-16 15:21:00,45.13,45.145,45.13,45.14,2200.0
2017-11-16 15:22:00,45.145,45.15,45.135,45.135,8545.0
2017-11-16 15:23:00,45.13,45.145,45.13,45.14,5050.0
2017-11-16 15:24:00,45.135,45.135,45.135,45.135,239.0
2017-11-16 15:25:00,45.14,45.145,45.13,45.13,10791.0
2017-11-16 15:26:00,45.15,45.15,45.138999999999996,45.138999999999996,4013.0
2017-11-16 15:27:00,45.2,45.2,45.1434,45.15,6582.0
2017-11-16 15:28:00,45.195,45.2,45.19,45.19,12231.0
2017-11-16 15:29:00,45.19,45.2,45.19,45.19,2704.0
2017-11-16 15:30:00,45.18,45.195,45.18,45.19,3000.0
2017-11-16 15:31:00,45.2,45.2,45.17,45.18,14877.0
2017-11-16 15:32:00,45.21,45.23,45.193999999999996,45.195,10788.0
2017-11-16 15:33:00,45.21,45.22,45.2,45.22,9211.0
2017-11-16 15:34:00,45.21,45.21,45.2,45.21,2050.0
2017-11-16 15:35:00,45.2,45.205,45.19,45.2,12262.0
2017-11-16 15:36:00,45.21,45.21,45.19,45.2,18530.0
2017-11-16 15:37:00,45.21,45.21,45.2,45.2,8400.0
2017-11-16 15:38:00,45.205,45.205,45.2,45.2,1000.0
2017-11-16 15:39:00,45.2,45.205,45.2,45.2,7329.0
2017-11-16 15:40:00,45.18,45.205,45.18,45.2,9817.0
2017-11-16 15:41:00,45.18,45.18,45.15,45.18,9714.0
2017-11-16 15:42:00,45.175,45.18,45.17,45.175,3293.0
2017-11-16 15:43:00,45.18,45.18,45.17,45.17,7500.0
2017-11-16 15:44:00,45.17,45.18,45.17,45.18,1001.0
2017-11-16 15:45:00,45.18,45.18,45.165,45.175,18551.0
2017-11-16 15:46:00,45.185,45.19,45.17,45.18,32621.0
2017-11-16 15:47:00,45.18,45.19,45.18,45.185,2500.0
2017-11-16 15:48:00,45.18,45.185,45.17,45.18,7040.0
2017-11-16 15:49:00,45.17,45.18,45.17,45.175,19356.0
2017-11-16 15:50:00,45.1725,45.18,45.17,45.17,40786.0
2017-11-16 15:51:00,45.14,45.17,45.14,45.17,43725.0
2017-11-16 15:52:00,45.14,45.15,45.14,45.15,8849.0
2017-11-16 15:53:00,45.105,45.15,45.095,45.145,15300.0
2017-11-16 15:54:00,45.095,45.105,45.09,45.105,15893.0
2017-11-16 15:55:00,45.135,45.135,45.095,45.1,19827.0
2017-11-16 15:56:00,45.16,45.165,45.13,45.14,52495.0
2017-11-16 15:57:00,45.16,45.16,45.15,45.16,12463.0
2017-11-16 15:58:00,45.16,45.165,45.14,45.155,33423.0
2017-11-16 15:59:00,45.12,45.165,45.12,45.16,25305.0
2017-11-16 16:00:00,45.17,45.17,45.115,45.12,36238.0
2017-11-17 09:30:00,44.87,44.87,44.87,44.87,58103.0
2017-11-17 09:31:00,44.95,44.97,44.91,44.92,600.0
2017-11-17 09:32:00,44.98,45.08,44.88,44.88,4700.0
2017-11-17 09:33:00,45.13,45.14,44.978,44.978,6715.0
2017-11-17 09:34:00,45.1,45.15,45.1,45.105,500.0
2017-11-17 09:35:00,45.1895,45.21,45.1,45.1,3381.0
2017-11-17 09:36:00,45.08,45.19,45.08,45.19,2550.0
2017-11-17 09:37:00,45.07,45.09,45.05,45.07,2878.0
2017-11-17 09:38:00,45.08,45.15,45.08,45.12,4497.0
2017-11-17 09:39:00,45.03,45.11,45.03,45.11,200.0
2017-11-17 09:40:00,45.07,45.08,45.03,45.03,3598.0
2017-11-17 09:41:00,45.04,45.09,45.04,45.09,1000.0
2017-11-17 09:42:00,45.01,45.03,45.01,45.02,700.0
2017-11-17 09:43:00,45.07,45.07,45.015,45.015,4000.0
2017-11-17 09:44:00,45.14,45.14,45.05,45.07,1525.0
2017-11-17 09:45:00,45.135,45.16,45.135,45.16,800.0
2017-11-17 09:46:00,45.095,45.13,45.06,45.1,4000.0
2017-11-17 09:47:00,45.12,45.12,45.11,45.12,300.0
2017-11-17 09:48:00,45.1,45.11,45.1,45.11,1762.0
2017-11-17 09:49:00,45.02,45.11,45.02,45.095,7877.0
2017-11-17 09:50:00,44.93,45.045,44.93,45.04,5543.0
2017-11-17 09:51:00,44.93,44.93,44.895,44.925,2600.0
2017-11-17 09:52:00,44.89,44.92,44.89,44.92,2458.0
2017-11-17 09:53:00,44.88,44.9,44.88,44.9,4459.0
2017-11-17 09:54:00,44.93,44.94,44.88,44.89,3350.0
2017-11-17 09:55:00,44.91,44.95,44.91,44.95,2420.0
2017-11-17 09:56:00,44.83,44.89,44.8,44.88,6439.0
2017-11-17 09:57:00,44.9099,44.9099,44.815,44.825,3200.0
2017-11-17 09:58:00,44.89,44.9,44.89,44.9,1000.0
2017-11-17 09:59:00,44.97,44.97,44.9,44.9,6265.0
2017-11-17 10:00:00,44.925,44.99,44.925,44.97,13796.0
2017-11-17 10:01:00,44.905,44.94,44.89,44.94,3634.0
2017-11-17 10:02:00,44.89,44.89,44.86,44.89,3200.0
2017-11-17 10:03:00,44.8899,44.89,44.875,44.88,3388.0
2017-11-17 10:04:00,44.86,44.88,44.86,44.872,1874.0
2017-11-17 10:05:00,44.83,44.86,44.81,44.86,1400.0
2017-11-17 10:06:00,44.81,44.84,44.81,44.835,2783.0
2017-11-17 10:07:00,44.75,44.83,44.75,44.82,9845.0
2017-11-17 10:08:00,44.7732,44.78,44.76,44.77,2596.0
2017-11-17 10:09:00,44.74,44.76,44.73,44.76,2000.0
2017-11-17 10:10:00,44.69,44.73,44.6781,44.73,5714.0
2017-11-17 10:11:00,44.63,44.7,44.63,44.67,3900.0
2017-11-17 10:12:00,44.66,44.67,44.65,44.65,4565.0
2017-11-17 10:13:00,44.61,44.66,44.6,44.66,5096.0
2017-11-17 10:14:00,44.57,44.61,44.57,44.6,13170.0
2017-11-17 10:15:00,44.59,44.59,44.56,44.56,6532.0
2017-11-17 10:16:00,44.59,44.59,44.55,44.58,12535.0
2017-11-17 10:17:00,44.575,44.59,44.57,44.585,5900.0
2017-11-17 10:18:00,44.55,44.565,44.5496,44.56,2500.0
2017-11-17 10:19:00,44.56,44.57,44.56,44.56,2234.0
2017-11-17 10:20:00,44.52,44.565,44.51,44.56,9828.0
2017-11-17 10:21:00,44.535,44.535,44.52,44.52,4000.0
2017-11-17 10:22:00,44.535,44.54,44.535,44.535,3000.0
2017-11-17 10:23:00,44.53,44.535,44.51,44.535,6325.0
2017-11-17 10:24:00,44.53,44.53,44.5001,44.52,3020.0
2017-11-17 10:25:00,44.565,44.565,44.53,44.53,3412.0
2017-11-17 10:26:00,44.56,44.57,44.56,44.57,1700.0
2017-11-17 10:27:00,44.58,44.58,44.55,44.56,3100.0
2017-11-17 10:28:00,44.575,44.59,44.575,44.59,400.0
2017-11-17 10:29:00,44.555,44.58,44.55,44.575,2296.0
2017-11-17 10:30:00,44.57,44.58,44.55,44.56,3966.0
2017-11-17 10:31:00,44.55,44.57,44.54,44.56,1273.0
2017-11-17 10:32:00,44.5478,44.57,44.5478,44.55,1985.0
2017-11-17 10:33:00,44.58,44.58,44.53,44.53,5175.0
2017-11-17 10:35:00,44.58,44.61,44.57,44.58,1401.0
2017-11-17 10:36:00,44.58,44.58,44.57,44.57,400.0
2017-11-17 10:37:00,44.6,44.6,44.575,44.575,2733.0
2017-11-17 10:38:00,44.54,44.59,44.54,44.59,2619.0
2017-11-17 10:39:00,44.53,44.535,44.53,44.53,400.0
2017-11-17 10:40:00,44.53,44.54,44.53,44.54,800.0
2017-11-17 10:41:00,44.54,44.56,44.535,44.54,4685.0
2017-11-17 10:42:00,44.55,44.59,44.54,44.545,12289.0
2017-11-17 10:43:00,44.55,44.55,44.55,44.55,100.0
2017-11-17 10:44:00,44.55,44.55,44.55,44.55,400.0
2017-11-17 10:45:00,44.58,44.59,44.54,44.54,17741.0
2017-11-17 10:46:00,44.58,44.59,44.57,44.58,1700.0
2017-11-17 10:47:00,44.5988,44.6,44.575,44.575,2245.0
2017-11-17 10:48:00,44.61,44.62,44.61,44.61,800.0
2017-11-17 10:49:00,44.6,44.61,44.595,44.61,1900.0
2017-11-17 10:50:00,44.63,44.63,44.6,44.605,2975.0
2017-11-17 10:51:00,44.6387,44.65,44.6387,44.64,2000.0
2017-11-17 10:52:00,44.67,44.68,44.64,44.64,1900.0
2017-11-17 10:53:00,44.67,44.68,44.66,44.68,2660.0
2017-11-17 10:54:00,44.68899999999999,44.7,44.67,44.67,3288.0
2017-11-17 10:55:00,44.7,44.72,44.7,44.7,2100.0
2017-11-17 10:56:00,44.68,44.7,44.68,44.7,3537.0
2017-11-17 10:57:00,44.715,44.715,44.69,44.69,2496.0
2017-11-17 10:58:00,44.71,44.71,44.71,44.71,644.0
2017-11-17 10:59:00,44.72,44.72,44.72,44.72,1185.0
2017-11-17 11:01:00,44.715,44.74,44.715,44.73,1548.0
2017-11-17 11:02:00,44.68,44.71,44.68,44.71,15435.0
2017-11-17 11:03:00,44.68,44.7,44.68,44.7,1200.0
2017-11-17 11:04:00,44.68,44.69,44.68,44.69,1400.0
2017-11-17 11:05:00,44.69,44.69,44.67,44.675,5824.0
2017-11-17 11:06:00,44.69,44.69,44.67,44.67,700.0
2017-11-17 11:07:00,44.68,44.6825,44.68,44.6825,1400.0
2017-11-17 11:08:00,44.67,44.68,44.665,44.67,6755.0
2017-11-17 11:09:00,44.69,44.69,44.67,44.67,2500.0
2017-11-17 11:10:00,44.64,44.675,44.64,44.675,2813.0
2017-11-17 11:11:00,44.64,44.645,44.63,44.64,1500.0
2017-11-17 11:12:00,44.6994,44.71,44.64,44.64,10910.0
2017-11-17 11:13:00,44.67,44.7,44.67,44.69,2375.0
2017-11-17 11:14:00,44.655,44.67,44.65,44.67,2200.0
2017-11-17 11:15:00,44.6753,44.68,44.64,44.64,3837.0
2017-11-17 11:16:00,44.7,44.73,44.68,44.68,2126.0
2017-11-17 11:17:00,44.68,44.7,44.68,44.7,1100.0
2017-11-17 11:18:00,44.69,44.69,44.69,44.69,300.0
2017-11-17 11:19:00,44.69,44.73,44.69,44.69,2000.0
2017-11-17 11:20:00,44.69,44.7,44.69,44.7,400.0
2017-11-17 11:21:00,44.67,44.69,44.67,44.69,1455.0
2017-11-17 11:22:00,44.66,44.675,44.64,44.67,3600.0
2017-11-17 11:23:00,44.69,44.695,44.67,44.67,3000.0
2017-11-17 11:24:00,44.71,44.72,44.695,44.7,3898.0
2017-11-17 11:25:00,44.69,44.7,44.69,44.69,678.0
2017-11-17 11:26:00,44.69,44.7,44.69,44.7,1000.0
2017-11-17 11:28:00,44.66,44.69,44.66,44.69,4304.0
2017-11-17 11:29:00,44.69,44.695,44.67,44.67,2600.0
2017-11-17 11:30:00,44.69,44.69,44.68,44.68,256.0
2017-11-17 11:31:00,44.67,44.67,44.67,44.67,100.0
2017-11-17 11:32:00,44.6799,44.6799,44.65,44.67,2642.0
2017-11-17 11:33:00,44.64,44.67,44.64,44.665,1736.0
2017-11-17 11:34:00,44.62,44.63,44.62,44.63,1084.0
2017-11-17 11:35:00,44.6399,44.65,44.62,44.62,2460.0
2017-11-17 11:36:00,44.59,44.61,44.59,44.61,1000.0
2017-11-17 11:37:00,44.58,44.592,44.58,44.592,800.0
2017-11-17 11:38:00,44.55,44.58,44.55,44.58,3515.0
2017-11-17 11:39:00,44.51,44.55,44.51,44.54,1350.0
2017-11-17 11:40:00,44.54,44.54,44.51,44.52,3094.0
2017-11-17 11:41:00,44.5294,44.54,44.5175,44.5175,578.0
2017-11-17 11:42:00,44.53,44.53,44.5268,44.5268,600.0
2017-11-17 11:43:00,44.53,44.53,44.52,44.53,2000.0
2017-11-17 11:44:00,44.53,44.53,44.5,44.52,4997.0
2017-11-17 11:45:00,44.55,44.55,44.54,44.54,442.0
2017-11-17 11:46:00,44.61,44.62,44.59,44.59,1812.0
2017-11-17 11:47:00,44.59,44.59,44.59,44.59,200.0
2017-11-17 11:48:00,44.59,44.5998,44.59,44.5986,313.0
2017-11-17 11:49:00,44.57,44.6,44.57,44.6,1100.0
2017-11-17 11:50:00,44.56,44.57,44.53,44.55,6347.0
2017-11-17 11:51:00,44.59,44.59,44.57,44.57,1715.0
2017-11-17 11:52:00,44.61,44.61,44.59,44.59,700.0
2017-11-17 11:54:00,44.59,44.6,44.59,44.6,400.0
2017-11-17 11:55:00,44.59,44.6,44.58,44.6,400.0
2017-11-17 11:56:00,44.57,44.5899,44.56,44.58,1750.0
2017-11-17 11:57:00,44.58,44.58,44.5693,44.57,2803.0
2017-11-17 11:58:00,44.555,44.58,44.555,44.58,1800.0
2017-11-17 11:59:00,44.56,44.56,44.56,44.56,300.0
2017-11-17 12:00:00,44.56,44.56,44.55,44.56,800.0
2017-11-17 12:01:00,44.55,44.56,44.54,44.56,3100.0
2017-11-17 12:02:00,44.58,44.59,44.56,44.56,1140.0
2017-11-17 12:03:00,44.58,44.59,44.58,44.58,900.0
2017-11-17 12:04:00,44.59,44.6,44.58,44.58,3011.0
2017-11-17 12:05:00,44.585,44.59,44.58,44.59,500.0
2017-11-17 12:06:00,44.59,44.59,44.57,44.57,2131.0
2017-11-17 12:07:00,44.59,44.59,44.58,44.58,600.0
2017-11-17 12:08:00,44.62,44.62,44.6,44.6,500.0
2017-11-17 12:09:00,44.59,44.6,44.59,44.6,2300.0
2017-11-17 12:10:00,44.6,44.605,44.6,44.6,800.0
2017-11-17 12:11:00,44.59,44.6,44.59,44.6,600.0
2017-11-17 12:12:00,44.57,44.59,44.57,44.59,900.0
2017-11-17 12:13:00,44.59,44.59,44.58,44.58,3509.0
2017-11-17 12:14:00,44.6,44.6,44.6,44.6,612.0
2017-11-17 12:15:00,44.61,44.61,44.61,44.61,100.0
2017-11-17 12:16:00,44.63,44.63,44.6,44.6056,3232.0
2017-11-17 12:17:00,44.65,44.65,44.63,44.63,1850.0
2017-11-17 12:18:00,44.65,44.65,44.64,44.65,824.0
2017-11-17 12:19:00,44.6,44.6393,44.6,44.63,5012.0
2017-11-17 12:20:00,44.595,44.595,44.595,44.595,300.0
2017-11-17 12:21:00,44.61,44.62,44.6,44.6,1900.0
2017-11-17 12:22:00,44.605,44.61,44.6,44.61,400.0
2017-11-17 12:23:00,44.575,44.6,44.575,44.6,3957.0
2017-11-17 12:24:00,44.56,44.575,44.56,44.57,1700.0
2017-11-17 12:25:00,44.585,44.585,44.55,44.56,3700.0
2017-11-17 12:26:00,44.58,44.59,44.58,44.58,1400.0
2017-11-17 12:27:00,44.59,44.5965,44.58,44.58,2040.0
2017-11-17 12:28:00,44.59,44.5985,44.58,44.5985,336.0
2017-11-17 12:29:00,44.59,44.5978,44.585,44.5978,850.0
2017-11-17 12:30:00,44.6,44.6,44.585,44.585,3145.0
2017-11-17 12:31:00,44.61,44.615,44.61,44.61,800.0
2017-11-17 12:32:00,44.6,44.6,44.6,44.6,400.0
2017-11-17 12:33:00,44.61,44.61,44.61,44.61,200.0
2017-11-17 12:34:00,44.59,44.605,44.59,44.605,2200.0
2017-11-17 12:35:00,44.59,44.595,44.59,44.59,1800.0
2017-11-17 12:36:00,44.59,44.595,44.59,44.59,2400.0
2017-11-17 12:37:00,44.56,44.6,44.56,44.59,8588.0
2017-11-17 12:38:00,44.54,44.55,44.54,44.55,500.0
2017-11-17 12:39:00,44.55,44.56,44.55,44.55,1592.0
2017-11-17 12:40:00,44.55,44.55,44.54,44.5401,500.0
2017-11-17 12:41:00,44.55,44.56,44.55,44.56,840.0
2017-11-17 12:42:00,44.54,44.545,44.54,44.5448,513.0
2017-11-17 12:43:00,44.52,44.55,44.52,44.55,900.0
2017-11-17 12:44:00,44.52,44.54,44.52,44.54,700.0
2017-11-17 12:45:00,44.54,44.54,44.53,44.53,1800.0
2017-11-17 12:46:00,44.52,44.55,44.52,44.55,2212.0
2017-11-17 12:47:00,44.545,44.545,44.53,44.53,1100.0
2017-11-17 12:48:00,44.535,44.54,44.535,44.54,600.0
2017-11-17 12:49:00,44.53,44.545,44.53,44.54,751.0
2017-11-17 12:50:00,44.56,44.56,44.545,44.545,500.0
2017-11-17 12:51:00,44.56,44.57,44.55,44.56,1343.0
2017-11-17 12:52:00,44.54,44.55,44.53,44.55,2610.0
2017-11-17 12:54:00,44.57,44.57,44.56,44.56,700.0
2017-11-17 12:55:00,44.54,44.56,44.54,44.56,620.0
2017-11-17 12:56:00,44.54,44.54,44.54,44.54,100.0
2017-11-17 12:57:00,44.55,44.55,44.55,44.55,1200.0
2017-11-17 12:58:00,44.56,44.56,44.54,44.55,600.0
2017-11-17 12:59:00,44.53,44.57,44.53,44.57,1901.0
2017-11-17 13:00:00,44.555,44.56,44.54,44.54,2700.0
2017-11-17 13:01:00,44.55,44.55,44.55,44.55,300.0
2017-11-17 13:02:00,44.5434,44.55,44.54,44.55,600.0
2017-11-17 13:03:00,44.53,44.54,44.53,44.54,1066.0
2017-11-17 13:04:00,44.53,44.54,44.53,44.54,500.0
2017-11-17 13:05:00,44.535,44.535,44.52,44.53,3896.0
2017-11-17 13:06:00,44.54,44.54,44.53,44.54,400.0
2017-11-17 13:07:00,44.525,44.53,44.52,44.53,1014.0
2017-11-17 13:08:00,44.53,44.53,44.52,44.52,1100.0
2017-11-17 13:09:00,44.52,44.54,44.52,44.52,500.0
2017-11-17 13:10:00,44.53,44.535,44.52,44.52,2000.0
2017-11-17 13:11:00,44.535,44.535,44.53,44.53,300.0
2017-11-17 13:12:00,44.52,44.53,44.52,44.53,700.0
2017-11-17 13:13:00,44.525,44.53,44.51,44.51,1200.0
2017-11-17 13:14:00,44.51,44.525,44.51,44.52,1000.0
2017-11-17 13:15:00,44.5,44.52,44.5,44.51,740.0
2017-11-17 13:16:00,44.5,44.51,44.5,44.51,2803.0
2017-11-17 13:17:00,44.51,44.52,44.505,44.511,1725.0
2017-11-17 13:18:00,44.5,44.51,44.5,44.51,300.0
2017-11-17 13:19:00,44.48,44.51,44.47,44.51,6519.0
2017-11-17 13:20:00,44.48,44.485,44.48,44.485,700.0
2017-11-17 13:21:00,44.47,44.48,44.47,44.476000000000006,2754.0
2017-11-17 13:22:00,44.46,44.47,44.46,44.47,700.0
2017-11-17 13:23:00,44.47,44.47,44.46,44.46,838.0
2017-11-17 13:24:00,44.47,44.47,44.465,44.465,200.0
2017-11-17 13:25:00,44.44,44.47,44.44,44.46,1653.0
2017-11-17 13:26:00,44.445,44.45,44.44,44.44,400.0
2017-11-17 13:27:00,44.47,44.47,44.45,44.45,3000.0
2017-11-17 13:28:00,44.495,44.5,44.49,44.49,1166.0
2017-11-17 13:29:00,44.48,44.5,44.48,44.5,4743.0
2017-11-17 13:30:00,44.5,44.5,44.49,44.49,1400.0
2017-11-17 13:31:00,44.505,44.51,44.49,44.5,400.0
2017-11-17 13:32:00,44.5199,44.5199,44.5,44.51,1200.0
2017-11-17 13:33:00,44.49,44.51,44.49,44.51,1000.0
2017-11-17 13:34:00,44.49,44.49,44.49,44.49,100.0
2017-11-17 13:35:00,44.5,44.5,44.48,44.48,1300.0
2017-11-17 13:36:00,44.48,44.5,44.48,44.49,600.0
2017-11-17 13:37:00,44.49,44.5,44.49,44.5,1200.0
2017-11-17 13:38:00,44.5,44.5,44.48,44.48,200.0
2017-11-17 13:39:00,44.5,44.5,44.48,44.5,406.0
2017-11-17 13:40:00,44.5,44.5,44.48,44.49,4170.0
2017-11-17 13:41:00,44.51,44.51,44.5,44.5,300.0
2017-11-17 13:42:00,44.505,44.505,44.5,44.5,200.0
2017-11-17 13:43:00,44.503,44.505,44.503,44.505,300.0
2017-11-17 13:44:00,44.49,44.51,44.49,44.505,1737.0
2017-11-17 13:45:00,44.48,44.48,44.48,44.48,900.0
2017-11-17 13:46:00,44.51,44.51,44.49,44.49,3495.0
2017-11-17 13:47:00,44.4932,44.5,44.49,44.5,1570.0
2017-11-17 13:48:00,44.5,44.5,44.5,44.5,100.0
2017-11-17 13:49:00,44.49,44.497,44.49,44.493,2093.0
2017-11-17 13:50:00,44.49,44.49,44.48,44.49,1026.0
2017-11-17 13:51:00,44.51,44.51,44.5,44.5,600.0
2017-11-17 13:52:00,44.53,44.54,44.5,44.51,11424.0
2017-11-17 13:53:00,44.545,44.545,44.545,44.545,500.0
2017-11-17 13:54:00,44.55,44.55,44.55,44.55,1100.0
2017-11-17 13:55:00,44.55,44.57,44.53,44.57,3366.0
2017-11-17 13:56:00,44.54,44.57,44.54,44.57,1500.0
2017-11-17 13:57:00,44.55,44.55,44.55,44.55,300.0
2017-11-17 13:58:00,44.55,44.55,44.55,44.55,500.0
2017-11-17 13:59:00,44.5464,44.5464,44.5462,44.5462,461.0
2017-11-17 14:00:00,44.54,44.55,44.53,44.54,1144.0
2017-11-17 14:01:00,44.48,44.535,44.48,44.535,3485.0
2017-11-17 14:02:00,44.505,44.505,44.48,44.48,3523.0
2017-11-17 14:03:00,44.5,44.505,44.5,44.505,500.0
2017-11-17 14:04:00,44.4942,44.5,44.4942,44.5,600.0
2017-11-17 14:05:00,44.4925,44.4925,44.49,44.49,200.0
2017-11-17 14:06:00,44.51,44.51,44.49,44.5,2226.0
2017-11-17 14:07:00,44.5242,44.53,44.51,44.515,1600.0
2017-11-17 14:08:00,44.5283,44.53,44.52,44.52,610.0
2017-11-17 14:09:00,44.54,44.54,44.525,44.525,804.0
2017-11-17 14:10:00,44.55,44.55,44.54,44.54,400.0
2017-11-17 14:11:00,44.55,44.55,44.545,44.55,500.0
2017-11-17 14:12:00,44.56,44.56,44.55,44.55,1970.0
2017-11-17 14:13:00,44.57,44.57,44.56,44.565,5549.0
2017-11-17 14:14:00,44.57,44.57,44.56,44.565,7283.0
2017-11-17 14:15:00,44.58,44.59,44.56,44.57,13476.0
2017-11-17 14:16:00,44.59,44.6,44.58,44.58,2000.0
2017-11-17 14:17:00,44.63,44.64,44.598,44.598,4364.0
2017-11-17 14:18:00,44.53,44.62,44.53,44.62,9133.0
2017-11-17 14:19:00,44.545,44.545,44.53,44.54,2058.0
2017-11-17 14:20:00,44.545,44.55,44.545,44.55,1300.0
2017-11-17 14:21:00,44.57,44.58,44.545,44.55,2170.0
2017-11-17 14:22:00,44.58,44.58,44.56,44.58,2200.0
2017-11-17 14:23:00,44.55,44.565,44.55,44.56,1500.0
2017-11-17 14:24:00,44.57,44.57,44.56,44.56,1500.0
2017-11-17 14:25:00,44.59,44.59,44.57,44.58,1700.0
2017-11-17 14:26:00,44.59,44.6,44.59,44.6,1000.0
2017-11-17 14:27:00,44.59,44.6,44.59,44.59,2000.0
2017-11-17 14:28:00,44.61,44.61,44.6,44.61,700.0
2017-11-17 14:29:00,44.6056,44.61,44.605,44.61,850.0
2017-11-17 14:30:00,44.585,44.61,44.585,44.61,4332.0
2017-11-17 14:31:00,44.605,44.605,44.59,44.59,900.0
2017-11-17 14:32:00,44.61,44.61,44.6,44.61,800.0
2017-11-17 14:33:00,44.6,44.61,44.6,44.61,1000.0
2017-11-17 14:34:00,44.59,44.61,44.59,44.61,4200.0
2017-11-17 14:35:00,44.61,44.61,44.6,44.6,1300.0
2017-11-17 14:36:00,44.605,44.605,44.6,44.6,200.0
2017-11-17 14:37:00,44.63,44.63,44.6,44.605,2720.0
2017-11-17 14:38:00,44.635,44.64,44.63,44.63,1592.0
2017-11-17 14:39:00,44.635,44.64,44.63,44.64,4150.0
2017-11-17 14:40:00,44.645,44.65,44.63,44.635,12341.0
2017-11-17 14:41:00,44.635,44.645,44.63,44.6442,3495.0
2017-11-17 14:42:00,44.67,44.67,44.63,44.63,7034.0
2017-11-17 14:43:00,44.68,44.68,44.66,44.66,3196.0
2017-11-17 14:44:00,44.7,44.7,44.68,44.68,800.0
2017-11-17 14:45:00,44.695,44.7,44.68,44.7,3296.0
2017-11-17 14:46:00,44.68,44.695,44.68,44.695,2508.0
2017-11-17 14:47:00,44.675,44.676,44.6725,44.6725,400.0
2017-11-17 14:48:00,44.69,44.69,44.675,44.675,1375.0
2017-11-17 14:49:00,44.7,44.7,44.685,44.69,1100.0
2017-11-17 14:50:00,44.71,44.72,44.7,44.7,1900.0
2017-11-17 14:51:00,44.71,44.715,44.71,44.715,1400.0
2017-11-17 14:52:00,44.71,44.71,44.7,44.71,800.0
2017-11-17 14:53:00,44.705,44.71,44.7,44.705,1400.0
2017-11-17 14:54:00,44.71,44.71,44.7,44.71,1321.0
2017-11-17 14:55:00,44.71,44.71,44.7,44.71,1600.0
2017-11-17 14:56:00,44.71,44.72,44.71,44.71,5517.0
2017-11-17 14:57:00,44.7,44.715,44.695,44.715,3173.0
2017-11-17 14:58:00,44.665,44.69,44.665,44.69,2773.0
2017-11-17 14:59:00,44.665,44.665,44.66,44.665,900.0
2017-11-17 15:00:00,44.675,44.68,44.665,44.665,2955.0
2017-11-17 15:01:00,44.68,44.68,44.67,44.68,1200.0
2017-11-17 15:02:00,44.68,44.68,44.67,44.675,1500.0
2017-11-17 15:03:00,44.68,44.68,44.67,44.68,1100.0
2017-11-17 15:04:00,44.68,44.68,44.67,44.68,1400.0
2017-11-17 15:05:00,44.69,44.69,44.67,44.68,4102.0
2017-11-17 15:06:00,44.71,44.71,44.7,44.7,2169.0
2017-11-17 15:07:00,44.73,44.73,44.71,44.71,2900.0
2017-11-17 15:08:00,44.725,44.73,44.725,44.73,1583.0
2017-11-17 15:09:00,44.72,44.73,44.72,44.73,1500.0
2017-11-17 15:10:00,44.725,44.73,44.71,44.73,5564.0
2017-11-17 15:11:00,44.7308,44.735,44.72,44.72,2300.0
2017-11-17 15:12:00,44.775,44.78,44.735,44.735,9388.0
2017-11-17 15:13:00,44.78,44.78,44.77,44.78,1100.0
2017-11-17 15:14:00,44.81,44.81,44.78,44.78,4154.0
2017-11-17 15:15:00,44.83,44.83,44.805,44.81,1400.0
2017-11-17 15:16:00,44.79,44.83,44.7763,44.83,19563.0
2017-11-17 15:17:00,44.805,44.81,44.8,44.8,3587.0
2017-11-17 15:18:00,44.8,44.805,44.79,44.8,3892.0
2017-11-17 15:19:00,44.8,44.8,44.8,44.8,100.0
2017-11-17 15:20:00,44.8,44.8,44.79,44.8,1410.0
2017-11-17 15:21:00,44.79,44.8,44.79,44.795,7886.0
2017-11-17 15:22:00,44.74,44.8,44.74,44.795,23081.0
2017-11-17 15:23:00,44.735,44.74,44.733000000000004,44.733000000000004,2615.0
2017-11-17 15:24:00,44.77,44.77,44.735,44.735,5108.0
2017-11-17 15:25:00,44.78,44.78,44.765,44.765,2135.0
2017-11-17 15:26:00,44.78,44.78,44.77,44.78,3000.0
2017-11-17 15:27:00,44.765,44.78,44.76,44.78,3555.0
2017-11-17 15:28:00,44.785,44.79,44.77,44.77,4795.0
2017-11-17 15:29:00,44.8,44.8,44.79,44.79,2896.0
2017-11-17 15:30:00,44.795,44.8,44.79,44.8,1900.0
2017-11-17 15:31:00,44.8,44.81,44.8,44.8,2537.0
2017-11-17 15:32:00,44.78,44.8,44.78,44.8,4461.0
2017-11-17 15:33:00,44.8,44.8,44.78,44.7852,9630.0
2017-11-17 15:34:00,44.795,44.8,44.795,44.795,1555.0
2017-11-17 15:35:00,44.78,44.8,44.78,44.79,3336.0
2017-11-17 15:36:00,44.79,44.79,44.78,44.78,6200.0
2017-11-17 15:37:00,44.78,44.785,44.78,44.785,1300.0
2017-11-17 15:38:00,44.81,44.81,44.79,44.79,8173.0
2017-11-17 15:39:00,44.8,44.81,44.8,44.81,3247.0
2017-11-17 15:40:00,44.805,44.81,44.8,44.8,1300.0
2017-11-17 15:41:00,44.795,44.81,44.795,44.805,8560.0
2017-11-17 15:42:00,44.82,44.82,44.79,44.79,6250.0
2017-11-17 15:43:00,44.855,44.86,44.8175,44.82,8401.0
2017-11-17 15:44:00,44.87,44.88,44.85,44.855,11518.0
2017-11-17 15:45:00,44.88,44.88,44.85,44.88,18555.0
2017-11-17 15:46:00,44.84,44.87,44.84,44.86,7228.0
2017-11-17 15:47:00,44.84,44.86,44.84,44.84,9892.0
2017-11-17 15:48:00,44.84,44.85,44.84,44.845,1220.0
2017-11-17 15:49:00,44.87,44.87,44.845,44.85,8249.0
2017-11-17 15:50:00,44.84,44.87,44.84,44.865,9933.0
2017-11-17 15:51:00,44.855,44.86,44.85,44.85,6048.0
2017-11-17 15:52:00,44.85,44.86,44.85,44.86,8170.0
2017-11-17 15:53:00,44.84,44.86,44.84,44.855,4657.0
2017-11-17 15:54:00,44.8499,44.85,44.84,44.84,2501.0
2017-11-17 15:55:00,44.84,44.85,44.81,44.84,28002.0
2017-11-17 15:56:00,44.84,44.85,44.84,44.84,3288.0
2017-11-17 15:57:00,44.82,44.85,44.82,44.84,12109.0
2017-11-17 15:58:00,44.8,44.82,44.8,44.82,5541.0
2017-11-17 15:59:00,44.82,44.82,44.8,44.8,17101.0
2017-11-17 16:00:00,44.79,44.82,44.77,44.82,54717.0
2017-11-20 09:30:00,44.78,44.78,44.78,44.78,10417.0
2017-11-20 09:31:00,44.7,44.75,44.7,44.7,701.0
2017-11-20 09:32:00,44.62,44.68,44.62,44.68,1000.0
2017-11-20 09:33:00,44.565,44.61,44.53,44.61,6521.0
2017-11-20 09:34:00,44.63,44.63,44.55,44.55,2100.0
2017-11-20 09:37:00,44.645,44.65,44.64,44.64,3376.0
2017-11-20 09:38:00,44.63,44.645,44.63,44.645,1300.0
2017-11-20 09:39:00,44.65,44.66,44.62,44.625,2389.0
2017-11-20 09:40:00,44.65,44.655,44.65,44.6546,435.0
2017-11-20 09:41:00,44.57,44.64,44.57,44.64,4800.0
2017-11-20 09:42:00,44.51,44.57,44.51,44.57,5948.0
2017-11-20 09:43:00,44.49,44.5312,44.49,44.52,2730.0
2017-11-20 09:44:00,44.48,44.52,44.48,44.52,8150.0
2017-11-20 09:45:00,44.5,44.5,44.47,44.49,1133.0
2017-11-20 09:46:00,44.49,44.5,44.47,44.47,1500.0
2017-11-20 09:47:00,44.53,44.54,44.51,44.52,2167.0
2017-11-20 09:48:00,44.55,44.56,44.55,44.55,1200.0
2017-11-20 09:49:00,44.605,44.61,44.565,44.57,3000.0
2017-11-20 09:50:00,44.655,44.655,44.61,44.6112,9921.0
2017-11-20 09:51:00,44.66,44.68,44.63,44.655,3300.0
2017-11-20 09:52:00,44.7,44.7,44.65,44.65,800.0
2017-11-20 09:53:00,44.7568,44.7568,44.69,44.69,1100.0
2017-11-20 09:54:00,44.77,44.78,44.755,44.755,3100.0
2017-11-20 09:55:00,44.785,44.79,44.765,44.765,3667.0
2017-11-20 09:56:00,44.8,44.81,44.77,44.77,869.0
2017-11-20 09:57:00,44.775,44.785,44.77,44.785,400.0
2017-11-20 09:58:00,44.82,44.82,44.77,44.77,4374.0
2017-11-20 09:59:00,44.8575,44.86,44.83,44.83,1933.0
2017-11-20 10:00:00,44.865,44.865,44.865,44.865,200.0
2017-11-20 10:01:00,44.88,44.88,44.85,44.87,2162.0
2017-11-20 10:02:00,44.82,44.88,44.81,44.88,1856.0
2017-11-20 10:03:00,44.81,44.81,44.81,44.81,400.0
2017-11-20 10:04:00,44.86,44.86,44.83,44.83,3363.0
2017-11-20 10:05:00,44.9,44.91,44.86,44.8699,7352.0
2017-11-20 10:06:00,44.875,44.91,44.875,44.9,1700.0
2017-11-20 10:07:00,44.865,44.8801,44.86,44.875,1829.0
2017-11-20 10:08:00,44.905,44.905,44.87,44.875,2900.0
2017-11-20 10:09:00,44.91,44.91,44.906000000000006,44.906000000000006,680.0
2017-11-20 10:10:00,44.95,44.95,44.91,44.91,2601.0
2017-11-20 10:11:00,44.91,44.94,44.91,44.94,1200.0
2017-11-20 10:12:00,44.9,44.91,44.89,44.91,684.0
2017-11-20 10:13:00,44.875,44.9,44.875,44.9,757.0
2017-11-20 10:14:00,44.84,44.86,44.84,44.86,804.0
2017-11-20 10:15:00,44.83,44.84,44.83,44.84,200.0
2017-11-20 10:16:00,44.83,44.83,44.83,44.83,100.0
2017-11-20 10:17:00,44.82,44.84,44.82,44.84,800.0
2017-11-20 10:18:00,44.83,44.83,44.83,44.83,200.0
2017-11-20 10:19:00,44.82,44.84,44.82,44.84,1300.0
2017-11-20 10:20:00,44.82,44.82,44.81,44.82,720.0
2017-11-20 10:21:00,44.82,44.82,44.82,44.82,100.0
2017-11-20 10:22:00,44.87,44.89,44.82,44.82,5008.0
2017-11-20 10:23:00,44.9,44.92,44.88,44.88,1200.0
2017-11-20 10:24:00,44.8836,44.8975,44.8836,44.895,671.0
2017-11-20 10:26:00,44.88,44.9,44.88,44.9,230.0
2017-11-20 10:27:00,44.88,44.89,44.88,44.88,400.0
2017-11-20 10:28:00,44.885,44.9,44.88,44.88,1462.0
2017-11-20 10:29:00,44.88,44.9,44.88,44.885,2790.0
2017-11-20 10:30:00,44.825,44.89,44.825,44.88,2600.0
2017-11-20 10:31:00,44.835,44.85,44.825,44.825,1182.0
2017-11-20 10:32:00,44.815,44.82,44.815,44.82,500.0
2017-11-20 10:33:00,44.85,44.85,44.825,44.825,900.0
2017-11-20 10:34:00,44.8217,44.85,44.82,44.85,1407.0
2017-11-20 10:35:00,44.835,44.84,44.83,44.83,625.0
2017-11-20 10:36:00,44.83,44.83,44.82,44.82,200.0
2017-11-20 10:37:00,44.84,44.85,44.825,44.83,1410.0
2017-11-20 10:38:00,44.84,44.85,44.84,44.84,900.0
2017-11-20 10:39:00,44.83,44.84,44.82,44.83,4700.0
2017-11-20 10:40:00,44.82,44.85,44.82,44.85,1295.0
2017-11-20 10:41:00,44.84,44.84,44.816,44.816,857.0
2017-11-20 10:43:00,44.84,44.9,44.84,44.84,4177.0
2017-11-20 10:44:00,44.84,44.87,44.84,44.84,1742.0
2017-11-20 10:45:00,44.85,44.85,44.84,44.84,600.0
2017-11-20 10:46:00,44.88,44.88,44.87,44.87,600.0
2017-11-20 10:47:00,44.86,44.89,44.86,44.88,2298.0
2017-11-20 10:48:00,44.9,44.9,44.87,44.87,1850.0
2017-11-20 10:49:00,44.89,44.89,44.89,44.89,400.0
2017-11-20 10:50:00,44.88,44.9,44.88,44.89,1500.0
2017-11-20 10:51:00,44.84,44.88,44.84,44.88,1754.0
2017-11-20 10:52:00,44.86,44.87,44.84,44.8598,1379.0
2017-11-20 10:53:00,44.88,44.88,44.88,44.88,100.0
2017-11-20 10:54:00,44.9,44.93,44.88,44.88,7900.0
2017-11-20 10:55:00,44.86,44.905,44.85,44.9,4247.0
2017-11-20 10:56:00,44.86,44.87,44.85,44.86,1769.0
2017-11-20 10:59:00,44.87,44.9,44.87,44.9,1300.0
2017-11-20 11:00:00,44.885,44.89,44.87,44.88,1200.0
2017-11-20 11:01:00,44.89,44.9,44.88,44.89,2100.0
2017-11-20 11:02:00,44.89,44.89,44.88,44.88,500.0
2017-11-20 11:03:00,44.87,44.89,44.87,44.88,3400.0
2017-11-20 11:04:00,44.84,44.86,44.84,44.86,1600.0
2017-11-20 11:05:00,44.88,44.885,44.86,44.86,3363.0
2017-11-20 11:06:00,44.86,44.88,44.85,44.875,3600.0
2017-11-20 11:07:00,44.85,44.85,44.85,44.85,400.0
2017-11-20 11:08:00,44.85,44.85,44.85,44.85,400.0
2017-11-20 11:09:00,44.855,44.86,44.85,44.86,627.0
2017-11-20 11:10:00,44.85,44.86,44.84,44.85,3323.0
2017-11-20 11:11:00,44.88,44.88,44.85,44.86,1828.0
2017-11-20 11:12:00,44.87,44.87,44.86,44.86,1000.0
2017-11-20 11:13:00,44.86,44.87,44.86,44.87,1000.0
2017-11-20 11:14:00,44.8775,44.88,44.86,44.87,1017.0
2017-11-20 11:15:00,44.87,44.875,44.87,44.87,1100.0
2017-11-20 11:16:00,44.86,44.865,44.86,44.86,700.0
2017-11-20 11:17:00,44.885,44.89,44.85,44.86,5143.0
2017-11-20 11:18:00,44.86,44.88,44.86,44.88,1702.0
2017-11-20 11:19:00,44.84,44.86,44.84,44.86,1400.0
2017-11-20 11:20:00,44.84,44.86,44.84,44.841,1237.0
2017-11-20 11:21:00,44.8675,44.87,44.84,44.84,3760.0
2017-11-20 11:22:00,44.85,44.87,44.85,44.87,1100.0
2017-11-20 11:23:00,44.84,44.87,44.84,44.87,2500.0
2017-11-20 11:24:00,44.83,44.85,44.83,44.85,638.0
2017-11-20 11:25:00,44.8,44.83,44.79,44.83,2618.0
2017-11-20 11:26:00,44.8,44.81,44.8,44.8,1202.0
2017-11-20 11:27:00,44.815,44.8192,44.79,44.8,6054.0
2017-11-20 11:28:00,44.81,44.815,44.805,44.81,3361.0
2017-11-20 11:29:00,44.81,44.81,44.81,44.81,401.0
2017-11-20 11:30:00,44.785,44.81,44.785,44.81,1909.0
2017-11-20 11:31:00,44.77,44.78,44.77,44.78,929.0
2017-11-20 11:32:00,44.77,44.78,44.77,44.78,3694.0
2017-11-20 11:33:00,44.76,44.76,44.75,44.76,1500.0
2017-11-20 11:34:00,44.76,44.76,44.75,44.75,417.0
2017-11-20 11:35:00,44.75,44.75,44.75,44.75,400.0
2017-11-20 11:36:00,44.7407,44.75,44.73,44.75,5121.0
2017-11-20 11:37:00,44.74,44.75,44.73,44.74,15045.0
2017-11-20 11:38:00,44.76,44.76,44.74,44.74,6713.0
2017-11-20 11:39:00,44.75,44.75,44.75,44.75,1439.0
2017-11-20 11:40:00,44.75,44.75899999999999,44.75,44.75899999999999,350.0
2017-11-20 11:41:00,44.75,44.76,44.745,44.75,2292.0
2017-11-20 11:42:00,44.76,44.76,44.745,44.75,1000.0
2017-11-20 11:43:00,44.7632,44.7632,44.76,44.76,1454.0
2017-11-20 11:44:00,44.76,44.77,44.76,44.76,2655.0
2017-11-20 11:45:00,44.79,44.79,44.78,44.78,700.0
2017-11-20 11:46:00,44.76,44.77,44.76,44.77,1600.0
2017-11-20 11:47:00,44.75,44.76,44.75,44.75,1603.0
2017-11-20 11:48:00,44.735,44.76,44.73,44.76,6921.0
2017-11-20 11:49:00,44.73,44.73,44.73,44.73,300.0
2017-11-20 11:50:00,44.75,44.76,44.74,44.74,2403.0
2017-11-20 11:52:00,44.73,44.7401,44.73,44.74,3650.0
2017-11-20 11:53:00,44.655,44.73,44.655,44.73,3951.0
2017-11-20 11:54:00,44.65,44.665,44.65,44.66,4900.0
2017-11-20 11:55:00,44.64,44.66,44.64,44.66,3760.0
2017-11-20 11:56:00,44.65,44.66,44.645,44.65,1700.0
2017-11-20 11:57:00,44.6401,44.65,44.6401,44.65,300.0
2017-11-20 11:58:00,44.5975,44.65,44.59,44.65,6950.0
2017-11-20 11:59:00,44.6,44.61,44.6,44.6,6298.0
2017-11-20 12:00:00,44.6,44.615,44.59,44.615,1523.0
2017-11-20 12:01:00,44.61,44.61,44.6,44.6,6797.0
2017-11-20 12:02:00,44.59,44.6,44.59,44.6,3300.0
2017-11-20 12:03:00,44.605,44.615,44.6,44.6,5100.0
2017-11-20 12:04:00,44.61,44.61,44.59,44.6,2587.0
2017-11-20 12:05:00,44.59,44.62,44.59,44.61,4372.0
2017-11-20 12:06:00,44.58,44.59,44.58,44.59,2688.0
2017-11-20 12:07:00,44.6,44.61,44.585,44.59,6414.0
2017-11-20 12:08:00,44.6044,44.61,44.6,44.6,410.0
2017-11-20 12:09:00,44.52,44.6,44.52,44.6,6100.0
2017-11-20 12:10:00,44.54,44.545,44.53,44.54,5268.0
2017-11-20 12:11:00,44.54,44.5451,44.54,44.5451,2600.0
2017-11-20 12:12:00,44.54,44.54,44.52,44.53,2150.0
2017-11-20 12:13:00,44.53,44.53,44.53,44.53,500.0
2017-11-20 12:14:00,44.54,44.54,44.53,44.53,200.0
2017-11-20 12:15:00,44.535,44.545,44.53,44.53,1390.0
2017-11-20 12:16:00,44.525,44.54,44.5201,44.53,6300.0
2017-11-20 12:17:00,44.53,44.54,44.53,44.54,2233.0
2017-11-20 12:18:00,44.5301,44.54,44.53,44.5301,2948.0
2017-11-20 12:19:00,44.5301,44.54,44.5301,44.54,200.0
2017-11-20 12:20:00,44.53,44.5301,44.53,44.53,800.0
2017-11-20 12:21:00,44.555,44.56,44.545,44.55,6042.0
2017-11-20 12:22:00,44.55,44.5575,44.55,44.555,751.0
2017-11-20 12:23:00,44.57,44.58,44.555,44.56,6190.0
2017-11-20 12:24:00,44.575,44.58,44.57,44.58,2700.0
2017-11-20 12:25:00,44.57,44.58,44.565,44.57,3621.0
2017-11-20 12:26:00,44.575,44.575,44.575,44.575,200.0
2017-11-20 12:27:00,44.56,44.57,44.56,44.57,2600.0
2017-11-20 12:29:00,44.56,44.57,44.56,44.56,3298.0
2017-11-20 12:30:00,44.56,44.57,44.56,44.57,1700.0
2017-11-20 12:31:00,44.565,44.575,44.56,44.57,1973.0
2017-11-20 12:32:00,44.575,44.58,44.56,44.565,3612.0
2017-11-20 12:33:00,44.57,44.575,44.56,44.57,3402.0
2017-11-20 12:34:00,44.5775,44.5775,44.57,44.57,1136.0
2017-11-20 12:35:00,44.575,44.58,44.57,44.57,4099.0
2017-11-20 12:36:00,44.6,44.6,44.575,44.575,4310.0
2017-11-20 12:37:00,44.575,44.595,44.575,44.59,2840.0
2017-11-20 12:38:00,44.595,44.6,44.58,44.58,3430.0
2017-11-20 12:39:00,44.595,44.595,44.595,44.595,100.0
2017-11-20 12:40:00,44.59,44.595,44.58,44.5936,2852.0
2017-11-20 12:41:00,44.57,44.595,44.565,44.595,4900.0
2017-11-20 12:42:00,44.56,44.57,44.56,44.56,600.0
2017-11-20 12:43:00,44.57,44.574,44.56,44.565,3825.0
2017-11-20 12:44:00,44.575,44.575,44.575,44.575,100.0
2017-11-20 12:45:00,44.57,44.57,44.5685,44.57,500.0
2017-11-20 12:46:00,44.55,44.56,44.55,44.56,4514.0
2017-11-20 12:47:00,44.54,44.54,44.54,44.54,1500.0
2017-11-20 12:48:00,44.5401,44.55,44.54,44.545,4376.0
2017-11-20 12:49:00,44.555,44.555,44.545,44.55,674.0
2017-11-20 12:50:00,44.545,44.55,44.545,44.55,1341.0
2017-11-20 12:51:00,44.48,44.545,44.48,44.545,3614.0
2017-11-20 12:52:00,44.47,44.48,44.46,44.48,400.0
2017-11-20 12:53:00,44.46,44.46,44.46,44.46,400.0
2017-11-20 12:54:00,44.47,44.48,44.47,44.48,600.0
2017-11-20 12:55:00,44.47,44.49,44.47,44.475,6000.0
2017-11-20 12:56:00,44.48,44.485,44.47,44.475,4138.0
2017-11-20 12:57:00,44.4858,44.49,44.4858,44.49,316.0
2017-11-20 12:58:00,44.5,44.51,44.49,44.49,3700.0
2017-11-20 12:59:00,44.5075,44.5075,44.5001,44.505,500.0
2017-11-20 13:00:00,44.5,44.51,44.5,44.51,700.0
2017-11-20 13:01:00,44.505,44.505,44.505,44.505,235.0
2017-11-20 13:02:00,44.49,44.5,44.49,44.5,2936.0
2017-11-20 13:03:00,44.49,44.5,44.49,44.5,2146.0
2017-11-20 13:04:00,44.48,44.495,44.48,44.49,1500.0
2017-11-20 13:05:00,44.495,44.5,44.48,44.48,3400.0
2017-11-20 13:06:00,44.5075,44.51,44.5,44.51,525.0
2017-11-20 13:07:00,44.505,44.51,44.505,44.505,1325.0
2017-11-20 13:08:00,44.51,44.51,44.51,44.51,100.0
2017-11-20 13:09:00,44.505,44.51,44.5,44.5,2790.0
2017-11-20 13:10:00,44.505,44.505,44.505,44.505,100.0
2017-11-20 13:11:00,44.5,44.51,44.5,44.505,775.0
2017-11-20 13:12:00,44.41,44.5,44.41,44.5,15770.0
2017-11-20 13:13:00,44.415,44.43,44.405,44.405,10679.0
2017-11-20 13:14:00,44.42,44.42,44.415,44.415,1300.0
2017-11-20 13:15:00,44.41,44.43,44.41,44.425,2902.0
2017-11-20 13:16:00,44.41,44.425,44.41,44.415,5745.0
2017-11-20 13:17:00,44.42,44.42,44.41,44.42,2100.0
2017-11-20 13:18:00,44.42,44.43,44.41,44.41,1406.0
2017-11-20 13:19:00,44.44,44.44,44.41,44.42,3792.0
2017-11-20 13:20:00,44.43,44.44,44.43,44.44,1790.0
2017-11-20 13:21:00,44.42,44.43,44.42,44.42,901.0
2017-11-20 13:22:00,44.42,44.44,44.42,44.43,2459.0
2017-11-20 13:23:00,44.46,44.46,44.43,44.43,5700.0
2017-11-20 13:24:00,44.45,44.46,44.45,44.46,500.0
2017-11-20 13:25:00,44.4599,44.46,44.455,44.46,1732.0
2017-11-20 13:26:00,44.455,44.46,44.4547,44.455,3500.0
2017-11-20 13:27:00,44.47,44.48,44.46,44.46,3493.0
2017-11-20 13:28:00,44.5,44.5,44.47,44.47,4218.0
2017-11-20 13:29:00,44.54,44.54,44.5097,44.5097,2248.0
2017-11-20 13:30:00,44.58,44.61,44.53,44.53,10262.0
2017-11-20 13:31:00,44.62,44.62,44.58,44.58,3296.0
2017-11-20 13:32:00,44.59,44.605,44.57,44.605,6450.0
2017-11-20 13:33:00,44.6,44.6,44.59,44.59,2300.0
2017-11-20 13:34:00,44.61,44.61,44.59,44.595,1500.0
2017-11-20 13:35:00,44.6,44.605,44.59,44.6,2681.0
2017-11-20 13:36:00,44.62,44.63,44.61,44.61,2100.0
2017-11-20 13:37:00,44.63,44.63,44.62,44.62,500.0
2017-11-20 13:38:00,44.61,44.63,44.61,44.63,1700.0
2017-11-20 13:39:00,44.62,44.62,44.61,44.62,2200.0
2017-11-20 13:40:00,44.6299,44.63,44.61,44.62,2550.0
2017-11-20 13:41:00,44.6,44.62,44.6,44.62,2643.0
2017-11-20 13:42:00,44.6,44.6,44.6,44.6,100.0
2017-11-20 13:43:00,44.565,44.595,44.565,44.59,2200.0
2017-11-20 13:44:00,44.58,44.58,44.56,44.56,3670.0
2017-11-20 13:45:00,44.565,44.58,44.565,44.5757,1746.0
2017-11-20 13:46:00,44.57,44.58,44.565,44.57,1800.0
2017-11-20 13:47:00,44.5775,44.5775,44.57,44.57,400.0
2017-11-20 13:48:00,44.575,44.58,44.5701,44.5701,1246.0
2017-11-20 13:49:00,44.58,44.58,44.575,44.575,200.0
2017-11-20 13:50:00,44.57,44.575,44.57,44.575,400.0
2017-11-20 13:51:00,44.56,44.575,44.55,44.575,3653.0
2017-11-20 13:52:00,44.55,44.555,44.55,44.555,300.0
2017-11-20 13:53:00,44.555,44.56,44.55,44.55,993.0
2017-11-20 13:54:00,44.55,44.56,44.55,44.555,500.0
2017-11-20 13:55:00,44.5575,44.56,44.55,44.555,1000.0
2017-11-20 13:56:00,44.5201,44.555,44.52,44.55,8908.0
2017-11-20 13:57:00,44.535,44.54,44.52,44.525,4621.0
2017-11-20 13:58:00,44.55,44.55,44.53,44.535,5800.0
2017-11-20 13:59:00,44.56,44.57,44.55,44.56,2500.0
2017-11-20 14:00:00,44.58,44.58,44.565,44.57,2100.0
2017-11-20 14:01:00,44.58,44.585,44.57,44.585,3059.0
2017-11-20 14:02:00,44.57,44.57,44.565,44.565,300.0
2017-11-20 14:03:00,44.57,44.57,44.5649,44.57,400.0
2017-11-20 14:04:00,44.58,44.58,44.565,44.565,3801.0
2017-11-20 14:05:00,44.585,44.585,44.585,44.585,100.0
2017-11-20 14:06:00,44.59,44.59,44.58,44.58,300.0
2017-11-20 14:07:00,44.59,44.59,44.59,44.59,300.0
2017-11-20 14:08:00,44.59,44.59,44.585,44.585,400.0
2017-11-20 14:09:00,44.585,44.585,44.58,44.58,400.0
2017-11-20 14:10:00,44.585,44.59,44.58,44.58,700.0
2017-11-20 14:11:00,44.57,44.585,44.565,44.585,10870.0
2017-11-20 14:12:00,44.57,44.575,44.565,44.575,1400.0
2017-11-20 14:13:00,44.57,44.575,44.57,44.57,1000.0
2017-11-20 14:14:00,44.565,44.57,44.5625,44.57,900.0
2017-11-20 14:15:00,44.57,44.57,44.56,44.565,4260.0
2017-11-20 14:16:00,44.575,44.575,44.575,44.575,1200.0
2017-11-20 14:17:00,44.59,44.59,44.575,44.575,4029.0
2017-11-20 14:18:00,44.6,44.6,44.585,44.585,1745.0
2017-11-20 14:19:00,44.595,44.6,44.595,44.6,500.0
2017-11-20 14:20:00,44.57,44.59,44.56,44.59,6241.0
2017-11-20 14:21:00,44.56,44.57,44.56,44.565,1100.0
2017-11-20 14:22:00,44.56,44.565,44.56,44.565,600.0
2017-11-20 14:23:00,44.55,44.57,44.55,44.565,3482.0
2017-11-20 14:24:00,44.56,44.56,44.54,44.54,3600.0
2017-11-20 14:25:00,44.5699,44.57,44.5575,44.5575,5004.0
2017-11-20 14:26:00,44.56,44.565,44.555,44.5601,2828.0
2017-11-20 14:27:00,44.565,44.57,44.56,44.56,852.0
2017-11-20 14:28:00,44.57,44.57,44.56,44.56,900.0
2017-11-20 14:29:00,44.565,44.565,44.565,44.565,200.0
2017-11-20 14:30:00,44.57,44.575,44.565,44.57,4600.0
2017-11-20 14:31:00,44.575,44.5785,44.57,44.57,3900.0
2017-11-20 14:32:00,44.58,44.58,44.5675,44.57,3139.0
2017-11-20 14:33:00,44.59,44.59,44.5765,44.58,3371.0
2017-11-20 14:34:00,44.59,44.6,44.5808,44.585,3128.0
2017-11-20 14:35:00,44.61,44.61,44.6,44.6,2200.0
2017-11-20 14:36:00,44.595,44.605,44.595,44.605,1408.0
2017-11-20 14:37:00,44.59,44.595,44.59,44.595,300.0
2017-11-20 14:38:00,44.575,44.6,44.575,44.595,2798.0
2017-11-20 14:39:00,44.58,44.58,44.57,44.57,700.0
2017-11-20 14:40:00,44.5825,44.585,44.58,44.58,1600.0
2017-11-20 14:41:00,44.5832,44.585,44.58,44.58,650.0
2017-11-20 14:42:00,44.575,44.58,44.57,44.58,2000.0
2017-11-20 14:43:00,44.57,44.58,44.57,44.575,6500.0
2017-11-20 14:44:00,44.57,44.575,44.57,44.575,700.0
2017-11-20 14:45:00,44.57,44.59,44.57,44.57,9873.0
2017-11-20 14:46:00,44.57,44.575,44.57,44.5734,1210.0
2017-11-20 14:47:00,44.57,44.5758,44.57,44.5758,300.0
2017-11-20 14:48:00,44.575,44.575,44.57,44.575,600.0
2017-11-20 14:49:00,44.57,44.575,44.57,44.57,1725.0
2017-11-20 14:50:00,44.555,44.57,44.55,44.57,1500.0
2017-11-20 14:51:00,44.555,44.555,44.55,44.555,600.0
2017-11-20 14:52:00,44.55,44.555,44.54,44.555,3100.0
2017-11-20 14:53:00,44.56,44.56,44.545,44.545,7142.0
2017-11-20 14:54:00,44.54,44.55,44.54,44.55,1704.0
2017-11-20 14:55:00,44.535,44.536,44.535,44.536,681.0
2017-11-20 14:56:00,44.54,44.54,44.5315,44.535,7292.0
2017-11-20 14:57:00,44.575,44.575,44.55,44.55,5835.0
2017-11-20 14:58:00,44.575,44.58,44.575,44.58,1100.0
2017-11-20 14:59:00,44.58,44.58,44.57,44.58,900.0
2017-11-20 15:00:00,44.6,44.6,44.57,44.575,5750.0
2017-11-20 15:01:00,44.6415,44.65,44.605,44.605,5660.0
2017-11-20 15:02:00,44.63,44.655,44.62,44.64,10083.0
2017-11-20 15:03:00,44.645,44.65,44.63,44.63,3165.0
2017-11-20 15:04:00,44.64,44.65,44.64,44.645,1800.0
2017-11-20 15:05:00,44.655,44.66,44.64,44.64,6842.0
2017-11-20 15:06:00,44.67,44.67,44.655,44.655,3400.0
2017-11-20 15:07:00,44.6775,44.68,44.665,44.67,2237.0
2017-11-20 15:08:00,44.7,44.7,44.675,44.675,1500.0
2017-11-20 15:09:00,44.675,44.695,44.67,44.69,4048.0
2017-11-20 15:10:00,44.665,44.68,44.66,44.67,2300.0
2017-11-20 15:11:00,44.65,44.665,44.65,44.665,3261.0
2017-11-20 15:12:00,44.64,44.66,44.64,44.655,1700.0
2017-11-20 15:13:00,44.625,44.64,44.62,44.64,1700.0
2017-11-20 15:14:00,44.635,44.65,44.62,44.62,9563.0
2017-11-20 15:15:00,44.645,44.66,44.64,44.645,1600.0
2017-11-20 15:16:00,44.605,44.64,44.605,44.64,8018.0
2017-11-20 15:17:00,44.63,44.63,44.605,44.61,3520.0
2017-11-20 15:18:00,44.625,44.625,44.625,44.625,200.0
2017-11-20 15:19:00,44.625,44.625,44.62,44.625,600.0
2017-11-20 15:20:00,44.61,44.625,44.6,44.625,3100.0
2017-11-20 15:21:00,44.61,44.62,44.605,44.62,3570.0
2017-11-20 15:22:00,44.615,44.62,44.605,44.61,3425.0
2017-11-20 15:23:00,44.615,44.615,44.61,44.61,644.0
2017-11-20 15:24:00,44.6,44.625,44.6,44.61,12179.0
2017-11-20 15:25:00,44.61,44.61,44.6,44.6,500.0
2017-11-20 15:26:00,44.59,44.6,44.58,44.6,5578.0
2017-11-20 15:27:00,44.57,44.595,44.57,44.595,3920.0
2017-11-20 15:28:00,44.565,44.59,44.565,44.575,7369.0
2017-11-20 15:29:00,44.61,44.61,44.57,44.57,7897.0
2017-11-20 15:30:00,44.605,44.605,44.605,44.605,600.0
2017-11-20 15:31:00,44.605,44.61,44.605,44.605,600.0
2017-11-20 15:32:00,44.605,44.61,44.6,44.61,1100.0
2017-11-20 15:33:00,44.61,44.615,44.595,44.605,7287.0
2017-11-20 15:34:00,44.6,44.61,44.6,44.61,1670.0
2017-11-20 15:35:00,44.59,44.605,44.59,44.6,2000.0
2017-11-20 15:36:00,44.6,44.6,44.59,44.59,6500.0
2017-11-20 15:37:00,44.6,44.61,44.6,44.6,2000.0
2017-11-20 15:38:00,44.605,44.605,44.6,44.6,1423.0
2017-11-20 15:39:00,44.6,44.61,44.6,44.6,2920.0
2017-11-20 15:40:00,44.6,44.605,44.6,44.6,2700.0
2017-11-20 15:41:00,44.59,44.605,44.59,44.605,4862.0
2017-11-20 15:42:00,44.59,44.595,44.59,44.59,3190.0
2017-11-20 15:43:00,44.59,44.6,44.59,44.59,6713.0
2017-11-20 15:44:00,44.6,44.6,44.59,44.59,3400.0
2017-11-20 15:45:00,44.595,44.6,44.59,44.595,14144.0
2017-11-20 15:46:00,44.635,44.64,44.6,44.6,10228.0
2017-11-20 15:47:00,44.645,44.65,44.635,44.64,5348.0
2017-11-20 15:48:00,44.645,44.65,44.64,44.6401,2070.0
2017-11-20 15:49:00,44.65,44.65,44.64,44.64,4688.0
2017-11-20 15:50:00,44.65,44.66,44.64,44.65,10275.0
2017-11-20 15:51:00,44.65,44.66,44.65,44.65,5065.0
2017-11-20 15:52:00,44.65,44.66,44.65,44.66,4015.0
2017-11-20 15:53:00,44.65,44.66,44.65,44.65,4125.0
2017-11-20 15:54:00,44.63,44.66,44.63,44.65,14076.0
2017-11-20 15:55:00,44.64,44.64,44.63,44.635,6969.0
2017-11-20 15:56:00,44.65,44.67,44.63,44.63,34535.0
2017-11-20 15:57:00,44.68,44.68,44.65,44.66,15427.0
2017-11-20 15:58:00,44.7,44.7,44.675,44.675,16902.0
2017-11-20 15:59:00,44.685,44.7,44.675,44.695,21859.0
2017-11-20 16:00:00,44.68,44.7,44.67,44.68,37179.0
2017-11-21 09:30:00,44.75,44.75,44.75,44.75,7752.0
2017-11-21 09:33:00,44.79,44.79,44.74,44.77,1100.0
2017-11-21 09:34:00,44.74,44.77,44.74,44.7552,703.0
2017-11-21 09:35:00,44.72,44.7392,44.71,44.71,500.0
2017-11-21 09:36:00,44.75,44.75,44.75,44.75,1000.0
2017-11-21 09:37:00,44.83,44.84,44.78,44.79,2300.0
2017-11-21 09:38:00,44.805,44.82,44.77,44.8,8574.0
2017-11-21 09:39:00,44.81,44.82,44.8,44.81,1530.0
2017-11-21 09:40:00,44.84,44.84,44.8,44.81,2150.0
2017-11-21 09:41:00,44.89,44.89,44.85,44.85,4060.0
2017-11-21 09:42:00,44.84,44.86,44.84,44.86,800.0
2017-11-21 09:43:00,44.805,44.86,44.79,44.84,3517.0
2017-11-21 09:44:00,44.825,44.825,44.78,44.78,300.0
2017-11-21 09:45:00,44.825,44.84,44.82,44.82,2900.0
2017-11-21 09:46:00,44.86,44.86,44.83,44.83,600.0
2017-11-21 09:47:00,44.85,44.86,44.85,44.86,600.0
2017-11-21 09:48:00,44.92,44.92,44.85,44.86,3200.0
2017-11-21 09:49:00,44.99,44.99,44.89,44.9,15169.0
2017-11-21 09:50:00,44.9399,44.96,44.93,44.96,4574.0
2017-11-21 09:51:00,44.97,44.99,44.91,44.91,6361.0
2017-11-21 09:52:00,44.98,44.98,44.97,44.97,800.0
2017-11-21 09:53:00,44.96,44.99,44.96,44.98,868.0
2017-11-21 09:54:00,44.985,44.99,44.97,44.98,2400.0
2017-11-21 09:55:00,45.04,45.06,44.994,44.994,6310.0
2017-11-21 09:56:00,45.03,45.06,45.03,45.05,1512.0
2017-11-21 09:57:00,45.04,45.045,45.03,45.04,2874.0
2017-11-21 09:58:00,45.0902,45.13,45.025,45.04,9995.0
2017-11-21 09:59:00,45.11,45.11,45.09,45.095,2073.0
2017-11-21 10:00:00,45.04,45.12,45.04,45.12,3926.0
2017-11-21 10:01:00,45.01,45.05,45.01,45.04,1550.0
2017-11-21 10:02:00,45.02,45.02,45.02,45.02,100.0
2017-11-21 10:03:00,45.08,45.08,45.01,45.01,7360.0
2017-11-21 10:04:00,45.0792,45.08,45.06,45.08,1200.0
2017-11-21 10:05:00,45.09,45.09,45.06,45.07,2380.0
2017-11-21 10:06:00,45.07,45.1,45.07,45.08,5400.0
2017-11-21 10:07:00,45.09,45.09,45.05,45.06,3200.0
2017-11-21 10:08:00,45.02,45.09,45.01,45.09,3137.0
2017-11-21 10:09:00,45.01,45.02,45.01,45.01,1700.0
2017-11-21 10:10:00,45.03,45.03,45.01,45.015,2255.0
2017-11-21 10:11:00,45.02,45.02,45.0,45.02,3300.0
2017-11-21 10:12:00,45.0,45.03,45.0,45.02,3680.0
2017-11-21 10:13:00,45.0,45.01,45.0,45.01,870.0
2017-11-21 10:14:00,45.01,45.02,45.0,45.0,1700.0
2017-11-21 10:15:00,44.98,45.02,44.98,45.02,1187.0
2017-11-21 10:16:00,45.01,45.02,44.98,44.98,2477.0
2017-11-21 10:18:00,45.06,45.06,45.01,45.025,4403.0
2017-11-21 10:19:00,45.06,45.07,45.04,45.07,1390.0
2017-11-21 10:20:00,45.06,45.06,45.06,45.06,100.0
2017-11-21 10:21:00,45.04,45.0892,45.04,45.08,5481.0
2017-11-21 10:22:00,45.08,45.08,45.06,45.06,1000.0
2017-11-21 10:23:00,45.07,45.0702,45.07,45.0702,200.0
2017-11-21 10:24:00,45.09,45.09,45.07,45.09,1001.0
2017-11-21 10:25:00,45.07,45.08,45.07,45.07,600.0
2017-11-21 10:26:00,45.07,45.09,45.07,45.07,2600.0
2017-11-21 10:27:00,45.09,45.095,45.06,45.06,2550.0
2017-11-21 10:28:00,45.1021,45.11,45.0914,45.11,389.0
2017-11-21 10:29:00,45.12,45.12,45.1,45.1,4101.0
2017-11-21 10:30:00,45.12,45.14,45.12,45.14,3000.0
2017-11-21 10:31:00,45.17,45.18,45.13,45.14,2905.0
2017-11-21 10:32:00,45.16,45.19,45.16,45.19,1700.0
2017-11-21 10:33:00,45.17,45.18,45.14,45.16,6206.0
2017-11-21 10:34:00,45.16,45.16,45.15,45.15,400.0
2017-11-21 10:35:00,45.13,45.15,45.11,45.14,2500.0
2017-11-21 10:36:00,45.07,45.11,45.07,45.11,3700.0
2017-11-21 10:37:00,45.08,45.09,45.06,45.075,2589.0
2017-11-21 10:38:00,45.09,45.09,45.08,45.085,1574.0
2017-11-21 10:39:00,45.08,45.09,45.08,45.09,500.0
2017-11-21 10:40:00,45.06,45.07,45.06,45.07,600.0
2017-11-21 10:41:00,45.0696,45.0696,45.0696,45.0696,100.0
2017-11-21 10:42:00,45.08,45.08,45.06,45.06,400.0
2017-11-21 10:43:00,45.08,45.09,45.065,45.0744,13303.0
2017-11-21 10:44:00,45.14,45.15,45.09,45.09,7030.0
2017-11-21 10:45:00,45.13,45.135,45.13,45.13,400.0
2017-11-21 10:46:00,45.135,45.14,45.135,45.14,200.0
2017-11-21 10:47:00,45.14,45.15,45.12,45.13,13596.0
2017-11-21 10:48:00,45.13,45.14,45.13,45.14,12683.0
2017-11-21 10:49:00,45.14,45.14,45.14,45.14,300.0
2017-11-21 10:50:00,45.14,45.14,45.14,45.14,100.0
2017-11-21 10:51:00,45.11,45.14,45.1,45.14,5689.0
2017-11-21 10:52:00,45.1,45.12,45.1,45.1,2000.0
2017-11-21 10:53:00,45.12,45.14,45.105,45.11,2340.0
2017-11-21 10:54:00,45.13,45.14,45.12,45.14,3030.0
2017-11-21 10:55:00,45.12,45.125,45.11,45.125,1953.0
2017-11-21 10:56:00,45.09,45.11,45.09,45.11,2071.0
2017-11-21 10:57:00,45.08,45.1,45.08,45.09,2906.0
2017-11-21 10:58:00,45.05,45.08,45.04,45.08,1975.0
2017-11-21 10:59:00,45.05,45.05,45.045,45.05,1001.0
2017-11-21 11:00:00,45.03,45.04,45.025,45.04,1684.0
2017-11-21 11:01:00,45.02,45.03,45.02,45.03,682.0
2017-11-21 11:02:00,45.0375,45.04,45.03,45.03,1500.0
2017-11-21 11:03:00,45.045,45.05,45.04,45.04,400.0
2017-11-21 11:04:00,45.06,45.06,45.04,45.05,800.0
2017-11-21 11:05:00,45.055,45.06,45.03,45.05,2700.0
2017-11-21 11:06:00,45.065,45.065,45.065,45.065,400.0
2017-11-21 11:07:00,45.07,45.07,45.05,45.065,400.0
2017-11-21 11:08:00,45.06,45.07,45.06,45.06,814.0
2017-11-21 11:09:00,45.0475,45.055,45.04,45.055,2855.0
2017-11-21 11:10:00,45.05,45.06,45.04,45.04,1300.0
2017-11-21 11:11:00,45.06,45.07,45.04,45.05,2146.0
2017-11-21 11:12:00,45.05,45.07,45.04,45.07,3598.0
2017-11-21 11:13:00,45.05,45.06,45.05,45.06,1220.0
2017-11-21 11:14:00,45.06,45.06,45.04,45.05,2080.0
2017-11-21 11:15:00,45.03,45.05,45.03,45.05,5054.0
2017-11-21 11:16:00,45.05,45.05,45.04,45.04,1100.0
2017-11-21 11:17:00,45.03,45.055,45.02,45.055,3475.0
2017-11-21 11:18:00,45.03,45.03,45.03,45.03,200.0
2017-11-21 11:19:00,45.0,45.03,45.0,45.02,522.0
2017-11-21 11:20:00,45.01,45.01,45.01,45.01,100.0
2017-11-21 11:21:00,45.0,45.0,44.99,45.0,1350.0
2017-11-21 11:22:00,44.998999999999995,44.998999999999995,44.99,44.99,600.0
2017-11-21 11:23:00,45.0,45.0,44.99,44.99,1200.0
2017-11-21 11:24:00,45.0,45.0,44.99,45.0,1427.0
2017-11-21 11:25:00,44.98,44.99,44.98,44.99,700.0
2017-11-21 11:26:00,44.985,44.99,44.975,44.975,1645.0
2017-11-21 11:27:00,44.9792,44.98,44.975,44.98,400.0
2017-11-21 11:28:00,44.97,44.9775,44.97,44.9775,1200.0
2017-11-21 11:29:00,44.99,44.99,44.97,44.98,4347.0
2017-11-21 11:30:00,45.0,45.0,44.98,44.98,600.0
2017-11-21 11:31:00,44.985,44.99,44.98,44.99,1070.0
2017-11-21 11:32:00,44.98,44.98,44.98,44.98,700.0
2017-11-21 11:33:00,44.99,44.99,44.97,44.975,1435.0
2017-11-21 11:34:00,44.99,44.99,44.99,44.99,100.0
2017-11-21 11:35:00,44.97,44.98,44.97,44.975,500.0
2017-11-21 11:36:00,44.98,44.98,44.96,44.97,3521.0
2017-11-21 11:37:00,44.973,44.973,44.95,44.97,2100.0
2017-11-21 11:38:00,44.97,44.98,44.97,44.97,1044.0
2017-11-21 11:39:00,44.98,45.0,44.97,44.98,2635.0
2017-11-21 11:40:00,44.97,44.99,44.97,44.97,6750.0
2017-11-21 11:41:00,44.97,44.98,44.97,44.975,1200.0
2017-11-21 11:42:00,45.0,45.0,44.98,44.98,800.0
2017-11-21 11:43:00,45.01,45.01,45.01,45.01,100.0
2017-11-21 11:44:00,44.94,45.01,44.94,45.01,3609.0
2017-11-21 11:45:00,44.93,44.93,44.93,44.93,100.0
2017-11-21 11:46:00,44.92,44.94,44.92,44.9262,1316.0
2017-11-21 11:47:00,44.89,44.92,44.8888,44.92,4389.0
2017-11-21 11:48:00,44.89,44.895,44.885,44.89,1246.0
2017-11-21 11:49:00,44.9,44.91,44.88,44.88,3100.0
2017-11-21 11:50:00,44.89,44.9,44.89,44.9,1600.0
2017-11-21 11:51:00,44.91,44.91,44.9,44.9,1608.0
2017-11-21 11:52:00,44.865,44.897,44.86,44.89,2389.0
2017-11-21 11:53:00,44.84,44.86,44.83,44.86,1200.0
2017-11-21 11:54:00,44.805,44.83,44.8,44.83,2316.0
2017-11-21 11:55:00,44.81,44.81,44.805,44.805,600.0
2017-11-21 11:56:00,44.795,44.801,44.79,44.8,1900.0
2017-11-21 11:57:00,44.83,44.83,44.795,44.795,4996.0
2017-11-21 11:58:00,44.83,44.83,44.83,44.83,400.0
2017-11-21 11:59:00,44.83,44.85,44.83,44.85,1500.0
2017-11-21 12:00:00,44.83,44.83,44.82,44.82,1300.0
2017-11-21 12:01:00,44.84,44.84,44.83,44.83,828.0
2017-11-21 12:02:00,44.81,44.85,44.81,44.83,1894.0
2017-11-21 12:03:00,44.82,44.8256,44.82,44.82,830.0
2017-11-21 12:04:00,44.83,44.83,44.81,44.81,900.0
2017-11-21 12:05:00,44.82,44.83,44.82,44.82,700.0
2017-11-21 12:06:00,44.82,44.83,44.81,44.82,3067.0
2017-11-21 12:07:00,44.81,44.82,44.81,44.82,1680.0
2017-11-21 12:08:00,44.82,44.825,44.82,44.82,1084.0
2017-11-21 12:09:00,44.82899999999999,44.82899999999999,44.82,44.82,382.0
2017-11-21 12:10:00,44.815,44.83,44.81,44.83,1047.0
2017-11-21 12:11:00,44.82,44.82,44.8144,44.82,1096.0
2017-11-21 12:12:00,44.83,44.83,44.83,44.83,100.0
2017-11-21 12:13:00,44.815,44.83,44.815,44.83,805.0
2017-11-21 12:14:00,44.8235,44.83,44.82,44.82,431.0
2017-11-21 12:15:00,44.845,44.87,44.825,44.83,4164.0
2017-11-21 12:16:00,44.86,44.86,44.85,44.85,700.0
2017-11-21 12:17:00,44.85,44.86,44.85,44.851000000000006,1321.0
2017-11-21 12:18:00,44.86,44.86,44.86,44.86,100.0
2017-11-21 12:19:00,44.825,44.85,44.825,44.85,1345.0
2017-11-21 12:20:00,44.83,44.83,44.83,44.83,100.0
2017-11-21 12:21:00,44.83,44.83,44.81,44.82,2561.0
2017-11-21 12:22:00,44.82,44.82,44.82,44.82,274.0
2017-11-21 12:23:00,44.81,44.82,44.81,44.82,300.0
2017-11-21 12:24:00,44.81,44.81,44.8,44.81,1818.0
2017-11-21 12:25:00,44.8,44.815,44.8,44.815,480.0
2017-11-21 12:26:00,44.825,44.825,44.8,44.805,3443.0
2017-11-21 12:27:00,44.83,44.83,44.825,44.825,632.0
2017-11-21 12:28:00,44.83,44.84,44.83,44.84,1105.0
2017-11-21 12:29:00,44.83,44.84,44.83,44.84,400.0
2017-11-21 12:30:00,44.83,44.84,44.83,44.84,800.0
2017-11-21 12:31:00,44.82,44.84,44.81,44.82,1681.0
2017-11-21 12:32:00,44.81,44.82,44.81,44.82,400.0
2017-11-21 12:33:00,44.83,44.83,44.81,44.82,700.0
2017-11-21 12:34:00,44.81,44.815,44.81,44.81,300.0
2017-11-21 12:35:00,44.81,44.82,44.81,44.82,1106.0
2017-11-21 12:36:00,44.79,44.81,44.79,44.81,2328.0
2017-11-21 12:37:00,44.77,44.79,44.77,44.79,1500.0
2017-11-21 12:38:00,44.76,44.77,44.76,44.76,500.0
2017-11-21 12:39:00,44.79,44.8,44.76,44.76,2089.0
2017-11-21 12:40:00,44.7727,44.79,44.7727,44.79,1150.0
2017-11-21 12:41:00,44.75,44.77,44.74,44.77,1537.0
2017-11-21 12:42:00,44.75,44.76,44.75,44.75,450.0
2017-11-21 12:43:00,44.72,44.745,44.72,44.74,2163.0
2017-11-21 12:44:00,44.73,44.735,44.72,44.72,1908.0
2017-11-21 12:45:00,44.72,44.73,44.72,44.73,403.0
2017-11-21 12:46:00,44.72,44.72,44.72,44.72,300.0
2017-11-21 12:47:00,44.725,44.74,44.72,44.73,7553.0
2017-11-21 12:48:00,44.729,44.73,44.725,44.725,300.0
2017-11-21 12:49:00,44.72,44.725,44.71,44.725,1000.0
2017-11-21 12:50:00,44.725,44.73,44.71,44.715,800.0
2017-11-21 12:51:00,44.72,44.73,44.72,44.73,400.0
2017-11-21 12:52:00,44.75,44.75,44.73,44.74,1500.0
2017-11-21 12:53:00,44.75,44.75,44.75,44.75,300.0
2017-11-21 12:54:00,44.735,44.75,44.73,44.745,2200.0
2017-11-21 12:55:00,44.73,44.73,44.73,44.73,100.0
2017-11-21 12:56:00,44.76,44.76,44.72,44.73,1600.0
2017-11-21 12:57:00,44.77,44.77,44.76,44.76,300.0
2017-11-21 12:58:00,44.75,44.76,44.75,44.76,400.0
2017-11-21 12:59:00,44.76,44.76,44.75,44.75,1260.0
2017-11-21 13:00:00,44.7502,44.77,44.75,44.77,1050.0
2017-11-21 13:01:00,44.755,44.755,44.755,44.755,100.0
2017-11-21 13:02:00,44.77,44.77,44.77,44.77,100.0
2017-11-21 13:04:00,44.76,44.76,44.76,44.76,100.0
2017-11-21 13:05:00,44.74,44.76,44.74,44.76,1638.0
2017-11-21 13:06:00,44.75,44.75,44.735,44.735,1500.0
2017-11-21 13:07:00,44.75,44.75,44.7447,44.7447,400.0
2017-11-21 13:08:00,44.75,44.75,44.74,44.74,200.0
2017-11-21 13:09:00,44.74,44.74,44.73,44.74,900.0
2017-11-21 13:10:00,44.735,44.75,44.73,44.73,1164.0
2017-11-21 13:11:00,44.72,44.73,44.705,44.72,2200.0
2017-11-21 13:12:00,44.73,44.73,44.723,44.73,900.0
2017-11-21 13:13:00,44.725,44.725,44.725,44.725,300.0
2017-11-21 13:14:00,44.73,44.73,44.72,44.73,700.0
2017-11-21 13:15:00,44.73,44.73,44.73,44.73,100.0
2017-11-21 13:16:00,44.72,44.72,44.71,44.71,400.0
2017-11-21 13:17:00,44.71,44.71,44.71,44.71,100.0
2017-11-21 13:18:00,44.73,44.73,44.71,44.73,400.0
2017-11-21 13:19:00,44.71,44.71,44.71,44.71,200.0
2017-11-21 13:20:00,44.705,44.72,44.705,44.72,1400.0
2017-11-21 13:21:00,44.735,44.735,44.705,44.705,2600.0
2017-11-21 13:22:00,44.73,44.735,44.73,44.735,200.0
2017-11-21 13:23:00,44.74,44.74,44.735,44.74,900.0
2017-11-21 13:24:00,44.75,44.75,44.75,44.75,400.0
2017-11-21 13:25:00,44.73,44.76,44.72,44.7532,3636.0
2017-11-21 13:26:00,44.725,44.725,44.7234,44.7234,860.0
2017-11-21 13:27:00,44.71,44.72,44.7,44.72,2878.0
2017-11-21 13:28:00,44.71,44.73,44.71,44.72,1228.0
2017-11-21 13:29:00,44.71,44.72,44.71,44.72,500.0
2017-11-21 13:30:00,44.71,44.72,44.71,44.72,675.0
2017-11-21 13:31:00,44.71,44.72,44.71,44.72,400.0
2017-11-21 13:32:00,44.72,44.72,44.715,44.715,312.0
2017-11-21 13:33:00,44.71,44.715,44.7,44.71,1818.0
2017-11-21 13:34:00,44.72,44.72,44.72,44.72,100.0
2017-11-21 13:35:00,44.7088,44.71,44.7088,44.71,270.0
2017-11-21 13:36:00,44.71,44.71,44.71,44.71,200.0
2017-11-21 13:37:00,44.73,44.73,44.7,44.7,2744.0
2017-11-21 13:38:00,44.72,44.725,44.71,44.725,1400.0
2017-11-21 13:39:00,44.72,44.72,44.72,44.72,100.0
2017-11-21 13:40:00,44.72,44.73,44.72,44.72,518.0
2017-11-21 13:41:00,44.73,44.73,44.71,44.71,300.0
2017-11-21 13:42:00,44.725,44.725,44.72,44.72,800.0
2017-11-21 13:43:00,44.72,44.73,44.72,44.72,1000.0
2017-11-21 13:44:00,44.72,44.725,44.72,44.72,400.0
2017-11-21 13:45:00,44.71,44.72,44.71,44.71,400.0
2017-11-21 13:46:00,44.71,44.73,44.71,44.71,3554.0
2017-11-21 13:47:00,44.675,44.7,44.66,44.7,3984.0
2017-11-21 13:49:00,44.67,44.68,44.66,44.68,3203.0
2017-11-21 13:50:00,44.66,44.68,44.66,44.68,700.0
2017-11-21 13:51:00,44.67,44.67,44.6688,44.6688,200.0
2017-11-21 13:52:00,44.66,44.68,44.66,44.68,500.0
2017-11-21 13:53:00,44.64,44.67,44.64,44.66,3900.0
2017-11-21 13:54:00,44.68,44.68,44.68,44.68,300.0
2017-11-21 13:55:00,44.71,44.72,44.68,44.69,1300.0
2017-11-21 13:56:00,44.715,44.715,44.7,44.7,600.0
2017-11-21 13:57:00,44.72,44.729,44.71,44.72,800.0
2017-11-21 13:58:00,44.7,44.71,44.695,44.71,1900.0
2017-11-21 13:59:00,44.685,44.69,44.68,44.69,400.0
2017-11-21 14:00:00,44.65,44.68,44.65,44.68,2785.0
2017-11-21 14:01:00,44.69,44.69,44.66,44.66,700.0
2017-11-21 14:02:00,44.68,44.68,44.67,44.67,200.0
2017-11-21 14:04:00,44.67,44.68,44.67,44.68,500.0
2017-11-21 14:05:00,44.67,44.68,44.67,44.68,200.0
2017-11-21 14:06:00,44.69,44.71,44.68,44.69,3610.0
2017-11-21 14:09:00,44.71,44.71,44.7,44.7,1800.0
2017-11-21 14:10:00,44.73,44.73,44.71,44.71,2543.0
2017-11-21 14:11:00,44.72,44.74,44.72,44.73,1600.0
2017-11-21 14:12:00,44.72,44.73,44.71,44.72,2312.0
2017-11-21 14:13:00,44.75,44.75,44.72,44.73,1817.0
2017-11-21 14:14:00,44.77,44.77,44.74,44.74,1700.0
2017-11-21 14:15:00,44.765,44.765,44.76,44.76,200.0
2017-11-21 14:16:00,44.77,44.78,44.77,44.77,800.0
2017-11-21 14:17:00,44.78,44.78,44.77,44.77,2100.0
2017-11-21 14:18:00,44.765,44.78,44.76,44.775,4737.0
2017-11-21 14:19:00,44.77,44.77,44.765,44.765,300.0
2017-11-21 14:20:00,44.78,44.78,44.76,44.7618,2120.0
2017-11-21 14:21:00,44.78,44.78,44.77,44.775,600.0
2017-11-21 14:22:00,44.7756,44.795,44.77,44.78,4015.0
2017-11-21 14:23:00,44.765,44.77,44.76,44.77,3363.0
2017-11-21 14:24:00,44.77,44.77,44.765,44.765,1185.0
2017-11-21 14:25:00,44.775,44.78,44.77,44.775,400.0
2017-11-21 14:26:00,44.7756,44.7756,44.77,44.77,510.0
2017-11-21 14:27:00,44.765,44.77,44.765,44.77,2559.0
2017-11-21 14:28:00,44.755,44.7652,44.755,44.765,2305.0
2017-11-21 14:29:00,44.765,44.79,44.76,44.76,6820.0
2017-11-21 14:30:00,44.78,44.78,44.765,44.765,3853.0
2017-11-21 14:31:00,44.76,44.77,44.75,44.77,5190.0
2017-11-21 14:32:00,44.77,44.77,44.765,44.765,700.0
2017-11-21 14:33:00,44.82,44.82,44.765,44.765,4106.0
2017-11-21 14:34:00,44.82,44.82,44.8,44.81,3130.0
2017-11-21 14:35:00,44.81,44.815,44.81,44.81,1400.0
2017-11-21 14:36:00,44.77,44.805,44.77,44.805,2480.0
2017-11-21 14:37:00,44.78,44.78,44.765,44.765,1409.0
2017-11-21 14:38:00,44.78,44.79,44.78,44.785,2000.0
2017-11-21 14:39:00,44.775,44.78,44.775,44.78,500.0
2017-11-21 14:40:00,44.7825,44.79,44.7825,44.785,700.0
2017-11-21 14:41:00,44.785,44.79,44.78,44.78,3242.0
2017-11-21 14:42:00,44.785,44.785,44.785,44.785,400.0
2017-11-21 14:43:00,44.79,44.79,44.78,44.78,2366.0
2017-11-21 14:44:00,44.785,44.79,44.785,44.785,1100.0
2017-11-21 14:45:00,44.785,44.79,44.785,44.785,1300.0
2017-11-21 14:46:00,44.81,44.83,44.785,44.79,7583.0
2017-11-21 14:47:00,44.82,44.825,44.8,44.82,6640.0
2017-11-21 14:48:00,44.81,44.81,44.81,44.81,300.0
2017-11-21 14:49:00,44.83,44.84,44.815,44.82,2089.0
2017-11-21 14:50:00,44.825,44.83,44.81,44.82,9788.0
2017-11-21 14:51:00,44.83,44.85,44.82,44.825,3431.0
2017-11-21 14:52:00,44.815,44.84,44.815,44.83,8682.0
2017-11-21 14:54:00,44.81,44.815,44.81,44.815,541.0
2017-11-21 14:55:00,44.8,44.82,44.8,44.815,3046.0
2017-11-21 14:56:00,44.805,44.805,44.8,44.8,300.0
2017-11-21 14:57:00,44.8,44.81,44.8,44.805,300.0
2017-11-21 14:58:00,44.8,44.8,44.8,44.8,400.0
2017-11-21 14:59:00,44.79,44.8,44.79,44.8,1658.0
2017-11-21 15:00:00,44.77,44.78,44.77,44.78,1000.0
2017-11-21 15:01:00,44.775,44.79,44.77,44.78,1750.0
2017-11-21 15:02:00,44.77,44.78,44.77,44.77,500.0
2017-11-21 15:03:00,44.7675,44.78,44.7675,44.77,2100.0
2017-11-21 15:04:00,44.76,44.76,44.76,44.76,300.0
2017-11-21 15:05:00,44.75,44.76,44.75,44.76,800.0
2017-11-21 15:06:00,44.77,44.78,44.75,44.75,4652.0
2017-11-21 15:07:00,44.76,44.785,44.76,44.785,5900.0
2017-11-21 15:08:00,44.765,44.77,44.75,44.751000000000005,2400.0
2017-11-21 15:09:00,44.79,44.79,44.7788,44.7788,522.0
2017-11-21 15:10:00,44.785,44.79,44.78,44.79,900.0
2017-11-21 15:11:00,44.785,44.79,44.78,44.79,400.0
2017-11-21 15:12:00,44.77,44.78,44.77,44.78,2200.0
2017-11-21 15:13:00,44.77,44.77,44.77,44.77,700.0
2017-11-21 15:14:00,44.75,44.78,44.75,44.77,2780.0
2017-11-21 15:15:00,44.73,44.75,44.73,44.75,1424.0
2017-11-21 15:16:00,44.72,44.74,44.72,44.73,4454.0
2017-11-21 15:17:00,44.715,44.725,44.7,44.725,3100.0
2017-11-21 15:18:00,44.725,44.73,44.715,44.72,1500.0
2017-11-21 15:19:00,44.72,44.725,44.72,44.725,1698.0
2017-11-21 15:20:00,44.715,44.72,44.715,44.72,700.0
2017-11-21 15:21:00,44.695,44.71,44.69,44.71,2901.0
2017-11-21 15:22:00,44.6975,44.71,44.6944,44.695,3880.0
2017-11-21 15:23:00,44.705,44.705,44.7,44.7,1500.0
2017-11-21 15:24:00,44.705,44.71,44.705,44.71,300.0
2017-11-21 15:25:00,44.7,44.71,44.7,44.71,3700.0
2017-11-21 15:26:00,44.71,44.71,44.7,44.71,1100.0
2017-11-21 15:27:00,44.7,44.71,44.7,44.71,1200.0
2017-11-21 15:28:00,44.69,44.71,44.69,44.7,3600.0
2017-11-21 15:29:00,44.69,44.7,44.69,44.69,1300.0
2017-11-21 15:30:00,44.71,44.71,44.69,44.69,5115.0
2017-11-21 15:31:00,44.72,44.72,44.7,44.7056,3482.0
2017-11-21 15:32:00,44.73,44.73,44.715,44.72,3160.0
2017-11-21 15:33:00,44.75,44.75,44.73,44.73,2700.0
2017-11-21 15:34:00,44.755,44.76,44.745,44.75,2400.0
2017-11-21 15:35:00,44.765,44.77,44.755,44.76,1990.0
2017-11-21 15:36:00,44.765,44.79,44.76,44.77,7313.0
2017-11-21 15:37:00,44.755,44.76,44.75,44.76,1812.0
2017-11-21 15:38:00,44.75,44.755,44.75,44.75,800.0
2017-11-21 15:39:00,44.76,44.76,44.75,44.755,2600.0
2017-11-21 15:40:00,44.76,44.77,44.755,44.755,4111.0
2017-11-21 15:41:00,44.765,44.77,44.76,44.765,1800.0
2017-11-21 15:42:00,44.765,44.77,44.76,44.765,1200.0
2017-11-21 15:43:00,44.765,44.77,44.74,44.765,14129.0
2017-11-21 15:44:00,44.775,44.775,44.765,44.77,3950.0
2017-11-21 15:45:00,44.795,44.82,44.775,44.775,20496.0
2017-11-21 15:46:00,44.77,44.795,44.76,44.795,5000.0
2017-11-21 15:47:00,44.775,44.78,44.765,44.765,2924.0
2017-11-21 15:48:00,44.765,44.775,44.76,44.775,6027.0
2017-11-21 15:49:00,44.785,44.8,44.765,44.765,8901.0
2017-11-21 15:50:00,44.795,44.8,44.78,44.785,5928.0
2017-11-21 15:51:00,44.77,44.8,44.77,44.79,7419.0
2017-11-21 15:52:00,44.775,44.78,44.775,44.775,1630.0
2017-11-21 15:53:00,44.775,44.78,44.77,44.775,4689.0
2017-11-21 15:54:00,44.78,44.78,44.77,44.77,2700.0
2017-11-21 15:55:00,44.775,44.78,44.77,44.77,8100.0
2017-11-21 15:56:00,44.78,44.78,44.77,44.77,6770.0
2017-11-21 15:57:00,44.78,44.8,44.77,44.77,32763.0
2017-11-21 15:58:00,44.78,44.79,44.78,44.79,13806.0
2017-11-21 15:59:00,44.81,44.81,44.78,44.78,29225.0
2017-11-21 16:00:00,44.8,44.81,44.78,44.805,76987.0
2017-11-22 09:30:00,45.04,45.04,45.04,45.04,37746.0
2017-11-22 09:31:00,45.03,45.0332,45.03,45.0332,200.0
2017-11-22 09:32:00,45.05,45.07,45.03,45.07,4200.0
2017-11-22 09:33:00,45.09,45.09,45.04,45.05,2100.0
2017-11-22 09:34:00,45.19,45.19,45.105,45.105,1800.0
2017-11-22 09:35:00,45.1,45.2,45.0903,45.165,8819.0
2017-11-22 09:36:00,45.15,45.2,45.12,45.12,13573.0
2017-11-22 09:37:00,45.15,45.17,45.15,45.17,3649.0
2017-11-22 09:38:00,45.15,45.16,45.14,45.16,10088.0
2017-11-22 09:39:00,45.1,45.15,45.1,45.13,2000.0
2017-11-22 09:42:00,45.1,45.12,45.1,45.12,1336.0
2017-11-22 09:43:00,45.09,45.09,45.09,45.09,300.0
2017-11-22 09:44:00,45.03,45.07,45.03,45.07,1400.0
2017-11-22 09:45:00,45.02,45.02,44.98,45.01,2874.0
2017-11-22 09:46:00,44.99,45.05,44.98,45.03,2400.0
2017-11-22 09:47:00,45.0,45.0,44.99,45.0,700.0
2017-11-22 09:49:00,44.99,45.0,44.99,45.0,3600.0
2017-11-22 09:50:00,44.97,44.98,44.96,44.98,1466.0
2017-11-22 09:51:00,44.97,44.99,44.96,44.975,1800.0
2017-11-22 09:52:00,44.98,44.99,44.97,44.98,3876.0
2017-11-22 09:53:00,45.0,45.0,44.99,45.0,2000.0
2017-11-22 09:54:00,45.0,45.0,44.98,45.0,24400.0
2017-11-22 09:55:00,45.02,45.05,45.01,45.01,2300.0
2017-11-22 09:56:00,44.99,45.0,44.99,45.0,2629.0
2017-11-22 09:57:00,44.98,44.99,44.98,44.98,900.0
2017-11-22 09:58:00,44.995,45.0,44.975,45.0,4200.0
2017-11-22 09:59:00,45.01,45.01,44.99,45.01,993.0
2017-11-22 10:00:00,45.07,45.07,45.0199,45.02,1300.0
2017-11-22 10:01:00,44.98,45.065,44.98,45.065,5694.0
2017-11-22 10:02:00,44.96,44.9799,44.96,44.97,2766.0
2017-11-22 10:03:00,44.94,44.97,44.9358,44.965,2400.0
2017-11-22 10:04:00,44.94,44.95,44.94,44.94,2036.0
2017-11-22 10:05:00,44.91,44.94,44.91,44.94,4355.0
2017-11-22 10:06:00,44.9,44.92,44.9,44.9088,1200.0
2017-11-22 10:08:00,44.86,44.9,44.86,44.9,4524.0
2017-11-22 10:09:00,44.87,44.87,44.86,44.86,2062.0
2017-11-22 10:10:00,44.85,44.85,44.85,44.85,100.0
2017-11-22 10:11:00,44.86,44.86,44.85,44.85,3193.0
2017-11-22 10:12:00,44.84,44.86,44.83,44.85,2898.0
2017-11-22 10:13:00,44.82,44.83,44.82,44.83,700.0
2017-11-22 10:14:00,44.84,44.84,44.81,44.81,2203.0
2017-11-22 10:15:00,44.82,44.84,44.82,44.84,2400.0
2017-11-22 10:16:00,44.815,44.815,44.78,44.81,3756.0
2017-11-22 10:17:00,44.79,44.825,44.79,44.82,4992.0
2017-11-22 10:18:00,44.79,44.79,44.79,44.79,1061.0
2017-11-22 10:19:00,44.77,44.77,44.77,44.77,390.0
2017-11-22 10:20:00,44.77,44.77,44.77,44.77,798.0
2017-11-22 10:21:00,44.721000000000004,44.77,44.721000000000004,44.77,4846.0
2017-11-22 10:22:00,44.75,44.76,44.74,44.74,3400.0
2017-11-22 10:23:00,44.76,44.76,44.745,44.76,4900.0
2017-11-22 10:24:00,44.76,44.76,44.75,44.75,495.0
2017-11-22 10:25:00,44.79,44.8,44.745,44.76,3068.0
2017-11-22 10:26:00,44.79,44.79,44.78,44.79,2353.0
2017-11-22 10:27:00,44.8,44.8,44.785,44.79,1100.0
2017-11-22 10:28:00,44.8,44.81,44.79,44.8,3150.0
2017-11-22 10:29:00,44.8,44.81,44.7997,44.7997,1541.0
2017-11-22 10:30:00,44.73,44.79,44.73,44.79,2473.0
2017-11-22 10:31:00,44.72,44.72,44.71,44.72,3572.0
2017-11-22 10:32:00,44.7399,44.7399,44.715,44.72,1896.0
2017-11-22 10:33:00,44.72,44.74,44.72,44.74,3354.0
2017-11-22 10:34:00,44.73,44.73,44.73,44.73,100.0
2017-11-22 10:35:00,44.71,44.72,44.71,44.72,1070.0
2017-11-22 10:36:00,44.7,44.71,44.7,44.71,400.0
2017-11-22 10:37:00,44.69,44.71,44.69,44.7,3281.0
2017-11-22 10:38:00,44.69,44.71,44.68,44.71,1919.0
2017-11-22 10:39:00,44.69,44.71,44.69,44.69,3519.0
2017-11-22 10:40:00,44.735,44.735,44.695,44.7,3068.0
2017-11-22 10:41:00,44.74,44.75,44.735,44.74,800.0
2017-11-22 10:42:00,44.725,44.735,44.72,44.73,3966.0
2017-11-22 10:43:00,44.77,44.77,44.73,44.73,3458.0
2017-11-22 10:44:00,44.77,44.77,44.75,44.77,2380.0
2017-11-22 10:45:00,44.83,44.84,44.78,44.78,7161.0
2017-11-22 10:46:00,44.84,44.86,44.84,44.84,5944.0
2017-11-22 10:47:00,44.83,44.85,44.83,44.84,3201.0
2017-11-22 10:48:00,44.84,44.85,44.84,44.84,1200.0
2017-11-22 10:49:00,44.86,44.86,44.86,44.86,910.0
2017-11-22 10:50:00,44.8636,44.8636,44.8636,44.8636,200.0
2017-11-22 10:51:00,44.86,44.86,44.86,44.86,100.0
2017-11-22 10:52:00,44.87,44.87,44.86,44.86,400.0
2017-11-22 10:53:00,44.83,44.86,44.83,44.86,4231.0
2017-11-22 10:54:00,44.82,44.835,44.82,44.83,1200.0
2017-11-22 10:55:00,44.88,44.88,44.825,44.83,3549.0
2017-11-22 10:56:00,44.89,44.89,44.89,44.89,100.0
2017-11-22 10:57:00,44.89,44.8936,44.88,44.8936,1650.0
2017-11-22 10:58:00,44.87,44.88,44.87,44.88,1350.0
2017-11-22 10:59:00,44.86,44.875,44.85,44.87,3285.0
2017-11-22 11:00:00,44.85,44.85,44.85,44.85,200.0
2017-11-22 11:02:00,44.84,44.84,44.84,44.84,100.0
2017-11-22 11:03:00,44.87,44.87,44.84,44.85,3200.0
2017-11-22 11:04:00,44.86,44.87,44.86,44.87,1600.0
2017-11-22 11:05:00,44.875,44.89,44.86,44.86,3500.0
2017-11-22 11:06:00,44.86,44.88,44.86,44.88,2534.0
2017-11-22 11:07:00,44.9,44.92,44.87,44.87,5298.0
2017-11-22 11:08:00,44.91,44.91,44.88,44.89,3440.0
2017-11-22 11:09:00,44.91,44.91,44.91,44.91,800.0
2017-11-22 11:10:00,44.9,44.92,44.89,44.91,2605.0
2017-11-22 11:12:00,44.9,44.91,44.9,44.9,3050.0
2017-11-22 11:13:00,44.89,44.89,44.89,44.89,1000.0
2017-11-22 11:14:00,44.88,44.88,44.88,44.88,100.0
2017-11-22 11:15:00,44.8746,44.88,44.87,44.88,887.0
2017-11-22 11:16:00,44.88,44.88,44.875,44.875,1600.0
2017-11-22 11:17:00,44.87,44.88,44.87,44.88,2125.0
2017-11-22 11:18:00,44.865,44.865,44.865,44.865,100.0
2017-11-22 11:19:00,44.84,44.865,44.83,44.865,3498.0
2017-11-22 11:20:00,44.82,44.845,44.82,44.845,3102.0
2017-11-22 11:21:00,44.82,44.82,44.81,44.82,1700.0
2017-11-22 11:22:00,44.8,44.825,44.8,44.825,1200.0
2017-11-22 11:23:00,44.77,44.8,44.77,44.8,4690.0
2017-11-22 11:24:00,44.76,44.77,44.75,44.77,3030.0
2017-11-22 11:25:00,44.745,44.75,44.735,44.75,2900.0
2017-11-22 11:26:00,44.76,44.76,44.745,44.75,4946.0
2017-11-22 11:27:00,44.761,44.77,44.76,44.76,4280.0
2017-11-22 11:28:00,44.7475,44.76,44.7475,44.76,2400.0
2017-11-22 11:29:00,44.76,44.7799,44.75,44.75,6368.0
2017-11-22 11:30:00,44.785,44.785,44.76,44.77,2447.0
2017-11-22 11:31:00,44.78,44.78,44.78,44.78,824.0
2017-11-22 11:32:00,44.785,44.785,44.78,44.78,1523.0
2017-11-22 11:33:00,44.76,44.785,44.76,44.785,3971.0
2017-11-22 11:34:00,44.71,44.76,44.71,44.76,2660.0
2017-11-22 11:35:00,44.73,44.73,44.7102,44.7102,1482.0
2017-11-22 11:36:00,44.72,44.74,44.71,44.74,3000.0
2017-11-22 11:37:00,44.735,44.75,44.72,44.72,2700.0
2017-11-22 11:38:00,44.73,44.74,44.72,44.74,2461.0
2017-11-22 11:39:00,44.71,44.72,44.69,44.72,3010.0
2017-11-22 11:40:00,44.72,44.725,44.72,44.72,700.0
2017-11-22 11:41:00,44.72,44.72,44.7176,44.7176,236.0
2017-11-22 11:42:00,44.71,44.73,44.71,44.72,3827.0
2017-11-22 11:44:00,44.68,44.71,44.675,44.71,6107.0
2017-11-22 11:45:00,44.685,44.685,44.66,44.68,4955.0
2017-11-22 11:46:00,44.685,44.685,44.68,44.68,1300.0
2017-11-22 11:47:00,44.675,44.6845,44.67,44.6845,1863.0
2017-11-22 11:49:00,44.67,44.68,44.665,44.67,6477.0
2017-11-22 11:50:00,44.675,44.69,44.66,44.66,8500.0
2017-11-22 11:51:00,44.68,44.68,44.67,44.67,1800.0
2017-11-22 11:52:00,44.7,44.7,44.68,44.68,2541.0
2017-11-22 11:53:00,44.7188,44.72,44.705,44.71,1100.0
2017-11-22 11:54:00,44.705,44.72,44.7,44.72,2800.0
2017-11-22 11:55:00,44.68,44.705,44.68,44.705,2700.0
2017-11-22 11:56:00,44.685,44.685,44.685,44.685,200.0
2017-11-22 11:57:00,44.66,44.68,44.65,44.68,4547.0
2017-11-22 11:58:00,44.65,44.66,44.65,44.66,898.0
2017-11-22 11:59:00,44.665,44.67,44.655,44.66,2976.0
2017-11-22 12:00:00,44.655,44.665,44.65,44.66,2100.0
2017-11-22 12:01:00,44.665,44.67,44.655,44.655,4766.0
2017-11-22 12:02:00,44.66,44.67,44.65,44.66,5636.0
2017-11-22 12:03:00,44.67,44.67,44.655,44.66,4031.0
2017-11-22 12:04:00,44.66,44.67,44.66,44.665,4228.0
2017-11-22 12:05:00,44.64,44.65,44.63,44.65,8137.0
2017-11-22 12:06:00,44.635,44.635,44.635,44.635,2538.0
2017-11-22 12:07:00,44.63,44.64,44.63,44.64,1449.0
2017-11-22 12:08:00,44.63,44.635,44.63,44.63,300.0
2017-11-22 12:09:00,44.635,44.635,44.63,44.63,400.0
2017-11-22 12:10:00,44.59,44.64,44.56,44.64,12146.0
2017-11-22 12:11:00,44.59,44.59,44.59,44.59,200.0
2017-11-22 12:12:00,44.58,44.59,44.57,44.59,3669.0
2017-11-22 12:13:00,44.6,44.6,44.585,44.585,7312.0
2017-11-22 12:14:00,44.6,44.6,44.6,44.6,400.0
2017-11-22 12:15:00,44.61,44.61,44.595,44.595,2276.0
2017-11-22 12:16:00,44.59,44.6,44.59,44.6,4503.0
2017-11-22 12:17:00,44.6,44.6,44.59,44.59,200.0
2017-11-22 12:18:00,44.595,44.595,44.59,44.59,200.0
2017-11-22 12:19:00,44.59,44.59,44.59,44.59,600.0
2017-11-22 12:20:00,44.57,44.59,44.57,44.59,4044.0
2017-11-22 12:21:00,44.59,44.59,44.56,44.56,3391.0
2017-11-22 12:22:00,44.56,44.59,44.56,44.59,3500.0
2017-11-22 12:23:00,44.57,44.57,44.55,44.56,1700.0
2017-11-22 12:24:00,44.58,44.58,44.58,44.58,100.0
2017-11-22 12:25:00,44.56,44.56,44.56,44.56,800.0
2017-11-22 12:26:00,44.555,44.56,44.555,44.56,586.0
2017-11-22 12:27:00,44.582,44.582,44.55,44.56,3900.0
2017-11-22 12:29:00,44.57,44.59,44.57,44.58,1000.0
2017-11-22 12:30:00,44.56,44.56,44.56,44.56,200.0
2017-11-22 12:31:00,44.54,44.55,44.54,44.55,1014.0
2017-11-22 12:32:00,44.545,44.55,44.545,44.55,200.0
2017-11-22 12:33:00,44.56,44.56,44.55,44.55,5390.0
2017-11-22 12:34:00,44.56,44.56,44.56,44.56,350.0
2017-11-22 12:35:00,44.555,44.56,44.555,44.56,500.0
2017-11-22 12:36:00,44.55,44.56,44.55,44.56,200.0
2017-11-22 12:37:00,44.55,44.56,44.54,44.555,2516.0
2017-11-22 12:38:00,44.535,44.54,44.535,44.54,600.0
2017-11-22 12:39:00,44.54,44.54,44.54,44.54,1913.0
2017-11-22 12:40:00,44.5401,44.5401,44.5401,44.5401,300.0
2017-11-22 12:41:00,44.54,44.5462,44.54,44.5462,430.0
2017-11-22 12:42:00,44.55,44.56,44.54,44.55,2919.0
2017-11-22 12:43:00,44.57,44.57,44.555,44.555,2355.0
2017-11-22 12:44:00,44.59,44.59,44.585,44.585,705.0
2017-11-22 12:45:00,44.59,44.59,44.59,44.59,200.0
2017-11-22 12:46:00,44.6,44.6,44.595,44.6,3500.0
2017-11-22 12:47:00,44.6,44.6,44.59,44.6,12246.0
2017-11-22 12:48:00,44.605,44.605,44.6,44.6,1300.0
2017-11-22 12:49:00,44.605,44.61,44.605,44.605,2500.0
2017-11-22 12:50:00,44.59,44.6001,44.59,44.6001,5023.0
2017-11-22 12:51:00,44.6,44.6,44.6,44.6,100.0
2017-11-22 12:52:00,44.6,44.61,44.6,44.61,3900.0
2017-11-22 12:53:00,44.6,44.6,44.59,44.59,500.0
2017-11-22 12:54:00,44.59,44.61,44.59,44.6,2489.0
2017-11-22 12:55:00,44.61,44.61,44.6,44.6,400.0
2017-11-22 12:56:00,44.61,44.61,44.605,44.605,500.0
2017-11-22 12:57:00,44.6,44.605,44.6,44.605,200.0
2017-11-22 12:58:00,44.605,44.605,44.605,44.605,100.0
2017-11-22 12:59:00,44.6,44.6,44.595,44.6,3532.0
2017-11-22 13:00:00,44.58,44.59,44.58,44.59,1619.0
2017-11-22 13:02:00,44.56,44.57,44.56,44.57,1650.0
2017-11-22 13:03:00,44.56,44.5605,44.55,44.5605,3540.0
2017-11-22 13:04:00,44.57,44.57,44.57,44.57,100.0
2017-11-22 13:05:00,44.5644,44.5644,44.5644,44.5644,150.0
2017-11-22 13:06:00,44.56,44.565,44.56,44.565,1200.0
2017-11-22 13:07:00,44.55,44.55,44.55,44.55,100.0
2017-11-22 13:08:00,44.56,44.56,44.56,44.56,200.0
2017-11-22 13:09:00,44.56,44.56,44.55,44.55,200.0
2017-11-22 13:11:00,44.58,44.58,44.56,44.56,2000.0
2017-11-22 13:13:00,44.585,44.59,44.57,44.57,1702.0
2017-11-22 13:14:00,44.58,44.58,44.58,44.58,100.0
2017-11-22 13:16:00,44.58,44.5834,44.58,44.5818,300.0
2017-11-22 13:17:00,44.585,44.585,44.585,44.585,100.0
2017-11-22 13:18:00,44.585,44.59,44.57,44.58,6622.0
2017-11-22 13:19:00,44.59,44.59,44.585,44.585,1000.0
2017-11-22 13:20:00,44.6639,44.6639,44.6,44.6,4701.0
2017-11-22 13:21:00,44.665,44.665,44.66,44.66,300.0
2017-11-22 13:22:00,44.66,44.67,44.66,44.66,3672.0
2017-11-22 13:23:00,44.67,44.6756,44.655,44.6756,5699.0
2017-11-22 13:24:00,44.67,44.68,44.67,44.68,600.0
2017-11-22 13:26:00,44.68,44.68,44.68,44.68,700.0
2017-11-22 13:27:00,44.705,44.705,44.68,44.68,1588.0
2017-11-22 13:28:00,44.7,44.71,44.7,44.705,400.0
2017-11-22 13:29:00,44.71,44.71,44.71,44.71,1635.0
2017-11-22 13:30:00,44.7,44.71,44.7,44.71,3398.0
2017-11-22 13:33:00,44.69,44.7047,44.69,44.7,3700.0
2017-11-22 13:34:00,44.695,44.695,44.695,44.695,200.0
2017-11-22 13:35:00,44.695,44.695,44.69,44.69,727.0
2017-11-22 13:36:00,44.68,44.7,44.68,44.695,1919.0
2017-11-22 13:37:00,44.69,44.69,44.675,44.68,2641.0
2017-11-22 13:38:00,44.7,44.7,44.69,44.695,1996.0
2017-11-22 13:39:00,44.71,44.71,44.7,44.7,488.0
2017-11-22 13:40:00,44.71,44.71,44.71,44.71,400.0
2017-11-22 13:41:00,44.72,44.72,44.72,44.72,100.0
2017-11-22 13:42:00,44.715,44.715,44.715,44.715,232.0
2017-11-22 13:43:00,44.69,44.71,44.69,44.71,6116.0
2017-11-22 13:45:00,44.69,44.695,44.69,44.695,200.0
2017-11-22 13:46:00,44.68,44.7,44.68,44.7,618.0
2017-11-22 13:47:00,44.68,44.68,44.68,44.68,100.0
2017-11-22 13:48:00,44.66,44.685,44.66,44.685,1500.0
2017-11-22 13:49:00,44.66,44.66,44.66,44.66,100.0
2017-11-22 13:50:00,44.66,44.665,44.66,44.66,600.0
2017-11-22 13:51:00,44.62,44.67,44.62,44.67,3624.0
2017-11-22 13:52:00,44.62,44.62,44.61,44.62,2479.0
2017-11-22 13:53:00,44.61,44.6246,44.61,44.6246,1236.0
2017-11-22 13:54:00,44.63,44.63,44.61,44.61,3204.0
2017-11-22 13:55:00,44.63,44.63,44.62,44.63,400.0
2017-11-22 13:56:00,44.63,44.63,44.63,44.63,300.0
2017-11-22 13:57:00,44.63,44.63,44.63,44.63,1343.0
2017-11-22 13:58:00,44.64,44.64,44.625,44.625,1500.0
2017-11-22 13:59:00,44.63,44.63,44.63,44.63,1254.0
2017-11-22 14:00:00,44.63,44.63,44.63,44.63,531.0
2017-11-22 14:02:00,44.65,44.65,44.63,44.63,1200.0
2017-11-22 14:03:00,44.68,44.68,44.65,44.65,900.0
2017-11-22 14:04:00,44.7,44.7,44.68,44.69,2000.0
2017-11-22 14:05:00,44.7,44.7,44.69,44.69,400.0
2017-11-22 14:06:00,44.71,44.71,44.7,44.7,1595.0
2017-11-22 14:07:00,44.73,44.73,44.71,44.71,4023.0
2017-11-22 14:08:00,44.73,44.74,44.7299,44.74,3176.0
2017-11-22 14:09:00,44.73,44.73,44.73,44.73,1872.0
2017-11-22 14:10:00,44.75,44.77,44.73,44.73,7811.0
2017-11-22 14:11:00,44.75,44.75,44.75,44.75,1331.0
2017-11-22 14:12:00,44.75,44.75,44.75,44.75,820.0
2017-11-22 14:13:00,44.76,44.76,44.75,44.76,520.0
2017-11-22 14:14:00,44.75,44.77,44.75,44.76,4626.0
2017-11-22 14:15:00,44.75,44.75,44.75,44.75,1048.0
2017-11-22 14:16:00,44.75,44.76,44.74,44.76,2499.0
2017-11-22 14:17:00,44.75,44.76,44.75,44.75,1651.0
2017-11-22 14:18:00,44.75,44.7557,44.75,44.7557,1134.0
2017-11-22 14:19:00,44.75,44.75,44.75,44.75,141.0
2017-11-22 14:20:00,44.7539,44.755,44.74,44.74,1689.0
2017-11-22 14:21:00,44.75,44.76,44.75,44.76,400.0
2017-11-22 14:22:00,44.7,44.75,44.7,44.75,3173.0
2017-11-22 14:23:00,44.73,44.73,44.7091,44.7091,2405.0
2017-11-22 14:24:00,44.735,44.735,44.735,44.735,100.0
2017-11-22 14:25:00,44.74,44.74,44.74,44.74,600.0
2017-11-22 14:26:00,44.73,44.75,44.73,44.73,3285.0
2017-11-22 14:27:00,44.74,44.74,44.735,44.74,500.0
2017-11-22 14:28:00,44.735,44.74,44.7347,44.735,670.0
2017-11-22 14:30:00,44.71,44.739,44.7,44.73,4155.0
2017-11-22 14:31:00,44.705,44.71,44.7,44.7,1400.0
2017-11-22 14:32:00,44.71,44.72,44.71,44.71,2106.0
2017-11-22 14:33:00,44.71,44.71,44.71,44.71,200.0
2017-11-22 14:34:00,44.71,44.71,44.7048,44.7048,1411.0
2017-11-22 14:35:00,44.71,44.71,44.71,44.71,104.0
2017-11-22 14:36:00,44.7,44.7,44.7,44.7,1026.0
2017-11-22 14:37:00,44.71,44.71,44.7,44.7,875.0
2017-11-22 14:38:00,44.7,44.705,44.7,44.705,600.0
2017-11-22 14:39:00,44.715,44.72,44.705,44.71,2729.0
2017-11-22 14:41:00,44.72,44.72,44.72,44.72,100.0
2017-11-22 14:42:00,44.71,44.72,44.71,44.715,1123.0
2017-11-22 14:43:00,44.72,44.72,44.705,44.705,2871.0
2017-11-22 14:44:00,44.74,44.74,44.73,44.73,1285.0
2017-11-22 14:45:00,44.74,44.74,44.74,44.74,1200.0
2017-11-22 14:46:00,44.75,44.75,44.73,44.74,1658.0
2017-11-22 14:47:00,44.75,44.76,44.75,44.76,200.0
2017-11-22 14:48:00,44.74,44.75,44.74,44.75,2855.0
2017-11-22 14:49:00,44.74,44.74,44.735,44.74,1500.0
2017-11-22 14:50:00,44.755,44.755,44.74,44.74,900.0
2017-11-22 14:51:00,44.76,44.765,44.75,44.75,6270.0
2017-11-22 14:52:00,44.76,44.76,44.75,44.75,6019.0
2017-11-22 14:53:00,44.75,44.76,44.75,44.76,2563.0
2017-11-22 14:54:00,44.76,44.76,44.75,44.75,2100.0
2017-11-22 14:56:00,44.73,44.76,44.73,44.76,12812.0
2017-11-22 14:57:00,44.73,44.74,44.72,44.73,3199.0
2017-11-22 14:58:00,44.74,44.74,44.73,44.73,1200.0
2017-11-22 14:59:00,44.76,44.76,44.745,44.75,5135.0
2017-11-22 15:00:00,44.78,44.79,44.76,44.76,4038.0
2017-11-22 15:01:00,44.78,44.79,44.775,44.775,1900.0
2017-11-22 15:02:00,44.785,44.785,44.78,44.78,1800.0
2017-11-22 15:03:00,44.785,44.785,44.785,44.785,100.0
2017-11-22 15:04:00,44.775,44.785,44.77,44.785,3983.0
2017-11-22 15:05:00,44.775,44.78,44.775,44.78,400.0
2017-11-22 15:06:00,44.765,44.78,44.765,44.775,2800.0
2017-11-22 15:07:00,44.76,44.77,44.76,44.77,900.0
2017-11-22 15:08:00,44.765,44.765,44.76,44.76,800.0
2017-11-22 15:09:00,44.78,44.78,44.765,44.765,3470.0
2017-11-22 15:10:00,44.78,44.78,44.78,44.78,2076.0
2017-11-22 15:11:00,44.775,44.78,44.775,44.78,500.0
2017-11-22 15:12:00,44.765,44.77,44.76,44.77,3542.0
2017-11-22 15:13:00,44.78,44.78,44.77,44.77,4333.0
2017-11-22 15:14:00,44.79,44.79,44.78,44.78,590.0
2017-11-22 15:15:00,44.785,44.79,44.785,44.79,471.0
2017-11-22 15:16:00,44.78,44.79,44.78,44.79,3406.0
2017-11-22 15:17:00,44.81,44.815,44.78,44.78,8433.0
2017-11-22 15:18:00,44.8,44.81,44.795,44.81,2800.0
2017-11-22 15:19:00,44.8,44.8,44.8,44.8,2867.0
2017-11-22 15:20:00,44.805,44.81,44.8013,44.8013,1290.0
2017-11-22 15:21:00,44.805,44.81,44.805,44.805,1100.0
2017-11-22 15:22:00,44.79,44.81,44.79,44.805,5733.0
2017-11-22 15:23:00,44.795,44.8,44.785,44.785,5566.0
2017-11-22 15:24:00,44.805,44.805,44.795,44.795,1300.0
2017-11-22 15:25:00,44.795,44.805,44.79,44.805,2291.0
2017-11-22 15:26:00,44.8,44.8,44.795,44.795,2800.0
2017-11-22 15:27:00,44.79,44.8,44.79,44.8,458.0
2017-11-22 15:28:00,44.795,44.795,44.795,44.795,400.0
2017-11-22 15:29:00,44.8,44.805,44.79,44.8,3507.0
2017-11-22 15:30:00,44.8,44.81,44.795,44.795,4718.0
2017-11-22 15:31:00,44.79,44.8,44.79,44.795,2800.0
2017-11-22 15:32:00,44.805,44.81,44.795,44.795,2921.0
2017-11-22 15:33:00,44.8037,44.81,44.8037,44.81,536.0
2017-11-22 15:34:00,44.8,44.805,44.795,44.805,5373.0
2017-11-22 15:35:00,44.805,44.805,44.785,44.79,6892.0
2017-11-22 15:36:00,44.82,44.82,44.805,44.805,1651.0
2017-11-22 15:37:00,44.805,44.815,44.805,44.815,5945.0
2017-11-22 15:38:00,44.83,44.83,44.81,44.81,6918.0
2017-11-22 15:39:00,44.82,44.835,44.82,44.83,5410.0
2017-11-22 15:40:00,44.815,44.825,44.81,44.825,5212.0
2017-11-22 15:41:00,44.815,44.82,44.81,44.81,1540.0
2017-11-22 15:42:00,44.8195,44.82,44.81,44.81,925.0
2017-11-22 15:43:00,44.81,44.82,44.81,44.81,2700.0
2017-11-22 15:44:00,44.815,44.82,44.81,44.81,3200.0
2017-11-22 15:45:00,44.775,44.82,44.775,44.815,23591.0
2017-11-22 15:46:00,44.785,44.79,44.775,44.78,15078.0
2017-11-22 15:47:00,44.785,44.79,44.78,44.785,2966.0
2017-11-22 15:48:00,44.78,44.79,44.78,44.785,2650.0
2017-11-22 15:49:00,44.785,44.79,44.78,44.785,4100.0
2017-11-22 15:50:00,44.785,44.79,44.78,44.79,4391.0
2017-11-22 15:51:00,44.785,44.79,44.78,44.785,7457.0
2017-11-22 15:52:00,44.785,44.79,44.78,44.785,2800.0
2017-11-22 15:53:00,44.755,44.79,44.75,44.78,16233.0
2017-11-22 15:54:00,44.755,44.76,44.755,44.755,11866.0
2017-11-22 15:55:00,44.75,44.76,44.75,44.755,14270.0
2017-11-22 15:56:00,44.755,44.76,44.75,44.76,6700.0
2017-11-22 15:57:00,44.76,44.76,44.75,44.755,9650.0
2017-11-22 15:58:00,44.755,44.76,44.75,44.755,9017.0
2017-11-22 15:59:00,44.76,44.775,44.75,44.755,48037.0
2017-11-22 16:00:00,44.75,44.77,44.75,44.765,65829.0
2017-11-24 09:30:00,44.93,44.93,44.93,44.93,11873.0
2017-11-24 09:31:00,44.85,44.855,44.78,44.8,900.0
2017-11-24 09:32:00,44.8,44.8,44.8,44.8,100.0
2017-11-24 09:35:00,44.81,44.83,44.81,44.83,800.0
2017-11-24 09:36:00,44.8,44.835,44.8,44.83,2005.0
2017-11-24 09:37:00,44.79,44.79,44.79,44.79,400.0
2017-11-24 09:38:00,44.77,44.77,44.77,44.77,100.0
2017-11-24 09:39:00,44.81,44.81,44.79,44.79,650.0
2017-11-24 09:40:00,44.82,44.82,44.77,44.79,3200.0
2017-11-24 09:41:00,44.77,44.81,44.77,44.805,6100.0
2017-11-24 09:42:00,44.77,44.78,44.75,44.77,3250.0
2017-11-24 09:44:00,44.71,44.755,44.71,44.75,2150.0
2017-11-24 09:45:00,44.67,44.72,44.67,44.72,1900.0
2017-11-24 09:46:00,44.68,44.68,44.66,44.66,200.0
2017-11-24 09:47:00,44.71,44.71,44.69,44.69,2199.0
2017-11-24 09:48:00,44.73,44.73,44.7,44.72,1100.0
2017-11-24 09:49:00,44.735,44.735,44.73,44.73,2875.0
2017-11-24 09:50:00,44.73,44.73,44.71,44.725,2100.0
2017-11-24 09:51:00,44.735,44.735,44.72,44.72,1400.0
2017-11-24 09:52:00,44.7001,44.73,44.7001,44.73,2500.0
2017-11-24 09:53:00,44.69,44.705,44.69,44.7,1100.0
2017-11-24 09:54:00,44.72,44.735,44.695,44.695,3900.0
2017-11-24 09:55:00,44.72,44.735,44.71,44.7201,1000.0
2017-11-24 09:56:00,44.7,44.72,44.7,44.72,900.0
2017-11-24 09:57:00,44.7001,44.71,44.7001,44.71,300.0
2017-11-24 09:58:00,44.71,44.71,44.7,44.71,330.0
2017-11-24 09:59:00,44.72,44.72,44.7,44.71,5134.0
2017-11-24 10:00:00,44.71,44.72,44.7,44.7,2600.0
2017-11-24 10:01:00,44.71,44.72,44.71,44.72,1296.0
2017-11-24 10:02:00,44.7,44.71,44.7,44.71,1900.0
2017-11-24 10:03:00,44.7,44.7099,44.7,44.7,5500.0
2017-11-24 10:04:00,44.73,44.74,44.705,44.71,5207.0
2017-11-24 10:05:00,44.7,44.72,44.7,44.72,4900.0
2017-11-24 10:06:00,44.64,44.71,44.64,44.7,8262.0
2017-11-24 10:07:00,44.65,44.66,44.65,44.65,1900.0
2017-11-24 10:08:00,44.64,44.64,44.64,44.64,300.0
2017-11-24 10:09:00,44.63,44.64,44.62,44.64,2028.0
2017-11-24 10:10:00,44.61,44.63,44.61,44.63,800.0
2017-11-24 10:11:00,44.6198,44.6198,44.6198,44.6198,200.0
2017-11-24 10:12:00,44.61,44.62,44.61,44.62,400.0
2017-11-24 10:13:00,44.6,44.61,44.6,44.6,500.0
2017-11-24 10:14:00,44.62,44.62,44.6,44.6,1700.0
2017-11-24 10:15:00,44.67,44.67,44.63,44.63,1900.0
2017-11-24 10:16:00,44.71,44.71,44.65,44.65,1300.0
2017-11-24 10:17:00,44.69,44.69,44.69,44.69,200.0
2017-11-24 10:18:00,44.71,44.71,44.71,44.71,300.0
2017-11-24 10:20:00,44.69,44.69,44.69,44.69,100.0
2017-11-24 10:21:00,44.72,44.72,44.68,44.68,200.0
2017-11-24 10:22:00,44.71,44.71,44.684,44.684,450.0
2017-11-24 10:23:00,44.7,44.7,44.69,44.69,300.0
2017-11-24 10:25:00,44.71,44.71,44.7,44.71,834.0
2017-11-24 10:26:00,44.68,44.7,44.68,44.7,2229.0
2017-11-24 10:27:00,44.68,44.68,44.66,44.68,2300.0
2017-11-24 10:28:00,44.68,44.68,44.68,44.68,100.0
2017-11-24 10:29:00,44.67100000000001,44.67100000000001,44.67100000000001,44.67100000000001,436.0
2017-11-24 10:30:00,44.68,44.68,44.68,44.68,900.0
2017-11-24 10:31:00,44.68,44.69,44.67,44.6789,2169.0
2017-11-24 10:32:00,44.7132,44.7132,44.69,44.69,2042.0
2017-11-24 10:33:00,44.71,44.72,44.705,44.72,2606.0
2017-11-24 10:34:00,44.715,44.72,44.715,44.72,1100.0
2017-11-24 10:35:00,44.75,44.75,44.72,44.72,1667.0
2017-11-24 10:36:00,44.73,44.75,44.73,44.74,1700.0
2017-11-24 10:37:00,44.74,44.74,44.71,44.725,2400.0
2017-11-24 10:38:00,44.725,44.73,44.72,44.73,1100.0
2017-11-24 10:39:00,44.715,44.725,44.715,44.725,887.0
2017-11-24 10:40:00,44.73,44.73,44.715,44.715,1301.0
2017-11-24 10:41:00,44.74,44.74,44.725,44.7299,1560.0
2017-11-24 10:42:00,44.72,44.75,44.71,44.74,2577.0
2017-11-24 10:43:00,44.75,44.75,44.72,44.73,1000.0
2017-11-24 10:44:00,44.74,44.75,44.74,44.75,200.0
2017-11-24 10:45:00,44.74,44.75,44.74,44.74,700.0
2017-11-24 10:46:00,44.74,44.74,44.74,44.74,100.0
2017-11-24 10:47:00,44.725,44.74,44.725,44.74,704.0
2017-11-24 10:48:00,44.735,44.74,44.73,44.73,1000.0
2017-11-24 10:49:00,44.76,44.77,44.73,44.74,9973.0
2017-11-24 10:50:00,44.73,44.76,44.73,44.76,2845.0
2017-11-24 10:51:00,44.8,44.81,44.75,44.75,7525.0
2017-11-24 10:52:00,44.8,44.8,44.8,44.8,100.0
2017-11-24 10:53:00,44.8,44.82,44.8,44.805,3640.0
2017-11-24 10:54:00,44.83,44.83,44.79,44.81,16872.0
2017-11-24 10:55:00,44.83,44.84,44.79,44.83,8278.0
2017-11-24 10:56:00,44.82,44.86,44.82,44.84,6200.0
2017-11-24 10:57:00,44.84,44.84,44.825,44.825,1900.0
2017-11-24 10:58:00,44.78,44.85,44.77,44.85,12500.0
2017-11-24 10:59:00,44.805,44.815,44.78,44.78,4708.0
2017-11-24 11:00:00,44.81,44.82,44.8,44.81,3760.0
2017-11-24 11:01:00,44.85,44.86,44.81,44.82,5261.0
2017-11-24 11:02:00,44.84,44.85,44.84,44.85,6320.0
2017-11-24 11:03:00,44.84,44.85,44.84,44.85,2471.0
2017-11-24 11:04:00,44.85,44.85,44.85,44.85,100.0
2017-11-24 11:05:00,44.805,44.86,44.8,44.86,4902.0
2017-11-24 11:06:00,44.8,44.82,44.8,44.81,2599.0
2017-11-24 11:07:00,44.77,44.8,44.77,44.8,1700.0
2017-11-24 11:08:00,44.79,44.79,44.77,44.78,1600.0
2017-11-24 11:09:00,44.79,44.81,44.79,44.8,515.0
2017-11-24 11:11:00,44.79,44.8,44.785,44.79,3638.0
2017-11-24 11:13:00,44.79,44.79,44.79,44.79,100.0
2017-11-24 11:14:00,44.79,44.8,44.77,44.79,4942.0
2017-11-24 11:15:00,44.79,44.8,44.79,44.79,1763.0
2017-11-24 11:16:00,44.78,44.79,44.78,44.78,1300.0
2017-11-24 11:17:00,44.785,44.785,44.78,44.78,300.0
2017-11-24 11:18:00,44.76,44.785,44.76,44.78,2200.0
2017-11-24 11:19:00,44.77,44.79,44.76,44.77,3814.0
2017-11-24 11:20:00,44.79,44.79,44.77,44.775,1200.0
2017-11-24 11:21:00,44.79,44.79,44.79,44.79,100.0
2017-11-24 11:22:00,44.78,44.78,44.77,44.775,545.0
2017-11-24 11:23:00,44.76,44.77,44.76,44.77,1212.0
2017-11-24 11:24:00,44.75,44.76,44.735,44.76,4737.0
2017-11-24 11:25:00,44.745,44.745,44.73,44.74,1800.0
2017-11-24 11:26:00,44.75,44.75,44.74,44.74,1956.0
2017-11-24 11:27:00,44.75,44.78,44.75,44.76,2007.0
2017-11-24 11:28:00,44.77,44.77,44.76,44.77,400.0
2017-11-24 11:30:00,44.75,44.76,44.75,44.75,2989.0
2017-11-24 11:31:00,44.75,44.75,44.745,44.745,200.0
2017-11-24 11:32:00,44.75,44.75,44.745,44.745,200.0
2017-11-24 11:33:00,44.74,44.745,44.74,44.74,2280.0
2017-11-24 11:34:00,44.725,44.73,44.725,44.73,400.0
2017-11-24 11:35:00,44.73,44.73,44.73,44.73,1702.0
2017-11-24 11:36:00,44.74,44.74,44.73,44.73,1398.0
2017-11-24 11:37:00,44.74,44.7499,44.74,44.7499,300.0
2017-11-24 11:38:00,44.74,44.74,44.74,44.74,400.0
2017-11-24 11:39:00,44.74,44.74,44.735,44.74,1700.0
2017-11-24 11:40:00,44.74,44.74,44.74,44.74,800.0
2017-11-24 11:41:00,44.74,44.74,44.73,44.7356,800.0
2017-11-24 11:42:00,44.735,44.735,44.735,44.735,100.0
2017-11-24 11:43:00,44.7425,44.7425,44.735,44.735,2298.0
2017-11-24 11:44:00,44.755,44.76,44.74,44.74,5097.0
2017-11-24 11:45:00,44.75,44.76,44.75,44.75,600.0
2017-11-24 11:46:00,44.76,44.76,44.76,44.76,200.0
2017-11-24 11:47:00,44.77,44.77,44.75,44.76,2440.0
2017-11-24 11:48:00,44.76,44.78,44.75,44.76,2300.0
2017-11-24 11:49:00,44.76,44.77,44.76,44.77,550.0
2017-11-24 11:51:00,44.74,44.76,44.74,44.76,3068.0
2017-11-24 11:52:00,44.735,44.745,44.735,44.745,400.0
2017-11-24 11:53:00,44.725,44.73,44.72,44.73,400.0
2017-11-24 11:54:00,44.71,44.72,44.71,44.72,400.0
2017-11-24 11:55:00,44.73,44.73,44.71,44.72,2000.0
2017-11-24 11:56:00,44.74,44.74,44.725,44.73,1400.0
2017-11-24 11:57:00,44.7437,44.75,44.7437,44.75,1300.0
2017-11-24 11:58:00,44.72,44.74,44.71,44.74,2700.0
2017-11-24 11:59:00,44.72,44.72,44.72,44.72,654.0
2017-11-24 12:00:00,44.72,44.725,44.72,44.72,1280.0
2017-11-24 12:01:00,44.73,44.73,44.71,44.72,3282.0
2017-11-24 12:02:00,44.74,44.74,44.735,44.7367,1308.0
2017-11-24 12:03:00,44.75,44.75,44.75,44.75,300.0
2017-11-24 12:04:00,44.75,44.75,44.74,44.74,1289.0
2017-11-24 12:05:00,44.745,44.755,44.745,44.75,3519.0
2017-11-24 12:06:00,44.75,44.755,44.745,44.745,1300.0
2017-11-24 12:08:00,44.75,44.75,44.745,44.75,800.0
2017-11-24 12:09:00,44.73,44.75,44.73,44.74,3400.0
2017-11-24 12:10:00,44.73,44.73,44.73,44.73,400.0
2017-11-24 12:11:00,44.74,44.74,44.73,44.7334,1500.0
2017-11-24 12:12:00,44.735,44.74,44.735,44.74,1000.0
2017-11-24 12:13:00,44.735,44.74,44.735,44.74,1100.0
2017-11-24 12:15:00,44.74,44.745,44.735,44.74,2500.0
2017-11-24 12:16:00,44.73,44.73,44.73,44.73,300.0
2017-11-24 12:17:00,44.735,44.735,44.73,44.73,1600.0
2017-11-24 12:18:00,44.73,44.735,44.73,44.73,700.0
2017-11-24 12:19:00,44.73,44.74,44.73,44.735,500.0
2017-11-24 12:20:00,44.73,44.73,44.73,44.73,772.0
2017-11-24 12:21:00,44.73,44.7399,44.73,44.73,1640.0
2017-11-24 12:22:00,44.73,44.735,44.73,44.73,700.0
2017-11-24 12:23:00,44.695,44.735,44.695,44.73,6074.0
2017-11-24 12:24:00,44.7,44.7,44.6852,44.7,3206.0
2017-11-24 12:25:00,44.705,44.705,44.705,44.705,100.0
2017-11-24 12:26:00,44.715,44.715,44.71,44.71,1560.0
2017-11-24 12:27:00,44.725,44.725,44.72,44.72,1500.0
2017-11-24 12:28:00,44.73,44.73,44.73,44.73,300.0
2017-11-24 12:29:00,44.735,44.74,44.73,44.73,800.0
2017-11-24 12:30:00,44.725,44.73,44.725,44.73,1400.0
2017-11-24 12:32:00,44.725,44.725,44.725,44.725,100.0
2017-11-24 12:33:00,44.73,44.73,44.72,44.725,1418.0
2017-11-24 12:34:00,44.73,44.74,44.73,44.74,2100.0
2017-11-24 12:35:00,44.73,44.73,44.73,44.73,100.0
2017-11-24 12:36:00,44.73,44.73,44.73,44.73,100.0
2017-11-24 12:37:00,44.725,44.725,44.72,44.72,1629.0
2017-11-24 12:38:00,44.725,44.725,44.725,44.725,425.0
2017-11-24 12:39:00,44.7,44.73,44.7,44.73,5261.0
2017-11-24 12:40:00,44.695,44.695,44.695,44.695,400.0
2017-11-24 12:41:00,44.695,44.695,44.69,44.69,500.0
2017-11-24 12:42:00,44.685,44.69,44.68,44.69,4320.0
2017-11-24 12:43:00,44.695,44.705,44.695,44.7,3500.0
2017-11-24 12:44:00,44.7,44.7,44.69,44.69,1000.0
2017-11-24 12:45:00,44.705,44.71,44.695,44.7,9036.0
2017-11-24 12:46:00,44.705,44.7057,44.7,44.7,3500.0
2017-11-24 12:47:00,44.71,44.71,44.703,44.71,1599.0
2017-11-24 12:48:00,44.72,44.72,44.71,44.71,2860.0
2017-11-24 12:49:00,44.72,44.72,44.72,44.72,2700.0
2017-11-24 12:50:00,44.725,44.725,44.715,44.72,2879.0
2017-11-24 12:51:00,44.73,44.73,44.72,44.725,1600.0
2017-11-24 12:52:00,44.725,44.73,44.72,44.7269,3990.0
2017-11-24 12:53:00,44.745,44.755,44.725,44.725,16419.0
2017-11-24 12:54:00,44.75,44.755,44.745,44.75,12097.0
2017-11-24 12:55:00,44.755,44.76,44.745,44.75,14499.0
2017-11-24 12:56:00,44.745,44.76,44.74,44.76,8194.0
2017-11-24 12:57:00,44.75,44.75,44.735,44.74,13985.0
2017-11-24 12:58:00,44.775,44.78,44.75,44.75,41977.0
2017-11-24 12:59:00,44.8,44.8,44.78,44.78,27052.0
2017-11-24 13:00:00,44.855,44.86,44.78,44.8,111158.0
2017-11-27 09:30:00,44.74,44.74,44.74,44.74,12000.0
2017-11-27 09:31:00,44.8,44.8,44.74,44.74,1000.0
2017-11-27 09:32:00,44.735,44.74,44.72,44.74,1000.0
2017-11-27 09:33:00,44.78,44.78,44.72,44.735,4632.0
2017-11-27 09:34:00,44.78,44.79,44.77,44.79,2500.0
2017-11-27 09:35:00,44.75,44.78,44.75,44.78,1900.0
2017-11-27 09:36:00,44.76,44.76,44.74,44.74,200.0
2017-11-27 09:37:00,44.775,44.79,44.75,44.77,1700.0
2017-11-27 09:38:00,44.765,44.775,44.76,44.76,700.0
2017-11-27 09:39:00,44.76,44.78,44.76,44.76,4200.0
2017-11-27 09:40:00,44.78,44.78,44.765,44.77,1900.0
2017-11-27 09:41:00,44.77,44.78,44.76,44.78,3770.0
2017-11-27 09:42:00,44.79,44.79,44.76,44.78,4200.0
2017-11-27 09:43:00,44.79,44.8,44.79,44.8,2352.0
2017-11-27 09:44:00,44.8,44.8,44.8,44.8,600.0
2017-11-27 09:45:00,44.8,44.8,44.79,44.79,3158.0
2017-11-27 09:46:00,44.82,44.83,44.8,44.81,1502.0
2017-11-27 09:47:00,44.87,44.88,44.84,44.84,2700.0
2017-11-27 09:48:00,44.8656,44.87,44.8656,44.87,1706.0
2017-11-27 09:49:00,44.87,44.88,44.86,44.87,1693.0
2017-11-27 09:50:00,44.86,44.87,44.86,44.87,935.0
2017-11-27 09:51:00,44.84,44.85,44.84,44.85,1450.0
2017-11-27 09:52:00,44.8,44.82,44.79,44.81,3500.0
2017-11-27 09:53:00,44.8,44.81,44.8,44.81,400.0
2017-11-27 09:54:00,44.8,44.8,44.79,44.8,800.0
2017-11-27 09:55:00,44.8,44.81,44.8,44.8,900.0
2017-11-27 09:56:00,44.8,44.81,44.8,44.8,2400.0
2017-11-27 09:57:00,44.8,44.81,44.8,44.8,1600.0
2017-11-27 09:58:00,44.8,44.81,44.79,44.8,7898.0
2017-11-27 09:59:00,44.82,44.82,44.78,44.8,5709.0
2017-11-27 10:00:00,44.83,44.83,44.83,44.83,100.0
2017-11-27 10:01:00,44.88,44.89,44.83,44.83,6348.0
2017-11-27 10:03:00,44.87,44.89,44.86,44.87,9537.0
2017-11-27 10:04:00,44.89,44.9,44.88,44.88,1010.0
2017-11-27 10:05:00,44.9,44.9,44.88,44.88,1264.0
2017-11-27 10:06:00,44.91,44.92,44.9,44.9,4943.0
2017-11-27 10:07:00,44.92,44.92,44.91,44.91,300.0
2017-11-27 10:09:00,44.89,44.91,44.885,44.91,10159.0
2017-11-27 10:10:00,44.89,44.9,44.88,44.885,6700.0
2017-11-27 10:11:00,44.91,44.91,44.885,44.89,2300.0
2017-11-27 10:12:00,44.945,44.97,44.91,44.91,6099.0
2017-11-27 10:13:00,44.93,44.94,44.93,44.94,1500.0
2017-11-27 10:14:00,44.94,44.94,44.94,44.94,743.0
2017-11-27 10:15:00,44.94,44.95,44.94,44.94,4278.0
2017-11-27 10:16:00,44.96,44.96,44.94,44.94,3627.0
2017-11-27 10:17:00,44.95,44.9535,44.95,44.9535,940.0
2017-11-27 10:18:00,44.93,44.94,44.93,44.94,3960.0
2017-11-27 10:19:00,44.96,44.96,44.92,44.93,4995.0
2017-11-27 10:20:00,44.96,44.97,44.96,44.97,6300.0
2017-11-27 10:21:00,44.99,44.99,44.97,44.97,4236.0
2017-11-27 10:22:00,45.0,45.005,44.995,44.995,2971.0
2017-11-27 10:23:00,45.02,45.03,44.99,44.99,6926.0
2017-11-27 10:24:00,45.025,45.025,45.02,45.02,500.0
2017-11-27 10:25:00,45.025,45.03,45.02,45.02,600.0
2017-11-27 10:26:00,45.0,45.03,45.0,45.03,7874.0
2017-11-27 10:27:00,45.045,45.05,45.01,45.01,5821.0
2017-11-27 10:28:00,45.04,45.04,45.03,45.04,2177.0
2017-11-27 10:29:00,45.08,45.08,45.04,45.04,3121.0
2017-11-27 10:30:00,45.08,45.09,45.08,45.09,12735.0
2017-11-27 10:31:00,45.06,45.07,45.06,45.07,7768.0
2017-11-27 10:32:00,45.065,45.065,45.06,45.06,1462.0
2017-11-27 10:33:00,45.1,45.1,45.07,45.07,13267.0
2017-11-27 10:34:00,45.1,45.11,45.09,45.11,7493.0
2017-11-27 10:35:00,45.1,45.1,45.09,45.09,2326.0
2017-11-27 10:36:00,45.105,45.11,45.1,45.1,1612.0
2017-11-27 10:37:00,45.1,45.1,45.1,45.1,1738.0
2017-11-27 10:38:00,45.1,45.1,45.09,45.09,981.0
2017-11-27 10:39:00,45.13,45.13,45.1013,45.1013,4650.0
2017-11-27 10:40:00,45.14,45.14,45.13,45.13,200.0
2017-11-27 10:41:00,45.155,45.16,45.14,45.14,4136.0
2017-11-27 10:42:00,45.165,45.17,45.155,45.16,5794.0
2017-11-27 10:43:00,45.16,45.16,45.16,45.16,1200.0
2017-11-27 10:44:00,45.17,45.17,45.16,45.16,1900.0
2017-11-27 10:45:00,45.15,45.18,45.15,45.18,3496.0
2017-11-27 10:46:00,45.21,45.21,45.155,45.155,15361.0
2017-11-27 10:47:00,45.2,45.21,45.2,45.21,3600.0
2017-11-27 10:48:00,45.205,45.205,45.205,45.205,400.0
2017-11-27 10:49:00,45.205,45.21,45.205,45.205,586.0
2017-11-27 10:50:00,45.2,45.21,45.2,45.205,10553.0
2017-11-27 10:51:00,45.17,45.195,45.17,45.195,9597.0
2017-11-27 10:52:00,45.14,45.16,45.14,45.16,1900.0
2017-11-27 10:53:00,45.14,45.14,45.13,45.13,1200.0
2017-11-27 10:54:00,45.14,45.15,45.14,45.15,200.0
2017-11-27 10:55:00,45.11,45.117,45.11,45.11,3931.0
2017-11-27 10:56:00,45.09,45.1,45.08,45.1,2560.0
2017-11-27 10:57:00,45.074,45.08,45.05,45.08,2215.0
2017-11-27 10:58:00,45.08,45.08,45.07,45.07,1330.0
2017-11-27 10:59:00,45.085,45.085,45.08,45.08,433.0
2017-11-27 11:00:00,45.09,45.095,45.08,45.09,1109.0
2017-11-27 11:01:00,45.1,45.1,45.08,45.08,300.0
2017-11-27 11:02:00,45.0901,45.1,45.0901,45.1,1000.0
2017-11-27 11:03:00,45.08,45.09,45.08,45.09,1400.0
2017-11-27 11:04:00,45.07,45.07,45.07,45.07,100.0
2017-11-27 11:05:00,45.08,45.08,45.075,45.075,2400.0
2017-11-27 11:06:00,45.11,45.11,45.09,45.09,4167.0
2017-11-27 11:07:00,45.135,45.14,45.11,45.11,2190.0
2017-11-27 11:08:00,45.15,45.155,45.13,45.13,6840.0
2017-11-27 11:09:00,45.14,45.14,45.14,45.14,100.0
2017-11-27 11:10:00,45.13,45.15,45.13,45.145,11217.0
2017-11-27 11:11:00,45.13,45.135,45.12,45.13,2400.0
2017-11-27 11:12:00,45.16,45.19,45.135,45.14,8269.0
2017-11-27 11:13:00,45.15,45.161,45.14,45.16,1799.0
2017-11-27 11:14:00,45.13,45.14,45.13,45.14,2842.0
2017-11-27 11:15:00,45.155,45.155,45.125,45.135,5324.0
2017-11-27 11:16:00,45.17,45.18,45.15,45.15,1800.0
2017-11-27 11:17:00,45.2,45.2,45.18,45.18,2003.0
2017-11-27 11:18:00,45.19,45.22,45.19,45.21,5902.0
2017-11-27 11:19:00,45.19,45.19,45.19,45.19,500.0
2017-11-27 11:20:00,45.16,45.19,45.155,45.19,5126.0
2017-11-27 11:22:00,45.19,45.19,45.16,45.16,1501.0
2017-11-27 11:23:00,45.19,45.19,45.19,45.19,1200.0
2017-11-27 11:24:00,45.24,45.24,45.2,45.205,3085.0
2017-11-27 11:25:00,45.24,45.26,45.24,45.255,3379.0
2017-11-27 11:26:00,45.23,45.23,45.22,45.23,2559.0
2017-11-27 11:27:00,45.24,45.24,45.225,45.24,2800.0
2017-11-27 11:28:00,45.22,45.24,45.22,45.24,500.0
2017-11-27 11:29:00,45.22,45.225,45.22,45.225,200.0
2017-11-27 11:30:00,45.22,45.235,45.22,45.22,2356.0
2017-11-27 11:31:00,45.22,45.22,45.21,45.22,1516.0
2017-11-27 11:32:00,45.21,45.21,45.21,45.21,300.0
2017-11-27 11:34:00,45.19,45.2,45.18,45.2,1800.0
2017-11-27 11:35:00,45.17,45.18,45.17,45.18,600.0
2017-11-27 11:36:00,45.15,45.16,45.1431,45.16,1836.0
2017-11-27 11:37:00,45.1275,45.14,45.125,45.14,1980.0
2017-11-27 11:38:00,45.13,45.14,45.13,45.13,3924.0
2017-11-27 11:39:00,45.13,45.13,45.13,45.13,200.0
2017-11-27 11:40:00,45.17,45.17,45.135,45.14,3300.0
2017-11-27 11:41:00,45.17,45.17,45.165,45.165,800.0
2017-11-27 11:42:00,45.15,45.17,45.15,45.17,1367.0
2017-11-27 11:43:00,45.14,45.15,45.135,45.15,1679.0
2017-11-27 11:44:00,45.14,45.14,45.125,45.14,2300.0
2017-11-27 11:45:00,45.15,45.16,45.14,45.14,1200.0
2017-11-27 11:46:00,45.15,45.15,45.15,45.15,1300.0
2017-11-27 11:47:00,45.17,45.18,45.155,45.16,4157.0
2017-11-27 11:48:00,45.1752,45.1752,45.16,45.16,456.0
2017-11-27 11:49:00,45.19,45.2,45.17,45.17,2303.0
2017-11-27 11:50:00,45.17,45.19,45.17,45.19,4358.0
2017-11-27 11:51:00,45.18,45.18,45.18,45.18,671.0
2017-11-27 11:52:00,45.17,45.18,45.17,45.18,300.0
2017-11-27 11:53:00,45.18,45.18,45.17,45.18,1400.0
2017-11-27 11:54:00,45.18,45.18,45.18,45.18,100.0
2017-11-27 11:55:00,45.18,45.18,45.18,45.18,100.0
2017-11-27 11:56:00,45.17,45.18,45.17,45.18,2491.0
2017-11-27 11:57:00,45.165,45.17,45.16,45.17,1300.0
2017-11-27 11:58:00,45.17,45.17,45.165,45.17,1537.0
2017-11-27 11:59:00,45.165,45.17,45.165,45.17,500.0
2017-11-27 12:00:00,45.18,45.18,45.1715,45.1735,1347.0
2017-11-27 12:01:00,45.17,45.18,45.17,45.18,1272.0
2017-11-27 12:02:00,45.165,45.18,45.165,45.18,1500.0
2017-11-27 12:03:00,45.1809,45.1809,45.1642,45.1642,2878.0
2017-11-27 12:04:00,45.18,45.18,45.17,45.1768,1099.0
2017-11-27 12:05:00,45.17,45.19,45.17,45.17,1344.0
2017-11-27 12:06:00,45.16,45.19,45.16,45.19,2689.0
2017-11-27 12:07:00,45.17,45.17,45.16,45.17,600.0
2017-11-27 12:08:00,45.17,45.18,45.17,45.18,724.0
2017-11-27 12:09:00,45.16,45.18,45.15,45.18,3371.0
2017-11-27 12:10:00,45.16,45.165,45.14,45.14,1710.0
2017-11-27 12:11:00,45.1414,45.165,45.14,45.16,2135.0
2017-11-27 12:12:00,45.15,45.15,45.14,45.14,200.0
2017-11-27 12:13:00,45.145,45.15,45.145,45.15,1100.0
2017-11-27 12:14:00,45.14,45.16,45.14,45.15,2800.0
2017-11-27 12:15:00,45.12,45.14,45.12,45.14,600.0
2017-11-27 12:17:00,45.12,45.12,45.12,45.12,900.0
2017-11-27 12:18:00,45.12,45.12,45.115,45.115,500.0
2017-11-27 12:19:00,45.115,45.115,45.115,45.115,100.0
2017-11-27 12:20:00,45.12,45.12,45.115,45.115,2000.0
2017-11-27 12:21:00,45.12,45.12,45.11,45.11,2000.0
2017-11-27 12:22:00,45.14,45.14,45.125,45.13,1539.0
2017-11-27 12:23:00,45.14,45.14,45.14,45.14,200.0
2017-11-27 12:24:00,45.15,45.15,45.13,45.13,3282.0
2017-11-27 12:25:00,45.16,45.16,45.1525,45.16,1074.0
2017-11-27 12:26:00,45.14,45.15,45.14,45.15,3393.0
2017-11-27 12:27:00,45.15,45.15,45.145,45.145,400.0
2017-11-27 12:28:00,45.145,45.145,45.1401,45.145,400.0
2017-11-27 12:29:00,45.18,45.18,45.145,45.145,1832.0
2017-11-27 12:30:00,45.2,45.2,45.18,45.18,1100.0
2017-11-27 12:31:00,45.18,45.2,45.18,45.2,610.0
2017-11-27 12:32:00,45.16,45.18,45.16,45.18,4066.0
2017-11-27 12:33:00,45.15,45.15,45.15,45.15,1600.0
2017-11-27 12:36:00,45.145,45.15,45.145,45.15,1572.0
2017-11-27 12:37:00,45.15,45.15,45.1442,45.1442,900.0
2017-11-27 12:38:00,45.145,45.15,45.145,45.145,950.0
2017-11-27 12:39:00,45.15,45.15,45.14,45.15,600.0
2017-11-27 12:40:00,45.16,45.17,45.145,45.145,3200.0
2017-11-27 12:41:00,45.16,45.16,45.15,45.16,1172.0
2017-11-27 12:42:00,45.15,45.1533,45.15,45.1533,200.0
2017-11-27 12:43:00,45.15,45.15,45.14,45.15,2092.0
2017-11-27 12:44:00,45.16,45.16,45.16,45.16,400.0
2017-11-27 12:45:00,45.165,45.165,45.16,45.16,8500.0
2017-11-27 12:46:00,45.16,45.16,45.16,45.16,300.0
2017-11-27 12:47:00,45.1611,45.1611,45.16,45.1607,600.0
2017-11-27 12:48:00,45.15,45.165,45.15,45.165,6475.0
2017-11-27 12:49:00,45.165,45.165,45.145,45.15,7398.0
2017-11-27 12:50:00,45.15,45.16,45.15,45.16,618.0
2017-11-27 12:52:00,45.1551,45.1551,45.1551,45.1551,350.0
2017-11-27 12:53:00,45.15,45.15,45.15,45.15,500.0
2017-11-27 12:54:00,45.15,45.15,45.14,45.145,700.0
2017-11-27 12:55:00,45.15,45.15,45.145,45.15,724.0
2017-11-27 12:56:00,45.15,45.15,45.145,45.145,400.0
2017-11-27 12:57:00,45.15,45.15,45.15,45.15,100.0
2017-11-27 12:58:00,45.15,45.15,45.14,45.14,300.0
2017-11-27 12:59:00,45.15,45.15,45.14,45.15,698.0
2017-11-27 13:00:00,45.15,45.15,45.14,45.15,1931.0
2017-11-27 13:01:00,45.16,45.16,45.16,45.16,100.0
2017-11-27 13:02:00,45.15,45.16,45.15,45.16,500.0
2017-11-27 13:03:00,45.145,45.15,45.14,45.15,3352.0
2017-11-27 13:04:00,45.15,45.15,45.14,45.15,2100.0
2017-11-27 13:05:00,45.15,45.155,45.15,45.15,2198.0
2017-11-27 13:06:00,45.14,45.15,45.14,45.15,8401.0
2017-11-27 13:07:00,45.14,45.15,45.14,45.15,1100.0
2017-11-27 13:08:00,45.14,45.14,45.14,45.14,700.0
2017-11-27 13:09:00,45.05,45.14,45.05,45.14,5210.0
2017-11-27 13:10:00,45.06,45.06,45.05,45.05,5200.0
2017-11-27 13:11:00,45.03,45.05,45.03,45.05,1603.0
2017-11-27 13:12:00,45.03,45.03,45.02,45.03,1039.0
2017-11-27 13:13:00,45.03,45.03,45.03,45.03,100.0
2017-11-27 13:14:00,45.03,45.03,45.015,45.02,2480.0
2017-11-27 13:16:00,45.05,45.05,45.0336,45.0359,1340.0
2017-11-27 13:18:00,45.04,45.05,45.04,45.05,340.0
2017-11-27 13:19:00,45.04,45.04,45.04,45.04,900.0
2017-11-27 13:20:00,45.035,45.04,45.03,45.04,2259.0
2017-11-27 13:21:00,45.06,45.06,45.04,45.04,2521.0
2017-11-27 13:23:00,45.07,45.07,45.07,45.07,100.0
2017-11-27 13:24:00,45.07,45.07,45.07,45.07,200.0
2017-11-27 13:25:00,45.07,45.07,45.07,45.07,300.0
2017-11-27 13:26:00,45.07,45.07,45.06,45.06,300.0
2017-11-27 13:27:00,45.07,45.07,45.07,45.07,100.0
2017-11-27 13:28:00,45.07,45.07,45.06,45.06,1400.0
2017-11-27 13:29:00,45.06,45.07,45.06,45.07,2420.0
2017-11-27 13:30:00,45.065,45.07,45.06,45.06,2023.0
2017-11-27 13:31:00,45.09,45.09,45.08,45.08,700.0
2017-11-27 13:32:00,45.085,45.085,45.085,45.085,111.0
2017-11-27 13:33:00,45.08,45.09,45.08,45.09,400.0
2017-11-27 13:34:00,45.09,45.09,45.09,45.09,200.0
2017-11-27 13:35:00,45.09,45.09,45.09,45.09,100.0
2017-11-27 13:36:00,45.08,45.085,45.08,45.08,1400.0
2017-11-27 13:37:00,45.08,45.08,45.065,45.07,4868.0
2017-11-27 13:38:00,45.085,45.085,45.085,45.085,200.0
2017-11-27 13:39:00,45.08,45.085,45.08,45.08,1800.0
2017-11-27 13:40:00,45.07,45.08,45.07,45.08,500.0
2017-11-27 13:41:00,45.07,45.075,45.07,45.075,300.0
2017-11-27 13:42:00,45.08,45.08,45.08,45.08,200.0
2017-11-27 13:43:00,45.065,45.075,45.06,45.07,1937.0
2017-11-27 13:45:00,45.05,45.065,45.05,45.06,2167.0
2017-11-27 13:46:00,45.06,45.06,45.05,45.05,4184.0
2017-11-27 13:47:00,45.063,45.0699,45.063,45.065,536.0
2017-11-27 13:48:00,45.0644,45.0644,45.0644,45.0644,261.0
2017-11-27 13:49:00,45.08,45.08,45.065,45.07,3839.0
2017-11-27 13:50:00,45.0699,45.08,45.065,45.08,4401.0
2017-11-27 13:51:00,45.065,45.065,45.0601,45.065,500.0
2017-11-27 13:52:00,45.065,45.0652,45.065,45.0652,230.0
2017-11-27 13:53:00,45.07,45.07,45.07,45.07,300.0
2017-11-27 13:54:00,45.045,45.065,45.04,45.06,5090.0
2017-11-27 13:55:00,45.055,45.06,45.05,45.05,1903.0
2017-11-27 13:56:00,45.0552,45.0552,45.0552,45.0552,110.0
2017-11-27 13:57:00,45.07,45.07,45.055,45.055,3847.0
2017-11-27 13:58:00,45.06,45.08,45.06,45.08,3560.0
2017-11-27 13:59:00,45.055,45.055,45.055,45.055,100.0
2017-11-27 14:00:00,45.06,45.06,45.0501,45.0501,370.0
2017-11-27 14:01:00,45.06,45.06,45.05,45.05,5969.0
2017-11-27 14:03:00,45.06,45.06,45.06,45.06,100.0
2017-11-27 14:04:00,45.06,45.06,45.06,45.06,100.0
2017-11-27 14:05:00,45.055,45.055,45.05,45.05,200.0
2017-11-27 14:06:00,45.045,45.055,45.04,45.055,4022.0
2017-11-27 14:07:00,45.04,45.045,45.04,45.045,600.0
2017-11-27 14:08:00,45.045,45.05,45.04,45.05,771.0
2017-11-27 14:09:00,45.045,45.05,45.04,45.05,1300.0
2017-11-27 14:10:00,45.065,45.07,45.04,45.04,6837.0
2017-11-27 14:11:00,45.05,45.075,45.05,45.07,3826.0
2017-11-27 14:12:00,45.07,45.07,45.055,45.055,1696.0
2017-11-27 14:13:00,45.08,45.08,45.075,45.075,300.0
2017-11-27 14:14:00,45.09,45.09,45.08,45.08,1522.0
2017-11-27 14:15:00,45.09,45.09,45.09,45.09,600.0
2017-11-27 14:16:00,45.1,45.1,45.085,45.09,2079.0
2017-11-27 14:17:00,45.095,45.1,45.095,45.1,700.0
2017-11-27 14:18:00,45.095,45.1,45.095,45.095,1400.0
2017-11-27 14:19:00,45.1,45.1,45.09,45.1,1240.0
2017-11-27 14:20:00,45.1,45.1,45.095,45.1,1500.0
2017-11-27 14:21:00,45.09,45.1,45.09,45.095,3189.0
2017-11-27 14:22:00,45.07,45.085,45.065,45.085,2400.0
2017-11-27 14:23:00,45.07,45.075,45.07,45.07,600.0
2017-11-27 14:24:00,45.08,45.08,45.065,45.07,6000.0
2017-11-27 14:25:00,45.075,45.08,45.07,45.08,1838.0
2017-11-27 14:26:00,45.09,45.09,45.07,45.075,8400.0
2017-11-27 14:27:00,45.1,45.1,45.08,45.0899,1607.0
2017-11-27 14:29:00,45.09,45.095,45.09,45.09,1739.0
2017-11-27 14:30:00,45.105,45.105,45.085,45.085,5704.0
2017-11-27 14:31:00,45.105,45.105,45.105,45.105,200.0
2017-11-27 14:32:00,45.11,45.11,45.11,45.11,400.0
2017-11-27 14:33:00,45.11,45.11,45.1,45.1,700.0
2017-11-27 14:34:00,45.1,45.105,45.1,45.1,2705.0
2017-11-27 14:35:00,45.08,45.095,45.08,45.09,3967.0
2017-11-27 14:36:00,45.075,45.075,45.07,45.07,300.0
2017-11-27 14:37:00,45.08,45.08,45.08,45.08,2236.0
2017-11-27 14:38:00,45.085,45.085,45.08,45.08,2405.0
2017-11-27 14:39:00,45.08,45.08,45.07,45.07,2400.0
2017-11-27 14:40:00,45.08,45.085,45.08,45.085,200.0
2017-11-27 14:41:00,45.08,45.085,45.08,45.085,400.0
2017-11-27 14:42:00,45.085,45.09,45.08,45.085,1412.0
2017-11-27 14:43:00,45.085,45.09,45.075,45.08,6443.0
2017-11-27 14:44:00,45.0966,45.0966,45.085,45.085,436.0
2017-11-27 14:45:00,45.095,45.095,45.095,45.095,300.0
2017-11-27 14:46:00,45.1,45.1,45.095,45.1,400.0
2017-11-27 14:47:00,45.08,45.095,45.08,45.095,3267.0
2017-11-27 14:48:00,45.1,45.1,45.08,45.08,4500.0
2017-11-27 14:49:00,45.1,45.1,45.095,45.1,2243.0
2017-11-27 14:50:00,45.12,45.12,45.1,45.1,2603.0
2017-11-27 14:51:00,45.13,45.13,45.115,45.115,2265.0
2017-11-27 14:52:00,45.13,45.13,45.1286,45.13,450.0
2017-11-27 14:53:00,45.13,45.13,45.12,45.12,300.0
2017-11-27 14:54:00,45.1258,45.13,45.1258,45.13,800.0
2017-11-27 14:55:00,45.125,45.13,45.12,45.13,1500.0
2017-11-27 14:56:00,45.195,45.2,45.13,45.13,8023.0
2017-11-27 14:57:00,45.17,45.2,45.17,45.195,16659.0
2017-11-27 14:58:00,45.175,45.18,45.1735,45.175,4530.0
2017-11-27 14:59:00,45.18,45.19,45.17,45.19,2350.0
2017-11-27 15:00:00,45.18,45.19,45.18,45.18,3800.0
2017-11-27 15:01:00,45.18,45.19,45.18,45.185,2300.0
2017-11-27 15:03:00,45.16,45.18,45.16,45.18,4705.0
2017-11-27 15:04:00,45.155,45.16,45.15,45.16,1600.0
2017-11-27 15:05:00,45.15,45.155,45.15,45.155,1140.0
2017-11-27 15:06:00,45.155,45.155,45.15,45.15,1815.0
2017-11-27 15:07:00,45.175,45.18,45.15,45.15,8004.0
2017-11-27 15:08:00,45.165,45.19,45.165,45.18,7918.0
2017-11-27 15:09:00,45.16,45.17,45.16,45.17,800.0
2017-11-27 15:10:00,45.155,45.16,45.155,45.16,500.0
2017-11-27 15:11:00,45.155,45.155,45.15,45.155,2200.0
2017-11-27 15:12:00,45.15,45.155,45.15,45.15,1000.0
2017-11-27 15:13:00,45.15,45.155,45.15,45.155,800.0
2017-11-27 15:14:00,45.15,45.155,45.15,45.155,900.0
2017-11-27 15:15:00,45.155,45.16,45.15,45.155,1200.0
2017-11-27 15:16:00,45.14,45.16,45.14,45.16,2020.0
2017-11-27 15:17:00,45.145,45.15,45.14,45.15,700.0
2017-11-27 15:18:00,45.15,45.15,45.14,45.14,2500.0
2017-11-27 15:19:00,45.14,45.145,45.14,45.145,1000.0
2017-11-27 15:20:00,45.15,45.15,45.14,45.14,950.0
2017-11-27 15:21:00,45.14,45.15,45.14,45.14,3390.0
2017-11-27 15:22:00,45.15,45.15,45.14,45.145,1000.0
2017-11-27 15:23:00,45.14,45.15,45.14,45.15,2000.0
2017-11-27 15:24:00,45.145,45.145,45.14,45.145,2069.0
2017-11-27 15:25:00,45.145,45.15,45.14,45.15,2778.0
2017-11-27 15:26:00,45.15,45.15,45.14,45.14,5425.0
2017-11-27 15:27:00,45.15,45.16,45.15,45.15,4203.0
2017-11-27 15:28:00,45.155,45.16,45.15,45.15,4615.0
2017-11-27 15:29:00,45.15,45.16,45.15,45.15,1501.0
2017-11-27 15:30:00,45.155,45.155,45.15,45.155,1546.0
2017-11-27 15:31:00,45.13,45.16,45.13,45.16,4599.0
2017-11-27 15:32:00,45.12,45.135,45.12,45.135,2700.0
2017-11-27 15:33:00,45.125,45.13,45.12,45.12,4572.0
2017-11-27 15:34:00,45.135,45.14,45.12,45.1225,8625.0
2017-11-27 15:35:00,45.14,45.14,45.13,45.14,1300.0
2017-11-27 15:36:00,45.13,45.14,45.13,45.14,1900.0
2017-11-27 15:37:00,45.135,45.14,45.13,45.135,800.0
2017-11-27 15:38:00,45.13,45.14,45.13,45.14,1000.0
2017-11-27 15:39:00,45.155,45.16,45.13,45.135,7199.0
2017-11-27 15:40:00,45.16,45.16,45.155,45.155,200.0
2017-11-27 15:41:00,45.155,45.16,45.15,45.155,3550.0
2017-11-27 15:42:00,45.15,45.16,45.15,45.155,8300.0
2017-11-27 15:43:00,45.145,45.16,45.14,45.15,8267.0
2017-11-27 15:44:00,45.145,45.145,45.14,45.145,4500.0
2017-11-27 15:45:00,45.13,45.15,45.13,45.145,13169.0
2017-11-27 15:46:00,45.13,45.14,45.13,45.14,7980.0
2017-11-27 15:47:00,45.12,45.13,45.12,45.13,6177.0
2017-11-27 15:48:00,45.11,45.13,45.11,45.12,8225.0
2017-11-27 15:49:00,45.1249,45.13,45.11,45.11,13688.0
2017-11-27 15:50:00,45.125,45.13,45.12,45.12,4370.0
2017-11-27 15:51:00,45.125,45.13,45.12,45.125,3450.0
2017-11-27 15:52:00,45.125,45.13,45.12,45.125,10854.0
2017-11-27 15:53:00,45.125,45.13,45.12,45.13,4900.0
2017-11-27 15:54:00,45.125,45.13,45.12,45.125,33382.0
2017-11-27 15:55:00,45.125,45.13,45.12,45.125,4700.0
2017-11-27 15:56:00,45.125,45.13,45.12,45.125,10479.0
2017-11-27 15:57:00,45.125,45.13,45.12,45.125,16633.0
2017-11-27 15:58:00,45.12,45.13,45.12,45.125,14102.0
2017-11-27 15:59:00,45.125,45.13,45.11,45.12,38664.0
2017-11-27 16:00:00,45.11,45.13,45.1,45.12,36997.0
2017-11-28 09:30:00,45.26,45.26,45.26,45.26,19637.0
2017-11-28 09:31:00,45.29,45.29,45.2,45.21,970.0
2017-11-28 09:32:00,45.26,45.26,45.2,45.2,400.0
2017-11-28 09:33:00,45.24,45.27,45.18,45.21,4886.0
2017-11-28 09:34:00,45.27,45.27,45.22,45.22,1377.0
2017-11-28 09:35:00,45.43,45.44,45.25,45.25,10101.0
2017-11-28 09:36:00,45.35,45.43,45.34,45.43,2697.0
2017-11-28 09:37:00,45.38,45.38,45.3,45.345,4645.0
2017-11-28 09:38:00,45.37,45.37,45.36,45.36,200.0
2017-11-28 09:39:00,45.42,45.42,45.36,45.36,1600.0
2017-11-28 09:40:00,45.39,45.4158,45.38,45.4158,4017.0
2017-11-28 09:41:00,45.44,45.44,45.39,45.39,3100.0
2017-11-28 09:42:00,45.42,45.42,45.4,45.4,425.0
2017-11-28 09:43:00,45.36,45.38,45.36,45.38,962.0
2017-11-28 09:44:00,45.34,45.37,45.34,45.37,1904.0
2017-11-28 09:45:00,45.38,45.38,45.35,45.35,1500.0
2017-11-28 09:46:00,45.37,45.39,45.37,45.39,1100.0
2017-11-28 09:47:00,45.4,45.4,45.35,45.37,3670.0
2017-11-28 09:48:00,45.4307,45.4307,45.41,45.41,1726.0
2017-11-28 09:49:00,45.4497,45.45,45.43,45.43,900.0
2017-11-28 09:50:00,45.43,45.44,45.43,45.435,500.0
2017-11-28 09:51:00,45.4633,45.4633,45.4371,45.44,985.0
2017-11-28 09:52:00,45.46,45.46,45.4595,45.4595,1096.0
2017-11-28 09:53:00,45.46,45.47,45.46,45.47,4433.0
2017-11-28 09:54:00,45.4538,45.4538,45.4538,45.4538,200.0
2017-11-28 09:55:00,45.47,45.48,45.45,45.46,2142.0
2017-11-28 09:56:00,45.48,45.49,45.48,45.48,2250.0
2017-11-28 09:57:00,45.485,45.5,45.48,45.48,4023.0
2017-11-28 09:58:00,45.52,45.53,45.49,45.49,3272.0
2017-11-28 09:59:00,45.515,45.52,45.5095,45.51,3142.0
2017-11-28 10:00:00,45.54,45.55,45.52,45.52,3900.0
2017-11-28 10:01:00,45.52,45.53,45.52,45.53,500.0
2017-11-28 10:02:00,45.52,45.52,45.52,45.52,100.0
2017-11-28 10:03:00,45.56,45.56,45.52,45.52,5035.0
2017-11-28 10:04:00,45.56,45.56,45.55,45.56,3242.0
2017-11-28 10:05:00,45.58,45.58,45.55,45.56,2971.0
2017-11-28 10:06:00,45.56,45.5812,45.56,45.5812,432.0
2017-11-28 10:07:00,45.51,45.57,45.51,45.57,4470.0
2017-11-28 10:08:00,45.5202,45.54,45.515,45.52,2937.0
2017-11-28 10:10:00,45.535,45.54,45.525,45.53,1550.0
2017-11-28 10:11:00,45.515,45.535,45.51,45.535,3703.0
2017-11-28 10:12:00,45.52,45.525,45.51,45.51,1800.0
2017-11-28 10:13:00,45.52,45.53,45.52,45.53,801.0
2017-11-28 10:14:00,45.535,45.535,45.52,45.52,2337.0
2017-11-28 10:15:00,45.545,45.545,45.53,45.53,1179.0
2017-11-28 10:16:00,45.53,45.545,45.53,45.545,3704.0
2017-11-28 10:18:00,45.55,45.55,45.52,45.52,3134.0
2017-11-28 10:19:00,45.57,45.57,45.55,45.55,2186.0
2017-11-28 10:20:00,45.58,45.58,45.56,45.56,2171.0
2017-11-28 10:21:00,45.56,45.59,45.56,45.59,3200.0
2017-11-28 10:22:00,45.56,45.58,45.56,45.58,300.0
2017-11-28 10:23:00,45.56,45.56,45.56,45.56,3986.0
2017-11-28 10:24:00,45.58,45.58,45.56,45.57,2100.0
2017-11-28 10:25:00,45.57,45.59,45.57,45.58,3423.0
2017-11-28 10:26:00,45.576,45.58,45.56,45.57,1000.0
2017-11-28 10:27:00,45.55,45.57,45.55,45.57,2272.0
2017-11-28 10:28:00,45.55,45.56,45.55,45.56,700.0
2017-11-28 10:29:00,45.55,45.5546,45.55,45.5531,1299.0
2017-11-28 10:30:00,45.55,45.56,45.55,45.56,1700.0
2017-11-28 10:31:00,45.5301,45.55,45.53,45.545,1596.0
2017-11-28 10:32:00,45.535,45.535,45.535,45.535,200.0
2017-11-28 10:33:00,45.535,45.54,45.53,45.53,410.0
2017-11-28 10:34:00,45.51,45.54,45.5001,45.54,7984.0
2017-11-28 10:35:00,45.55,45.55,45.51,45.51,3704.0
2017-11-28 10:36:00,45.55,45.56,45.54,45.55,7360.0
2017-11-28 10:37:00,45.53,45.55,45.53,45.55,4500.0
2017-11-28 10:38:00,45.55,45.55,45.53,45.5312,1779.0
2017-11-28 10:39:00,45.55,45.55,45.55,45.55,434.0
2017-11-28 10:40:00,45.58,45.58,45.55,45.55,3651.0
2017-11-28 10:41:00,45.57,45.58,45.57,45.58,3296.0
2017-11-28 10:42:00,45.575,45.575,45.57,45.57,1000.0
2017-11-28 10:43:00,45.58,45.58,45.58,45.58,100.0
2017-11-28 10:44:00,45.58,45.58,45.57,45.57,1684.0
2017-11-28 10:45:00,45.57,45.5806,45.565,45.58,3567.0
2017-11-28 10:46:00,45.57,45.58,45.57,45.57,896.0
2017-11-28 10:47:00,45.56,45.56,45.56,45.56,500.0
2017-11-28 10:48:00,45.575,45.575,45.55,45.56,8744.0
2017-11-28 10:49:00,45.57,45.59,45.57,45.58,3414.0
2017-11-28 10:50:00,45.575,45.575,45.57,45.57,400.0
2017-11-28 10:51:00,45.58,45.58,45.58,45.58,100.0
2017-11-28 10:52:00,45.61,45.61,45.58,45.58,3692.0
2017-11-28 10:53:00,45.625,45.64,45.62,45.62,1008.0
2017-11-28 10:54:00,45.61,45.63,45.61,45.63,2100.0
2017-11-28 10:55:00,45.6,45.61,45.6,45.61,400.0
2017-11-28 10:56:00,45.59,45.605,45.59,45.6,1550.0
2017-11-28 10:57:00,45.585,45.6,45.58,45.6,1973.0
2017-11-28 10:58:00,45.575,45.58,45.57,45.58,975.0
2017-11-28 10:59:00,45.575,45.58,45.57,45.57,2399.0
2017-11-28 11:00:00,45.61,45.61,45.58,45.58,1800.0
2017-11-28 11:01:00,45.61,45.61,45.61,45.61,1214.0
2017-11-28 11:02:00,45.58,45.61,45.58,45.61,6054.0
2017-11-28 11:03:00,45.58,45.59,45.57,45.57,1000.0
2017-11-28 11:06:00,45.5749,45.5749,45.57,45.5701,409.0
2017-11-28 11:07:00,45.58,45.58,45.58,45.58,2020.0
2017-11-28 11:08:00,45.585,45.585,45.585,45.585,100.0
2017-11-28 11:09:00,45.59,45.6,45.58,45.58,4783.0
2017-11-28 11:10:00,45.63,45.63,45.59,45.59,3201.0
2017-11-28 11:11:00,45.64,45.65,45.64,45.64,800.0
2017-11-28 11:12:00,45.635,45.64,45.63,45.64,775.0
2017-11-28 11:13:00,45.61,45.635,45.61,45.635,253297.0
2017-11-28 11:14:00,45.61,45.61,45.605,45.605,1100.0
2017-11-28 11:15:00,45.61,45.61,45.6,45.6,2309.0
2017-11-28 11:16:00,45.61,45.62,45.61,45.62,1400.0
2017-11-28 11:17:00,45.6,45.62,45.6,45.62,201815.0
2017-11-28 11:18:00,45.59,45.6,45.585,45.6,3985.0
2017-11-28 11:19:00,45.58,45.585,45.58,45.585,300.0
2017-11-28 11:20:00,45.58,45.59,45.58,45.58,1097.0
2017-11-28 11:21:00,45.56,45.5723,45.56,45.57,1225.0
2017-11-28 11:22:00,45.52,45.54,45.52,45.54,1900.0
2017-11-28 11:23:00,45.47,45.51,45.47,45.51,2032.0
2017-11-28 11:24:00,45.51,45.51,45.475,45.48,7527.0
2017-11-28 11:25:00,45.51,45.51,45.5,45.51,450.0
2017-11-28 11:26:00,45.51,45.51,45.51,45.51,400.0
2017-11-28 11:27:00,45.51,45.51,45.51,45.51,3500.0
2017-11-28 11:28:00,45.51,45.51,45.5,45.5,1675.0
2017-11-28 11:29:00,45.52,45.52,45.5,45.51,3100.0
2017-11-28 11:30:00,45.53,45.53,45.52,45.5206,410.0
2017-11-28 11:31:00,45.52,45.52,45.52,45.52,200.0
2017-11-28 11:32:00,45.5,45.51,45.49100000000001,45.51,4478.0
2017-11-28 11:33:00,45.5,45.5,45.495,45.495,700.0
2017-11-28 11:35:00,45.515,45.52,45.51,45.51,1448.0
2017-11-28 11:36:00,45.5312,45.5312,45.5001,45.51,10326.0
2017-11-28 11:37:00,45.55,45.56,45.54,45.54,4902.0
2017-11-28 11:38:00,45.56,45.57,45.56,45.56,1400.0
2017-11-28 11:39:00,45.55,45.56,45.55,45.5553,1310.0
2017-11-28 11:40:00,45.55,45.55,45.55,45.55,100.0
2017-11-28 11:41:00,45.53,45.55,45.53,45.55,3200.0
2017-11-28 11:42:00,45.51,45.52,45.505,45.52,1500.0
2017-11-28 11:43:00,45.52,45.52,45.52,45.52,1890.0
2017-11-28 11:44:00,45.535,45.535,45.515,45.525,3649.0
2017-11-28 11:45:00,45.535,45.535,45.535,45.535,100.0
2017-11-28 11:46:00,45.58,45.58,45.53,45.53,5214.0
2017-11-28 11:47:00,45.58,45.59,45.5709,45.5709,3377.0
2017-11-28 11:48:00,45.53,45.57,45.53,45.57,4451.0
2017-11-28 11:49:00,45.53,45.53,45.53,45.53,200.0
2017-11-28 11:50:00,45.5276,45.53,45.52,45.53,1938.0
2017-11-28 11:52:00,45.5,45.52,45.5,45.51,1515.0
2017-11-28 11:53:00,45.49,45.5,45.482,45.49,450.0
2017-11-28 11:54:00,45.47,45.49,45.47,45.48,2000.0
2017-11-28 11:55:00,45.44,45.46,45.44,45.46,1154.0
2017-11-28 11:56:00,45.41,45.43,45.41,45.43,3000.0
2017-11-28 11:57:00,45.43,45.43,45.41,45.42,5202.0
2017-11-28 11:58:00,45.44,45.445,45.42,45.42,2240.0
2017-11-28 11:59:00,45.43,45.44,45.43,45.44,1362.0
2017-11-28 12:00:00,45.43,45.431999999999995,45.43,45.43,1416.0
2017-11-28 12:01:00,45.43,45.44,45.43,45.435,410.0
2017-11-28 12:02:00,45.44,45.44,45.435,45.435,200.0
2017-11-28 12:03:00,45.48,45.48,45.44,45.44,2174.0
2017-11-28 12:04:00,45.47,45.48,45.47,45.48,869.0
2017-11-28 12:05:00,45.44,45.48,45.44,45.48,2102.0
2017-11-28 12:06:00,45.44,45.4405,45.44,45.4405,510.0
2017-11-28 12:07:00,45.46,45.46,45.445,45.445,1700.0
2017-11-28 12:08:00,45.45,45.465,45.45,45.46,925.0
2017-11-28 12:09:00,45.435,45.44,45.435,45.44,400.0
2017-11-28 12:10:00,45.45,45.45,45.44,45.44,2620.0
2017-11-28 12:11:00,45.45,45.46,45.44,45.44,4901.0
2017-11-28 12:12:00,45.458999999999996,45.458999999999996,45.45,45.4534,670.0
2017-11-28 12:13:00,45.49,45.5,45.4556,45.46,2100.0
2017-11-28 12:14:00,45.49,45.5,45.49,45.5,5200.0
2017-11-28 12:15:00,45.48,45.48,45.48,45.48,100.0
2017-11-28 12:16:00,45.46,45.47,45.46,45.47,1300.0
2017-11-28 12:17:00,45.455,45.46,45.45,45.46,1700.0
2017-11-28 12:18:00,45.46,45.46,45.45,45.455,2467.0
2017-11-28 12:19:00,45.46,45.46,45.455,45.455,737.0
2017-11-28 12:20:00,45.46,45.48,45.46,45.46,4781.0
2017-11-28 12:21:00,45.465,45.47,45.46,45.46,500.0
2017-11-28 12:22:00,45.46,45.47,45.46,45.465,1093.0
2017-11-28 12:23:00,45.465,45.465,45.46,45.46,2295.0
2017-11-28 12:24:00,45.475,45.48,45.465,45.47,2107.0
2017-11-28 12:25:00,45.45,45.47,45.45,45.47,2145.0
2017-11-28 12:26:00,45.465,45.47,45.46,45.46,1299.0
2017-11-28 12:27:00,45.45,45.47,45.44,45.47,3821.0
2017-11-28 12:28:00,45.455,45.455,45.45,45.455,1194.0
2017-11-28 12:29:00,45.46,45.465,45.44,45.44,4860.0
2017-11-28 12:30:00,45.47,45.49,45.47,45.47,2941.0
2017-11-28 12:31:00,45.475,45.475,45.47,45.4701,2310.0
2017-11-28 12:32:00,45.475,45.4771,45.474,45.474,433.0
2017-11-28 12:33:00,45.48,45.48,45.47,45.4755,1345.0
2017-11-28 12:34:00,45.48,45.48,45.475,45.48,800.0
2017-11-28 12:35:00,45.49,45.49,45.475,45.48,2106.0
2017-11-28 12:36:00,45.49,45.49,45.49,45.49,500.0
2017-11-28 12:37:00,45.49,45.49,45.475,45.48,3898.0
2017-11-28 12:38:00,45.48,45.49,45.48,45.48,1700.0
2017-11-28 12:39:00,45.48,45.485,45.48,45.485,1016.0
2017-11-28 12:40:00,45.495,45.5,45.48,45.48,2749.0
2017-11-28 12:41:00,45.485,45.485,45.4825,45.4825,4500.0
2017-11-28 12:42:00,45.49,45.49,45.48,45.48,300.0
2017-11-28 12:43:00,45.495,45.5,45.485,45.485,2531.0
2017-11-28 12:44:00,45.49,45.495,45.48,45.495,6392.0
2017-11-28 12:45:00,45.485,45.485,45.48,45.48,800.0
2017-11-28 12:46:00,45.49,45.495,45.49,45.49,2110.0
2017-11-28 12:47:00,45.49,45.49,45.485,45.485,200.0
2017-11-28 12:48:00,45.485,45.485,45.48,45.48,300.0
2017-11-28 12:49:00,45.485,45.49,45.4801,45.485,430.0
2017-11-28 12:50:00,45.495,45.5,45.485,45.485,2663.0
2017-11-28 12:51:00,45.49,45.49,45.49,45.49,601.0
2017-11-28 12:52:00,45.49,45.49,45.49,45.49,308.0
2017-11-28 12:53:00,45.485,45.49,45.48,45.485,1728.0
2017-11-28 12:54:00,45.49,45.49,45.48,45.485,400.0
2017-11-28 12:55:00,45.5,45.5,45.47,45.485,4583.0
2017-11-28 12:56:00,45.495,45.5,45.49,45.5,1800.0
2017-11-28 12:57:00,45.49,45.495,45.48,45.49,6427.0
2017-11-28 12:58:00,45.51,45.51,45.49,45.5,3507.0
2017-11-28 12:59:00,45.5,45.51,45.49,45.51,2678.0
2017-11-28 13:00:00,45.52,45.52,45.5,45.51,1973.0
2017-11-28 13:01:00,45.53,45.53,45.5134,45.5134,1113.0
2017-11-28 13:02:00,45.54,45.55,45.53,45.53,2540.0
2017-11-28 13:03:00,45.53,45.54,45.53,45.54,2039.0
2017-11-28 13:04:00,45.52,45.52,45.52,45.52,100.0
2017-11-28 13:05:00,45.5,45.525,45.48,45.52,5207.0
2017-11-28 13:06:00,45.52,45.53,45.5,45.5,3714.0
2017-11-28 13:07:00,45.51,45.53,45.51,45.52,1563.0
2017-11-28 13:09:00,45.53,45.53,45.51,45.52,2479.0
2017-11-28 13:10:00,45.53,45.53,45.5101,45.53,2978.0
2017-11-28 13:11:00,45.5,45.52,45.5,45.52,1600.0
2017-11-28 13:12:00,45.495,45.5,45.495,45.5,1456.0
2017-11-28 13:13:00,45.51,45.52,45.485,45.5,7281.0
2017-11-28 13:14:00,45.5,45.5,45.5,45.5,200.0
2017-11-28 13:15:00,45.495,45.5,45.49,45.5,2735.0
2017-11-28 13:16:00,45.498999999999995,45.498999999999995,45.49,45.495,1180.0
2017-11-28 13:17:00,45.5,45.5,45.495,45.495,2012.0
2017-11-28 13:18:00,45.51,45.51,45.49,45.5,3532.0
2017-11-28 13:19:00,45.5,45.5,45.5,45.5,200.0
2017-11-28 13:20:00,45.4857,45.51,45.4857,45.51,1565.0
2017-11-28 13:21:00,45.49,45.49,45.48,45.48,5446.0
2017-11-28 13:22:00,45.5,45.52,45.495,45.495,2540.0
2017-11-28 13:23:00,45.49,45.505,45.48,45.505,2831.0
2017-11-28 13:24:00,45.52,45.52,45.48,45.49,3565.0
2017-11-28 13:25:00,45.51,45.51,45.5,45.51,2293.0
2017-11-28 13:26:00,45.511,45.52,45.51,45.5105,1867.0
2017-11-28 13:27:00,45.53,45.53,45.5,45.51,3963.0
2017-11-28 13:28:00,45.54,45.54,45.52,45.52,1501.0
2017-11-28 13:29:00,45.54,45.54,45.53,45.54,2984.0
2017-11-28 13:30:00,45.54,45.56,45.52,45.54,15889.0
2017-11-28 13:31:00,45.5262,45.545,45.52,45.53,1379.0
2017-11-28 13:32:00,45.535,45.535,45.52,45.52,1420.0
2017-11-28 13:33:00,45.53,45.55,45.53,45.54,4279.0
2017-11-28 13:34:00,45.54,45.54,45.54,45.54,200.0
2017-11-28 13:35:00,45.56,45.57,45.54,45.54,4333.0
2017-11-28 13:36:00,45.54,45.56,45.54,45.56,1600.0
2017-11-28 13:37:00,45.5556,45.56,45.54,45.54,1957.0
2017-11-28 13:38:00,45.5508,45.56,45.55,45.555,6492.0
2017-11-28 13:39:00,45.55,45.55,45.5465,45.55,1080.0
2017-11-28 13:40:00,45.56,45.57,45.55,45.55,3660.0
2017-11-28 13:41:00,45.56,45.57,45.56,45.56,794.0
2017-11-28 13:42:00,45.5639,45.5699,45.55,45.56,3512.0
2017-11-28 13:43:00,45.57,45.57,45.56,45.57,400.0
2017-11-28 13:44:00,45.56,45.565,45.56,45.565,200.0
2017-11-28 13:45:00,45.56,45.57,45.56,45.56,700.0
2017-11-28 13:46:00,45.56,45.57,45.56,45.56,2300.0
2017-11-28 13:47:00,45.57,45.57,45.555,45.555,2568.0
2017-11-28 13:48:00,45.57,45.57,45.56,45.56,995.0
2017-11-28 13:49:00,45.565,45.58,45.56,45.56,5907.0
2017-11-28 13:50:00,45.57,45.57,45.57,45.57,200.0
2017-11-28 13:51:00,45.57,45.57,45.57,45.57,100.0
2017-11-28 13:52:00,45.58,45.58,45.56,45.56,3531.0
2017-11-28 13:53:00,45.58,45.58,45.57,45.57,600.0
2017-11-28 13:54:00,45.55,45.58,45.55,45.58,5521.0
2017-11-28 13:55:00,45.58,45.58,45.56,45.56,6316.0
2017-11-28 13:56:00,45.56,45.58,45.56,45.58,2564.0
2017-11-28 13:57:00,45.56,45.57,45.5542,45.56,4365.0
2017-11-28 13:58:00,45.57,45.575,45.565,45.57,2109.0
2017-11-28 13:59:00,45.575,45.58,45.57,45.57,2198.0
2017-11-28 14:00:00,45.59,45.6,45.575,45.58,4276.0
2017-11-28 14:01:00,45.59,45.6,45.59,45.59,2511.0
2017-11-28 14:02:00,45.58,45.59,45.58,45.59,1500.0
2017-11-28 14:03:00,45.58,45.59,45.58,45.58,500.0
2017-11-28 14:04:00,45.57,45.585,45.5655,45.58,8912.0
2017-11-28 14:05:00,45.58,45.58,45.58,45.58,610.0
2017-11-28 14:06:00,45.585,45.6,45.575,45.58,6767.0
2017-11-28 14:07:00,45.59,45.59,45.59,45.59,300.0
2017-11-28 14:08:00,45.58,45.59,45.58,45.59,2167.0
2017-11-28 14:09:00,45.595,45.6,45.57,45.57,12024.0
2017-11-28 14:10:00,45.59,45.59,45.57,45.59,5104.0
2017-11-28 14:11:00,45.59,45.6,45.59,45.6,2438.0
2017-11-28 14:12:00,45.59,45.59,45.57,45.58,2425.0
2017-11-28 14:13:00,45.595,45.6,45.59,45.59,2503.0
2017-11-28 14:14:00,45.59,45.6,45.59,45.6,3781.0
2017-11-28 14:15:00,45.59,45.593999999999994,45.59,45.593999999999994,900.0
2017-11-28 14:16:00,45.595,45.595,45.595,45.595,500.0
2017-11-28 14:17:00,45.59,45.6,45.59,45.59,400.0
2017-11-28 14:18:00,45.595,45.595,45.59,45.59,300.0
2017-11-28 14:19:00,45.58,45.6,45.58,45.595,2012.0
2017-11-28 14:20:00,45.57,45.59,45.57,45.59,3347.0
2017-11-28 14:21:00,45.55,45.57,45.55,45.57,3710.0
2017-11-28 14:22:00,45.54,45.55,45.54,45.54,2100.0
2017-11-28 14:23:00,45.541000000000004,45.55,45.54,45.545,3050.0
2017-11-28 14:24:00,45.56,45.57,45.545,45.545,5838.0
2017-11-28 14:25:00,45.57,45.57,45.56,45.57,5916.0
2017-11-28 14:26:00,45.57,45.57,45.565,45.57,750.0
2017-11-28 14:27:00,45.5795,45.59,45.57,45.57,6376.0
2017-11-28 14:28:00,45.57,45.58,45.57,45.5747,1800.0
2017-11-28 14:29:00,45.58,45.59,45.5738,45.5738,2699.0
2017-11-28 14:30:00,45.59,45.6,45.57,45.59,5971.0
2017-11-28 14:31:00,45.59,45.6,45.59,45.59,2478.0
2017-11-28 14:32:00,45.58,45.595,45.58,45.59,4735.0
2017-11-28 14:33:00,45.58,45.5959,45.58,45.585,4155.0
2017-11-28 14:34:00,45.59,45.6,45.58,45.585,2107.0
2017-11-28 14:35:00,45.595,45.595,45.59,45.59,500.0
2017-11-28 14:36:00,45.6,45.6,45.59,45.59,1000.0
2017-11-28 14:37:00,45.6,45.605,45.58,45.5925,9209.0
2017-11-28 14:38:00,45.57,45.59,45.57,45.59,3789.0
2017-11-28 14:40:00,45.58,45.58,45.58,45.58,100.0
2017-11-28 14:41:00,45.585,45.59,45.575,45.58,4189.0
2017-11-28 14:42:00,45.58,45.59,45.58,45.59,1610.0
2017-11-28 14:43:00,45.6,45.6,45.59,45.59,7812.0
2017-11-28 14:44:00,45.6,45.61,45.595,45.595,5723.0
2017-11-28 14:45:00,45.595,45.6,45.59,45.595,1999.0
2017-11-28 14:46:00,45.6,45.6,45.59,45.59,12950.0
2017-11-28 14:47:00,45.59,45.595,45.58,45.595,2912.0
2017-11-28 14:48:00,45.59,45.595,45.58,45.585,3056.0
2017-11-28 14:49:00,45.6,45.6,45.58,45.58,1100.0
2017-11-28 14:50:00,45.6,45.6,45.59,45.59,1191.0
2017-11-28 14:51:00,45.6,45.6,45.595,45.6,2310.0
2017-11-28 14:52:00,45.61,45.61,45.595,45.6,5351.0
2017-11-28 14:53:00,45.61,45.62,45.6,45.6,6468.0
2017-11-28 14:54:00,45.63,45.64,45.61,45.61,4200.0
2017-11-28 14:55:00,45.615,45.64,45.615,45.64,10194.0
2017-11-28 14:56:00,45.595,45.615,45.59,45.615,1595.0
2017-11-28 14:57:00,45.61,45.61,45.59,45.59,4680.0
2017-11-28 14:58:00,45.61,45.61,45.6,45.61,300.0
2017-11-28 14:59:00,45.625,45.63,45.6,45.61,7433.0
2017-11-28 15:00:00,45.62,45.64,45.6,45.62,10961.0
2017-11-28 15:01:00,45.61,45.621,45.6,45.621,7800.0
2017-11-28 15:02:00,45.615,45.62,45.605,45.615,5344.0
2017-11-28 15:03:00,45.62,45.63,45.61,45.62,3100.0
2017-11-28 15:04:00,45.611000000000004,45.62,45.61,45.62,1308.0
2017-11-28 15:05:00,45.58,45.615,45.58,45.61,7255.0
2017-11-28 15:06:00,45.58,45.59,45.58,45.59,1742.0
2017-11-28 15:07:00,45.595,45.6,45.575,45.575,5688.0
2017-11-28 15:08:00,45.6,45.61,45.595,45.6,8278.0
2017-11-28 15:09:00,45.59,45.6,45.59,45.595,1570.0
2017-11-28 15:10:00,45.595,45.6,45.59,45.6,2400.0
2017-11-28 15:11:00,45.61,45.61,45.58,45.59,12656.0
2017-11-28 15:12:00,45.605,45.61,45.6,45.61,6502.0
2017-11-28 15:13:00,45.615,45.62,45.605,45.605,4068.0
2017-11-28 15:14:00,45.61,45.625,45.61,45.62,8956.0
2017-11-28 15:15:00,45.605,45.615,45.6,45.61,4700.0
2017-11-28 15:16:00,45.625,45.63,45.605,45.61,5904.0
2017-11-28 15:17:00,45.6339,45.635,45.61,45.63,12027.0
2017-11-28 15:18:00,45.608999999999995,45.63,45.6,45.63,13845.0
2017-11-28 15:19:00,45.63,45.63,45.6,45.6,7134.0
2017-11-28 15:20:00,45.63,45.63,45.62,45.63,1695.0
2017-11-28 15:21:00,45.63,45.63,45.625,45.63,1200.0
2017-11-28 15:22:00,45.61,45.625,45.61,45.625,8887.0
2017-11-28 15:23:00,45.625,45.625,45.615,45.6157,2818.0
2017-11-28 15:24:00,45.625,45.625,45.615,45.62,8958.0
2017-11-28 15:25:00,45.625,45.63,45.62,45.625,1800.0
2017-11-28 15:26:00,45.64,45.64,45.62,45.625,4800.0
2017-11-28 15:27:00,45.63,45.64,45.62,45.63,11770.0
2017-11-28 15:28:00,45.63,45.64,45.63,45.635,1211.0
2017-11-28 15:29:00,45.625,45.635,45.62,45.63,12069.0
2017-11-28 15:30:00,45.625,45.63,45.62,45.625,3117.0
2017-11-28 15:31:00,45.615,45.63,45.61,45.63,6300.0
2017-11-28 15:32:00,45.64,45.64,45.61,45.61,6655.0
2017-11-28 15:33:00,45.64,45.64,45.63,45.635,9494.0
2017-11-28 15:34:00,45.62,45.64,45.62,45.64,11500.0
2017-11-28 15:35:00,45.62,45.63,45.62,45.62,1400.0
2017-11-28 15:36:00,45.63,45.63,45.62,45.62,2750.0
2017-11-28 15:37:00,45.62,45.64,45.62,45.63,13015.0
2017-11-28 15:38:00,45.63,45.635,45.62,45.62,8376.0
2017-11-28 15:39:00,45.625,45.63,45.62,45.625,4000.0
2017-11-28 15:40:00,45.635,45.64,45.62,45.625,20950.0
2017-11-28 15:41:00,45.635,45.635,45.63,45.63,1300.0
2017-11-28 15:42:00,45.63,45.635,45.61,45.635,19102.0
2017-11-28 15:43:00,45.63,45.64,45.625,45.63,4586.0
2017-11-28 15:44:00,45.63,45.64,45.63,45.64,2600.0
2017-11-28 15:45:00,45.67,45.68,45.64,45.64,26473.0
2017-11-28 15:46:00,45.675,45.69,45.66,45.675,19669.0
2017-11-28 15:47:00,45.67,45.68,45.66,45.67,35723.0
2017-11-28 15:48:00,45.68,45.69,45.67,45.67,5577.0
2017-11-28 15:49:00,45.66,45.685,45.66,45.68,31856.0
2017-11-28 15:50:00,45.65,45.665,45.65,45.665,9446.0
2017-11-28 15:51:00,45.65,45.66,45.65,45.65,14345.0
2017-11-28 15:52:00,45.645,45.66,45.64,45.655,19165.0
2017-11-28 15:53:00,45.645,45.65,45.64,45.645,8300.0
2017-11-28 15:54:00,45.625,45.65,45.62,45.645,29077.0
2017-11-28 15:55:00,45.62,45.63,45.61,45.63,29770.0
2017-11-28 15:56:00,45.635,45.635,45.62,45.62,59734.0
2017-11-28 15:57:00,45.64,45.64,45.63,45.635,18383.0
2017-11-28 15:58:00,45.635,45.64,45.63,45.635,19573.0
2017-11-28 15:59:00,45.635,45.64,45.63,45.635,33778.0
2017-11-28 16:00:00,45.66,45.66,45.63,45.64,99555.0
2017-11-29 09:30:00,46.92,46.96,46.91,46.91,800.0
2017-11-29 09:31:00,46.72,47.07,46.7,46.93,90561.0
2017-11-29 09:32:00,46.75,46.75,46.75,46.75,300.0
2017-11-29 09:33:00,46.83,46.86,46.7,46.75,24204.0
2017-11-29 09:34:00,46.745,46.8324,46.71,46.8101,13208.0
2017-11-29 09:35:00,46.57,46.72,46.54,46.72,7408.0
2017-11-29 09:36:00,46.38,46.56,46.35,46.54,4100.0
2017-11-29 09:37:00,46.43,46.45,46.33,46.36,8046.0
2017-11-29 09:38:00,46.36,46.44,46.36,46.44,8300.0
2017-11-29 09:39:00,46.44,46.45,46.4,46.4,6680.0
2017-11-29 09:40:00,46.47,46.47,46.39,46.44,12366.0
2017-11-29 09:41:00,46.42,46.46,46.42,46.45,8108.0
2017-11-29 09:42:00,46.49,46.5,46.41,46.42,7751.0
2017-11-29 09:43:00,46.47,46.5,46.42,46.5,5549.0
2017-11-29 09:44:00,46.43,46.45,46.43,46.45,7400.0
2017-11-29 09:45:00,46.55,46.57,46.46,46.46,8220.0
2017-11-29 09:46:00,46.58,46.61,46.55,46.55,4451.0
2017-11-29 09:47:00,46.67,46.69,46.6,46.6,7688.0
2017-11-29 09:48:00,46.66,46.73,46.64,46.67,13280.0
2017-11-29 09:49:00,46.6,46.67,46.595,46.66,7156.0
2017-11-29 09:50:00,46.7099,46.7099,46.6,46.6001,4886.0
2017-11-29 09:51:00,46.75,46.75,46.67,46.69,22991.0
2017-11-29 09:52:00,46.81,46.81,46.74,46.77,2605.0
2017-11-29 09:53:00,46.85,46.86,46.81,46.81,16249.0
2017-11-29 09:54:00,46.91,46.91,46.84,46.85,8400.0
2017-11-29 09:55:00,46.97,46.97,46.93,46.93,12006.0
2017-11-29 09:56:00,46.95,46.965,46.93,46.96,15304.0
2017-11-29 09:57:00,46.96,46.99,46.94,46.95,11181.0
2017-11-29 09:58:00,46.865,46.96,46.865,46.96,13387.0
2017-11-29 09:59:00,46.88,46.9,46.87,46.87,3150.0
2017-11-29 10:00:00,46.7,46.9,46.7,46.89,6900.0
2017-11-29 10:01:00,46.83,46.84,46.7,46.715,54684.0
2017-11-29 10:02:00,46.785,46.83,46.785,46.83,10090.0
2017-11-29 10:03:00,46.71,46.8,46.7,46.8,20400.0
2017-11-29 10:04:00,46.7,46.74,46.69,46.73,10303.0
2017-11-29 10:05:00,46.71,46.75,46.7,46.7,8812.0
2017-11-29 10:06:00,46.71,46.72,46.7,46.71,2112.0
2017-11-29 10:07:00,46.72,46.72,46.7,46.71,1750.0
2017-11-29 10:08:00,46.7,46.72,46.7,46.72,10416.0
2017-11-29 10:09:00,46.75,46.77,46.7,46.7,4992.0
2017-11-29 10:10:00,46.78,46.78,46.76,46.76,4278.0
2017-11-29 10:11:00,46.9,46.9,46.77,46.78,5854.0
2017-11-29 10:12:00,46.94,46.95,46.88,46.9,7898.0
2017-11-29 10:13:00,47.04,47.04,46.93,46.94,14200.0
2017-11-29 10:14:00,47.0,47.03,46.98,47.02,11496.0
2017-11-29 10:15:00,47.03,47.05,47.0,47.015,5276.0
2017-11-29 10:16:00,46.95,47.03,46.95,47.02,6290.0
2017-11-29 10:17:00,46.9,46.95,46.9,46.92,6246.0
2017-11-29 10:18:00,46.885,46.9,46.88,46.9,2758.0
2017-11-29 10:19:00,46.86,46.88,46.85,46.875,136110.0
2017-11-29 10:20:00,46.84,46.86,46.83,46.84,2013.0
2017-11-29 10:21:00,46.85,46.86,46.82,46.84,17325.0
2017-11-29 10:22:00,46.87,46.91,46.85,46.85,18103.0
2017-11-29 10:23:00,46.85,46.87,46.83,46.86,5300.0
2017-11-29 10:24:00,46.93,46.93,46.85,46.855,17523.0
2017-11-29 10:25:00,46.92,46.96,46.9,46.92,4137.0
2017-11-29 10:26:00,46.92,46.96,46.92,46.95,6675.0
2017-11-29 10:27:00,46.9,46.93,46.88,46.92,9904.0
2017-11-29 10:28:00,46.99,46.99,46.92,46.92,4171.0
2017-11-29 10:29:00,47.0033,47.05,46.99,47.0,16535.0
2017-11-29 10:30:00,46.925,47.005,46.91,47.0,9357.0
2017-11-29 10:31:00,46.96,46.98,46.93,46.94,6800.0
2017-11-29 10:32:00,47.02,47.02,46.99,46.99,3020.0
2017-11-29 10:33:00,47.09,47.12,47.02,47.025,6877.0
2017-11-29 10:34:00,47.02,47.11,47.0,47.11,14721.0
2017-11-29 10:35:00,46.87,47.03,46.87,47.03,60738.0
2017-11-29 10:36:00,46.78,46.9,46.77,46.9,18600.0
2017-11-29 10:37:00,46.705,46.78,46.69,46.76,12600.0
2017-11-29 10:38:00,46.79,46.79,46.7,46.71,3974.0
2017-11-29 10:39:00,46.79,46.82,46.79,46.81,5080.0
2017-11-29 10:40:00,46.735,46.78,46.73,46.78,2700.0
2017-11-29 10:41:00,46.77,46.77,46.74,46.74,1000.0
2017-11-29 10:42:00,46.71,46.77,46.65,46.77,39350.0
2017-11-29 10:43:00,46.7,46.71,46.7,46.71,3509.0
2017-11-29 10:44:00,46.71,46.71,46.7,46.71,2339.0
2017-11-29 10:45:00,46.73,46.73,46.7,46.71,3500.0
2017-11-29 10:46:00,46.84,46.84,46.73,46.73,2300.0
2017-11-29 10:47:00,46.82,46.87,46.82,46.84,6650.0
2017-11-29 10:48:00,46.79,46.815,46.79,46.815,3100.0
2017-11-29 10:49:00,46.75,46.78,46.75,46.77,2900.0
2017-11-29 10:50:00,46.81,46.81,46.75,46.75,2045.0
2017-11-29 10:51:00,46.83,46.83,46.79,46.81,2750.0
2017-11-29 10:52:00,46.77,46.83,46.77,46.83,5118.0
2017-11-29 10:53:00,46.75,46.78,46.75,46.77,2858.0
2017-11-29 10:54:00,46.79,46.79,46.76,46.76,2400.0
2017-11-29 10:55:00,46.78,46.79,46.77,46.79,2300.0
2017-11-29 10:56:00,46.77,46.79,46.75,46.77,4655.0
2017-11-29 10:57:00,46.8,46.8,46.76,46.77,5152.0
2017-11-29 10:58:00,46.78,46.8,46.75,46.795,6439.0
2017-11-29 10:59:00,46.75,46.77,46.75,46.77,1100.0
2017-11-29 11:00:00,46.73,46.77,46.73,46.7475,6512.0
2017-11-29 11:01:00,46.74,46.74,46.725,46.73,4816.0
2017-11-29 11:02:00,46.62,46.74,46.62,46.74,4800.0
2017-11-29 11:03:00,46.63,46.63,46.61,46.61,2400.0
2017-11-29 11:04:00,46.6,46.64,46.59,46.63,6513.0
2017-11-29 11:05:00,46.63,46.63,46.59,46.6,5422.0
2017-11-29 11:06:00,46.59,46.64,46.59,46.63,3394.0
2017-11-29 11:07:00,46.59,46.6,46.59,46.6,200.0
2017-11-29 11:08:00,46.63,46.63,46.59,46.59,2201.0
2017-11-29 11:09:00,46.7,46.71,46.62,46.6217,17400.0
2017-11-29 11:10:00,46.65,46.7,46.65,46.7,2798.0
2017-11-29 11:11:00,46.66,46.69,46.65,46.6532,4112.0
2017-11-29 11:12:00,46.68,46.68,46.66,46.66,1600.0
2017-11-29 11:13:00,46.68,46.68,46.67,46.68,900.0
2017-11-29 11:14:00,46.705,46.71,46.68,46.68,5900.0
2017-11-29 11:15:00,46.67,46.705,46.66,46.705,4993.0
2017-11-29 11:16:00,46.7,46.72,46.6674,46.6674,4225.0
2017-11-29 11:17:00,46.69,46.72,46.69,46.705,5600.0
2017-11-29 11:18:00,46.6801,46.7,46.6801,46.7,400.0
2017-11-29 11:19:00,46.62,46.68,46.6,46.68,6605.0
2017-11-29 11:20:00,46.66,46.67,46.63,46.63,4596.0
2017-11-29 11:21:00,46.67,46.67,46.65,46.66,1708.0
2017-11-29 11:22:00,46.68,46.68,46.66,46.68,5100.0
2017-11-29 11:23:00,46.66,46.68,46.66,46.67,3241.0
2017-11-29 11:24:00,46.65,46.66,46.61,46.66,3905.0
2017-11-29 11:25:00,46.7,46.705,46.66,46.66,7849.0
2017-11-29 11:26:00,46.71,46.72,46.7,46.7,4394.0
2017-11-29 11:27:00,46.705,46.72,46.7,46.71,2489.0
2017-11-29 11:28:00,46.69,46.73,46.68,46.715,6490.0
2017-11-29 11:29:00,46.68,46.69,46.67,46.68,2998.0
2017-11-29 11:30:00,46.68,46.68,46.68,46.68,200.0
2017-11-29 11:31:00,46.725,46.725,46.68,46.68,4180.0
2017-11-29 11:32:00,46.715,46.74,46.7075,46.725,7200.0
2017-11-29 11:33:00,46.695,46.72,46.69,46.72,1300.0
2017-11-29 11:34:00,46.7,46.7,46.7,46.7,400.0
2017-11-29 11:35:00,46.7,46.71,46.7,46.7,400.0
2017-11-29 11:36:00,46.7,46.71,46.69,46.7,4200.0
2017-11-29 11:37:00,46.725,46.73,46.7,46.71,5637.0
2017-11-29 11:38:00,46.71,46.7302,46.71,46.7302,5242.0
2017-11-29 11:39:00,46.7,46.705,46.69,46.705,2800.0
2017-11-29 11:40:00,46.73,46.73,46.7,46.7,2660.0
2017-11-29 11:41:00,46.755,46.755,46.71,46.73,6761.0
2017-11-29 11:42:00,46.78,46.78,46.755,46.76,4884.0
2017-11-29 11:43:00,46.77,46.77,46.765,46.77,1100.0
2017-11-29 11:44:00,46.77,46.79,46.77,46.77,3179.0
2017-11-29 11:45:00,46.765,46.78,46.75,46.78,3775.0
2017-11-29 11:46:00,46.83,46.83,46.76,46.76,3200.0
2017-11-29 11:47:00,46.82,46.82,46.81,46.82,1100.0
2017-11-29 11:48:00,46.87,46.88,46.83,46.83,2760.0
2017-11-29 11:49:00,46.89,46.89,46.87,46.87,4085.0
2017-11-29 11:50:00,46.88,46.89,46.88,46.89,3600.0
2017-11-29 11:51:00,46.87,46.9,46.87,46.88,4600.0
2017-11-29 11:52:00,46.84,46.865,46.84,46.86,14500.0
2017-11-29 11:53:00,46.85,46.85,46.83,46.84,4336.0
2017-11-29 11:54:00,46.8854,46.9,46.85,46.85,11138.0
2017-11-29 11:55:00,46.88,46.88,46.855,46.88,3400.0
2017-11-29 11:56:00,46.89,46.9,46.88,46.89,2852.0
2017-11-29 11:57:00,46.89,46.9,46.89,46.9,200.0
2017-11-29 11:58:00,46.89,46.905,46.88,46.9,14593.0
2017-11-29 11:59:00,46.905,46.905,46.88,46.89,6170.0
2017-11-29 12:00:00,46.96,46.97,46.9,46.9,4676.0
2017-11-29 12:01:00,47.0301,47.0301,46.97,46.97,1503.0
2017-11-29 12:02:00,47.02,47.05,47.02,47.03,4100.0
2017-11-29 12:03:00,47.03,47.0401,47.03,47.04,4216.0
2017-11-29 12:04:00,47.04,47.0501,47.04,47.04,3000.0
2017-11-29 12:05:00,47.02,47.05,47.02,47.04,3084.0
2017-11-29 12:06:00,47.02,47.03,47.02,47.02,700.0
2017-11-29 12:07:00,47.06,47.06,47.04,47.04,1501.0
2017-11-29 12:08:00,47.06,47.08,47.06,47.062,3300.0
2017-11-29 12:09:00,47.0601,47.09,47.05,47.08,6436.0
2017-11-29 12:10:00,47.02,47.08,47.02,47.0614,5481.0
2017-11-29 12:11:00,47.0,47.03,46.98,47.02,5434.0
2017-11-29 12:12:00,46.99,46.995,46.99,46.99,36500.0
2017-11-29 12:13:00,46.99,47.01,46.98,46.99,2600.0
2017-11-29 12:14:00,47.015,47.02,47.0,47.0,3300.0
2017-11-29 12:15:00,47.06,47.06,47.02,47.02,9488.0
2017-11-29 12:16:00,47.06,47.06,47.05,47.05,3843.0
2017-11-29 12:17:00,47.06,47.06,47.0556,47.06,820.0
2017-11-29 12:18:00,47.04,47.08,47.04,47.06,6753.0
2017-11-29 12:19:00,47.02,47.04,47.02,47.03,6230.0
2017-11-29 12:20:00,47.03,47.04,47.01,47.01,6100.0
2017-11-29 12:21:00,47.01,47.04,47.01,47.025,6017.0
2017-11-29 12:22:00,46.97,47.0,46.97,47.0,3476.0
2017-11-29 12:23:00,46.98,46.98,46.97,46.975,51820.0
2017-11-29 12:24:00,46.98,47.005,46.98,46.99,8100.0
2017-11-29 12:25:00,46.98,46.98,46.97,46.98,3000.0
2017-11-29 12:26:00,46.94,46.99,46.94,46.98,5800.0
2017-11-29 12:27:00,46.95,46.95,46.92,46.92,1052.0
2017-11-29 12:28:00,46.95,46.95,46.931000000000004,46.94,582.0
2017-11-29 12:29:00,46.96,46.99,46.96,46.96,7356.0
2017-11-29 12:30:00,46.96,46.98,46.96,46.97,1982.0
2017-11-29 12:31:00,46.96,46.98,46.96,46.98,6066.0
2017-11-29 12:32:00,46.96,46.96,46.95,46.96,800.0
2017-11-29 12:33:00,46.97,46.97,46.9393,46.97,2568.0
2017-11-29 12:34:00,46.98,46.98,46.96,46.97,3226.0
2017-11-29 12:35:00,46.9725,46.98,46.96,46.98,3098.0
2017-11-29 12:36:00,46.97,46.97,46.97,46.97,200.0
2017-11-29 12:37:00,46.97,46.97,46.97,46.97,500.0
2017-11-29 12:38:00,46.925,46.97,46.92,46.96,4900.0
2017-11-29 12:39:00,46.92,46.93,46.92,46.93,3200.0
2017-11-29 12:40:00,46.915,46.9286,46.91,46.92,3150.0
2017-11-29 12:41:00,46.895,46.935,46.88,46.91,5478.0
2017-11-29 12:42:00,46.92,46.92,46.88,46.88,2300.0
2017-11-29 12:43:00,46.93,46.93,46.92,46.92,200.0
2017-11-29 12:44:00,46.9272,46.9272,46.9272,46.9272,100.0
2017-11-29 12:45:00,46.935,46.935,46.91,46.93,2701.0
2017-11-29 12:46:00,46.93,46.95,46.93,46.935,2500.0
2017-11-29 12:47:00,46.95,46.95,46.92,46.93,700.0
2017-11-29 12:48:00,46.905,46.95,46.9,46.935,4301.0
2017-11-29 12:49:00,46.92,46.92,46.9,46.905,1300.0
2017-11-29 12:50:00,46.895,46.92,46.89,46.91,4300.0
2017-11-29 12:51:00,46.86,46.91,46.86,46.9,4200.0
2017-11-29 12:52:00,46.86,46.87,46.86,46.86,1600.0
2017-11-29 12:53:00,46.84,46.87,46.84,46.87,700.0
2017-11-29 12:54:00,46.86,46.86,46.84,46.85,1550.0
2017-11-29 12:55:00,46.85,46.86,46.85,46.86,700.0
2017-11-29 12:56:00,46.87,46.87,46.86,46.86,1471.0
2017-11-29 12:57:00,46.89,46.89,46.87,46.87,3143.0
2017-11-29 12:58:00,46.87,46.89,46.86,46.89,2258.0
2017-11-29 12:59:00,46.85,46.87,46.85,46.87,300.0
2017-11-29 13:00:00,46.8498,46.8498,46.83,46.84,800.0
2017-11-29 13:01:00,46.85,46.85,46.85,46.85,100.0
2017-11-29 13:02:00,46.81,46.84,46.81,46.84,2910.0
2017-11-29 13:03:00,46.8,46.8,46.79,46.79,1000.0
2017-11-29 13:04:00,46.81,46.81,46.79,46.8,300.0
2017-11-29 13:05:00,46.79,46.8,46.79,46.8,1464.0
2017-11-29 13:06:00,46.8092,46.8099,46.78,46.78,1300.0
2017-11-29 13:07:00,46.8,46.8,46.8,46.8,100.0
2017-11-29 13:08:00,46.81,46.81,46.81,46.81,1000.0
2017-11-29 13:09:00,46.83,46.83,46.81,46.81,1200.0
2017-11-29 13:10:00,46.85,46.85,46.83,46.83,700.0
2017-11-29 13:11:00,46.82,46.85,46.82,46.85,2243.0
2017-11-29 13:12:00,46.79,46.79,46.78,46.79,1510.0
2017-11-29 13:13:00,46.77,46.78,46.77,46.78,400.0
2017-11-29 13:14:00,46.74,46.76,46.7239,46.76,3134.0
2017-11-29 13:15:00,46.74,46.74,46.73,46.73,1292.0
2017-11-29 13:16:00,46.74,46.75,46.74,46.75,300.0
2017-11-29 13:17:00,46.74,46.75,46.7365,46.7365,1055.0
2017-11-29 13:18:00,46.73,46.75,46.73,46.75,1495.0
2017-11-29 13:19:00,46.75,46.75,46.74,46.74,800.0
2017-11-29 13:20:00,46.74,46.75,46.7314,46.75,1400.0
2017-11-29 13:21:00,46.74,46.75,46.74,46.75,900.0
2017-11-29 13:22:00,46.75,46.77,46.75,46.75,1900.0
2017-11-29 13:23:00,46.72,46.76,46.72,46.76,1900.0
2017-11-29 13:24:00,46.71,46.71,46.71,46.71,400.0
2017-11-29 13:25:00,46.7,46.715,46.7,46.71,2318.0
2017-11-29 13:26:00,46.71,46.71,46.69,46.69,1520.0
2017-11-29 13:27:00,46.71,46.71,46.71,46.71,400.0
2017-11-29 13:28:00,46.71,46.72,46.71,46.72,500.0
2017-11-29 13:29:00,46.73,46.73,46.7152,46.72,844.0
2017-11-29 13:30:00,46.72,46.74,46.72,46.73,2430.0
2017-11-29 13:31:00,46.72,46.73,46.72,46.72,1045.0
2017-11-29 13:32:00,46.69,46.7247,46.69,46.72,3650.0
2017-11-29 13:35:00,46.71,46.71,46.7,46.7,1000.0
2017-11-29 13:36:00,46.715,46.715,46.71,46.7112,3600.0
2017-11-29 13:37:00,46.72,46.725,46.72,46.72,2658.0
2017-11-29 13:38:00,46.68,46.72,46.67,46.72,4598.0
2017-11-29 13:39:00,46.68,46.6802,46.67,46.67,2916.0
2017-11-29 13:40:00,46.69,46.7,46.69,46.7,300.0
2017-11-29 13:41:00,46.71,46.71,46.7,46.7,1190.0
2017-11-29 13:42:00,46.73,46.73,46.705,46.705,3500.0
2017-11-29 13:43:00,46.725,46.74,46.725,46.73,1599.0
2017-11-29 13:44:00,46.7386,46.74,46.73,46.73,950.0
2017-11-29 13:45:00,46.75,46.75,46.7,46.74,13895.0
2017-11-29 13:46:00,46.7201,46.74,46.72,46.74,6097.0
2017-11-29 13:47:00,46.72,46.72,46.72,46.72,300.0
2017-11-29 13:48:00,46.73,46.73,46.73,46.73,100.0
2017-11-29 13:49:00,46.74,46.74,46.72,46.72,3000.0
2017-11-29 13:50:00,46.76,46.76,46.74,46.74,1200.0
2017-11-29 13:51:00,46.75,46.76,46.75,46.7538,6066.0
2017-11-29 13:52:00,46.75,46.75,46.75,46.75,100.0
2017-11-29 13:53:00,46.76,46.76,46.755,46.755,200.0
2017-11-29 13:54:00,46.755,46.755,46.75,46.75,1200.0
2017-11-29 13:55:00,46.78,46.78,46.76,46.76,2365.0
2017-11-29 13:56:00,46.76,46.78,46.76,46.78,9295.0
2017-11-29 13:57:00,46.77,46.77,46.75,46.75,900.0
2017-11-29 13:58:00,46.725,46.76,46.725,46.75,2035.0
2017-11-29 13:59:00,46.72,46.72,46.72,46.72,300.0
2017-11-29 14:00:00,46.675,46.73,46.67,46.72,11300.0
2017-11-29 14:01:00,46.7,46.705,46.67,46.67,7483.0
2017-11-29 14:02:00,46.69,46.69,46.69,46.69,100.0
2017-11-29 14:03:00,46.71,46.72,46.695,46.7,1980.0
2017-11-29 14:04:00,46.74,46.74,46.72,46.73,1800.0
2017-11-29 14:05:00,46.72,46.73,46.72,46.73,1200.0
2017-11-29 14:06:00,46.73,46.73,46.72,46.72,300.0
2017-11-29 14:07:00,46.73,46.74,46.73,46.73,913.0
2017-11-29 14:08:00,46.75,46.75,46.74,46.74,900.0
2017-11-29 14:09:00,46.75,46.775,46.74,46.75,6133.0
2017-11-29 14:10:00,46.77,46.77,46.75,46.75,5483.0
2017-11-29 14:11:00,46.7838,46.7838,46.77,46.77,1159.0
2017-11-29 14:12:00,46.785,46.79,46.78,46.78,4559.0
2017-11-29 14:13:00,46.7812,46.785,46.76,46.78,5538.0
2017-11-29 14:14:00,46.78,46.78,46.76,46.77,3671.0
2017-11-29 14:15:00,46.75,46.78,46.75,46.78,4207.0
2017-11-29 14:16:00,46.75,46.75,46.73,46.75,5418.0
2017-11-29 14:17:00,46.75,46.76,46.74,46.74,1400.0
2017-11-29 14:18:00,46.755,46.755,46.745,46.745,1043.0
2017-11-29 14:19:00,46.72,46.755,46.72,46.75,5998.0
2017-11-29 14:20:00,46.72,46.73,46.71,46.71,2034.0
2017-11-29 14:21:00,46.74,46.74,46.725,46.725,1202.0
2017-11-29 14:22:00,46.74,46.74,46.73,46.73,400.0
2017-11-29 14:23:00,46.74,46.74,46.733000000000004,46.733000000000004,2100.0
2017-11-29 14:24:00,46.75,46.76,46.74,46.74,4053.0
2017-11-29 14:25:00,46.73,46.76,46.73,46.76,5834.0
2017-11-29 14:26:00,46.72,46.73,46.72,46.73,2472.0
2017-11-29 14:27:00,46.75,46.75,46.72,46.72,3500.0
2017-11-29 14:28:00,46.75,46.76,46.74,46.74,4150.0
2017-11-29 14:29:00,46.77,46.775,46.75,46.75,3600.0
2017-11-29 14:30:00,46.76,46.765,46.76,46.76,3554.0
2017-11-29 14:31:00,46.76,46.77,46.76,46.77,1610.0
2017-11-29 14:32:00,46.76,46.77,46.76,46.77,3030.0
2017-11-29 14:33:00,46.75,46.76,46.75,46.76,600.0
2017-11-29 14:34:00,46.765,46.765,46.75,46.75,3126.0
2017-11-29 14:35:00,46.77,46.77,46.76,46.76,1207.0
2017-11-29 14:36:00,46.77,46.775,46.76,46.77,5025.0
2017-11-29 14:37:00,46.76,46.77,46.76,46.765,3317.0
2017-11-29 14:38:00,46.755,46.755,46.755,46.755,200.0
2017-11-29 14:39:00,46.76,46.76,46.76,46.76,2901.0
2017-11-29 14:40:00,46.77,46.77,46.765,46.77,400.0
2017-11-29 14:41:00,46.74,46.77,46.74,46.77,6490.0
2017-11-29 14:42:00,46.745,46.75,46.74,46.75,2156.0
2017-11-29 14:43:00,46.7415,46.75,46.74,46.75,1735.0
2017-11-29 14:45:00,46.75,46.75,46.74,46.74,1607.0
2017-11-29 14:46:00,46.77,46.77,46.75,46.76,1337.0
2017-11-29 14:47:00,46.77,46.78,46.765,46.78,700.0
2017-11-29 14:48:00,46.78,46.78,46.77,46.77,1400.0
2017-11-29 14:49:00,46.765,46.78,46.76,46.78,6222.0
2017-11-29 14:50:00,46.765,46.77,46.76,46.77,2200.0
2017-11-29 14:51:00,46.775,46.775,46.76,46.76,3007.0
2017-11-29 14:52:00,46.78,46.78,46.78,46.78,100.0
2017-11-29 14:53:00,46.7725,46.78,46.7725,46.7789,1145.0
2017-11-29 14:54:00,46.765,46.78,46.76,46.78,4622.0
2017-11-29 14:55:00,46.765,46.765,46.76,46.765,3500.0
2017-11-29 14:56:00,46.785,46.785,46.765,46.77,4982.0
2017-11-29 14:57:00,46.78,46.78,46.78,46.78,3200.0
2017-11-29 14:58:00,46.76,46.775,46.76,46.775,4949.0
2017-11-29 14:59:00,46.76,46.765,46.76,46.76,1500.0
2017-11-29 15:00:00,46.77,46.77,46.765,46.77,1000.0
2017-11-29 15:01:00,46.7611,46.77,46.76,46.77,1000.0
2017-11-29 15:02:00,46.7951,46.7951,46.7643,46.7643,8474.0
2017-11-29 15:03:00,46.805,46.81,46.8,46.8,6272.0
2017-11-29 15:04:00,46.8,46.805,46.8,46.805,900.0
2017-11-29 15:05:00,46.81,46.81,46.8,46.8,1500.0
2017-11-29 15:06:00,46.805,46.805,46.805,46.805,400.0
2017-11-29 15:07:00,46.815,46.82,46.8,46.805,5109.0
2017-11-29 15:08:00,46.815,46.82,46.815,46.8199,1100.0
2017-11-29 15:09:00,46.7925,46.815,46.7925,46.81,13338.0
2017-11-29 15:10:00,46.785,46.795,46.78,46.795,6936.0
2017-11-29 15:11:00,46.8386,46.86,46.77,46.77,22653.0
2017-11-29 15:12:00,46.82,46.83,46.82,46.83,3237.0
2017-11-29 15:13:00,46.8395,46.84,46.825,46.825,2500.0
2017-11-29 15:14:00,46.83,46.835,46.82,46.835,3850.0
2017-11-29 15:15:00,46.85,46.85,46.83,46.83,4595.0
2017-11-29 15:16:00,46.855,46.865,46.85,46.85,8095.0
2017-11-29 15:17:00,46.83,46.855,46.83,46.855,8519.0
2017-11-29 15:18:00,46.83,46.83,46.825,46.825,1200.0
2017-11-29 15:19:00,46.835,46.84,46.835,46.835,400.0
2017-11-29 15:20:00,46.85,46.865,46.835,46.84,9301.0
2017-11-29 15:21:00,46.85,46.86,46.85,46.85,2400.0
2017-11-29 15:22:00,46.855,46.86,46.85,46.85,700.0
2017-11-29 15:23:00,46.85,46.86,46.84,46.86,4039.0
2017-11-29 15:24:00,46.8225,46.845,46.8225,46.84,5000.0
2017-11-29 15:25:00,46.83,46.83,46.825,46.825,5014.0
2017-11-29 15:26:00,46.83,46.835,46.825,46.83,3200.0
2017-11-29 15:27:00,46.83,46.84,46.8225,46.83,4110.0
2017-11-29 15:28:00,46.845,46.85,46.84,46.84,2300.0
2017-11-29 15:29:00,46.84,46.85,46.84,46.85,10624.0
2017-11-29 15:30:00,46.87,46.88,46.84,46.84,11865.0
2017-11-29 15:31:00,46.855,46.875,46.85,46.87,38779.0
2017-11-29 15:32:00,46.855,46.865,46.85,46.86,9257.0
2017-11-29 15:33:00,46.87,46.875,46.84,46.85,15379.0
2017-11-29 15:34:00,46.87,46.875,46.865,46.875,9052.0
2017-11-29 15:35:00,46.85,46.88,46.85,46.87,18428.0
2017-11-29 15:36:00,46.83,46.845,46.83,46.84,4935.0
2017-11-29 15:37:00,46.795,46.83,46.795,46.825,6928.0
2017-11-29 15:38:00,46.8,46.82,46.79,46.795,16013.0
2017-11-29 15:39:00,46.775,46.79,46.775,46.79,5350.0
2017-11-29 15:40:00,46.775,46.78,46.775,46.78,2910.0
2017-11-29 15:41:00,46.775,46.78,46.77,46.775,5090.0
2017-11-29 15:42:00,46.83,46.8475,46.775,46.775,37876.0
2017-11-29 15:43:00,46.825,46.83,46.825,46.825,1864.0
2017-11-29 15:44:00,46.8,46.825,46.8,46.82,15774.0
2017-11-29 15:45:00,46.78,46.81,46.78,46.805,16363.0
2017-11-29 15:46:00,46.785,46.79,46.78,46.78,16069.0
2017-11-29 15:47:00,46.785,46.79,46.78,46.785,4401.0
2017-11-29 15:48:00,46.785,46.79,46.78,46.785,5380.0
2017-11-29 15:49:00,46.79,46.79,46.78,46.785,9550.0
2017-11-29 15:50:00,46.8,46.82,46.785,46.785,43669.0
2017-11-29 15:51:00,46.82,46.84,46.8001,46.805,25524.0
2017-11-29 15:52:00,46.815,46.82,46.81,46.82,10187.0
2017-11-29 15:53:00,46.84,46.86,46.81,46.81,36923.0
2017-11-29 15:54:00,46.84,46.85,46.84,46.845,11538.0
2017-11-29 15:55:00,46.81,46.85,46.81,46.845,40959.0
2017-11-29 15:56:00,46.8,46.82,46.8,46.82,13730.0
2017-11-29 15:57:00,46.825,46.83,46.79,46.8,67524.0
2017-11-29 15:58:00,46.8,46.825,46.8,46.825,45879.0
2017-11-29 15:59:00,46.82,46.82,46.8,46.8,43650.0
2017-11-29 16:00:00,46.805,46.83,46.8,46.815,66284.0
2017-11-30 09:30:00,47.24,47.24,47.24,47.24,55030.0
2017-11-30 09:31:00,47.48,47.48,47.0,47.43,7200.0
2017-11-30 09:32:00,48.08,48.1,47.47,47.48,28047.0
2017-11-30 09:33:00,47.65,48.08,47.575,48.01,26879.0
2017-11-30 09:34:00,47.39,47.6,47.39,47.57,4276.0
2017-11-30 09:35:00,47.29,47.34,47.29,47.34,2438.0
2017-11-30 09:36:00,47.26,47.31,47.22,47.31,12694.0
2017-11-30 09:37:00,47.16,47.25,47.16,47.23,4051.0
2017-11-30 09:38:00,47.14,47.16,47.06,47.14,4132.0
2017-11-30 09:39:00,47.11,47.162,47.06,47.16,5138.0
2017-11-30 09:40:00,47.18,47.18,47.09,47.09,2381.0
2017-11-30 09:41:00,47.17,47.18,47.17,47.18,900.0
2017-11-30 09:42:00,47.1,47.19,47.03,47.18,14325.0
2017-11-30 09:43:00,47.11,47.17,47.095,47.11,21319.0
2017-11-30 09:45:00,47.07,47.11,47.06,47.11,2700.0
2017-11-30 09:46:00,47.29,47.29,47.05,47.065,10017.0
2017-11-30 09:47:00,47.19,47.32,47.19,47.3,13457.0
2017-11-30 09:48:00,47.23,47.23,47.1701,47.1701,3753.0
2017-11-30 09:49:00,47.24,47.28,47.23,47.26,4369.0
2017-11-30 09:50:00,47.18,47.24,47.145,47.22,3278.0
2017-11-30 09:51:00,47.18,47.22,47.18,47.18,6637.0
2017-11-30 09:52:00,47.125,47.18,47.1115,47.18,12430.0
2017-11-30 09:53:00,47.15,47.15,47.095,47.12,5894.0
2017-11-30 09:54:00,47.19,47.21,47.16,47.16,6155.0
2017-11-30 09:55:00,47.21,47.21,47.2,47.2,1300.0
2017-11-30 09:56:00,47.2,47.205,47.18,47.2,4900.0
2017-11-30 09:57:00,47.24,47.24,47.2,47.2,800.0
2017-11-30 09:58:00,47.28,47.28,47.24,47.24,1668.0
2017-11-30 09:59:00,47.36,47.36,47.29,47.29,800.0
2017-11-30 10:00:00,47.27,47.37,47.27,47.37,11428.0
2017-11-30 10:01:00,47.23,47.285,47.2213,47.28,9485.0
2017-11-30 10:02:00,47.13,47.23,47.12,47.22,13113.0
2017-11-30 10:03:00,47.1125,47.13,47.095,47.115,6514.0
2017-11-30 10:04:00,47.1099,47.115,47.105,47.11,5371.0
2017-11-30 10:05:00,47.1099,47.11,47.1,47.11,4557.0
2017-11-30 10:06:00,47.15,47.15,47.105,47.11,5290.0
2017-11-30 10:07:00,47.15,47.205,47.15,47.16,13934.0
2017-11-30 10:08:00,47.18,47.18,47.16,47.16,4958.0
2017-11-30 10:09:00,47.15,47.17,47.15,47.16,8119.0
2017-11-30 10:10:00,47.23,47.23,47.1425,47.15,6434.0
2017-11-30 10:11:00,47.13,47.24,47.13,47.23,5317.0
2017-11-30 10:12:00,47.17,47.18,47.15,47.15,3325.0
2017-11-30 10:13:00,47.15,47.17,47.15,47.17,8864.0
2017-11-30 10:14:00,47.15,47.15,47.14,47.15,5700.0
2017-11-30 10:15:00,47.15,47.17,47.14,47.148999999999994,7802.0
2017-11-30 10:16:00,47.165,47.18,47.16,47.16,6643.0
2017-11-30 10:17:00,47.105,47.17,47.1,47.16,9784.0
2017-11-30 10:18:00,47.13,47.13,47.09,47.105,7259.0
2017-11-30 10:19:00,47.115,47.14,47.11,47.12,7154.0
2017-11-30 10:20:00,47.105,47.12,47.085,47.12,4606.0
2017-11-30 10:21:00,47.08,47.1,47.075,47.1,6100.0
2017-11-30 10:22:00,47.12,47.13,47.08,47.08,5214.0
2017-11-30 10:24:00,47.12,47.12,47.11,47.12,1427.0
2017-11-30 10:25:00,47.125,47.13,47.09,47.1,7028.0
2017-11-30 10:26:00,47.08,47.12,47.08,47.12,6025.0
2017-11-30 10:27:00,47.14,47.14,47.09,47.09,3200.0
2017-11-30 10:28:00,47.17,47.17,47.14,47.14,2800.0
2017-11-30 10:29:00,47.145,47.17,47.145,47.17,3571.0
2017-11-30 10:30:00,47.16,47.16,47.12,47.14,8698.0
2017-11-30 10:31:00,47.14,47.185,47.14,47.16,4240.0
2017-11-30 10:32:00,47.08,47.13,47.08,47.13,6300.0
2017-11-30 10:33:00,47.11,47.11,47.085,47.085,7716.0
2017-11-30 10:34:00,47.065,47.11,47.05,47.11,8556.0
2017-11-30 10:35:00,47.02,47.07,47.02,47.06,3503.0
2017-11-30 10:36:00,47.0425,47.055,47.02,47.02,6081.0
2017-11-30 10:37:00,46.97,47.03,46.965,47.03,5724.0
2017-11-30 10:38:00,46.95,46.97,46.94,46.97,1028.0
2017-11-30 10:39:00,46.925,46.9312,46.92,46.9312,4590.0
2017-11-30 10:40:00,46.91,46.925,46.88,46.92,18268.0
2017-11-30 10:41:00,46.97,46.97,46.905,46.905,6304.0
2017-11-30 10:42:00,46.95,46.975,46.94,46.97,12244.0
2017-11-30 10:43:00,47.0,47.01,46.95,46.95,12032.0
2017-11-30 10:44:00,46.9869,47.01,46.98,47.0,4533.0
2017-11-30 10:45:00,47.02,47.02,46.98,46.98,3779.0
2017-11-30 10:46:00,47.015,47.025,46.99,47.02,5134.0
2017-11-30 10:47:00,46.935,47.015,46.93,47.01,15326.0
2017-11-30 10:48:00,46.96,46.975,46.93,46.93,7751.0
2017-11-30 10:49:00,46.99,46.99,46.96,46.97,3799.0
2017-11-30 10:50:00,46.995,47.01,46.99,47.0,6440.0
2017-11-30 10:51:00,47.01,47.01,46.99,46.99,3200.0
2017-11-30 10:52:00,47.045,47.059,47.02,47.02,11840.0
2017-11-30 10:53:00,47.0,47.045,47.0,47.04,4000.0
2017-11-30 10:54:00,47.01,47.01,47.0,47.0,6765.0
2017-11-30 10:55:00,47.08,47.08,47.02,47.02,4676.0
2017-11-30 10:56:00,47.1,47.11,47.09,47.09,6950.0
2017-11-30 10:57:00,47.1,47.12,47.1,47.1,12096.0
2017-11-30 10:58:00,47.1,47.11,47.1,47.1,10600.0
2017-11-30 10:59:00,47.12,47.12,47.1,47.1,2113.0
2017-11-30 11:00:00,47.1352,47.14,47.12,47.12,2600.0
2017-11-30 11:01:00,47.1,47.135,47.1,47.13,3700.0
2017-11-30 11:02:00,47.1,47.12,47.09,47.1,6425.0
2017-11-30 11:03:00,47.1,47.11,47.09,47.1,25029.0
2017-11-30 11:04:00,47.08,47.12,47.08,47.11,8403.0
2017-11-30 11:05:00,47.1,47.1,47.07,47.08,26238.0
2017-11-30 11:06:00,47.09,47.11,47.09,47.1,6080.0
2017-11-30 11:07:00,47.08,47.09,47.07,47.09,3828.0
2017-11-30 11:08:00,47.09,47.09,47.08,47.08,5430.0
2017-11-30 11:09:00,47.08,47.085,47.08,47.08,1900.0
2017-11-30 11:10:00,47.09,47.095,47.08,47.08,4217.0
2017-11-30 11:11:00,47.1,47.1,47.095,47.1,1840.0
2017-11-30 11:12:00,47.11,47.12,47.11,47.11,1680.0
2017-11-30 11:13:00,47.13,47.13,47.09,47.11,9792.0
2017-11-30 11:14:00,47.12,47.13,47.12,47.13,3731.0
2017-11-30 11:15:00,47.14,47.14,47.09,47.11,4979.0
2017-11-30 11:16:00,47.17,47.17,47.135,47.14,2422.0
2017-11-30 11:17:00,47.15,47.17,47.14,47.17,6494.0
2017-11-30 11:18:00,47.15,47.17,47.15,47.15,4720.0
2017-11-30 11:19:00,47.09,47.15,47.09,47.15,4560.0
2017-11-30 11:20:00,47.04,47.1,47.04,47.1,7546.0
2017-11-30 11:21:00,47.07,47.07,47.05,47.05,2271.0
2017-11-30 11:22:00,47.1,47.1,47.08,47.08,3070.0
2017-11-30 11:23:00,47.11,47.11,47.09,47.1,4392.0
2017-11-30 11:24:00,47.11,47.11,47.11,47.11,600.0
2017-11-30 11:25:00,47.14,47.17,47.115,47.115,4939.0
2017-11-30 11:26:00,47.14,47.14,47.13,47.14,1500.0
2017-11-30 11:27:00,47.21,47.21,47.14,47.14,7593.0
2017-11-30 11:28:00,47.15,47.2,47.15,47.2,7409.0
2017-11-30 11:29:00,47.15,47.15,47.1481,47.15,900.0
2017-11-30 11:30:00,47.12,47.14,47.12,47.14,4800.0
2017-11-30 11:31:00,47.11,47.13,47.11,47.11,2481.0
2017-11-30 11:32:00,47.11,47.12,47.105,47.12,4287.0
2017-11-30 11:33:00,47.115,47.12,47.11,47.11,800.0
2017-11-30 11:34:00,47.105,47.115,47.105,47.115,1550.0
2017-11-30 11:35:00,47.13,47.16,47.11,47.11,9300.0
2017-11-30 11:36:00,47.1001,47.13,47.1,47.13,9994.0
2017-11-30 11:37:00,47.13,47.13,47.105,47.11,5012.0
2017-11-30 11:38:00,47.1,47.12,47.08,47.12,5634.0
2017-11-30 11:39:00,47.1,47.1,47.095,47.1,500.0
2017-11-30 11:40:00,47.1,47.1,47.1,47.1,620.0
2017-11-30 11:41:00,47.1,47.108999999999995,47.1,47.1,3200.0
2017-11-30 11:42:00,47.1,47.105,47.1,47.1,900.0
2017-11-30 11:43:00,47.12,47.12,47.09,47.1,8710.0
2017-11-30 11:44:00,47.09,47.115,47.09,47.11,4404.0
2017-11-30 11:45:00,47.06,47.09,47.06,47.09,1500.0
2017-11-30 11:47:00,47.05,47.06,47.05,47.06,2295.0
2017-11-30 11:48:00,47.05,47.05,47.05,47.05,200.0
2017-11-30 11:49:00,47.05,47.06,47.04,47.06,4310.0
2017-11-30 11:50:00,47.14,47.15,47.06,47.06,6972.0
2017-11-30 11:51:00,47.08,47.13,47.08,47.13,3202.0
2017-11-30 11:52:00,47.13,47.14,47.09,47.09,3798.0
2017-11-30 11:53:00,47.115,47.1153,47.1,47.1153,2220.0
2017-11-30 11:54:00,47.1,47.1,47.09,47.1,2680.0
2017-11-30 11:55:00,47.12,47.13,47.09,47.09,2628.0
2017-11-30 11:56:00,47.1,47.1156,47.1,47.11,2900.0
2017-11-30 11:57:00,47.09,47.11,47.09,47.09,2500.0
2017-11-30 11:58:00,47.095,47.1,47.095,47.1,1312.0
2017-11-30 11:59:00,47.06,47.09,47.06,47.09,3282.0
2017-11-30 12:00:00,47.07,47.08,47.05,47.06,4288.0
2017-11-30 12:01:00,47.075,47.075,47.075,47.075,200.0
2017-11-30 12:02:00,47.063,47.07,47.063,47.07,472.0
2017-11-30 12:03:00,47.06,47.08,47.06,47.07,800.0
2017-11-30 12:04:00,47.05,47.07,47.05,47.07,3200.0
2017-11-30 12:05:00,47.11,47.11,47.05,47.05,8111.0
2017-11-30 12:06:00,47.13,47.1356,47.11,47.11,2527.0
2017-11-30 12:07:00,47.12,47.158,47.12,47.13,4826.0
2017-11-30 12:08:00,47.09,47.115,47.09,47.11,2132.0
2017-11-30 12:09:00,47.08,47.1,47.08,47.099,4618.0
2017-11-30 12:10:00,47.1,47.1,47.08,47.09,2278.0
2017-11-30 12:11:00,47.12,47.14,47.1,47.1,6401.0
2017-11-30 12:12:00,47.15,47.15,47.12,47.13,1600.0
2017-11-30 12:13:00,47.17,47.17,47.16,47.16,590.0
2017-11-30 12:14:00,47.16,47.19,47.16,47.1707,4791.0
2017-11-30 12:15:00,47.17,47.17,47.15,47.16,3410.0
2017-11-30 12:16:00,47.1701,47.1701,47.1665,47.17,1450.0
2017-11-30 12:17:00,47.16,47.18,47.15,47.18,3530.0
2017-11-30 12:18:00,47.16,47.16,47.16,47.16,200.0
2017-11-30 12:19:00,47.16,47.165,47.15,47.16,2153.0
2017-11-30 12:20:00,47.2225,47.27,47.16,47.16,10635.0
2017-11-30 12:21:00,47.25,47.27,47.2225,47.23,5127.0
2017-11-30 12:22:00,47.24,47.25,47.24,47.25,2600.0
2017-11-30 12:23:00,47.28,47.28,47.23,47.235,2493.0
2017-11-30 12:24:00,47.27,47.31,47.27,47.28,8900.0
2017-11-30 12:25:00,47.25,47.27,47.24,47.26,5500.0
2017-11-30 12:26:00,47.27,47.27,47.255,47.255,4176.0
2017-11-30 12:27:00,47.19,47.28,47.19,47.27,6159.0
2017-11-30 12:28:00,47.24,47.24,47.2,47.2,1805.0
2017-11-30 12:29:00,47.21,47.24,47.2,47.24,6495.0
2017-11-30 12:30:00,47.2,47.2,47.2,47.2,200.0
2017-11-30 12:31:00,47.26,47.28,47.21,47.21,5224.0
2017-11-30 12:32:00,47.26,47.27,47.26,47.26,1607.0
2017-11-30 12:33:00,47.27,47.27,47.27,47.27,100.0
2017-11-30 12:34:00,47.27,47.28,47.25,47.275,6112.0
2017-11-30 12:35:00,47.25,47.2699,47.25,47.2699,1150.0
2017-11-30 12:36:00,47.24,47.26,47.23,47.26,2205.0
2017-11-30 12:37:00,47.26,47.2601,47.23,47.24,4115.0
2017-11-30 12:38:00,47.26,47.28,47.25,47.27,7287.0
2017-11-30 12:39:00,47.26,47.26,47.25,47.25,3800.0
2017-11-30 12:40:00,47.28,47.28,47.26,47.26,4240.0
2017-11-30 12:41:00,47.275,47.28,47.26,47.28,8360.0
2017-11-30 12:42:00,47.28,47.285,47.27,47.275,10230.0
2017-11-30 12:43:00,47.29,47.29,47.275,47.28,1403.0
2017-11-30 12:44:00,47.33,47.34,47.29,47.3,3173.0
2017-11-30 12:45:00,47.31,47.35,47.3,47.33,3995.0
2017-11-30 12:46:00,47.33,47.33,47.31,47.31,4158.0
2017-11-30 12:47:00,47.3,47.34,47.295,47.335,4256.0
2017-11-30 12:48:00,47.33,47.33,47.3,47.3,2217.0
2017-11-30 12:49:00,47.35,47.35,47.315,47.336999999999996,3538.0
2017-11-30 12:50:00,47.31,47.35,47.31,47.35,1105.0
2017-11-30 12:51:00,47.32,47.32,47.3,47.31,2600.0
2017-11-30 12:52:00,47.34,47.34,47.32,47.33,2780.0
2017-11-30 12:53:00,47.29,47.34,47.28,47.335,3700.0
2017-11-30 12:54:00,47.28,47.295,47.28,47.29,4601.0
2017-11-30 12:55:00,47.28,47.28,47.26,47.27,2911.0
2017-11-30 12:56:00,47.26,47.275,47.23,47.275,5500.0
2017-11-30 12:57:00,47.24,47.27,47.24,47.26,2800.0
2017-11-30 12:58:00,47.25,47.25,47.24,47.245,4577.0
2017-11-30 12:59:00,47.25,47.27,47.24,47.26,2600.0
2017-11-30 13:00:00,47.255,47.265,47.25,47.26,4158.0
2017-11-30 13:01:00,47.26,47.26,47.24,47.25,1720.0
2017-11-30 13:02:00,47.295,47.3,47.26,47.26,2627.0
2017-11-30 13:03:00,47.27,47.29,47.27,47.28,5270.0
2017-11-30 13:04:00,47.285,47.285,47.27,47.275,2600.0
2017-11-30 13:05:00,47.285,47.285,47.285,47.285,100.0
2017-11-30 13:06:00,47.285,47.31,47.285,47.29,8108.0
2017-11-30 13:07:00,47.31,47.31,47.28,47.285,4888.0
2017-11-30 13:08:00,47.27,47.3,47.27,47.3,1500.0
2017-11-30 13:09:00,47.27,47.27,47.27,47.27,1100.0
2017-11-30 13:10:00,47.25,47.28,47.25,47.28,2000.0
2017-11-30 13:11:00,47.23,47.2506,47.23,47.2506,2100.0
2017-11-30 13:12:00,47.24,47.245,47.23,47.24,6900.0
2017-11-30 13:13:00,47.2425,47.245,47.24,47.24,4206.0
2017-11-30 13:14:00,47.23,47.2601,47.23,47.245,9634.0
2017-11-30 13:15:00,47.245,47.25,47.24,47.24,4166.0
2017-11-30 13:16:00,47.235,47.25,47.23,47.245,4891.0
2017-11-30 13:17:00,47.23,47.24,47.22,47.23,2472.0
2017-11-30 13:18:00,47.21,47.23,47.21,47.23,300.0
2017-11-30 13:19:00,47.26,47.27,47.215,47.215,6941.0
2017-11-30 13:20:00,47.22,47.26,47.22,47.26,4450.0
2017-11-30 13:21:00,47.215,47.215,47.21,47.215,500.0
2017-11-30 13:22:00,47.21,47.21,47.19,47.21,8455.0
2017-11-30 13:23:00,47.23,47.23,47.2,47.205,3236.0
2017-11-30 13:24:00,47.22,47.26,47.22,47.25,3400.0
2017-11-30 13:25:00,47.23,47.23,47.22,47.22,863.0
2017-11-30 13:26:00,47.27,47.27,47.23,47.23,4389.0
2017-11-30 13:27:00,47.275,47.275,47.26,47.27,3470.0
2017-11-30 13:28:00,47.29,47.295,47.28,47.28,2914.0
2017-11-30 13:29:00,47.29,47.295,47.285,47.285,4120.0
2017-11-30 13:30:00,47.2732,47.295,47.27,47.29,4061.0
2017-11-30 13:31:00,47.295,47.295,47.26,47.26,5766.0
2017-11-30 13:32:00,47.27,47.3,47.27,47.295,3737.0
2017-11-30 13:33:00,47.27,47.275,47.27,47.27,1500.0
2017-11-30 13:34:00,47.245,47.275,47.24,47.27,2900.0
2017-11-30 13:35:00,47.25,47.2543,47.24,47.24,1318.0
2017-11-30 13:36:00,47.25,47.26,47.24,47.25,5254.0
2017-11-30 13:37:00,47.22,47.26,47.22,47.26,1835.0
2017-11-30 13:38:00,47.21,47.23,47.21,47.23,1900.0
2017-11-30 13:39:00,47.21,47.2234,47.21,47.2234,524.0
2017-11-30 13:40:00,47.21,47.23,47.21,47.22,1900.0
2017-11-30 13:41:00,47.21,47.21,47.19,47.21,3730.0
2017-11-30 13:42:00,47.215,47.215,47.21,47.21,200.0
2017-11-30 13:43:00,47.215,47.22,47.215,47.215,300.0
2017-11-30 13:44:00,47.2025,47.215,47.2,47.21,3517.0
2017-11-30 13:45:00,47.19,47.21,47.19,47.2,1950.0
2017-11-30 13:46:00,47.25,47.25,47.195,47.195,6497.0
2017-11-30 13:47:00,47.245,47.26,47.245,47.255,3400.0
2017-11-30 13:48:00,47.23,47.25,47.23,47.25,1860.0
2017-11-30 13:49:00,47.21,47.235,47.21,47.23,2500.0
2017-11-30 13:50:00,47.2,47.21,47.2,47.21,2600.0
2017-11-30 13:51:00,47.21,47.215,47.21,47.21,600.0
2017-11-30 13:52:00,47.19,47.205,47.19,47.2,1587.0
2017-11-30 13:53:00,47.2,47.21,47.199,47.2,6800.0
2017-11-30 13:54:00,47.21,47.21,47.19,47.19,2300.0
2017-11-30 13:55:00,47.17,47.21,47.17,47.2088,3828.0
2017-11-30 13:56:00,47.19,47.19,47.17,47.17,3841.0
2017-11-30 13:57:00,47.2,47.2,47.17,47.18,3400.0
2017-11-30 13:58:00,47.21,47.21,47.205,47.205,1110.0
2017-11-30 13:59:00,47.2,47.2244,47.2,47.22,3491.0
2017-11-30 14:00:00,47.2068,47.21,47.19,47.19,2098.0
2017-11-30 14:01:00,47.23,47.25,47.21,47.21,3723.0
2017-11-30 14:02:00,47.24,47.25,47.24,47.24,4240.0
2017-11-30 14:03:00,47.22,47.24,47.22,47.23,1300.0
2017-11-30 14:04:00,47.21,47.22,47.21,47.22,1030.0
2017-11-30 14:05:00,47.22,47.23,47.22,47.22,3432.0
2017-11-30 14:06:00,47.17,47.215,47.17,47.215,1800.0
2017-11-30 14:07:00,47.16,47.17,47.15,47.17,2744.0
2017-11-30 14:08:00,47.16,47.16,47.15,47.15,404.0
2017-11-30 14:09:00,47.13,47.155,47.13,47.155,3402.0
2017-11-30 14:10:00,47.11,47.12,47.11,47.12,4022.0
2017-11-30 14:11:00,47.105,47.11,47.1,47.11,3916.0
2017-11-30 14:12:00,47.12,47.12,47.09,47.0945,5047.0
2017-11-30 14:13:00,47.125,47.125,47.11,47.12,4484.0
2017-11-30 14:14:00,47.105,47.11,47.1,47.11,1200.0
2017-11-30 14:15:00,47.11,47.115,47.105,47.11,3942.0
2017-11-30 14:16:00,47.105,47.11,47.1,47.11,2540.0
2017-11-30 14:17:00,47.07,47.1054,47.07,47.1054,3743.0
2017-11-30 14:18:00,47.08,47.08,47.07,47.07,700.0
2017-11-30 14:19:00,47.16,47.19,47.07,47.07,14340.0
2017-11-30 14:20:00,47.105,47.165,47.1,47.16,5600.0
2017-11-30 14:21:00,47.12,47.14,47.11,47.11,4992.0
2017-11-30 14:22:00,47.1,47.12,47.1,47.11,1810.0
2017-11-30 14:23:00,47.14,47.15,47.11,47.11,4248.0
2017-11-30 14:24:00,47.06,47.135,47.06,47.13,11877.0
2017-11-30 14:25:00,47.07,47.09,47.07,47.07,1300.0
2017-11-30 14:26:00,47.08,47.09,47.08,47.09,1882.0
2017-11-30 14:27:00,47.0947,47.12,47.08,47.08,5833.0
2017-11-30 14:28:00,47.12,47.12,47.1,47.1,1573.0
2017-11-30 14:29:00,47.11,47.11,47.1,47.11,2466.0
2017-11-30 14:30:00,47.16,47.17,47.11,47.11,8604.0
2017-11-30 14:31:00,47.14,47.16,47.13,47.15,4191.0
2017-11-30 14:32:00,47.13,47.145,47.13,47.14,1215.0
2017-11-30 14:33:00,47.135,47.1366,47.135,47.1366,823.0
2017-11-30 14:34:00,47.135,47.137,47.13,47.13,3920.0
2017-11-30 14:35:00,47.145,47.15,47.135,47.14,2521.0
2017-11-30 14:36:00,47.09,47.145,47.085,47.14,9000.0
2017-11-30 14:37:00,47.0901,47.1,47.09,47.1,500.0
2017-11-30 14:38:00,47.155,47.155,47.0901,47.1,9754.0
2017-11-30 14:39:00,47.13,47.145,47.115,47.14,3625.0
2017-11-30 14:40:00,47.125,47.13,47.12,47.125,1599.0
2017-11-30 14:41:00,47.155,47.17,47.11,47.115,14324.0
2017-11-30 14:42:00,47.16,47.16,47.138999999999996,47.155,6100.0
2017-11-30 14:43:00,47.16,47.17,47.16,47.16,2500.0
2017-11-30 14:44:00,47.15,47.165,47.14,47.16,4181.0
2017-11-30 14:45:00,47.12,47.15,47.11,47.145,3611.0
2017-11-30 14:46:00,47.115,47.12,47.11,47.11,800.0
2017-11-30 14:47:00,47.11,47.12,47.11,47.11,3321.0
2017-11-30 14:48:00,47.105,47.115,47.1,47.11,4329.0
2017-11-30 14:49:00,47.115,47.115,47.115,47.115,208.0
2017-11-30 14:50:00,47.12,47.12,47.11,47.12,1785.0
2017-11-30 14:51:00,47.12,47.12,47.115,47.12,1600.0
2017-11-30 14:52:00,47.12,47.12,47.11,47.12,1800.0
2017-11-30 14:53:00,47.1,47.12,47.1,47.115,7055.0
2017-11-30 14:54:00,47.11,47.115,47.1,47.1,7487.0
2017-11-30 14:55:00,47.1011,47.11,47.1011,47.11,2000.0
2017-11-30 14:56:00,47.115,47.12,47.105,47.105,2703.0
2017-11-30 14:57:00,47.095,47.1199,47.08,47.1199,9964.0
2017-11-30 14:58:00,47.14,47.16,47.095,47.1,13510.0
2017-11-30 14:59:00,47.15,47.15,47.13,47.13,2734.0
2017-11-30 15:00:00,47.13,47.15,47.12,47.15,4852.0
2017-11-30 15:01:00,47.11,47.125,47.11,47.12,2100.0
2017-11-30 15:02:00,47.13,47.13,47.115,47.12,4058.0
2017-11-30 15:03:00,47.11,47.125,47.11,47.12,2249.0
2017-11-30 15:04:00,47.125,47.125,47.105,47.11,9127.0
2017-11-30 15:05:00,47.12,47.12,47.12,47.12,2100.0
2017-11-30 15:06:00,47.09,47.11,47.09,47.11,6993.0
2017-11-30 15:07:00,47.09,47.1,47.085,47.085,1872.0
2017-11-30 15:08:00,47.12,47.13,47.095,47.095,5817.0
2017-11-30 15:09:00,47.12,47.15,47.12,47.13,8825.0
2017-11-30 15:10:00,47.11,47.12,47.11,47.12,1200.0
2017-11-30 15:11:00,47.125,47.13,47.11,47.115,3087.0
2017-11-30 15:12:00,47.1,47.12,47.1,47.12,6341.0
2017-11-30 15:13:00,47.085,47.1,47.085,47.1,3898.0
2017-11-30 15:14:00,47.085,47.085,47.08,47.08,400.0
2017-11-30 15:15:00,47.105,47.11,47.08,47.085,7653.0
2017-11-30 15:16:00,47.14,47.14,47.105,47.105,6851.0
2017-11-30 15:17:00,47.12,47.135,47.12,47.13,4504.0
2017-11-30 15:18:00,47.09,47.12,47.08,47.12,7915.0
2017-11-30 15:19:00,47.08,47.095,47.08,47.09,1983.0
2017-11-30 15:20:00,47.1,47.1,47.07,47.07,7620.0
2017-11-30 15:21:00,47.095,47.095,47.095,47.095,100.0
2017-11-30 15:22:00,47.095,47.095,47.095,47.095,1100.0
2017-11-30 15:23:00,47.125,47.125,47.095,47.095,8348.0
2017-11-30 15:24:00,47.14,47.155,47.125,47.13,13002.0
2017-11-30 15:25:00,47.15,47.15,47.135,47.14,8356.0
2017-11-30 15:26:00,47.155,47.16,47.145,47.145,2152.0
2017-11-30 15:27:00,47.145,47.16,47.14,47.155,5239.0
2017-11-30 15:28:00,47.12,47.145,47.12,47.145,5949.0
2017-11-30 15:29:00,47.1,47.12,47.1,47.12,2800.0
2017-11-30 15:30:00,47.115,47.12,47.105,47.11,5468.0
2017-11-30 15:31:00,47.1,47.115,47.09,47.115,8787.0
2017-11-30 15:32:00,47.135,47.135,47.1,47.1,14866.0
2017-11-30 15:33:00,47.125,47.125,47.12,47.125,2795.0
2017-11-30 15:34:00,47.125,47.13,47.12,47.12,4400.0
2017-11-30 15:35:00,47.12,47.125,47.11,47.12,3880.0
2017-11-30 15:36:00,47.115,47.12,47.11,47.12,3611.0
2017-11-30 15:37:00,47.14,47.155,47.115,47.115,22679.0
2017-11-30 15:38:00,47.12,47.145,47.12,47.145,3800.0
2017-11-30 15:39:00,47.1,47.12,47.08,47.12,9495.0
2017-11-30 15:40:00,47.085,47.115,47.075,47.11,10838.0
2017-11-30 15:41:00,47.11,47.11,47.085,47.085,5577.0
2017-11-30 15:42:00,47.12,47.14,47.11,47.11,11895.0
2017-11-30 15:43:00,47.12,47.13,47.11,47.12,7300.0
2017-11-30 15:44:00,47.09,47.11,47.09,47.11,6768.0
2017-11-30 15:45:00,47.12,47.13,47.08,47.1,22540.0
2017-11-30 15:46:00,47.12,47.135,47.11,47.12,11510.0
2017-11-30 15:47:00,47.14,47.14,47.115,47.115,11343.0
2017-11-30 15:48:00,47.125,47.15,47.12,47.14,17137.0
2017-11-30 15:49:00,47.16,47.16,47.125,47.13,11024.0
2017-11-30 15:50:00,47.16,47.19,47.15,47.155,18540.0
2017-11-30 15:51:00,47.175,47.21,47.16,47.16,15386.0
2017-11-30 15:52:00,47.185,47.195,47.17,47.17,20458.0
2017-11-30 15:53:00,47.17,47.19,47.155,47.185,29665.0
2017-11-30 15:54:00,47.135,47.165,47.13,47.165,15123.0
2017-11-30 15:55:00,47.12,47.135,47.09,47.135,49856.0
2017-11-30 15:56:00,47.125,47.14,47.12,47.125,18440.0
2017-11-30 15:57:00,47.11,47.13,47.11,47.12,26170.0
2017-11-30 15:58:00,47.1,47.11,47.08,47.1,44211.0
2017-11-30 15:59:00,47.13,47.13,47.095,47.095,46132.0
2017-11-30 16:00:00,47.09,47.13,47.09,47.125,75493.0
2017-12-01 09:30:00,47.08,47.08,46.82,46.97,28150.0
2017-12-01 09:31:00,47.005,47.015,46.93,46.97,1513.0
2017-12-01 09:32:00,46.98,47.05,46.93,46.94,9981.0
2017-12-01 09:33:00,47.02,47.03,46.96,46.96,4360.0
2017-12-01 09:34:00,46.96,47.04,46.96,47.02,5116.0
2017-12-01 09:35:00,46.83,46.98,46.83,46.95,9148.0
2017-12-01 09:36:00,46.83,46.89,46.79,46.82,9517.0
2017-12-01 09:37:00,46.75,46.83,46.71,46.81,7719.0
2017-12-01 09:38:00,46.75,46.79,46.75,46.78,4993.0
2017-12-01 09:39:00,46.71,46.77,46.71,46.75,5488.0
2017-12-01 09:40:00,46.82,46.82,46.71,46.71,9941.0
2017-12-01 09:41:00,46.84,46.86,46.81,46.825,7550.0
2017-12-01 09:42:00,46.77,46.83,46.71,46.83,7918.0
2017-12-01 09:43:00,46.745,46.77,46.735,46.75,3400.0
2017-12-01 09:44:00,46.77,46.77,46.68,46.75,8388.0
2017-12-01 09:45:00,46.76,46.775,46.74,46.77,5200.0
2017-12-01 09:46:00,46.76,46.765,46.73,46.75,4890.0
2017-12-01 09:47:00,46.71,46.76,46.7,46.75,4110.0
2017-12-01 09:48:00,46.72,46.73,46.7,46.73,5570.0
2017-12-01 09:49:00,46.78,46.78,46.71,46.73,6568.0
2017-12-01 09:50:00,46.79,46.79,46.77,46.78,2072.0
2017-12-01 09:51:00,46.805,46.82,46.78,46.78,3925.0
2017-12-01 09:52:00,46.86,46.86,46.81,46.82,2400.0
2017-12-01 09:53:00,46.87,46.88,46.84,46.86,5325.0
2017-12-01 09:54:00,46.935,46.935,46.85,46.865,6978.0
2017-12-01 09:55:00,46.94,46.95,46.93,46.945,2400.0
2017-12-01 09:56:00,46.98,46.99,46.93,46.93,3341.0
2017-12-01 09:57:00,46.95,46.98,46.95,46.97,5504.0
2017-12-01 09:58:00,46.96,46.98,46.95,46.95,3100.0
2017-12-01 09:59:00,46.985,46.9852,46.96,46.965,2111.0
2017-12-01 10:00:00,46.78,46.985,46.72,46.985,11356.0
2017-12-01 10:01:00,46.85,46.87,46.79,46.79,2700.0
2017-12-01 10:02:00,46.87,46.87,46.84,46.86,2500.0
2017-12-01 10:03:00,46.8,46.89,46.8,46.88,3986.0
2017-12-01 10:04:00,46.84,46.85,46.8,46.81,4490.0
2017-12-01 10:05:00,46.89,46.89,46.835,46.835,2600.0
2017-12-01 10:06:00,46.855,46.91,46.855,46.9,2800.0
2017-12-01 10:07:00,46.8,46.855,46.78,46.85,5263.0
2017-12-01 10:08:00,46.79,46.81,46.78,46.8,3728.0
2017-12-01 10:09:00,46.765,46.79,46.76,46.79,1573.0
2017-12-01 10:10:00,46.79,46.79,46.76,46.765,2124.0
2017-12-01 10:11:00,46.7,46.79,46.7,46.79,3300.0
2017-12-01 10:12:00,46.625,46.69,46.61,46.69,1700.0
2017-12-01 10:13:00,46.67,46.68,46.61,46.625,6489.0
2017-12-01 10:14:00,46.67,46.695,46.67,46.67,4118.0
2017-12-01 10:15:00,46.67,46.68,46.67,46.68,2300.0
2017-12-01 10:16:00,46.655,46.68,46.64,46.67,7600.0
2017-12-01 10:17:00,46.52,46.64,46.52,46.64,4579.0
2017-12-01 10:18:00,46.57,46.57,46.5,46.52,5382.0
2017-12-01 10:19:00,46.565,46.565,46.565,46.565,500.0
2017-12-01 10:20:00,46.53,46.57,46.53,46.565,34180.0
2017-12-01 10:21:00,46.37,46.53,46.37,46.53,74986.0
2017-12-01 10:22:00,46.46,46.46,46.39,46.39,7196.0
2017-12-01 10:23:00,46.44,46.45,46.44,46.44,2509.0
2017-12-01 10:24:00,46.49,46.49,46.42,46.43,4317.0
2017-12-01 10:25:00,46.515,46.52,46.485,46.49,1850.0
2017-12-01 10:26:00,46.46,46.52,46.46,46.52,4231.0
2017-12-01 10:27:00,46.425,46.46,46.425,46.46,1600.0
2017-12-01 10:28:00,46.43,46.43,46.4,46.425,3200.0
2017-12-01 10:29:00,46.38,46.42,46.36,46.42,2200.0
2017-12-01 10:30:00,46.42,46.42,46.38,46.38,1433.0
2017-12-01 10:31:00,46.38,46.405,46.3702,46.4,2400.0
2017-12-01 10:32:00,46.4,46.41,46.385,46.385,2716.0
2017-12-01 10:33:00,46.37,46.395,46.37,46.39,4912.0
2017-12-01 10:34:00,46.385,46.39,46.37,46.37,2400.0
2017-12-01 10:35:00,46.435,46.435,46.38,46.39,4434.0
2017-12-01 10:36:00,46.43,46.43,46.42,46.42,1795.0
2017-12-01 10:37:00,46.43,46.44,46.43,46.44,1026.0
2017-12-01 10:38:00,46.43,46.435,46.43,46.435,2235.0
2017-12-01 10:39:00,46.49,46.49,46.44,46.44,8226.0
2017-12-01 10:40:00,46.48,46.49,46.46,46.49,6971.0
2017-12-01 10:41:00,46.48,46.485,46.48,46.485,852.0
2017-12-01 10:42:00,46.48,46.5,46.48,46.49,2706.0
2017-12-01 10:43:00,46.48,46.48,46.476000000000006,46.48,2695.0
2017-12-01 10:44:00,46.49,46.49,46.48,46.49,1650.0
2017-12-01 10:45:00,46.43,46.5,46.43,46.49,9327.0
2017-12-01 10:46:00,46.42,46.42,46.4,46.41,3050.0
2017-12-01 10:47:00,46.39,46.42,46.39,46.42,4870.0
2017-12-01 10:48:00,46.4,46.4,46.39,46.39,2300.0
2017-12-01 10:49:00,46.37,46.395,46.36,46.39,5550.0
2017-12-01 10:50:00,46.39,46.39,46.36,46.36,3397.0
2017-12-01 10:51:00,46.325,46.39,46.3,46.39,8640.0
2017-12-01 10:52:00,46.37,46.37,46.33,46.33,4576.0
2017-12-01 10:53:00,46.38,46.38,46.36,46.36,1650.0
2017-12-01 10:54:00,46.36,46.39,46.34,46.39,5946.0
2017-12-01 10:55:00,46.36,46.37,46.36,46.36,2198.0
2017-12-01 10:56:00,46.3409,46.37,46.3409,46.365,3311.0
2017-12-01 10:57:00,46.36,46.36,46.34,46.34,1998.0
2017-12-01 10:58:00,46.33,46.37,46.33,46.365,7197.0
2017-12-01 10:59:00,46.35,46.37,46.34,46.34,1900.0
2017-12-01 11:00:00,46.36,46.37,46.35,46.35,1092.0
2017-12-01 11:01:00,46.33,46.35,46.33,46.35,2265.0
2017-12-01 11:02:00,46.39,46.39,46.32,46.33,4918.0
2017-12-01 11:03:00,46.42,46.42,46.41,46.41,1500.0
2017-12-01 11:04:00,46.44,46.45,46.41,46.41,2500.0
2017-12-01 11:05:00,46.43,46.435,46.425,46.43,2600.0
2017-12-01 11:06:00,46.465,46.47,46.43,46.43,1383.0
2017-12-01 11:07:00,46.48,46.49,46.46,46.46,9265.0
2017-12-01 11:08:00,46.44,46.49,46.41,46.48,18713.0
2017-12-01 11:09:00,46.39,46.43,46.38,46.43,20528.0
2017-12-01 11:10:00,46.4,46.4,46.33,46.39,10183.0
2017-12-01 11:11:00,46.33,46.405,46.33,46.4,4100.0
2017-12-01 11:12:00,46.36,46.38,46.35,46.35,15230.0
2017-12-01 11:13:00,46.26,46.38,46.26,46.37,7420.0
2017-12-01 11:14:00,45.99,46.2799,45.94,46.2799,23869.0
2017-12-01 11:15:00,46.22,46.25,45.98,45.98,16371.0
2017-12-01 11:16:00,46.19,46.21,46.13,46.21,8488.0
2017-12-01 11:17:00,46.24,46.2996,46.2,46.2,10360.0
2017-12-01 11:18:00,46.225,46.25,46.185,46.24,5200.0
2017-12-01 11:19:00,46.2599,46.2599,46.205,46.225,5412.0
2017-12-01 11:20:00,46.34,46.37,46.27,46.28,3520.0
2017-12-01 11:21:00,46.29,46.33,46.265,46.33,4770.0
2017-12-01 11:22:00,46.24,46.3,46.24,46.3,6300.0
2017-12-01 11:23:00,46.294,46.33,46.23,46.24,4300.0
2017-12-01 11:24:00,46.29,46.32,46.275,46.28,4295.0
2017-12-01 11:25:00,46.24,46.29,46.17,46.28,5150.0
2017-12-01 11:26:00,46.26,46.26,46.16,46.22,7000.0
2017-12-01 11:27:00,46.19,46.24,46.18,46.24,3537.0
2017-12-01 11:28:00,46.15,46.2,46.13,46.16,6300.0
2017-12-01 11:29:00,46.14,46.21,46.1,46.17,11003.0
2017-12-01 11:30:00,46.11,46.14,46.07,46.1,16102.0
2017-12-01 11:31:00,46.14,46.14,46.11,46.12,3500.0
2017-12-01 11:32:00,46.155,46.155,46.13,46.13,1200.0
2017-12-01 11:33:00,46.1,46.14,46.09,46.14,14694.0
2017-12-01 11:34:00,46.25,46.25,46.09,46.13,16465.0
2017-12-01 11:35:00,46.34,46.39,46.26,46.26,8768.0
2017-12-01 11:36:00,46.28,46.37,46.27,46.33,3854.0
2017-12-01 11:37:00,46.25,46.29,46.23,46.275,6419.0
2017-12-01 11:38:00,46.25,46.36,46.25,46.251999999999995,9658.0
2017-12-01 11:39:00,46.29,46.305,46.21,46.25,3024.0
2017-12-01 11:40:00,46.24,46.3,46.22,46.3,4145.0
2017-12-01 11:41:00,46.26,46.285,46.235,46.28,2200.0
2017-12-01 11:42:00,46.21,46.23,46.21,46.23,600.0
2017-12-01 11:43:00,46.275,46.28,46.22,46.24,3218.0
2017-12-01 11:44:00,46.3,46.3,46.29,46.29,1600.0
2017-12-01 11:45:00,46.31,46.31,46.29,46.29,1059.0
2017-12-01 11:46:00,46.25,46.28,46.21,46.28,7880.0
2017-12-01 11:47:00,46.2535,46.28,46.2303,46.2303,1383.0
2017-12-01 11:48:00,46.2699,46.2699,46.22,46.25,8428.0
2017-12-01 11:49:00,46.25,46.25,46.22,46.25,2300.0
2017-12-01 11:50:00,46.255,46.255,46.255,46.255,600.0
2017-12-01 11:51:00,46.23,46.25,46.19,46.24,6200.0
2017-12-01 11:52:00,46.275,46.3,46.22,46.23,8125.0
2017-12-01 11:53:00,46.39,46.39,46.31,46.31,5100.0
2017-12-01 11:54:00,46.3,46.385,46.3,46.385,11500.0
2017-12-01 11:55:00,46.37,46.39,46.32,46.33,6412.0
2017-12-01 11:56:00,46.29,46.39,46.29,46.375,10261.0
2017-12-01 11:57:00,46.3,46.32,46.27,46.27,4400.0
2017-12-01 11:58:00,46.38,46.4,46.33,46.34,9501.0
2017-12-01 11:59:00,46.38,46.42,46.37,46.39,5600.0
2017-12-01 12:00:00,46.37,46.39,46.36,46.38,1400.0
2017-12-01 12:01:00,46.35,46.4,46.35,46.38,11455.0
2017-12-01 12:02:00,46.3,46.38,46.3,46.365,6600.0
2017-12-01 12:03:00,46.3103,46.34,46.305,46.305,3194.0
2017-12-01 12:04:00,46.31,46.34,46.31,46.34,1500.0
2017-12-01 12:05:00,46.32,46.33,46.32,46.32,1691.0
2017-12-01 12:06:00,46.28,46.31,46.25,46.31,11177.0
2017-12-01 12:07:00,46.32,46.32,46.28,46.28,6580.0
2017-12-01 12:08:00,46.27,46.32,46.27,46.32,3600.0
2017-12-01 12:09:00,46.26,46.29,46.25,46.28,9037.0
2017-12-01 12:10:00,46.3,46.35,46.26,46.26,30890.0
2017-12-01 12:11:00,46.3,46.31,46.29,46.31,1500.0
2017-12-01 12:12:00,46.31,46.31,46.28,46.28,5002.0
2017-12-01 12:13:00,46.36,46.36,46.3,46.3,3395.0
2017-12-01 12:14:00,46.37,46.38,46.37,46.37,2200.0
2017-12-01 12:15:00,46.36,46.38,46.36,46.38,700.0
2017-12-01 12:16:00,46.38,46.39,46.33,46.37,8098.0
2017-12-01 12:17:00,46.4,46.4,46.37,46.4,10377.0
2017-12-01 12:19:00,46.3336,46.37,46.32,46.37,2037.0
2017-12-01 12:20:00,46.37,46.38,46.31,46.34,6551.0
2017-12-01 12:21:00,46.4,46.4,46.375,46.375,5391.0
2017-12-01 12:22:00,46.39,46.4,46.39,46.4,9289.0
2017-12-01 12:23:00,46.39,46.39,46.37,46.39,2247.0
2017-12-01 12:24:00,46.395,46.4,46.39,46.398999999999994,1000.0
2017-12-01 12:25:00,46.4,46.4,46.39,46.4,13111.0
2017-12-01 12:26:00,46.55,46.57,46.39,46.4,19264.0
2017-12-01 12:27:00,46.51,46.56,46.46,46.54,21036.0
2017-12-01 12:28:00,46.49,46.51,46.45,46.49,15241.0
2017-12-01 12:29:00,46.46,46.49,46.46,46.49,1626.0
2017-12-01 12:30:00,46.51,46.51,46.47,46.47,1400.0
2017-12-01 12:31:00,46.5343,46.55,46.52,46.52,2280.0
2017-12-01 12:32:00,46.58,46.58,46.55,46.56,3600.0
2017-12-01 12:33:00,46.51,46.56,46.51,46.56,3286.0
2017-12-01 12:34:00,46.51,46.53,46.51,46.52,1934.0
2017-12-01 12:35:00,46.55,46.55,46.53,46.53,1300.0
2017-12-01 12:36:00,46.48,46.52,46.48,46.52,1600.0
2017-12-01 12:37:00,46.5,46.5,46.49,46.49,631.0
2017-12-01 12:38:00,46.54,46.55,46.51,46.51,2300.0
2017-12-01 12:39:00,46.4536,46.53,46.4536,46.53,4719.0
2017-12-01 12:40:00,46.48,46.49,46.47,46.47,1400.0
2017-12-01 12:41:00,46.47,46.4918,46.46,46.49,5035.0
2017-12-01 12:42:00,46.45,46.46,46.45,46.46,1600.0
2017-12-01 12:43:00,46.43,46.455,46.41,46.44,5331.0
2017-12-01 12:44:00,46.46,46.46,46.43,46.43,4160.0
2017-12-01 12:45:00,46.46,46.47,46.45,46.47,1946.0
2017-12-01 12:46:00,46.45,46.45,46.42,46.45,5340.0
2017-12-01 12:47:00,46.45,46.455,46.45,46.455,200.0
2017-12-01 12:48:00,46.47,46.47,46.47,46.47,800.0
2017-12-01 12:49:00,46.4,46.48,46.38,46.47,7742.0
2017-12-01 12:50:00,46.45,46.45,46.4,46.4,3182.0
2017-12-01 12:51:00,46.45,46.48,46.45,46.46,1085.0
2017-12-01 12:52:00,46.49,46.49,46.46,46.46,1300.0
2017-12-01 12:53:00,46.48,46.49,46.47,46.49,1200.0
2017-12-01 12:54:00,46.49,46.49,46.48,46.48,1100.0
2017-12-01 12:55:00,46.4942,46.51,46.49,46.49,1400.0
2017-12-01 12:57:00,46.53,46.53,46.5,46.505,1600.0
2017-12-01 12:58:00,46.52,46.5228,46.51,46.5228,5211.0
2017-12-01 12:59:00,46.52,46.53,46.5,46.5,10000.0
2017-12-01 13:01:00,46.53,46.54,46.52,46.53,800.0
2017-12-01 13:02:00,46.53,46.54,46.53,46.54,300.0
2017-12-01 13:03:00,46.56,46.6,46.53,46.54,5200.0
2017-12-01 13:04:00,46.55,46.55,46.54,46.55,900.0
2017-12-01 13:05:00,46.5202,46.545,46.52,46.54,2300.0
2017-12-01 13:06:00,46.52,46.52,46.52,46.52,385.0
2017-12-01 13:07:00,46.51,46.51,46.51,46.51,200.0
2017-12-01 13:08:00,46.53,46.54,46.53,46.53,1030.0
2017-12-01 13:09:00,46.54,46.5408,46.53,46.5408,2590.0
2017-12-01 13:10:00,46.53,46.54,46.53,46.53,700.0
2017-12-01 13:11:00,46.5,46.52,46.5,46.52,1100.0
2017-12-01 13:12:00,46.53,46.53,46.5,46.52,4521.0
2017-12-01 13:13:00,46.54,46.57,46.54,46.54,1000.0
2017-12-01 13:14:00,46.52,46.54,46.48,46.54,9664.0
2017-12-01 13:15:00,46.55,46.56,46.53,46.53,2850.0
2017-12-01 13:16:00,46.54,46.565,46.54,46.56,2339.0
2017-12-01 13:17:00,46.55,46.58,46.535,46.535,3000.0
2017-12-01 13:18:00,46.57,46.57,46.56,46.57,1383.0
2017-12-01 13:19:00,46.58,46.59,46.58,46.59,1276.0
2017-12-01 13:20:00,46.575,46.59,46.57,46.59,1152.0
2017-12-01 13:21:00,46.55,46.59,46.55,46.57,1449.0
2017-12-01 13:22:00,46.58,46.59,46.56,46.56,1600.0
2017-12-01 13:23:00,46.58,46.6,46.58,46.6,700.0
2017-12-01 13:24:00,46.58,46.595,46.58,46.59,800.0
2017-12-01 13:25:00,46.56,46.57,46.56,46.57,785.0
2017-12-01 13:26:00,46.59,46.59,46.56,46.56,1638.0
2017-12-01 13:27:00,46.58,46.58,46.57,46.57,1200.0
2017-12-01 13:28:00,46.57,46.58,46.57,46.5799,1079.0
2017-12-01 13:29:00,46.55,46.58,46.55,46.58,1291.0
2017-12-01 13:30:00,46.58,46.58,46.56,46.57,1400.0
2017-12-01 13:31:00,46.59,46.6,46.58,46.59,700.0
2017-12-01 13:32:00,46.57,46.585,46.57,46.58,1900.0
2017-12-01 13:33:00,46.58,46.59,46.58,46.58,2100.0
2017-12-01 13:34:00,46.57,46.61,46.57,46.6,1826.0
2017-12-01 13:35:00,46.57,46.575,46.56,46.57,2377.0
2017-12-01 13:36:00,46.57,46.57,46.56,46.56,599.0
2017-12-01 13:37:00,46.59,46.59,46.58,46.58,765.0
2017-12-01 13:38:00,46.6,46.6,46.6,46.6,800.0
2017-12-01 13:39:00,46.6,46.61,46.6,46.6,1900.0
2017-12-01 13:40:00,46.58,46.6,46.58,46.595,2420.0
2017-12-01 13:41:00,46.58,46.58,46.58,46.58,500.0
2017-12-01 13:42:00,46.58,46.58,46.58,46.58,700.0
2017-12-01 13:43:00,46.58,46.58,46.57,46.57,2292.0
2017-12-01 13:44:00,46.59,46.59,46.58,46.58,600.0
2017-12-01 13:45:00,46.61,46.61,46.6,46.6,500.0
2017-12-01 13:46:00,46.62,46.62,46.6,46.62,2971.0
2017-12-01 13:47:00,46.64,46.64,46.63,46.63,1002.0
2017-12-01 13:48:00,46.66,46.66,46.64,46.64,500.0
2017-12-01 13:49:00,46.69,46.7,46.67,46.67,2950.0
2017-12-01 13:50:00,46.665,46.685,46.6607,46.68,2532.0
2017-12-01 13:51:00,46.68,46.68,46.67,46.67,3100.0
2017-12-01 13:52:00,46.69,46.69,46.69,46.69,900.0
2017-12-01 13:53:00,46.7,46.7,46.685,46.685,2454.0
2017-12-01 13:54:00,46.67,46.695,46.67,46.69,4644.0
2017-12-01 13:55:00,46.66,46.67,46.66,46.6626,1200.0
2017-12-01 13:56:00,46.68,46.68,46.66,46.66,2000.0
2017-12-01 13:57:00,46.66,46.68,46.66,46.68,2727.0
2017-12-01 13:58:00,46.67,46.67,46.66,46.66,3000.0
2017-12-01 13:59:00,46.61,46.66,46.61,46.66,2100.0
2017-12-01 14:00:00,46.65,46.65,46.61,46.61,3300.0
2017-12-01 14:01:00,46.65,46.66,46.64,46.65,700.0
2017-12-01 14:02:00,46.68,46.68,46.66,46.66,3031.0
2017-12-01 14:03:00,46.71,46.71,46.69,46.69,2116.0
2017-12-01 14:04:00,46.67,46.715,46.67,46.71,6159.0
2017-12-01 14:05:00,46.69,46.7,46.68,46.68,1624.0
2017-12-01 14:06:00,46.68,46.69,46.6763,46.69,2253.0
2017-12-01 14:07:00,46.64,46.68,46.64,46.68,3800.0
2017-12-01 14:08:00,46.67,46.67,46.65,46.65,3800.0
2017-12-01 14:10:00,46.66,46.69,46.66,46.67,3146.0
2017-12-01 14:11:00,46.66,46.66,46.66,46.66,400.0
2017-12-01 14:12:00,46.67,46.68,46.665,46.665,2517.0
2017-12-01 14:13:00,46.66,46.68,46.65,46.68,5877.0
2017-12-01 14:14:00,46.61,46.67,46.61,46.67,3500.0
2017-12-01 14:15:00,46.6,46.61,46.59,46.59,2700.0
2017-12-01 14:16:00,46.58,46.58,46.58,46.58,100.0
2017-12-01 14:17:00,46.61,46.62,46.605,46.61,3000.0
2017-12-01 14:18:00,46.62,46.62,46.615,46.6165,525.0
2017-12-01 14:19:00,46.625,46.63,46.62,46.62,1300.0
2017-12-01 14:20:00,46.6,46.626000000000005,46.6,46.625,4055.0
2017-12-01 14:21:00,46.6,46.61,46.6,46.6,4066.0
2017-12-01 14:22:00,46.605,46.61,46.6,46.6,2600.0
2017-12-01 14:23:00,46.61,46.61,46.6,46.604,2050.0
2017-12-01 14:24:00,46.61,46.62,46.61,46.61,1919.0
2017-12-01 14:25:00,46.59,46.6,46.59,46.6,2300.0
2017-12-01 14:26:00,46.6,46.62,46.59,46.59,6076.0
2017-12-01 14:27:00,46.58,46.6,46.58,46.59,3262.0
2017-12-01 14:28:00,46.6,46.6,46.58,46.58,2600.0
2017-12-01 14:29:00,46.61,46.61,46.6,46.6,2096.0
2017-12-01 14:30:00,46.6,46.61,46.6,46.61,2000.0
2017-12-01 14:31:00,46.59,46.6,46.59,46.6,460.0
2017-12-01 14:32:00,46.61,46.61,46.59,46.59,1709.0
2017-12-01 14:33:00,46.59,46.62,46.59,46.61,5718.0
2017-12-01 14:34:00,46.59,46.59,46.59,46.59,600.0
2017-12-01 14:35:00,46.5925,46.5968,46.59,46.5968,303.0
2017-12-01 14:36:00,46.61,46.61,46.6,46.6,2206.0
2017-12-01 14:37:00,46.61,46.62,46.605,46.62,4400.0
2017-12-01 14:38:00,46.64,46.64,46.605,46.605,3200.0
2017-12-01 14:39:00,46.63,46.63,46.63,46.63,2843.0
2017-12-01 14:40:00,46.625,46.63,46.62,46.63,1100.0
2017-12-01 14:41:00,46.625,46.63,46.625,46.63,1100.0
2017-12-01 14:42:00,46.61,46.625,46.59,46.62,8179.0
2017-12-01 14:43:00,46.59,46.605,46.585,46.605,4071.0
2017-12-01 14:44:00,46.61,46.61,46.59,46.59,1900.0
2017-12-01 14:45:00,46.61,46.61,46.605,46.605,400.0
2017-12-01 14:46:00,46.62,46.62,46.6,46.61,1600.0
2017-12-01 14:47:00,46.62,46.62,46.61,46.62,600.0
2017-12-01 14:48:00,46.62,46.63,46.615,46.615,4349.0
2017-12-01 14:49:00,46.61,46.61,46.6,46.61,2426.0
2017-12-01 14:50:00,46.61,46.62,46.61,46.62,500.0
2017-12-01 14:51:00,46.535,46.61,46.52,46.61,6224.0
2017-12-01 14:52:00,46.6,46.6,46.535,46.535,12001.0
2017-12-01 14:53:00,46.59,46.5966,46.59,46.5966,3717.0
2017-12-01 14:54:00,46.62,46.62,46.6,46.6,1400.0
2017-12-01 14:55:00,46.63,46.63,46.62,46.62,900.0
2017-12-01 14:56:00,46.62,46.63,46.62,46.63,5499.0
2017-12-01 14:57:00,46.625,46.625,46.62,46.62,1942.0
2017-12-01 14:58:00,46.615,46.625,46.61,46.625,2350.0
2017-12-01 14:59:00,46.63,46.63,46.62,46.62,2000.0
2017-12-01 15:00:00,46.64,46.64,46.62,46.62,1200.0
2017-12-01 15:01:00,46.62,46.635,46.62,46.635,6024.0
2017-12-01 15:02:00,46.62,46.63,46.62,46.62,10420.0
2017-12-01 15:03:00,46.61,46.625,46.6,46.625,8108.0
2017-12-01 15:04:00,46.61,46.61,46.6,46.6,10317.0
2017-12-01 15:05:00,46.63,46.63,46.61,46.6108,2944.0
2017-12-01 15:06:00,46.625,46.63,46.62,46.63,1939.0
2017-12-01 15:07:00,46.63,46.63,46.625,46.63,450.0
2017-12-01 15:08:00,46.63,46.63,46.62,46.63,700.0
2017-12-01 15:09:00,46.64,46.64,46.62,46.62,4684.0
2017-12-01 15:10:00,46.69,46.69,46.64,46.64,5489.0
2017-12-01 15:11:00,46.64,46.7,46.64,46.69,7518.0
2017-12-01 15:12:00,46.67,46.67,46.64,46.64,5599.0
2017-12-01 15:13:00,46.67,46.67,46.66,46.67,2987.0
2017-12-01 15:14:00,46.69,46.69,46.67,46.67,4500.0
2017-12-01 15:15:00,46.73,46.73,46.69,46.695,3588.0
2017-12-01 15:16:00,46.75,46.75,46.72,46.73,20804.0
2017-12-01 15:17:00,46.76,46.765,46.75,46.76,5887.0
2017-12-01 15:18:00,46.78,46.78,46.765,46.77,3117.0
2017-12-01 15:19:00,46.78,46.795,46.78,46.79,5718.0
2017-12-01 15:20:00,46.78,46.78,46.77,46.78,1600.0
2017-12-01 15:21:00,46.8,46.8,46.78,46.78,3000.0
2017-12-01 15:22:00,46.82,46.82,46.8,46.8,2501.0
2017-12-01 15:23:00,46.825,46.825,46.81,46.8199,5765.0
2017-12-01 15:24:00,46.79,46.83,46.79,46.83,11150.0
2017-12-01 15:25:00,46.795,46.795,46.79,46.79,1500.0
2017-12-01 15:26:00,46.8,46.8,46.79,46.795,700.0
2017-12-01 15:27:00,46.805,46.805,46.8,46.8,3000.0
2017-12-01 15:28:00,46.82,46.82,46.8,46.805,7900.0
2017-12-01 15:29:00,46.82,46.82,46.81,46.815,800.0
2017-12-01 15:30:00,46.785,46.82,46.78,46.815,9531.0
2017-12-01 15:31:00,46.805,46.805,46.78,46.785,7004.0
2017-12-01 15:32:00,46.79,46.805,46.785,46.8,5317.0
2017-12-01 15:33:00,46.78,46.785,46.78,46.785,2913.0
2017-12-01 15:34:00,46.775,46.775,46.775,46.775,300.0
2017-12-01 15:35:00,46.79,46.79,46.775,46.78,5386.0
2017-12-01 15:36:00,46.77,46.79,46.77,46.79,11472.0
2017-12-01 15:37:00,46.775,46.78,46.765,46.77,5671.0
2017-12-01 15:38:00,46.775,46.78,46.77,46.775,2607.0
2017-12-01 15:39:00,46.765,46.78,46.76,46.77,10864.0
2017-12-01 15:40:00,46.775,46.78,46.76,46.765,4700.0
2017-12-01 15:41:00,46.82,46.82,46.7748,46.775,11407.0
2017-12-01 15:42:00,46.82,46.82,46.8,46.815,11087.0
2017-12-01 15:43:00,46.78,46.815,46.78,46.815,9866.0
2017-12-01 15:44:00,46.761,46.79,46.761,46.785,5265.0
2017-12-01 15:45:00,46.76,46.775,46.76,46.77,6521.0
2017-12-01 15:46:00,46.77,46.775,46.76,46.765,8484.0
2017-12-01 15:47:00,46.73,46.77,46.73,46.765,7035.0
2017-12-01 15:48:00,46.73,46.75,46.73,46.735,7451.0
2017-12-01 15:49:00,46.74,46.74,46.715,46.73,8390.0
2017-12-01 15:50:00,46.76,46.76,46.74,46.74,3918.0
2017-12-01 15:51:00,46.725,46.77,46.72,46.75,14623.0
2017-12-01 15:52:00,46.74,46.74,46.72,46.725,6867.0
2017-12-01 15:53:00,46.76,46.76,46.74,46.75,4833.0
2017-12-01 15:54:00,46.755,46.76,46.75,46.76,5271.0
2017-12-01 15:55:00,46.785,46.785,46.755,46.755,9346.0
2017-12-01 15:56:00,46.775,46.79,46.77,46.785,19629.0
2017-12-01 15:57:00,46.785,46.79,46.77,46.775,15103.0
2017-12-01 15:58:00,46.795,46.8,46.78,46.785,25118.0
2017-12-01 15:59:00,46.82,46.82,46.795,46.8,25801.0
2017-12-01 16:00:00,46.84,46.85,46.81,46.82,124610.0
2017-12-04 09:30:00,47.25,47.25,47.25,47.25,56814.0
2017-12-04 09:31:00,47.19,47.22,47.06,47.06,2100.0
2017-12-04 09:32:00,47.25,47.25,47.13,47.18,7283.0
2017-12-04 09:33:00,47.28,47.28,47.18,47.25,4822.0
2017-12-04 09:34:00,47.42,47.42,47.26,47.29,6317.0
2017-12-04 09:35:00,47.28,47.385,47.25,47.385,4981.0
2017-12-04 09:36:00,47.36,47.36,47.2775,47.285,3600.0
2017-12-04 09:37:00,47.41,47.41,47.33,47.33,2600.0
2017-12-04 09:38:00,47.5,47.5,47.405,47.405,4607.0
2017-12-04 09:39:00,47.41,47.53,47.41,47.5,8285.0
2017-12-04 09:40:00,47.41,47.41,47.37,47.41,4229.0
2017-12-04 09:41:00,47.27,47.41,47.27,47.41,2822.0
2017-12-04 09:42:00,47.32,47.32,47.24,47.25,6884.0
2017-12-04 09:43:00,47.32,47.38,47.32,47.33,2940.0
2017-12-04 09:44:00,47.37,47.38,47.26,47.31,22676.0
2017-12-04 09:45:00,47.4,47.4,47.305,47.37,3700.0
2017-12-04 09:46:00,47.44,47.44,47.38,47.39,2059.0
2017-12-04 09:47:00,47.48,47.48,47.4,47.425,10540.0
2017-12-04 09:48:00,47.51,47.53,47.465,47.465,4800.0
2017-12-04 09:49:00,47.39,47.51,47.39,47.5,5916.0
2017-12-04 09:50:00,47.36,47.405,47.36,47.405,2988.0
2017-12-04 09:51:00,47.34,47.37,47.32,47.365,2597.0
2017-12-04 09:52:00,47.32,47.35,47.32,47.34,3400.0
2017-12-04 09:53:00,47.41,47.41,47.335,47.335,3505.0
2017-12-04 09:54:00,47.44,47.44,47.42,47.425,5400.0
2017-12-04 09:55:00,47.54,47.54,47.44,47.44,8054.0
2017-12-04 09:56:00,47.54,47.56,47.5,47.54,7715.0
2017-12-04 09:57:00,47.58,47.63,47.535,47.54,8354.0
2017-12-04 09:58:00,47.62,47.65,47.575,47.58,12170.0
2017-12-04 09:59:00,47.64,47.65,47.61,47.62,5130.0
2017-12-04 10:00:00,47.67,47.67,47.63,47.63,3800.0
2017-12-04 10:01:00,47.725,47.73,47.67,47.67,12081.0
2017-12-04 10:02:00,47.76,47.77,47.725,47.725,5849.0
2017-12-04 10:03:00,47.79,47.79,47.73,47.765,9422.0
2017-12-04 10:04:00,47.76,47.79,47.75,47.79,4813.0
2017-12-04 10:05:00,47.8,47.8,47.75,47.77,7536.0
2017-12-04 10:06:00,47.79,47.805,47.7708,47.79,14352.0
2017-12-04 10:07:00,47.825,47.84,47.79,47.79,4500.0
2017-12-04 10:08:00,47.85,47.85,47.8201,47.825,3389.0
2017-12-04 10:09:00,47.82,47.84,47.78,47.84,8894.0
2017-12-04 10:10:00,47.8,47.845,47.79,47.83,7500.0
2017-12-04 10:11:00,47.805,47.81,47.8,47.8,1200.0
2017-12-04 10:12:00,47.82,47.84,47.8,47.805,5804.0
2017-12-04 10:13:00,47.83,47.83,47.805,47.825,1884.0
2017-12-04 10:14:00,47.88,47.88,47.815,47.815,4030.0
2017-12-04 10:15:00,47.83,47.88,47.83,47.88,5700.0
2017-12-04 10:16:00,47.79,47.83,47.79,47.82,7500.0
2017-12-04 10:17:00,47.81,47.81,47.77,47.785,4200.0
2017-12-04 10:18:00,47.8,47.83,47.8,47.81,4320.0
2017-12-04 10:19:00,47.77,47.795,47.77,47.795,5176.0
2017-12-04 10:20:00,47.69,47.77,47.69,47.77,4300.0
2017-12-04 10:21:00,47.735,47.74,47.68,47.685,8655.0
2017-12-04 10:22:00,47.75,47.77,47.735,47.735,3490.0
2017-12-04 10:23:00,47.72,47.76,47.72,47.76,3507.0
2017-12-04 10:24:00,47.77,47.78,47.72,47.72,3400.0
2017-12-04 10:25:00,47.81,47.82,47.77,47.77,3600.0
2017-12-04 10:26:00,47.78,47.82,47.78,47.82,9357.0
2017-12-04 10:27:00,47.82,47.825,47.8,47.8,4800.0
2017-12-04 10:28:00,47.86,47.87,47.815,47.82,8921.0
2017-12-04 10:29:00,47.82,47.88,47.82,47.86,10363.0
2017-12-04 10:30:00,47.83,47.83,47.81,47.82,2100.0
2017-12-04 10:31:00,47.82,47.82,47.805,47.81,3747.0
2017-12-04 10:32:00,47.86,47.86,47.8101,47.8225,4310.0
2017-12-04 10:33:00,47.85,47.85,47.845,47.85,1700.0
2017-12-04 10:34:00,47.865,47.88,47.85,47.85,2685.0
2017-12-04 10:35:00,47.825,47.855,47.82,47.85,4215.0
2017-12-04 10:36:00,47.85,47.85,47.8205,47.8205,4239.0
2017-12-04 10:37:00,47.87,47.87,47.855,47.855,800.0
2017-12-04 10:38:00,47.9,47.9,47.87,47.87,4560.0
2017-12-04 10:39:00,47.89,47.92,47.89,47.91,2128.0
2017-12-04 10:40:00,47.85,47.88,47.83,47.88,8238.0
2017-12-04 10:41:00,47.835,47.85,47.835,47.85,3200.0
2017-12-04 10:42:00,47.85,47.86,47.82,47.83,2400.0
2017-12-04 10:43:00,47.88,47.89,47.86,47.86,1482.0
2017-12-04 10:44:00,47.85,47.87,47.84,47.87,3039.0
2017-12-04 10:45:00,47.8515,47.86,47.82,47.85,6600.0
2017-12-04 10:46:00,47.835,47.855,47.82,47.85,6900.0
2017-12-04 10:47:00,47.88,47.88,47.85,47.85,5450.0
2017-12-04 10:48:00,47.88,47.91,47.88,47.88,1926.0
2017-12-04 10:49:00,47.91,47.91,47.88,47.9,2800.0
2017-12-04 10:50:00,47.94,47.96,47.92,47.92,7399.0
2017-12-04 10:51:00,47.89,47.94,47.89,47.92,5262.0
2017-12-04 10:52:00,47.87,47.89,47.86,47.88,2349.0
2017-12-04 10:53:00,47.87,47.9,47.87,47.88,3573.0
2017-12-04 10:54:00,47.89,47.9,47.8615,47.89,5000.0
2017-12-04 10:55:00,47.8799,47.9,47.87,47.89,5100.0
2017-12-04 10:56:00,47.9,47.9,47.86,47.86,1700.0
2017-12-04 10:57:00,47.995,48.0,47.91,47.91,7540.0
2017-12-04 10:58:00,48.02,48.02,47.98,48.0,12379.0
2017-12-04 10:59:00,47.96,48.01,47.96,48.01,6150.0
2017-12-04 11:00:00,48.04,48.06,47.96,47.96,22971.0
2017-12-04 11:01:00,48.0325,48.045,48.03,48.03,3300.0
2017-12-04 11:02:00,48.025,48.04,48.01,48.01,3896.0
2017-12-04 11:03:00,48.06,48.06,48.02,48.02,4081.0
2017-12-04 11:04:00,48.04,48.05,48.04,48.05,1000.0
2017-12-04 11:05:00,48.035,48.05,48.03,48.04,3000.0
2017-12-04 11:06:00,48.0,48.0318,48.0,48.0318,3800.0
2017-12-04 11:07:00,48.005,48.005,48.0,48.005,3600.0
2017-12-04 11:08:00,48.0,48.01,48.0,48.0,2700.0
2017-12-04 11:09:00,47.99,47.995,47.985,47.99,5100.0
2017-12-04 11:10:00,48.005,48.01,48.0,48.0,4800.0
2017-12-04 11:11:00,47.965,48.0,47.96,48.0,8415.0
2017-12-04 11:12:00,48.01,48.015,47.965,47.965,6499.0
2017-12-04 11:13:00,48.0099,48.0099,47.99,48.0,1377.0
2017-12-04 11:14:00,48.0,48.015,48.0,48.0,4833.0
2017-12-04 11:15:00,47.98,48.0,47.97,48.0,2435.0
2017-12-04 11:16:00,47.96,47.975,47.96,47.97,1100.0
2017-12-04 11:17:00,47.96,47.965,47.95,47.96,5500.0
2017-12-04 11:18:00,48.01,48.01,47.96,47.96,5171.0
2017-12-04 11:19:00,48.06,48.08,48.02,48.02,2800.0
2017-12-04 11:20:00,48.0854,48.0854,48.07,48.07,1500.0
2017-12-04 11:21:00,48.07,48.07,48.05,48.07,3749.0
2017-12-04 11:22:00,48.065,48.07,48.06,48.07,1392.0
2017-12-04 11:23:00,48.05,48.065,48.03,48.05,2009.0
2017-12-04 11:24:00,48.05,48.055,48.05,48.055,217.0
2017-12-04 11:25:00,48.06,48.085,48.06,48.06,2427.0
2017-12-04 11:26:00,48.02,48.02,48.02,48.02,100.0
2017-12-04 11:27:00,48.04,48.04,48.0274,48.0274,300.0
2017-12-04 11:28:00,48.01,48.01,48.01,48.01,800.0
2017-12-04 11:29:00,48.091,48.091,48.04,48.04,4342.0
2017-12-04 11:30:00,48.13,48.15,48.1,48.1,7324.0
2017-12-04 11:31:00,48.11,48.13,48.11,48.13,4100.0
2017-12-04 11:32:00,48.13,48.17,48.11,48.12,4417.0
2017-12-04 11:33:00,48.13,48.14,48.11,48.13,2867.0
2017-12-04 11:34:00,48.13,48.13,48.11,48.11,1280.0
2017-12-04 11:35:00,48.16,48.16,48.12,48.14,4000.0
2017-12-04 11:36:00,48.15,48.18,48.15,48.16,3901.0
2017-12-04 11:37:00,48.13,48.16,48.1275,48.1512,6780.0
2017-12-04 11:38:00,48.1,48.12,48.1,48.12,2100.0
2017-12-04 11:39:00,48.13,48.135,48.09,48.09,5578.0
2017-12-04 11:40:00,48.12,48.13,48.11,48.13,3500.0
2017-12-04 11:41:00,48.1,48.11,48.1,48.11,2000.0
2017-12-04 11:42:00,48.11,48.12,48.1,48.1,3050.0
2017-12-04 11:43:00,48.07,48.105,48.07,48.1,15307.0
2017-12-04 11:44:00,47.93,48.1,47.93,48.1,11695.0
2017-12-04 11:45:00,47.98,48.02,47.93,47.93,5218.0
2017-12-04 11:46:00,48.0,48.0,47.935,47.97,5984.0
2017-12-04 11:47:00,48.025,48.03,48.0,48.02,4719.0
2017-12-04 11:48:00,48.06,48.06,48.01,48.0202,3507.0
2017-12-04 11:49:00,47.98,48.06,47.98,48.06,3185.0
2017-12-04 11:50:00,47.95,47.97,47.92,47.97,9400.0
2017-12-04 11:51:00,47.88,47.97,47.88,47.95,5162.0
2017-12-04 11:52:00,47.98,48.0,47.84,47.895,14799.0
2017-12-04 11:53:00,47.9,47.94,47.9,47.94,4340.0
2017-12-04 11:54:00,47.83,47.915,47.82,47.91,3014.0
2017-12-04 11:55:00,47.75,47.83,47.74,47.82,3900.0
2017-12-04 11:56:00,47.75,47.81,47.75,47.76,8173.0
2017-12-04 11:57:00,47.73,47.75,47.73,47.75,960.0
2017-12-04 11:58:00,47.73,47.74,47.72,47.72,2187.0
2017-12-04 11:59:00,47.74,47.78,47.73,47.73,3929.0
2017-12-04 12:00:00,47.705,47.75,47.705,47.7414,2500.0
2017-12-04 12:01:00,47.76,47.76,47.72,47.72,82703.0
2017-12-04 12:02:00,47.77,47.785,47.76,47.7665,18430.0
2017-12-04 12:03:00,47.82,47.83,47.8,47.8,3774.0
2017-12-04 12:04:00,47.78,47.78,47.77,47.78,1211.0
2017-12-04 12:05:00,47.8,47.8,47.79,47.79,920.0
2017-12-04 12:06:00,47.865,47.9,47.8,47.8,5646.0
2017-12-04 12:07:00,47.85,47.85,47.85,47.85,100.0
2017-12-04 12:08:00,47.83,47.85,47.83,47.85,900.0
2017-12-04 12:09:00,47.84,47.85,47.84,47.84,1074.0
2017-12-04 12:10:00,47.855,47.86,47.85,47.85,700.0
2017-12-04 12:11:00,47.83,47.8525,47.83,47.84,1700.0
2017-12-04 12:12:00,47.77,47.81,47.77,47.81,1708.0
2017-12-04 12:13:00,47.77,47.77,47.75,47.75,2400.0
2017-12-04 12:14:00,47.79,47.79,47.79,47.79,200.0
2017-12-04 12:15:00,47.79,47.79,47.78,47.79,944.0
2017-12-04 12:16:00,47.76,47.78,47.76,47.77,1472.0
2017-12-04 12:17:00,47.78,47.78,47.78,47.78,400.0
2017-12-04 12:18:00,47.75,47.75,47.73,47.75,1909.0
2017-12-04 12:20:00,47.77,47.785,47.76,47.76,4940.0
2017-12-04 12:21:00,47.82,47.82,47.78,47.78,700.0
2017-12-04 12:22:00,47.77,47.81,47.77,47.81,1800.0
2017-12-04 12:23:00,47.81,47.81,47.76,47.77,4368.0
2017-12-04 12:24:00,47.79,47.79,47.79,47.79,150.0
2017-12-04 12:26:00,47.83,47.85,47.79,47.79,2100.0
2017-12-04 12:27:00,47.85,47.85,47.84,47.84,500.0
2017-12-04 12:28:00,47.815,47.85,47.815,47.84,2142.0
2017-12-04 12:29:00,47.83,47.83,47.83,47.83,100.0
2017-12-04 12:30:00,47.78,47.815,47.77,47.815,2315.0
2017-12-04 12:31:00,47.76,47.8,47.76,47.79,918.0
2017-12-04 12:32:00,47.778999999999996,47.79,47.778999999999996,47.79,1300.0
2017-12-04 12:33:00,47.76,47.77,47.76,47.76,400.0
2017-12-04 12:34:00,47.75,47.75,47.75,47.75,100.0
2017-12-04 12:35:00,47.74,47.76,47.73,47.76,2287.0
2017-12-04 12:36:00,47.76,47.76,47.75,47.75,900.0
2017-12-04 12:37:00,47.7,47.74,47.7,47.74,3739.0
2017-12-04 12:38:00,47.685,47.7,47.685,47.7,3338.0
2017-12-04 12:39:00,47.69,47.69,47.67,47.68,2867.0
2017-12-04 12:40:00,47.69,47.7,47.69,47.7,895.0
2017-12-04 12:41:00,47.7099,47.7099,47.68,47.6901,2175.0
2017-12-04 12:42:00,47.72,47.72,47.71,47.71,500.0
2017-12-04 12:43:00,47.73,47.75,47.73,47.74,1449.0
2017-12-04 12:44:00,47.72,47.72,47.69,47.71,1700.0
2017-12-04 12:45:00,47.71,47.73,47.71,47.73,300.0
2017-12-04 12:46:00,47.7,47.729,47.7,47.729,700.0
2017-12-04 12:47:00,47.74,47.74,47.71,47.71,3892.0
2017-12-04 12:48:00,47.75,47.75,47.75,47.75,200.0
2017-12-04 12:49:00,47.7,47.75,47.69,47.75,3789.0
2017-12-04 12:50:00,47.69,47.71,47.6798,47.68,1779.0
2017-12-04 12:51:00,47.75,47.75,47.69,47.69,4791.0
2017-12-04 12:52:00,47.73,47.75,47.72,47.74,3110.0
2017-12-04 12:53:00,47.73,47.74,47.73,47.73,2117.0
2017-12-04 12:54:00,47.73,47.73,47.69,47.71,2020.0
2017-12-04 12:55:00,47.71,47.71,47.71,47.71,800.0
2017-12-04 12:56:00,47.71,47.71,47.7,47.7,200.0
2017-12-04 12:57:00,47.7,47.705,47.68,47.7,1600.0
2017-12-04 12:58:00,47.73,47.73,47.68,47.68,2717.0
2017-12-04 12:59:00,47.77,47.77,47.72,47.72,6800.0
2017-12-04 13:00:00,47.855,47.86,47.77,47.77,19489.0
2017-12-04 13:01:00,47.81,47.8525,47.8,47.8525,2212.0
2017-12-04 13:02:00,47.795,47.82,47.795,47.8,2000.0
2017-12-04 13:03:00,47.82,47.83,47.795,47.795,1300.0
2017-12-04 13:04:00,47.79,47.8,47.79,47.8,1750.0
2017-12-04 13:05:00,47.77,47.78,47.77,47.78,1000.0
2017-12-04 13:06:00,47.82,47.82,47.78,47.78,3509.0
2017-12-04 13:07:00,47.815,47.825,47.81,47.825,1106.0
2017-12-04 13:08:00,47.86,47.86,47.81,47.81,2475.0
2017-12-04 13:09:00,47.81,47.85,47.81,47.85,2600.0
2017-12-04 13:10:00,47.84,47.84,47.803999999999995,47.82,4017.0
2017-12-04 13:11:00,47.81,47.81,47.81,47.81,299.0
2017-12-04 13:12:00,47.81,47.81,47.81,47.81,300.0
2017-12-04 13:13:00,47.82,47.82,47.81,47.81,2300.0
2017-12-04 13:14:00,47.82,47.82,47.82,47.82,1300.0
2017-12-04 13:15:00,47.82,47.83,47.82,47.83,2232.0
2017-12-04 13:17:00,47.79,47.81,47.79,47.81,2900.0
2017-12-04 13:18:00,47.77,47.8,47.77,47.8,1846.0
2017-12-04 13:19:00,47.77,47.785,47.77,47.785,1100.0
2017-12-04 13:20:00,47.77,47.77,47.75,47.75,2279.0
2017-12-04 13:21:00,47.77,47.78,47.76,47.77,3900.0
2017-12-04 13:22:00,47.75,47.7699,47.75,47.76,1389.0
2017-12-04 13:23:00,47.77,47.78,47.76,47.76,3200.0
2017-12-04 13:25:00,47.77,47.775,47.77,47.77,1000.0
2017-12-04 13:26:00,47.75,47.77,47.74,47.77,1900.0
2017-12-04 13:27:00,47.72,47.74,47.72,47.74,620.0
2017-12-04 13:28:00,47.76,47.76,47.735,47.735,3263.0
2017-12-04 13:29:00,47.77,47.78,47.76,47.76,1900.0
2017-12-04 13:30:00,47.78,47.78,47.78,47.78,200.0
2017-12-04 13:31:00,47.81,47.81,47.79,47.79,400.0
2017-12-04 13:32:00,47.76,47.805,47.76,47.805,2766.0
2017-12-04 13:33:00,47.79,47.8,47.77,47.77,2154.0
2017-12-04 13:34:00,47.77,47.79,47.77,47.79,700.0
2017-12-04 13:35:00,47.78,47.78,47.78,47.78,100.0
2017-12-04 13:36:00,47.79,47.79,47.79,47.79,1100.0
2017-12-04 13:37:00,47.8,47.8,47.79,47.79,300.0
2017-12-04 13:38:00,47.8,47.81,47.8,47.81,200.0
2017-12-04 13:39:00,47.81,47.81,47.8,47.81,5810.0
2017-12-04 13:40:00,47.82,47.82,47.82,47.82,620.0
2017-12-04 13:42:00,47.83,47.84,47.82,47.84,4915.0
2017-12-04 13:43:00,47.84,47.84,47.8103,47.82,850.0
2017-12-04 13:44:00,47.83,47.83,47.82,47.82,1493.0
2017-12-04 13:45:00,47.81,47.81,47.81,47.81,800.0
2017-12-04 13:46:00,47.8,47.82,47.8,47.81,2000.0
2017-12-04 13:47:00,47.83,47.84,47.82,47.82,5067.0
2017-12-04 13:48:00,47.84,47.84,47.83,47.83,800.0
2017-12-04 13:49:00,47.8203,47.83,47.82,47.82,728.0
2017-12-04 13:50:00,47.85,47.85,47.82,47.82,2132.0
2017-12-04 13:51:00,47.85,47.85,47.85,47.85,100.0
2017-12-04 13:52:00,47.83,47.85,47.83,47.85,200.0
2017-12-04 13:53:00,47.81,47.84,47.81,47.84,3858.0
2017-12-04 13:54:00,47.82,47.82,47.79,47.79,886.0
2017-12-04 13:55:00,47.83,47.84,47.83,47.83,1400.0
2017-12-04 13:56:00,47.81,47.82,47.8,47.81,1542.0
2017-12-04 13:57:00,47.81,47.83,47.8,47.81,4417.0
2017-12-04 13:58:00,47.86,47.87,47.82,47.82,7188.0
2017-12-04 13:59:00,47.89,47.895,47.86,47.86,5300.0
2017-12-04 14:00:00,47.8701,47.9,47.8701,47.885,4500.0
2017-12-04 14:01:00,47.885,47.9,47.87,47.8717,3737.0
2017-12-04 14:02:00,47.87,47.9,47.87,47.9,7719.0
2017-12-04 14:03:00,47.88,47.89,47.86,47.86,6160.0
2017-12-04 14:04:00,47.87,47.87,47.87,47.87,400.0
2017-12-04 14:05:00,47.9,47.9,47.88,47.88,2660.0
2017-12-04 14:06:00,47.9,47.9,47.89,47.9,4449.0
2017-12-04 14:07:00,47.875,47.9,47.87,47.9,6724.0
2017-12-04 14:08:00,47.83,47.86,47.83,47.85,2243.0
2017-12-04 14:09:00,47.81,47.83,47.78,47.83,3220.0
2017-12-04 14:10:00,47.79,47.81,47.79,47.8,2336.0
2017-12-04 14:11:00,47.8,47.8,47.8,47.8,100.0
2017-12-04 14:13:00,47.795,47.795,47.78,47.78,200.0
2017-12-04 14:14:00,47.8,47.81,47.8,47.8,1500.0
2017-12-04 14:15:00,47.75,47.8,47.75,47.79,5300.0
2017-12-04 14:16:00,47.71,47.71,47.71,47.71,100.0
2017-12-04 14:17:00,47.73,47.73,47.71,47.72,1900.0
2017-12-04 14:18:00,47.73,47.73,47.73,47.73,2700.0
2017-12-04 14:19:00,47.71,47.73,47.7,47.73,3600.0
2017-12-04 14:20:00,47.72,47.72,47.72,47.72,700.0
2017-12-04 14:21:00,47.74,47.74,47.73,47.73,200.0
2017-12-04 14:22:00,47.76,47.76,47.72,47.72,4870.0
2017-12-04 14:24:00,47.8,47.8,47.77,47.77,700.0
2017-12-04 14:25:00,47.81,47.82,47.78,47.78,3195.0
2017-12-04 14:26:00,47.86,47.87,47.82,47.82,2400.0
2017-12-04 14:27:00,47.84,47.87,47.83,47.86,4637.0
2017-12-04 14:28:00,47.81,47.84,47.81,47.835,4900.0
2017-12-04 14:29:00,47.84,47.84,47.8,47.81,2985.0
2017-12-04 14:30:00,47.86,47.9,47.83,47.86,3960.0
2017-12-04 14:31:00,47.85,47.85,47.85,47.85,3810.0
2017-12-04 14:32:00,47.84,47.85,47.82,47.84,5800.0
2017-12-04 14:33:00,47.85,47.85,47.83,47.83,2122.0
2017-12-04 14:34:00,47.83,47.86,47.83,47.85,1200.0
2017-12-04 14:35:00,47.84,47.85,47.84,47.85,800.0
2017-12-04 14:36:00,47.84,47.84,47.84,47.84,1645.0
2017-12-04 14:37:00,47.83,47.84,47.83,47.84,300.0
2017-12-04 14:38:00,47.8304,47.84,47.8304,47.84,1720.0
2017-12-04 14:39:00,47.84,47.84,47.83,47.83,300.0
2017-12-04 14:40:00,47.89,47.89,47.85,47.85,4730.0
2017-12-04 14:41:00,47.91,47.91,47.88,47.89,1700.0
2017-12-04 14:42:00,47.87,47.9,47.87,47.9,5658.0
2017-12-04 14:43:00,47.88,47.88,47.855,47.865,3398.0
2017-12-04 14:44:00,47.88,47.88,47.87,47.88,500.0
2017-12-04 14:45:00,47.88,47.88,47.88,47.88,100.0
2017-12-04 14:46:00,47.89,47.9,47.86,47.88,7545.0
2017-12-04 14:47:00,47.89,47.895,47.89,47.89,1400.0
2017-12-04 14:48:00,47.99,48.02,47.895,47.895,25680.0
2017-12-04 14:49:00,47.97,47.98,47.95,47.96,2400.0
2017-12-04 14:50:00,47.94,47.96,47.94,47.96,3500.0
2017-12-04 14:51:00,47.95,47.95,47.94,47.94,1100.0
2017-12-04 14:52:00,47.98,48.0,47.94,47.95,9290.0
2017-12-04 14:53:00,47.98,47.98,47.95,47.95,1100.0
2017-12-04 14:54:00,47.98,48.0,47.98,47.985,4755.0
2017-12-04 14:55:00,48.02,48.03,47.96,47.97,6500.0
2017-12-04 14:56:00,48.035,48.035,48.015,48.03,3765.0
2017-12-04 14:57:00,48.03,48.04,48.01,48.025,7158.0
2017-12-04 14:58:00,48.015,48.03,48.015,48.03,1200.0
2017-12-04 14:59:00,48.01,48.025,48.01,48.01,5500.0
2017-12-04 15:00:00,48.05,48.05,48.0,48.005,6864.0
2017-12-04 15:01:00,48.035,48.04,48.02,48.04,6022.0
2017-12-04 15:02:00,48.015,48.03,48.015,48.03,5410.0
2017-12-04 15:03:00,48.07,48.08,48.015,48.015,8448.0
2017-12-04 15:04:00,48.06,48.07,48.05,48.07,10028.0
2017-12-04 15:05:00,48.09,48.09,48.05,48.07,6516.0
2017-12-04 15:06:00,48.06,48.085,48.06,48.08,5372.0
2017-12-04 15:07:00,48.065,48.065,48.06,48.06,2230.0
2017-12-04 15:08:00,48.055,48.065,48.04,48.065,7500.0
2017-12-04 15:09:00,48.07,48.075,48.05,48.05,4258.0
2017-12-04 15:10:00,48.05,48.08,48.05,48.075,7441.0
2017-12-04 15:11:00,48.05,48.05,48.04,48.04,1100.0
2017-12-04 15:12:00,48.045,48.045,48.04,48.045,400.0
2017-12-04 15:13:00,48.045,48.05,48.04,48.045,1700.0
2017-12-04 15:14:00,48.05,48.06,48.045,48.05,6866.0
2017-12-04 15:15:00,48.05,48.06,48.05,48.05,5343.0
2017-12-04 15:16:00,48.04,48.05,48.04,48.05,5024.0
2017-12-04 15:17:00,48.035,48.045,48.035,48.04,2700.0
2017-12-04 15:18:00,48.09,48.09,48.04,48.04,11981.0
2017-12-04 15:19:00,48.09,48.095,48.08,48.09,6709.0
2017-12-04 15:20:00,48.065,48.09,48.06,48.09,3553.0
2017-12-04 15:21:00,48.065,48.065,48.05,48.05,1549.0
2017-12-04 15:22:00,48.07,48.07,48.0534,48.06,3043.0
2017-12-04 15:23:00,48.09,48.09,48.065,48.07,3742.0
2017-12-04 15:24:00,48.09,48.09,48.08,48.085,400.0
2017-12-04 15:25:00,48.08,48.09,48.07,48.09,6476.0
2017-12-04 15:26:00,48.09,48.1,48.0817,48.085,3831.0
2017-12-04 15:27:00,48.08,48.095,48.08,48.09,4388.0
2017-12-04 15:28:00,48.135,48.14,48.08,48.08,8348.0
2017-12-04 15:29:00,48.115,48.14,48.115,48.135,6195.0
2017-12-04 15:30:00,48.15,48.16,48.12,48.12,10787.0
2017-12-04 15:31:00,48.145,48.155,48.14,48.145,7352.0
2017-12-04 15:32:00,48.135,48.14,48.13,48.14,1700.0
2017-12-04 15:33:00,48.155,48.155,48.14,48.14,5101.0
2017-12-04 15:34:00,48.175,48.18,48.16,48.16,7547.0
2017-12-04 15:35:00,48.21,48.21,48.18,48.18,7238.0
2017-12-04 15:36:00,48.205,48.21,48.2,48.205,6720.0
2017-12-04 15:37:00,48.2,48.21,48.19,48.205,17402.0
2017-12-04 15:38:00,48.2,48.22,48.2,48.205,9158.0
2017-12-04 15:39:00,48.16,48.205,48.16,48.205,9801.0
2017-12-04 15:40:00,48.175,48.18,48.15,48.165,5603.0
2017-12-04 15:41:00,48.185,48.19,48.17,48.175,4511.0
2017-12-04 15:42:00,48.19,48.2,48.185,48.19,6800.0
2017-12-04 15:43:00,48.15,48.195,48.15,48.19,21356.0
2017-12-04 15:44:00,48.205,48.205,48.145,48.15,14380.0
2017-12-04 15:45:00,48.18,48.205,48.17,48.205,16931.0
2017-12-04 15:46:00,48.19,48.195,48.18,48.18,7575.0
2017-12-04 15:47:00,48.175,48.195,48.17,48.19,16926.0
2017-12-04 15:48:00,48.195,48.2,48.17,48.17,11788.0
2017-12-04 15:49:00,48.215,48.22,48.19,48.2,20213.0
2017-12-04 15:50:00,48.24,48.24,48.21,48.21,16619.0
2017-12-04 15:51:00,48.235,48.24,48.23,48.235,19199.0
2017-12-04 15:52:00,48.295,48.31,48.24,48.24,35866.0
2017-12-04 15:53:00,48.325,48.33,48.28,48.29,30728.0
2017-12-04 15:54:00,48.3,48.33,48.29,48.33,28052.0
2017-12-04 15:55:00,48.3,48.31,48.29,48.305,17709.0
2017-12-04 15:56:00,48.335,48.34,48.29,48.3,36315.0
2017-12-04 15:57:00,48.345,48.365,48.33,48.34,37572.0
2017-12-04 15:58:00,48.35,48.37,48.34,48.345,47376.0
2017-12-04 15:59:00,48.355,48.36,48.35,48.355,23945.0
2017-12-04 16:00:00,48.35,48.4,48.33,48.355,211886.0
2017-12-05 09:30:00,48.47,48.47,48.34,48.34,28587.0
2017-12-05 09:31:00,48.39,48.39,48.31,48.37,10178.0
2017-12-05 09:32:00,48.51,48.55,48.39,48.39,8008.0
2017-12-05 09:33:00,48.37,48.56,48.37,48.51,4649.0
2017-12-05 09:34:00,48.36,48.45,48.36,48.385,2977.0
2017-12-05 09:35:00,48.31,48.43,48.31,48.395,8806.0
2017-12-05 09:36:00,48.42,48.42,48.31,48.32,1900.0
2017-12-05 09:37:00,48.3,48.46,48.3,48.402,10703.0
2017-12-05 09:38:00,48.25,48.28,48.2375,48.25,3000.0
2017-12-05 09:39:00,48.19,48.27,48.19,48.23,4428.0
2017-12-05 09:40:00,48.23,48.23,48.17,48.18,5680.0
2017-12-05 09:41:00,48.09,48.18,48.07,48.17,5860.0
2017-12-05 09:42:00,48.09,48.15,48.09,48.09,8004.0
2017-12-05 09:43:00,48.04,48.08,48.0,48.08,5738.0
2017-12-05 09:44:00,48.08,48.08,48.05,48.05,25789.0
2017-12-05 09:45:00,48.27,48.27,48.07,48.08,4900.0
2017-12-05 09:46:00,48.18,48.255,48.16,48.23,13301.0
2017-12-05 09:47:00,48.19,48.21,48.18,48.2,10780.0
2017-12-05 09:48:00,48.21,48.22,48.17,48.18,6564.0
2017-12-05 09:49:00,48.23,48.25,48.18,48.2,11728.0
2017-12-05 09:50:00,48.285,48.35,48.23,48.24,26530.0
2017-12-05 09:51:00,48.29,48.35,48.27,48.285,18286.0
2017-12-05 09:52:00,48.34,48.38,48.3,48.3,12770.0
2017-12-05 09:53:00,48.365,48.38,48.35,48.35,3643.0
2017-12-05 09:54:00,48.4,48.41,48.35,48.35,1851.0
2017-12-05 09:55:00,48.335,48.37,48.335,48.37,3100.0
2017-12-05 09:56:00,48.315,48.34,48.28,48.34,13815.0
2017-12-05 09:57:00,48.31,48.34,48.3,48.33,11710.0
2017-12-05 09:58:00,48.23,48.33,48.18,48.31,29716.0
2017-12-05 09:59:00,48.34,48.34,48.24,48.25,10502.0
2017-12-05 10:00:00,48.34,48.39,48.34,48.34,10688.0
2017-12-05 10:01:00,48.36,48.36,48.29,48.31,7080.0
2017-12-05 10:02:00,48.34,48.37,48.34,48.36,84499.0
2017-12-05 10:03:00,48.315,48.34,48.305,48.34,16338.0
2017-12-05 10:04:00,48.28,48.3,48.265,48.3,4563.0
2017-12-05 10:05:00,48.2701,48.29,48.2614,48.265,3388.0
2017-12-05 10:06:00,48.2,48.28,48.2,48.28,4400.0
2017-12-05 10:07:00,48.22,48.22,48.1855,48.19,4595.0
2017-12-05 10:08:00,48.24,48.27,48.23,48.23,18399.0
2017-12-05 10:09:00,48.25,48.27,48.2499,48.2499,2500.0
2017-12-05 10:10:00,48.31,48.33,48.26,48.26,4800.0
2017-12-05 10:11:00,48.28,48.31,48.28,48.31,4015.0
2017-12-05 10:12:00,48.34,48.34,48.265,48.27,8562.0
2017-12-05 10:13:00,48.35,48.36,48.33,48.34,3153.0
2017-12-05 10:14:00,48.36,48.36,48.33,48.34,4102.0
2017-12-05 10:15:00,48.4,48.42,48.33,48.35,6306.0
2017-12-05 10:16:00,48.39,48.42,48.39,48.42,4600.0
2017-12-05 10:17:00,48.45,48.46,48.37,48.38,7521.0
2017-12-05 10:18:00,48.42,48.46,48.41,48.46,2300.0
2017-12-05 10:19:00,48.46,48.46,48.4,48.415,9439.0
2017-12-05 10:20:00,48.45,48.46,48.44,48.46,4756.0
2017-12-05 10:21:00,48.45,48.47,48.45,48.45,2900.0
2017-12-05 10:22:00,48.42,48.46,48.42,48.46,2700.0
2017-12-05 10:23:00,48.48,48.48,48.41,48.41,6656.0
2017-12-05 10:24:00,48.45,48.46,48.45,48.46,1300.0
2017-12-05 10:25:00,48.44,48.45,48.44,48.45,900.0
2017-12-05 10:26:00,48.405,48.43,48.4,48.43,5055.0
2017-12-05 10:27:00,48.45,48.48,48.41,48.41,3600.0
2017-12-05 10:28:00,48.5,48.51,48.46,48.46,4480.0
2017-12-05 10:29:00,48.5,48.5,48.49,48.5,3200.0
2017-12-05 10:30:00,48.56,48.56,48.48,48.48,14819.0
2017-12-05 10:31:00,48.51,48.55,48.51,48.55,4098.0
2017-12-05 10:32:00,48.52,48.55,48.49,48.52,11413.0
2017-12-05 10:33:00,48.52,48.54,48.52,48.53,5127.0
2017-12-05 10:34:00,48.51,48.53,48.51,48.53,2254.0
2017-12-05 10:35:00,48.51,48.53,48.51,48.52,3408.0
2017-12-05 10:36:00,48.475,48.5,48.475,48.5,1300.0
2017-12-05 10:37:00,48.515,48.54,48.48,48.48,7664.0
2017-12-05 10:38:00,48.52,48.54,48.51,48.52,4573.0
2017-12-05 10:39:00,48.49,48.52,48.49,48.52,2868.0
2017-12-05 10:40:00,48.47,48.5,48.47,48.48,5000.0
2017-12-05 10:41:00,48.52,48.52,48.48,48.48,2397.0
2017-12-05 10:42:00,48.5,48.51,48.5,48.51,1100.0
2017-12-05 10:43:00,48.47,48.49,48.47,48.49,1700.0
2017-12-05 10:44:00,48.43,48.47,48.43,48.47,4300.0
2017-12-05 10:45:00,48.4,48.42,48.39,48.42,2400.0
2017-12-05 10:46:00,48.41,48.43,48.41,48.41,7683.0
2017-12-05 10:47:00,48.4,48.415,48.4,48.415,1100.0
2017-12-05 10:48:00,48.4491,48.45,48.4,48.4,8188.0
2017-12-05 10:49:00,48.41,48.44,48.41,48.44,4190.0
2017-12-05 10:50:00,48.43,48.43,48.4078,48.4078,3018.0
2017-12-05 10:51:00,48.435,48.45,48.43,48.44,2803.0
2017-12-05 10:52:00,48.335,48.43,48.335,48.43,3373.0
2017-12-05 10:53:00,48.31,48.35,48.31,48.34,4790.0
2017-12-05 10:54:00,48.335,48.35,48.3,48.305,7938.0
2017-12-05 10:55:00,48.28,48.32,48.28,48.32,3700.0
2017-12-05 10:56:00,48.26,48.27,48.26,48.27,2028.0
2017-12-05 10:57:00,48.33,48.33,48.27,48.27,5198.0
2017-12-05 10:58:00,48.3199,48.335,48.3199,48.33,3846.0
2017-12-05 10:59:00,48.34,48.34,48.29,48.31,4202.0
2017-12-05 11:00:00,48.325,48.35,48.32,48.33,7433.0
2017-12-05 11:01:00,48.37,48.39,48.33,48.33,5170.0
2017-12-05 11:03:00,48.325,48.38,48.31,48.38,4506.0
2017-12-05 11:04:00,48.31,48.325,48.31,48.32,2700.0
2017-12-05 11:05:00,48.32,48.32,48.31,48.31,1900.0
2017-12-05 11:06:00,48.315,48.325,48.31,48.32,3200.0
2017-12-05 11:07:00,48.31,48.32,48.31,48.315,1000.0
2017-12-05 11:08:00,48.33,48.34,48.31,48.31,3407.0
2017-12-05 11:09:00,48.34,48.36,48.34,48.36,3750.0
2017-12-05 11:10:00,48.4,48.4,48.33,48.34,7500.0
2017-12-05 11:11:00,48.4,48.42,48.4,48.42,7470.0
2017-12-05 11:12:00,48.36,48.4,48.36,48.4,1900.0
2017-12-05 11:13:00,48.38,48.42,48.36,48.36,15255.0
2017-12-05 11:14:00,48.33,48.37,48.33,48.37,4000.0
2017-12-05 11:15:00,48.36,48.36,48.35,48.35,1200.0
2017-12-05 11:16:00,48.3799,48.38,48.36,48.36,454.0
2017-12-05 11:17:00,48.36,48.37,48.34,48.37,4850.0
2017-12-05 11:18:00,48.34,48.355,48.34,48.35,2835.0
2017-12-05 11:19:00,48.35,48.35,48.33,48.33,1300.0
2017-12-05 11:20:00,48.3505,48.365,48.35,48.36,2100.0
2017-12-05 11:21:00,48.335,48.36,48.33,48.35,1820.0
2017-12-05 11:22:00,48.33,48.34,48.32,48.33,3656.0
2017-12-05 11:23:00,48.36,48.4,48.33,48.33,14677.0
2017-12-05 11:24:00,48.37,48.37,48.34,48.36,4205.0
2017-12-05 11:25:00,48.35,48.36,48.35,48.35,700.0
2017-12-05 11:26:00,48.37,48.38,48.36,48.36,1700.0
2017-12-05 11:27:00,48.37,48.39,48.37,48.37,2265.0
2017-12-05 11:28:00,48.38,48.39,48.38,48.38,593.0
2017-12-05 11:29:00,48.38,48.4,48.38,48.39,9030.0
2017-12-05 11:30:00,48.385,48.4,48.38,48.4,3525.0
2017-12-05 11:31:00,48.39,48.39,48.38,48.39,3500.0
2017-12-05 11:32:00,48.36,48.395,48.35,48.39,14949.0
2017-12-05 11:33:00,48.36,48.36,48.34,48.36,2000.0
2017-12-05 11:34:00,48.28,48.35,48.28,48.35,3400.0
2017-12-05 11:35:00,48.25,48.295,48.25,48.28,9196.0
2017-12-05 11:36:00,48.27,48.27,48.25,48.25,8817.0
2017-12-05 11:37:00,48.32,48.34,48.28,48.28,7741.0
2017-12-05 11:38:00,48.33,48.34,48.32,48.33,2000.0
2017-12-05 11:39:00,48.34,48.34,48.32,48.32,1000.0
2017-12-05 11:40:00,48.36,48.36,48.33,48.34,5986.0
2017-12-05 11:41:00,48.32,48.36,48.32,48.36,3829.0
2017-12-05 11:42:00,48.28,48.32,48.27,48.32,12730.0
2017-12-05 11:43:00,48.28,48.29,48.28,48.28,12318.0
2017-12-05 11:44:00,48.23,48.28,48.23,48.28,12450.0
2017-12-05 11:45:00,48.24,48.266999999999996,48.22,48.22,5088.0
2017-12-05 11:46:00,48.24,48.25,48.235,48.25,800.0
2017-12-05 11:47:00,48.255,48.2675,48.24,48.24,5425.0
2017-12-05 11:48:00,48.28,48.28,48.25,48.25,6306.0
2017-12-05 11:49:00,48.29,48.29,48.27,48.285,3459.0
2017-12-05 11:50:00,48.31,48.32,48.29,48.3,1900.0
2017-12-05 11:51:00,48.32,48.32,48.3,48.31,1800.0
2017-12-05 11:52:00,48.32,48.32,48.3099,48.31,2494.0
2017-12-05 11:53:00,48.31,48.325,48.29,48.32,5034.0
2017-12-05 11:54:00,48.29,48.29,48.29,48.29,600.0
2017-12-05 11:55:00,48.3,48.315,48.29,48.29,8312.0
2017-12-05 11:56:00,48.335,48.35,48.32,48.32,3937.0
2017-12-05 11:57:00,48.32,48.335,48.32,48.335,315.0
2017-12-05 11:58:00,48.3,48.33,48.3,48.32,1900.0
2017-12-05 11:59:00,48.29,48.31,48.29,48.3,3200.0
2017-12-05 12:00:00,48.31,48.32,48.3,48.31,1103.0
2017-12-05 12:01:00,48.31,48.33,48.31,48.32,1392.0
2017-12-05 12:02:00,48.24,48.32,48.24,48.31,8845.0
2017-12-05 12:03:00,48.29,48.29,48.25,48.25,5150.0
2017-12-05 12:04:00,48.25,48.28,48.25,48.27,6100.0
2017-12-05 12:05:00,48.25,48.255,48.23,48.25,11400.0
2017-12-05 12:06:00,48.26,48.26,48.23,48.24,5116.0
2017-12-05 12:07:00,48.2525,48.26,48.24,48.26,4300.0
2017-12-05 12:08:00,48.25,48.25,48.24,48.24,200.0
2017-12-05 12:09:00,48.19,48.24,48.19,48.24,2240.0
2017-12-05 12:10:00,48.15,48.19,48.15,48.18,1000.0
2017-12-05 12:11:00,48.22,48.23,48.13,48.15,6420.0
2017-12-05 12:12:00,48.21,48.24,48.2,48.24,3488.0
2017-12-05 12:13:00,48.2,48.21,48.18,48.21,13504.0
2017-12-05 12:14:00,48.19,48.205,48.19,48.2,3800.0
2017-12-05 12:15:00,48.23,48.23,48.2,48.2,4242.0
2017-12-05 12:16:00,48.25,48.25,48.22,48.22,1352.0
2017-12-05 12:18:00,48.26,48.26,48.23,48.23,2994.0
2017-12-05 12:19:00,48.255,48.27,48.25,48.25,2900.0
2017-12-05 12:20:00,48.25,48.26,48.25,48.26,1900.0
2017-12-05 12:21:00,48.28,48.28,48.23,48.25,7500.0
2017-12-05 12:23:00,48.27,48.27,48.27,48.27,100.0
2017-12-05 12:24:00,48.26,48.275,48.26,48.275,200.0
2017-12-05 12:25:00,48.27,48.275,48.25,48.26,12203.0
2017-12-05 12:26:00,48.28,48.28,48.27,48.27,405.0
2017-12-05 12:27:00,48.25,48.265,48.25,48.26,7889.0
2017-12-05 12:28:00,48.3,48.31,48.25,48.25,10042.0
2017-12-05 12:29:00,48.3,48.3,48.29,48.29,200.0
2017-12-05 12:30:00,48.2675,48.3,48.2675,48.3,2600.0
2017-12-05 12:31:00,48.31,48.31,48.28,48.28,4399.0
2017-12-05 12:32:00,48.3,48.325,48.3,48.32,9155.0
2017-12-05 12:33:00,48.29,48.3,48.29,48.3,1200.0
2017-12-05 12:34:00,48.28,48.3,48.27,48.285,3700.0
2017-12-05 12:36:00,48.285,48.285,48.285,48.285,309.0
2017-12-05 12:37:00,48.23,48.29,48.22,48.28,6800.0
2017-12-05 12:38:00,48.25,48.25,48.22,48.23,1300.0
2017-12-05 12:39:00,48.245,48.245,48.24,48.24,600.0
2017-12-05 12:40:00,48.21,48.23,48.21,48.22,1500.0
2017-12-05 12:41:00,48.27,48.29,48.2,48.21,8321.0
2017-12-05 12:42:00,48.26,48.2644,48.26,48.2644,700.0
2017-12-05 12:43:00,48.25,48.26,48.25,48.26,1609.0
2017-12-05 12:45:00,48.25,48.26,48.25,48.26,200.0
2017-12-05 12:46:00,48.26,48.26,48.23,48.25,4815.0
2017-12-05 12:47:00,48.27,48.27,48.25,48.25,1639.0
2017-12-05 12:48:00,48.28,48.28,48.27,48.27,1700.0
2017-12-05 12:49:00,48.28,48.28,48.27,48.275,800.0
2017-12-05 12:50:00,48.28,48.28,48.26,48.275,3100.0
2017-12-05 12:51:00,48.265,48.275,48.26,48.27,1100.0
2017-12-05 12:52:00,48.26,48.265,48.26,48.26,1300.0
2017-12-05 12:53:00,48.19,48.25,48.19,48.25,3995.0
2017-12-05 12:54:00,48.19,48.19,48.16,48.17,5951.0
2017-12-05 12:55:00,48.17,48.19,48.17,48.19,2915.0
2017-12-05 12:56:00,48.1738,48.18,48.16,48.17,6969.0
2017-12-05 12:57:00,48.18,48.19,48.17,48.18,5027.0
2017-12-05 12:58:00,48.18,48.18,48.18,48.18,100.0
2017-12-05 12:59:00,48.21,48.23,48.19,48.19,4602.0
2017-12-05 13:00:00,48.26,48.26,48.22,48.22,4302.0
2017-12-05 13:02:00,48.25,48.265,48.24,48.26,3878.0
2017-12-05 13:03:00,48.27,48.27,48.26,48.26,2206.0
2017-12-05 13:04:00,48.25,48.29,48.25,48.29,1906.0
2017-12-05 13:05:00,48.29,48.29,48.29,48.29,100.0
2017-12-05 13:06:00,48.28,48.29,48.27,48.28,2833.0
2017-12-05 13:07:00,48.27,48.29,48.27,48.29,1829.0
2017-12-05 13:08:00,48.225,48.27,48.225,48.27,2100.0
2017-12-05 13:09:00,48.27,48.27,48.23,48.23,2676.0
2017-12-05 13:10:00,48.25,48.26,48.24,48.25,7118.0
2017-12-05 13:11:00,48.255,48.255,48.25,48.255,2149.0
2017-12-05 13:12:00,48.26,48.26,48.26,48.26,800.0
2017-12-05 13:13:00,48.25,48.275,48.25,48.26,4138.0
2017-12-05 13:14:00,48.23,48.245,48.23,48.24,1700.0
2017-12-05 13:15:00,48.22,48.23,48.22,48.23,400.0
2017-12-05 13:16:00,48.26,48.27,48.23,48.23,5889.0
2017-12-05 13:17:00,48.26,48.26,48.26,48.26,1099.0
2017-12-05 13:18:00,48.31,48.315,48.26,48.26,6314.0
2017-12-05 13:19:00,48.29,48.3,48.29,48.3,1500.0
2017-12-05 13:20:00,48.2601,48.3,48.2601,48.29,4308.0
2017-12-05 13:21:00,48.24,48.27,48.22,48.26,3650.0
2017-12-05 13:22:00,48.23,48.25,48.23,48.25,1324.0
2017-12-05 13:23:00,48.21,48.25,48.21,48.25,2000.0
2017-12-05 13:24:00,48.2,48.21,48.19,48.2014,1900.0
2017-12-05 13:25:00,48.18,48.19,48.17,48.19,2558.0
2017-12-05 13:26:00,48.18,48.18,48.18,48.18,200.0
2017-12-05 13:27:00,48.145,48.175,48.145,48.17,3705.0
2017-12-05 13:28:00,48.14,48.14,48.13,48.13,300.0
2017-12-05 13:29:00,48.16,48.165,48.14,48.14,4574.0
2017-12-05 13:30:00,48.15,48.16,48.15,48.16,1200.0
2017-12-05 13:31:00,48.175,48.175,48.16,48.16,500.0
2017-12-05 13:32:00,48.16,48.17,48.16,48.17,1850.0
2017-12-05 13:33:00,48.195,48.195,48.15,48.15,5200.0
2017-12-05 13:34:00,48.2,48.22,48.2,48.2,2200.0
2017-12-05 13:35:00,48.185,48.2,48.17,48.2,2763.0
2017-12-05 13:36:00,48.2,48.22,48.2,48.2,2632.0
2017-12-05 13:37:00,48.21,48.21,48.18,48.19,3878.0
2017-12-05 13:38:00,48.19,48.21,48.18,48.21,1280.0
2017-12-05 13:39:00,48.17,48.185,48.17,48.18,1400.0
2017-12-05 13:40:00,48.23,48.23,48.16,48.16,8187.0
2017-12-05 13:41:00,48.27,48.27,48.24,48.24,700.0
2017-12-05 13:42:00,48.26,48.27,48.26,48.27,200.0
2017-12-05 13:43:00,48.27,48.27,48.27,48.27,200.0
2017-12-05 13:44:00,48.23,48.27,48.22,48.27,3913.0
2017-12-05 13:45:00,48.19,48.22,48.19,48.22,3300.0
2017-12-05 13:46:00,48.15,48.18,48.15,48.18,1200.0
2017-12-05 13:47:00,48.21,48.22,48.16,48.16,7590.0
2017-12-05 13:48:00,48.22,48.22,48.21,48.215,500.0
2017-12-05 13:49:00,48.17,48.21,48.165,48.21,2900.0
2017-12-05 13:50:00,48.17,48.17,48.17,48.17,700.0
2017-12-05 13:51:00,48.165,48.165,48.16,48.16,1300.0
2017-12-05 13:52:00,48.16,48.165,48.16,48.16,2995.0
2017-12-05 13:53:00,48.16,48.16,48.15,48.16,2350.0
2017-12-05 13:54:00,48.15,48.16,48.15,48.155,5700.0
2017-12-05 13:55:00,48.16,48.18,48.16,48.17,2600.0
2017-12-05 13:56:00,48.175,48.18,48.15,48.16,9044.0
2017-12-05 13:57:00,48.16,48.18,48.16,48.17,1900.0
2017-12-05 13:58:00,48.17,48.17,48.14,48.14,1301.0
2017-12-05 13:59:00,48.18,48.185,48.17,48.175,3815.0
2017-12-05 14:00:00,48.14,48.17,48.14,48.17,1959.0
2017-12-05 14:01:00,48.155,48.155,48.155,48.155,200.0
2017-12-05 14:02:00,48.155,48.18,48.155,48.17,2822.0
2017-12-05 14:03:00,48.15,48.16,48.14,48.14,2400.0
2017-12-05 14:04:00,48.14,48.16,48.14,48.15,1915.0
2017-12-05 14:05:00,48.16,48.16,48.13,48.14,9554.0
2017-12-05 14:06:00,48.17,48.18,48.1588,48.16,2841.0
2017-12-05 14:07:00,48.15,48.165,48.15,48.165,1400.0
2017-12-05 14:08:00,48.15,48.16,48.15,48.15,600.0
2017-12-05 14:09:00,48.14,48.155,48.1325,48.155,4100.0
2017-12-05 14:10:00,48.15,48.15,48.13,48.14,4222.0
2017-12-05 14:11:00,48.13,48.155,48.13,48.155,3260.0
2017-12-05 14:12:00,48.13,48.13,48.13,48.13,100.0
2017-12-05 14:13:00,48.135,48.138000000000005,48.13,48.135,2300.0
2017-12-05 14:14:00,48.12,48.14,48.12,48.14,2800.0
2017-12-05 14:15:00,48.12,48.13,48.11,48.12,3900.0
2017-12-05 14:16:00,48.1356,48.14,48.13,48.13,1300.0
2017-12-05 14:17:00,48.11,48.135,48.11,48.13,3693.0
2017-12-05 14:18:00,48.11,48.1199,48.1,48.1,3291.0
2017-12-05 14:19:00,48.115,48.115,48.11,48.11,900.0
2017-12-05 14:20:00,48.1,48.11,48.1,48.11,2686.0
2017-12-05 14:21:00,48.09,48.105,48.09,48.1,2928.0
2017-12-05 14:22:00,48.12,48.12,48.09,48.1,7429.0
2017-12-05 14:23:00,48.125,48.13,48.12,48.12,2049.0
2017-12-05 14:24:00,48.09,48.1225,48.09,48.1225,3200.0
2017-12-05 14:25:00,48.12,48.12,48.1,48.1,3800.0
2017-12-05 14:26:00,48.13,48.13,48.12,48.12,1000.0
2017-12-05 14:27:00,48.12,48.13,48.12,48.12,1935.0
2017-12-05 14:28:00,48.115,48.115,48.11,48.115,1100.0
2017-12-05 14:29:00,48.11,48.12,48.11,48.11,1200.0
2017-12-05 14:30:00,48.1268,48.13,48.11,48.11,4516.0
2017-12-05 14:31:00,48.08,48.12,48.08,48.12,8913.0
2017-12-05 14:32:00,48.1,48.1,48.075,48.075,7176.0
2017-12-05 14:33:00,48.1,48.11,48.1,48.11,1900.0
2017-12-05 14:34:00,48.12,48.12,48.1,48.1,900.0
2017-12-05 14:35:00,48.13,48.145,48.11,48.11,7944.0
2017-12-05 14:36:00,48.12,48.135,48.12,48.13,4031.0
2017-12-05 14:37:00,48.115,48.125,48.11,48.12,1858.0
2017-12-05 14:38:00,48.11,48.12,48.11,48.12,1800.0
2017-12-05 14:39:00,48.09,48.11,48.09,48.11,1900.0
2017-12-05 14:40:00,48.1,48.11,48.08,48.09,5000.0
2017-12-05 14:41:00,48.115,48.12,48.1,48.11,2700.0
2017-12-05 14:42:00,48.095,48.115,48.09,48.11,4200.0
2017-12-05 14:43:00,48.09,48.1,48.09,48.095,1800.0
2017-12-05 14:44:00,48.09,48.1,48.09,48.09,970.0
2017-12-05 14:45:00,48.085,48.105,48.085,48.1,7101.0
2017-12-05 14:46:00,48.09,48.1,48.08,48.09,8011.0
2017-12-05 14:47:00,48.095,48.095,48.095,48.095,200.0
2017-12-05 14:48:00,48.085,48.0966,48.085,48.09,2610.0
2017-12-05 14:49:00,48.04,48.085,48.04,48.085,5200.0
2017-12-05 14:50:00,48.05,48.05,48.04,48.05,2567.0
2017-12-05 14:51:00,48.025,48.045,48.02,48.04,4714.0
2017-12-05 14:52:00,48.045,48.045,48.0225,48.025,4526.0
2017-12-05 14:53:00,48.09,48.09,48.05,48.05,8194.0
2017-12-05 14:54:00,48.095,48.1,48.085,48.085,3200.0
2017-12-05 14:55:00,48.07,48.095,48.07,48.09,7651.0
2017-12-05 14:56:00,48.06,48.07,48.055,48.07,6614.0
2017-12-05 14:57:00,48.04,48.065,48.03,48.065,5200.0
2017-12-05 14:58:00,48.05,48.05,48.04,48.04,3199.0
2017-12-05 14:59:00,48.08,48.085,48.05,48.05,6433.0
2017-12-05 15:00:00,48.03,48.08,48.03,48.07,13900.0
2017-12-05 15:01:00,48.055,48.055,48.04,48.04,3950.0
2017-12-05 15:02:00,48.045,48.06,48.04,48.06,2106.0
2017-12-05 15:03:00,48.02,48.045,48.02,48.04,3150.0
2017-12-05 15:04:00,48.07,48.075,48.03,48.03,9907.0
2017-12-05 15:05:00,48.055,48.075,48.055,48.075,4498.0
2017-12-05 15:07:00,48.09,48.09,48.07,48.07,5447.0
2017-12-05 15:08:00,48.08,48.085,48.08,48.085,3400.0
2017-12-05 15:09:00,48.12,48.13,48.08,48.09,11705.0
2017-12-05 15:10:00,48.115,48.13,48.115,48.12,6209.0
2017-12-05 15:11:00,48.105,48.12,48.1,48.115,4854.0
2017-12-05 15:12:00,48.14,48.14,48.105,48.105,8159.0
2017-12-05 15:13:00,48.13,48.14,48.13,48.14,3396.0
2017-12-05 15:14:00,48.17,48.17,48.13,48.14,11503.0
2017-12-05 15:15:00,48.16,48.16,48.15,48.15,1500.0
2017-12-05 15:16:00,48.15,48.16,48.14,48.16,7000.0
2017-12-05 15:17:00,48.135,48.16,48.135,48.15,8300.0
2017-12-05 15:18:00,48.1,48.14,48.09,48.14,9402.0
2017-12-05 15:19:00,48.12,48.13,48.0999,48.1,12921.0
2017-12-05 15:20:00,48.135,48.14,48.12,48.13,4650.0
2017-12-05 15:21:00,48.17,48.17,48.135,48.135,9792.0
2017-12-05 15:22:00,48.17,48.18,48.165,48.17,4300.0
2017-12-05 15:23:00,48.17,48.17,48.165,48.165,1900.0
2017-12-05 15:24:00,48.17,48.18,48.16,48.17,10344.0
2017-12-05 15:25:00,48.18,48.18,48.165,48.165,3006.0
2017-12-05 15:26:00,48.165,48.175,48.16,48.175,9443.0
2017-12-05 15:27:00,48.165,48.175,48.16,48.17,7775.0
2017-12-05 15:28:00,48.18,48.18,48.165,48.165,3333.0
2017-12-05 15:29:00,48.175,48.21,48.17,48.18,15848.0
2017-12-05 15:30:00,48.18,48.18,48.17,48.173,2046.0
2017-12-05 15:31:00,48.225,48.23,48.18,48.18,12877.0
2017-12-05 15:32:00,48.24,48.24,48.22,48.23,8852.0
2017-12-05 15:33:00,48.23,48.245,48.22,48.245,7948.0
2017-12-05 15:34:00,48.2637,48.2637,48.23,48.23,8088.0
2017-12-05 15:35:00,48.26,48.27,48.25,48.27,5526.0
2017-12-05 15:36:00,48.275,48.275,48.255,48.255,17298.0
2017-12-05 15:37:00,48.28,48.29,48.28,48.28,4600.0
2017-12-05 15:38:00,48.275,48.285,48.27,48.285,9589.0
2017-12-05 15:39:00,48.26,48.28,48.25,48.275,13925.0
2017-12-05 15:40:00,48.245,48.26,48.24,48.26,15239.0
2017-12-05 15:41:00,48.21,48.245,48.2,48.24,10054.0
2017-12-05 15:42:00,48.205,48.205,48.2,48.2,2400.0
2017-12-05 15:43:00,48.23,48.24,48.2,48.2,24078.0
2017-12-05 15:44:00,48.24,48.24,48.23,48.235,3100.0
2017-12-05 15:45:00,48.265,48.27,48.24,48.24,19681.0
2017-12-05 15:46:00,48.25,48.265,48.25,48.265,12801.0
2017-12-05 15:47:00,48.235,48.2451,48.23,48.245,5100.0
2017-12-05 15:48:00,48.24,48.24,48.22,48.235,23112.0
2017-12-05 15:49:00,48.25,48.25,48.24,48.25,11172.0
2017-12-05 15:50:00,48.25,48.26,48.24,48.245,25705.0
2017-12-05 15:51:00,48.24,48.2499,48.23,48.245,12466.0
2017-12-05 15:52:00,48.23,48.24,48.23,48.235,8322.0
2017-12-05 15:53:00,48.235,48.24,48.23,48.23,11398.0
2017-12-05 15:54:00,48.205,48.235,48.2,48.235,37573.0
2017-12-05 15:55:00,48.22,48.22,48.2,48.205,44514.0
2017-12-05 15:56:00,48.225,48.23,48.215,48.215,8980.0
2017-12-05 15:57:00,48.25,48.25,48.225,48.23,24092.0
2017-12-05 15:58:00,48.25,48.26,48.24,48.25,34098.0
2017-12-05 15:59:00,48.255,48.26,48.24,48.25,29427.0
2017-12-05 16:00:00,48.32,48.32,48.255,48.26,56519.0
2017-12-06 09:30:00,48.3,48.35,48.3,48.35,14920.0
2017-12-06 09:31:00,48.31,48.34,48.275,48.34,8699.0
2017-12-06 09:32:00,48.275,48.36,48.275,48.31,2775.0
2017-12-06 09:33:00,48.3,48.39,48.275,48.29,2586.0
2017-12-06 09:34:00,48.24,48.28,48.24,48.27,1300.0
2017-12-06 09:35:00,48.26,48.29,48.24,48.29,1600.0
2017-12-06 09:36:00,48.3,48.31,48.25,48.28,1300.0
2017-12-06 09:37:00,48.294,48.3199,48.294,48.31,2425.0
2017-12-06 09:38:00,48.29,48.3,48.28,48.29,1700.0
2017-12-06 09:39:00,48.32,48.32,48.32,48.32,100.0
2017-12-06 09:40:00,48.32,48.32,48.29,48.295,3530.0
2017-12-06 09:41:00,48.36,48.5,48.33,48.33,5260.0
2017-12-06 09:42:00,48.35,48.35,48.34,48.35,667.0
2017-12-06 09:43:00,48.28,48.34,48.28,48.34,1400.0
2017-12-06 09:44:00,48.3,48.3,48.29,48.29,761.0
2017-12-06 09:45:00,48.29,48.295,48.25,48.28,2559.0
2017-12-06 09:46:00,48.37,48.38,48.29,48.31,1755.0
2017-12-06 09:47:00,48.39,48.4,48.35,48.38,1235.0
2017-12-06 09:49:00,48.37,48.37,48.34,48.36,700.0
2017-12-06 09:50:00,48.31,48.35,48.31,48.34,1300.0
2017-12-06 09:51:00,48.25,48.325,48.25,48.325,1679.0
2017-12-06 09:52:00,48.25,48.25,48.21,48.25,3300.0
2017-12-06 09:53:00,48.31,48.32,48.25,48.26,2595.0
2017-12-06 09:54:00,48.25,48.3,48.24,48.3,2906.0
2017-12-06 09:55:00,48.3,48.3,48.23,48.25,1800.0
2017-12-06 09:56:00,48.26,48.285,48.23,48.28,1700.0
2017-12-06 09:57:00,48.255,48.255,48.24,48.24,200.0
2017-12-06 09:58:00,48.22,48.25,48.22,48.25,2767.0
2017-12-06 09:59:00,48.34,48.37,48.23,48.24,4341.0
2017-12-06 10:00:00,48.31,48.35,48.3,48.32,4300.0
2017-12-06 10:01:00,48.34,48.36,48.26,48.3,6300.0
2017-12-06 10:02:00,48.39,48.46,48.34,48.34,7434.0
2017-12-06 10:03:00,48.41,48.42,48.36,48.42,4049.0
2017-12-06 10:04:00,48.38,48.43,48.38,48.41,2903.0
2017-12-06 10:05:00,48.405,48.42,48.39,48.39,3706.0
2017-12-06 10:06:00,48.37,48.41,48.36,48.41,1967.0
2017-12-06 10:07:00,48.36,48.37,48.33,48.36,4090.0
2017-12-06 10:08:00,48.37,48.37,48.31,48.35,3947.0
2017-12-06 10:09:00,48.37,48.38,48.37,48.38,1483.0
2017-12-06 10:10:00,48.33,48.33,48.31,48.32,1400.0
2017-12-06 10:11:00,48.29,48.29,48.29,48.29,200.0
2017-12-06 10:12:00,48.26,48.27,48.25,48.27,1105.0
2017-12-06 10:13:00,48.23,48.26,48.23,48.26,2147.0
2017-12-06 10:14:00,48.28,48.29,48.25,48.25,4490.0
2017-12-06 10:15:00,48.33,48.33,48.27,48.27,900.0
2017-12-06 10:16:00,48.29,48.35,48.29,48.33,1457.0
2017-12-06 10:17:00,48.28,48.28,48.25,48.28,1799.0
2017-12-06 10:18:00,48.26,48.28,48.25,48.28,3684.0
2017-12-06 10:19:00,48.28,48.28,48.25,48.26,3386.0
2017-12-06 10:20:00,48.32,48.34,48.2768,48.2768,1610.0
2017-12-06 10:21:00,48.29,48.33,48.29,48.32,2128.0
2017-12-06 10:22:00,48.25,48.29,48.25,48.29,2509.0
2017-12-06 10:23:00,48.25,48.29,48.24,48.26,8291.0
2017-12-06 10:24:00,48.21,48.25,48.2,48.25,8667.0
2017-12-06 10:25:00,48.21,48.245,48.21,48.23,7774.0
2017-12-06 10:26:00,48.23,48.24,48.2,48.21,6098.0
2017-12-06 10:27:00,48.28,48.29,48.2397,48.2397,7513.0
2017-12-06 10:28:00,48.25,48.29,48.25,48.29,3138.0
2017-12-06 10:29:00,48.26,48.26,48.24,48.25,5358.0
2017-12-06 10:30:00,48.205,48.25,48.2,48.25,8212.0
2017-12-06 10:31:00,48.23,48.23,48.205,48.205,12800.0
2017-12-06 10:32:00,48.215,48.24,48.21,48.215,1455.0
2017-12-06 10:33:00,48.26,48.28,48.22,48.23,50596.0
2017-12-06 10:34:00,48.21,48.25,48.2,48.25,5710.0
2017-12-06 10:35:00,48.19,48.22,48.19,48.22,6600.0
2017-12-06 10:36:00,48.1999,48.2,48.18,48.18,2251.0
2017-12-06 10:37:00,48.21,48.22,48.19,48.2,900.0
2017-12-06 10:38:00,48.1815,48.2,48.1815,48.2,621.0
2017-12-06 10:39:00,48.23,48.23,48.18,48.18,800.0
2017-12-06 10:40:00,48.22,48.25,48.22,48.25,1100.0
2017-12-06 10:41:00,48.24,48.24,48.21,48.21,682.0
2017-12-06 10:42:00,48.21,48.23,48.21,48.23,1000.0
2017-12-06 10:43:00,48.17,48.205,48.17,48.19,1700.0
2017-12-06 10:44:00,48.14,48.17,48.14,48.16,700.0
2017-12-06 10:45:00,48.16,48.18,48.14,48.14,2506.0
2017-12-06 10:46:00,48.15,48.16,48.14,48.14,600.0
2017-12-06 10:47:00,48.15,48.17,48.14,48.14,600.0
2017-12-06 10:48:00,48.13,48.14,48.13,48.14,1045.0
2017-12-06 10:49:00,48.1502,48.17,48.13,48.13,4673.0
2017-12-06 10:50:00,48.16,48.16,48.12,48.15,1000.0
2017-12-06 10:51:00,48.16,48.16,48.16,48.16,900.0
2017-12-06 10:52:00,48.17,48.17,48.16,48.16,600.0
2017-12-06 10:53:00,48.17,48.18,48.17,48.18,400.0
2017-12-06 10:54:00,48.18,48.2,48.165,48.18,2155.0
2017-12-06 10:55:00,48.14,48.17,48.14,48.15,300.0
2017-12-06 10:56:00,48.15,48.15,48.1201,48.14,1570.0
2017-12-06 10:57:00,48.15,48.16,48.141000000000005,48.16,714.0
2017-12-06 10:58:00,48.14,48.161,48.14,48.15,2812.0
2017-12-06 10:59:00,48.115,48.135,48.1,48.135,900.0
2017-12-06 11:00:00,48.09,48.12,48.09,48.1,2200.0
2017-12-06 11:01:00,48.04,48.1,48.03,48.1,1030.0
2017-12-06 11:02:00,48.06,48.06,48.04,48.04,1158.0
2017-12-06 11:03:00,48.07,48.08,48.07,48.08,700.0
2017-12-06 11:04:00,48.06,48.07,48.06,48.06,899.0
2017-12-06 11:05:00,48.031000000000006,48.04,48.031000000000006,48.04,1169.0
2017-12-06 11:06:00,48.02,48.035,48.01,48.035,5125.0
2017-12-06 11:07:00,48.01,48.03,48.01,48.03,2272.0
2017-12-06 11:08:00,48.025,48.03,48.025,48.03,215.0
2017-12-06 11:09:00,48.01,48.0175,48.01,48.01,7826.0
2017-12-06 11:10:00,48.01,48.01,48.01,48.01,300.0
2017-12-06 11:11:00,47.9455,48.04,47.93,48.025,12521.0
2017-12-06 11:12:00,47.94,47.97,47.94,47.95,4879.0
2017-12-06 11:13:00,47.96,47.97,47.94,47.94,1824.0
2017-12-06 11:14:00,47.94,47.96,47.94,47.96,1315.0
2017-12-06 11:15:00,47.93,47.95,47.92,47.9201,4100.0
2017-12-06 11:16:00,47.92,47.94,47.92,47.92,3514.0
2017-12-06 11:17:00,47.92,47.93,47.9,47.9,1765.0
2017-12-06 11:18:00,47.95,47.95,47.925,47.93,3339.0
2017-12-06 11:19:00,47.95,47.95,47.94,47.94,2373.0
2017-12-06 11:20:00,47.9399,47.96,47.9399,47.96,1610.0
2017-12-06 11:21:00,47.9266,47.96,47.9266,47.94,4513.0
2017-12-06 11:22:00,47.96,47.96,47.93,47.93,1200.0
2017-12-06 11:23:00,47.945,47.97,47.945,47.96,2100.0
2017-12-06 11:24:00,47.94,47.94,47.94,47.94,100.0
2017-12-06 11:25:00,47.92,47.94,47.92,47.94,699.0
2017-12-06 11:26:00,47.87,47.922,47.87,47.91,1480.0
2017-12-06 11:27:00,47.81,47.86,47.81,47.8586,5511.0
2017-12-06 11:28:00,47.79,47.8228,47.79,47.8228,5322.0
2017-12-06 11:29:00,47.84,47.84,47.78,47.78,3108.0
2017-12-06 11:30:00,47.865,47.865,47.865,47.865,100.0
2017-12-06 11:31:00,47.87,47.88,47.86,47.88,1756.0
2017-12-06 11:32:00,47.86,47.87,47.85,47.86,1900.0
2017-12-06 11:33:00,47.83,47.865,47.83,47.865,1100.0
2017-12-06 11:34:00,47.833,47.833,47.833,47.833,350.0
2017-12-06 11:35:00,47.83,47.84,47.82,47.83,1900.0
2017-12-06 11:36:00,47.82,47.84,47.82,47.84,600.0
2017-12-06 11:37:00,47.8321,47.84,47.83,47.84,386.0
2017-12-06 11:38:00,47.72,47.82,47.72,47.82,3800.0
2017-12-06 11:39:00,47.74,47.75,47.72,47.75,1420.0
2017-12-06 11:40:00,47.75,47.75,47.73,47.735,2203.0
2017-12-06 11:41:00,47.74,47.76,47.71,47.75,3712.0
2017-12-06 11:42:00,47.74,47.74,47.71,47.71,3000.0
2017-12-06 11:43:00,47.73,47.74,47.73,47.74,1300.0
2017-12-06 11:44:00,47.72,47.74,47.72,47.73,1841.0
2017-12-06 11:45:00,47.73,47.73,47.72,47.73,1400.0
2017-12-06 11:46:00,47.76,47.76,47.725,47.73,5118.0
2017-12-06 11:47:00,47.775,47.78,47.77,47.77,604.0
2017-12-06 11:48:00,47.76,47.775,47.76,47.775,1905.0
2017-12-06 11:49:00,47.735,47.76,47.735,47.76,1500.0
2017-12-06 11:50:00,47.76,47.77,47.72,47.72,2520.0
2017-12-06 11:51:00,47.76,47.76,47.75,47.75,680.0
2017-12-06 11:52:00,47.76,47.78,47.76,47.765,6314.0
2017-12-06 11:53:00,47.76,47.76,47.75,47.76,3000.0
2017-12-06 11:54:00,47.71,47.755,47.71,47.755,2497.0
2017-12-06 11:55:00,47.7,47.725,47.7,47.71,3453.0
2017-12-06 11:56:00,47.69,47.71,47.69,47.7,2300.0
2017-12-06 11:57:00,47.68,47.71,47.67,47.68,3800.0
2017-12-06 11:58:00,47.69,47.69,47.67,47.67,1580.0
2017-12-06 11:59:00,47.71,47.725,47.7,47.7,7900.0
2017-12-06 12:00:00,47.72,47.72,47.69,47.7,3533.0
2017-12-06 12:01:00,47.72,47.73,47.71,47.71,2400.0
2017-12-06 12:02:00,47.7,47.72,47.7,47.72,5549.0
2017-12-06 12:03:00,47.71,47.71,47.68,47.68,1303.0
2017-12-06 12:04:00,47.71,47.71,47.71,47.71,400.0
2017-12-06 12:05:00,47.66,47.71,47.66,47.71,4115.0
2017-12-06 12:06:00,47.695,47.695,47.67,47.67,3693.0
2017-12-06 12:07:00,47.7,47.7,47.6844,47.7,1400.0
2017-12-06 12:08:00,47.71,47.725,47.7,47.71,20496.0
2017-12-06 12:09:00,47.69,47.72,47.69,47.7,2385.0
2017-12-06 12:10:00,47.67,47.68,47.6575,47.68,1533.0
2017-12-06 12:11:00,47.655,47.68,47.64,47.6697,3939.0
2017-12-06 12:12:00,47.63,47.6517,47.63,47.6517,2367.0
2017-12-06 12:13:00,47.62,47.625,47.61,47.62,1300.0
2017-12-06 12:14:00,47.62,47.62,47.6,47.61,2000.0
2017-12-06 12:15:00,47.67,47.67,47.645,47.65,1700.0
2017-12-06 12:16:00,47.66,47.66,47.64,47.66,1400.0
2017-12-06 12:17:00,47.69,47.695,47.65,47.66,1805.0
2017-12-06 12:18:00,47.7,47.7,47.68,47.69,2703.0
2017-12-06 12:19:00,47.71,47.71,47.695,47.7,2387.0
2017-12-06 12:20:00,47.7,47.72,47.7,47.71,2850.0
2017-12-06 12:21:00,47.71,47.71,47.67,47.69,2681.0
2017-12-06 12:22:00,47.71,47.7101,47.7,47.71,1934.0
2017-12-06 12:23:00,47.71,47.71,47.7,47.7016,1000.0
2017-12-06 12:24:00,47.69,47.7256,47.69,47.71,4053.0
2017-12-06 12:25:00,47.68,47.695,47.68,47.695,723.0
2017-12-06 12:26:00,47.69,47.69,47.66,47.66,950.0
2017-12-06 12:27:00,47.73,47.73,47.69,47.69,4524.0
2017-12-06 12:28:00,47.71,47.73,47.7,47.73,2148.0
2017-12-06 12:29:00,47.71,47.71,47.69,47.71,1380.0
2017-12-06 12:30:00,47.71,47.725,47.7,47.71,1786.0
2017-12-06 12:31:00,47.7,47.72,47.7,47.7,3170.0
2017-12-06 12:32:00,47.71,47.71,47.7,47.7099,865.0
2017-12-06 12:33:00,47.71,47.72,47.7023,47.72,1093.0
2017-12-06 12:34:00,47.71,47.71,47.7,47.71,1000.0
2017-12-06 12:35:00,47.73,47.75,47.71,47.72,6415.0
2017-12-06 12:36:00,47.72,47.74,47.715,47.74,2800.0
2017-12-06 12:37:00,47.72,47.73,47.72,47.72,1386.0
2017-12-06 12:38:00,47.71,47.715,47.701,47.715,1400.0
2017-12-06 12:39:00,47.71,47.72,47.71,47.72,1000.0
2017-12-06 12:40:00,47.71,47.715,47.71,47.715,400.0
2017-12-06 12:41:00,47.69,47.71,47.69,47.71,1722.0
2017-12-06 12:42:00,47.7,47.7,47.69,47.69,700.0
2017-12-06 12:43:00,47.715,47.715,47.68,47.7,2443.0
2017-12-06 12:44:00,47.695,47.71,47.695,47.71,1600.0
2017-12-06 12:45:00,47.69,47.705,47.69,47.7,3275.0
2017-12-06 12:46:00,47.71,47.71,47.69,47.69,800.0
2017-12-06 12:47:00,47.7,47.71,47.7,47.71,1300.0
2017-12-06 12:48:00,47.71,47.71,47.7,47.705,1600.0
2017-12-06 12:49:00,47.72,47.72,47.7,47.7,905.0
2017-12-06 12:50:00,47.705,47.715,47.7,47.71,2788.0
2017-12-06 12:51:00,47.695,47.7,47.68,47.7,2190.0
2017-12-06 12:52:00,47.695,47.7,47.69,47.695,1340.0
2017-12-06 12:53:00,47.72,47.72,47.705,47.705,920.0
2017-12-06 12:54:00,47.7211,47.73,47.72,47.72,2300.0
2017-12-06 12:55:00,47.74,47.74,47.72,47.72,300.0
2017-12-06 12:56:00,47.72,47.75,47.72,47.74,3052.0
2017-12-06 12:57:00,47.68,47.71,47.68,47.71,800.0
2017-12-06 12:58:00,47.69,47.69,47.69,47.69,1686.0
2017-12-06 12:59:00,47.68,47.695,47.675,47.6925,2254.0
2017-12-06 13:00:00,47.7,47.7,47.69,47.69,1114.0
2017-12-06 13:01:00,47.69,47.705,47.69,47.7,1420.0
2017-12-06 13:02:00,47.725,47.73,47.7,47.7,2285.0
2017-12-06 13:03:00,47.725,47.73,47.725,47.7261,1011.0
2017-12-06 13:04:00,47.72,47.725,47.72,47.72,1911.0
2017-12-06 13:05:00,47.72,47.725,47.72,47.72,1300.0
2017-12-06 13:06:00,47.74,47.75,47.73,47.73,4132.0
2017-12-06 13:07:00,47.7542,47.755,47.7542,47.755,1260.0
2017-12-06 13:08:00,47.71,47.75,47.71,47.74,4030.0
2017-12-06 13:09:00,47.7,47.71,47.7,47.71,600.0
2017-12-06 13:10:00,47.73,47.73,47.71,47.71,2000.0
2017-12-06 13:11:00,47.73,47.73,47.73,47.73,200.0
2017-12-06 13:12:00,47.745,47.745,47.73,47.73,1600.0
2017-12-06 13:13:00,47.74,47.75,47.74,47.74,1100.0
2017-12-06 13:14:00,47.74,47.74,47.74,47.74,1700.0
2017-12-06 13:15:00,47.76,47.78,47.74,47.74,4881.0
2017-12-06 13:16:00,47.76,47.76,47.76,47.76,700.0
2017-12-06 13:17:00,47.74,47.75,47.73,47.74,2777.0
2017-12-06 13:18:00,47.73,47.73,47.73,47.73,200.0
2017-12-06 13:19:00,47.73,47.74,47.73,47.73,1293.0
2017-12-06 13:20:00,47.7,47.72,47.7,47.72,2600.0
2017-12-06 13:21:00,47.7034,47.705,47.7034,47.705,300.0
2017-12-06 13:22:00,47.7,47.7,47.7,47.7,800.0
2017-12-06 13:23:00,47.68,47.69,47.68,47.69,2000.0
2017-12-06 13:24:00,47.68,47.68,47.68,47.68,400.0
2017-12-06 13:25:00,47.67,47.69,47.67,47.69,2745.0
2017-12-06 13:26:00,47.69,47.69,47.66,47.66,3400.0
2017-12-06 13:27:00,47.69,47.69,47.6836,47.69,1800.0
2017-12-06 13:28:00,47.72,47.72,47.69,47.69,1500.0
2017-12-06 13:29:00,47.71,47.72,47.71,47.72,1222.0
2017-12-06 13:30:00,47.69,47.7061,47.69,47.7061,1120.0
2017-12-06 13:31:00,47.68,47.681000000000004,47.68,47.681000000000004,310.0
2017-12-06 13:32:00,47.68,47.69,47.68,47.69,2104.0
2017-12-06 13:33:00,47.71,47.71,47.69,47.69,1300.0
2017-12-06 13:34:00,47.74,47.74,47.71,47.71,1409.0
2017-12-06 13:35:00,47.72,47.74,47.72,47.74,1089.0
2017-12-06 13:36:00,47.71,47.71,47.71,47.71,100.0
2017-12-06 13:37:00,47.71,47.71,47.7,47.71,2000.0
2017-12-06 13:38:00,47.695,47.7,47.695,47.7,1000.0
2017-12-06 13:39:00,47.7,47.7,47.69,47.69,3628.0
2017-12-06 13:40:00,47.71,47.71,47.71,47.71,1100.0
2017-12-06 13:41:00,47.73,47.73,47.71,47.71,3900.0
2017-12-06 13:42:00,47.71,47.73,47.71,47.73,500.0
2017-12-06 13:43:00,47.73,47.74,47.72,47.72,2304.0
2017-12-06 13:44:00,47.75,47.75,47.74,47.74,2400.0
2017-12-06 13:46:00,47.72,47.73,47.72,47.73,2200.0
2017-12-06 13:47:00,47.72,47.72,47.72,47.72,300.0
2017-12-06 13:48:00,47.71,47.715,47.71,47.71,1250.0
2017-12-06 13:49:00,47.72,47.721000000000004,47.715,47.72,1800.0
2017-12-06 13:51:00,47.74,47.74,47.71,47.71,2024.0
2017-12-06 13:52:00,47.76,47.76,47.75,47.75,900.0
2017-12-06 13:53:00,47.745,47.75,47.74,47.75,4197.0
2017-12-06 13:54:00,47.77,47.77,47.7325,47.7325,3100.0
2017-12-06 13:55:00,47.77,47.78,47.77,47.78,200.0
2017-12-06 13:56:00,47.78,47.785,47.76,47.76,3020.0
2017-12-06 13:57:00,47.77,47.78,47.77,47.78,946.0
2017-12-06 13:58:00,47.78,47.78,47.77,47.77,1158.0
2017-12-06 13:59:00,47.76,47.78,47.76,47.78,1207.0
2017-12-06 14:00:00,47.77,47.78,47.76,47.76,4400.0
2017-12-06 14:01:00,47.78,47.78,47.745,47.77,10087.0
2017-12-06 14:02:00,47.8,47.8,47.78,47.78,4317.0
2017-12-06 14:03:00,47.77,47.79,47.77,47.79,3361.0
2017-12-06 14:04:00,47.76,47.76,47.7501,47.76,520.0
2017-12-06 14:06:00,47.75,47.76,47.75,47.76,2304.0
2017-12-06 14:07:00,47.745,47.76,47.74,47.75,6451.0
2017-12-06 14:08:00,47.76,47.76,47.75,47.75,1710.0
2017-12-06 14:09:00,47.75,47.755,47.745,47.75,2145.0
2017-12-06 14:10:00,47.745,47.75,47.745,47.75,2323.0
2017-12-06 14:11:00,47.745,47.75,47.73,47.7476,11550.0
2017-12-06 14:12:00,47.82,47.85,47.75,47.75,19770.0
2017-12-06 14:13:00,47.805,47.82,47.805,47.82,2100.0
2017-12-06 14:14:00,47.795,47.795,47.795,47.795,600.0
2017-12-06 14:15:00,47.795,47.8,47.79,47.7939,2143.0
2017-12-06 14:16:00,47.78,47.795,47.78,47.795,3374.0
2017-12-06 14:17:00,47.76,47.77,47.74,47.77,4976.0
2017-12-06 14:18:00,47.74,47.77,47.74,47.76,4400.0
2017-12-06 14:19:00,47.75,47.755,47.745,47.75,2556.0
2017-12-06 14:20:00,47.76,47.77,47.755,47.76,4169.0
2017-12-06 14:21:00,47.8,47.8,47.76,47.76,4300.0
2017-12-06 14:22:00,47.805,47.805,47.79,47.79,8071.0
2017-12-06 14:24:00,47.79,47.805,47.79,47.805,2970.0
2017-12-06 14:25:00,47.805,47.81,47.79,47.79,2800.0
2017-12-06 14:26:00,47.765,47.805,47.75,47.805,6400.0
2017-12-06 14:27:00,47.78,47.785,47.77,47.77,2300.0
2017-12-06 14:28:00,47.77,47.78,47.765,47.78,1331.0
2017-12-06 14:29:00,47.78,47.78,47.77,47.77,900.0
2017-12-06 14:30:00,47.77,47.775,47.76,47.775,2400.0
2017-12-06 14:31:00,47.77,47.77,47.76,47.765,3253.0
2017-12-06 14:32:00,47.775,47.775,47.76,47.765,12366.0
2017-12-06 14:33:00,47.77,47.77,47.77,47.77,500.0
2017-12-06 14:34:00,47.77,47.78,47.77,47.78,900.0
2017-12-06 14:35:00,47.78,47.78,47.7623,47.78,5245.0
2017-12-06 14:36:00,47.775,47.78,47.77,47.78,1800.0
2017-12-06 14:37:00,47.86,47.875,47.78,47.78,12039.0
2017-12-06 14:38:00,47.86,47.87,47.84,47.865,10812.0
2017-12-06 14:39:00,47.88,47.88,47.87,47.87,3500.0
2017-12-06 14:40:00,47.891000000000005,47.9,47.88,47.89,5900.0
2017-12-06 14:41:00,47.84,47.8947,47.84,47.8947,5241.0
2017-12-06 14:42:00,47.835,47.835,47.825,47.835,1026.0
2017-12-06 14:43:00,47.83,47.83,47.82,47.83,640.0
2017-12-06 14:44:00,47.8,47.82,47.8,47.82,7258.0
2017-12-06 14:45:00,47.82,47.82,47.8,47.8,2230.0
2017-12-06 14:46:00,47.82,47.82,47.82,47.82,600.0
2017-12-06 14:47:00,47.825,47.825,47.79,47.815,7793.0
2017-12-06 14:48:00,47.825,47.83,47.825,47.83,2439.0
2017-12-06 14:49:00,47.82,47.83,47.82,47.825,4985.0
2017-12-06 14:50:00,47.82,47.83,47.81,47.8156,5635.0
2017-12-06 14:51:00,47.815,47.82,47.81,47.815,805.0
2017-12-06 14:52:00,47.815,47.82,47.81,47.81,1534.0
2017-12-06 14:53:00,47.83,47.83,47.81,47.815,6601.0
2017-12-06 14:54:00,47.809,47.81,47.8,47.81,5058.0
2017-12-06 14:55:00,47.8034,47.81,47.8034,47.805,1795.0
2017-12-06 14:56:00,47.81,47.81,47.8,47.81,1355.0
2017-12-06 14:57:00,47.805,47.81,47.8,47.8,700.0
2017-12-06 14:58:00,47.81,47.81,47.8,47.8061,3146.0
2017-12-06 14:59:00,47.8,47.81,47.8,47.8,1300.0
2017-12-06 15:00:00,47.8,47.81,47.78,47.805,10292.0
2017-12-06 15:01:00,47.79,47.805,47.79,47.8,3700.0
2017-12-06 15:02:00,47.79,47.8,47.78,47.78,12991.0
2017-12-06 15:03:00,47.785,47.79,47.785,47.79,2160.0
2017-12-06 15:04:00,47.76,47.78,47.75,47.78,5650.0
2017-12-06 15:05:00,47.75,47.755,47.75,47.75,1470.0
2017-12-06 15:06:00,47.76,47.76,47.755,47.755,9759.0
2017-12-06 15:07:00,47.755,47.755,47.755,47.755,2650.0
2017-12-06 15:08:00,47.745,47.76,47.745,47.76,3817.0
2017-12-06 15:09:00,47.74,47.745,47.73,47.74,9178.0
2017-12-06 15:10:00,47.76,47.76,47.745,47.745,7238.0
2017-12-06 15:11:00,47.72,47.755,47.72,47.75,11696.0
2017-12-06 15:12:00,47.7199,47.725,47.71,47.72,2009.0
2017-12-06 15:13:00,47.72,47.73,47.71,47.72,5533.0
2017-12-06 15:14:00,47.72,47.72,47.705,47.72,5998.0
2017-12-06 15:15:00,47.72,47.72,47.71,47.71,4331.0
2017-12-06 15:16:00,47.7101,47.715,47.7,47.71,4514.0
2017-12-06 15:17:00,47.72,47.72,47.715,47.715,300.0
2017-12-06 15:18:00,47.71,47.72,47.71,47.715,3829.0
2017-12-06 15:19:00,47.72,47.72,47.71,47.71,1300.0
2017-12-06 15:20:00,47.72,47.72,47.715,47.72,6471.0
2017-12-06 15:21:00,47.72,47.73,47.72,47.72,2400.0
2017-12-06 15:22:00,47.74,47.745,47.725,47.73,7287.0
2017-12-06 15:23:00,47.74,47.74,47.73,47.74,1000.0
2017-12-06 15:24:00,47.735,47.74,47.73,47.74,400.0
2017-12-06 15:25:00,47.735,47.74,47.73,47.735,600.0
2017-12-06 15:26:00,47.7,47.735,47.7,47.73,7624.0
2017-12-06 15:27:00,47.76,47.76,47.7,47.7,13135.0
2017-12-06 15:28:00,47.76,47.76,47.74,47.76,6600.0
2017-12-06 15:29:00,47.75,47.76,47.75,47.76,400.0
2017-12-06 15:30:00,47.79,47.8,47.74,47.742,15286.0
2017-12-06 15:31:00,47.8,47.8,47.79,47.79,1600.0
2017-12-06 15:32:00,47.79,47.8,47.78,47.79,10917.0
2017-12-06 15:33:00,47.795,47.8,47.79,47.795,1070.0
2017-12-06 15:34:00,47.79,47.8,47.77,47.8,9641.0
2017-12-06 15:35:00,47.74,47.785,47.74,47.78,9502.0
2017-12-06 15:36:00,47.76,47.76,47.74,47.74,5736.0
2017-12-06 15:37:00,47.755,47.76,47.75,47.75,1400.0
2017-12-06 15:38:00,47.78,47.78,47.755,47.755,10878.0
2017-12-06 15:39:00,47.77,47.775,47.76,47.775,7039.0
2017-12-06 15:40:00,47.77,47.775,47.77,47.775,1489.0
2017-12-06 15:41:00,47.76,47.78,47.76,47.77,4932.0
2017-12-06 15:42:00,47.7675,47.775,47.76,47.76,13632.0
2017-12-06 15:43:00,47.77,47.778999999999996,47.76,47.77,9323.0
2017-12-06 15:44:00,47.805,47.81,47.775,47.775,7421.0
2017-12-06 15:45:00,47.795,47.81,47.795,47.8,8675.0
2017-12-06 15:46:00,47.82,47.82,47.805,47.805,3095.0
2017-12-06 15:47:00,47.82,47.82,47.81,47.815,1636.0
2017-12-06 15:48:00,47.81,47.82,47.8,47.8166,13310.0
2017-12-06 15:49:00,47.855,47.86,47.81,47.81,20671.0
2017-12-06 15:50:00,47.83,47.855,47.83,47.85,15504.0
2017-12-06 15:51:00,47.8,47.83,47.8,47.83,6608.0
2017-12-06 15:52:00,47.805,47.81,47.8,47.8,6871.0
2017-12-06 15:53:00,47.79,47.82,47.79,47.805,19196.0
2017-12-06 15:54:00,47.79,47.8,47.79,47.79,3900.0
2017-12-06 15:55:00,47.795,47.8,47.79,47.79,6570.0
2017-12-06 15:56:00,47.805,47.81,47.79,47.8,16875.0
2017-12-06 15:57:00,47.77,47.81,47.77,47.805,28734.0
2017-12-06 15:58:00,47.77,47.78,47.77,47.77,8422.0
2017-12-06 15:59:00,47.79,47.79,47.77,47.77,22817.0
2017-12-06 16:00:00,47.8,47.8,47.78,47.79,28973.0
2017-12-07 09:31:00,47.7,47.95,47.6,47.73,19924.0
2017-12-07 09:32:00,47.551,47.72,47.5,47.72,1300.0
2017-12-07 09:33:00,47.75,47.75,47.62,47.62,1200.0
2017-12-07 09:34:00,47.745,47.77,47.725,47.77,1000.0
2017-12-07 09:35:00,47.8,47.87,47.74,47.74,4400.0
2017-12-07 09:36:00,47.69,47.805,47.64,47.8,3015.0
2017-12-07 09:37:00,47.64,47.69,47.63,47.69,2100.0
2017-12-07 09:38:00,47.58,47.66,47.565,47.645,4581.0
2017-12-07 09:39:00,47.65,47.65,47.62,47.65,953.0
2017-12-07 09:40:00,47.66,47.67,47.64,47.67,1800.0
2017-12-07 09:41:00,47.75,47.75,47.63,47.63,1900.0
2017-12-07 09:42:00,47.74,47.825,47.74,47.74,8583.0
2017-12-07 09:43:00,47.81,47.81,47.77,47.77,700.0
2017-12-07 09:44:00,47.93,47.93,47.82,47.82,6200.0
2017-12-07 09:45:00,47.97,48.0,47.93,47.95,11455.0
2017-12-07 09:46:00,47.92,47.97,47.89,47.97,4425.0
2017-12-07 09:47:00,47.9,47.9,47.8583,47.8583,600.0
2017-12-07 09:48:00,47.91,47.91,47.885,47.885,1830.0
2017-12-07 09:49:00,47.87,47.92,47.87,47.91,4643.0
2017-12-07 09:50:00,47.89,47.89,47.87,47.8799,1179.0
2017-12-07 09:51:00,47.905,47.91,47.88,47.89,1800.0
2017-12-07 09:52:00,47.94,47.94,47.91,47.92,1900.0
2017-12-07 09:53:00,47.95,47.95,47.93,47.94,1200.0
2017-12-07 09:54:00,47.9402,47.96,47.93,47.95,4162.0
2017-12-07 09:55:00,47.91,47.96,47.9,47.96,3833.0
2017-12-07 09:56:00,47.905,47.92,47.9,47.92,1285.0
2017-12-07 09:57:00,47.87,47.91,47.87,47.91,1100.0
2017-12-07 09:58:00,47.92,47.93,47.88,47.88,2663.0
2017-12-07 09:59:00,47.97,47.97,47.92,47.92,1300.0
2017-12-07 10:00:00,47.95,47.98,47.93,47.97,1700.0
2017-12-07 10:01:00,47.95,47.95,47.95,47.95,100.0
2017-12-07 10:02:00,47.9,47.92,47.9,47.92,2100.0
2017-12-07 10:03:00,47.89,47.91,47.88,47.8902,1951.0
2017-12-07 10:04:00,47.88,47.88,47.83,47.88,2500.0
2017-12-07 10:05:00,47.85,47.865,47.85,47.86,1600.0
2017-12-07 10:06:00,47.855,47.86,47.85,47.85,900.0
2017-12-07 10:07:00,47.82,47.864,47.82,47.86,4007.0
2017-12-07 10:08:00,47.86,47.86,47.836000000000006,47.85,2335.0
2017-12-07 10:09:00,47.86,47.86,47.84,47.84,734.0
2017-12-07 10:10:00,47.8,47.87,47.79,47.87,5700.0
2017-12-07 10:11:00,47.81,47.83,47.795,47.795,3146.0
2017-12-07 10:12:00,47.91,47.92,47.81,47.81,7922.0
2017-12-07 10:13:00,47.855,47.91,47.84,47.91,6504.0
2017-12-07 10:14:00,47.86,47.86,47.85,47.86,4411.0
2017-12-07 10:15:00,47.85,47.86,47.85,47.8534,1625.0
2017-12-07 10:16:00,47.8494,47.87,47.84,47.85,2326.0
2017-12-07 10:17:00,47.847,47.85,47.845,47.85,1400.0
2017-12-07 10:18:00,47.91,47.91,47.845,47.85,3322.0
2017-12-07 10:19:00,47.86,47.9,47.86,47.89,2300.0
2017-12-07 10:20:00,47.84,47.86,47.84,47.86,1100.0
2017-12-07 10:21:00,47.8698,47.8698,47.86,47.86,402.0
2017-12-07 10:22:00,47.9,47.9,47.9,47.9,100.0
2017-12-07 10:23:00,47.87,47.87,47.87,47.87,100.0
2017-12-07 10:24:00,47.88,47.88,47.88,47.88,1000.0
2017-12-07 10:25:00,47.87,47.87,47.86,47.87,1900.0
2017-12-07 10:26:00,47.85,47.86,47.85,47.86,3700.0
2017-12-07 10:28:00,47.84,47.84,47.84,47.84,200.0
2017-12-07 10:29:00,47.85,47.86,47.85,47.86,600.0
2017-12-07 10:30:00,47.8799,47.88,47.86,47.88,2413.0
2017-12-07 10:31:00,47.89,47.89,47.87,47.87,1400.0
2017-12-07 10:32:00,47.9,47.9,47.88,47.88,1000.0
2017-12-07 10:34:00,47.88,47.89,47.88,47.88,900.0
2017-12-07 12:03:00,47.69,47.7,47.68,47.68,3000.0
2017-12-07 12:04:00,47.68,47.69,47.68,47.69,200.0
2017-12-07 12:05:00,47.69,47.71,47.69,47.69,4300.0
2017-12-07 12:06:00,47.71,47.71,47.71,47.71,900.0
2017-12-07 12:07:00,47.74,47.74,47.73,47.74,700.0
2017-12-07 12:08:00,47.72,47.73,47.72,47.73,1360.0
2017-12-07 12:09:00,47.7,47.71,47.7,47.71,900.0
2017-12-07 12:10:00,47.7,47.71,47.7,47.71,2008.0
2017-12-07 12:11:00,47.73,47.74,47.68,47.7,3666.0
2017-12-07 12:12:00,47.71,47.71,47.71,47.71,100.0
2017-12-07 12:13:00,47.71,47.72,47.71,47.71,800.0
2017-12-07 12:14:00,47.71,47.72,47.71,47.72,300.0
2017-12-07 12:15:00,47.71,47.72,47.71,47.71,700.0
2017-12-07 12:16:00,47.68,47.715,47.68,47.71,2275.0
2017-12-07 12:17:00,47.69,47.71,47.68,47.68,2453.0
2017-12-07 12:18:00,47.69,47.7,47.69,47.7,400.0
2017-12-07 12:19:00,47.72,47.72,47.71,47.71,950.0
2017-12-07 12:20:00,47.71,47.71,47.71,47.71,100.0
2017-12-07 12:21:00,47.72,47.72,47.72,47.72,100.0
2017-12-07 12:22:00,47.74,47.79,47.72,47.72,16726.0
2017-12-07 12:23:00,47.74,47.74,47.74,47.74,200.0
2017-12-07 12:24:00,47.76,47.76,47.74,47.745,5325.0
2017-12-07 12:25:00,47.78,47.78,47.75,47.76,2280.0
2017-12-07 12:26:00,47.77,47.77,47.77,47.77,300.0
2017-12-07 12:27:00,47.74,47.76,47.74,47.76,700.0
2017-12-07 12:28:00,47.74,47.75,47.74,47.75,300.0
2017-12-07 12:29:00,47.74,47.74,47.73,47.735,704.0
2017-12-07 12:30:00,47.72,47.72,47.72,47.72,100.0
2017-12-07 12:31:00,47.72,47.735,47.72,47.735,200.0
2017-12-07 12:32:00,47.755,47.755,47.735,47.75,2806.0
2017-12-07 12:33:00,47.735,47.75,47.73,47.75,2200.0
2017-12-07 12:34:00,47.735,47.735,47.7275,47.7275,400.0
2017-12-07 12:35:00,47.735,47.735,47.735,47.735,400.0
2017-12-07 12:36:00,47.75,47.75,47.72,47.735,1700.0
2017-12-07 12:37:00,47.72,47.72,47.72,47.72,200.0
2017-12-07 12:38:00,47.73,47.73,47.72,47.73,400.0
2017-12-07 12:39:00,47.75,47.76,47.72,47.72,5426.0
2017-12-07 12:40:00,47.77,47.77,47.76,47.76,2200.0
2017-12-07 12:41:00,47.78,47.785,47.78,47.78,1200.0
2017-12-07 12:42:00,47.78,47.79,47.78,47.7899,2874.0
2017-12-07 12:43:00,47.77,47.79,47.77,47.78,1308.0
2017-12-07 12:44:00,47.8,47.81,47.78,47.78,2678.0
2017-12-07 12:45:00,47.78,47.81,47.78,47.81,2514.0
2017-12-07 12:46:00,47.77,47.77,47.77,47.77,500.0
2017-12-07 12:47:00,47.75,47.75,47.75,47.75,838.0
2017-12-07 12:48:00,47.76,47.77,47.76,47.76,1000.0
2017-12-07 12:49:00,47.78,47.78,47.77,47.77,300.0
2017-12-07 12:50:00,47.74,47.76,47.74,47.76,1799.0
2017-12-07 12:52:00,47.77,47.77,47.74,47.74,2100.0
2017-12-07 12:53:00,47.75,47.75,47.74,47.74,400.0
2017-12-07 12:56:00,47.755,47.755,47.755,47.755,200.0
2017-12-07 12:57:00,47.77,47.77,47.77,47.77,100.0
2017-12-07 12:58:00,47.7602,47.78,47.7602,47.78,250.0
2017-12-07 12:59:00,47.75,47.75,47.75,47.75,100.0
2017-12-07 13:00:00,47.76,47.76,47.75,47.75,300.0
2017-12-07 13:01:00,47.77,47.78,47.75,47.75,2080.0
2017-12-07 13:02:00,47.75,47.76,47.74,47.76,700.0
2017-12-07 13:03:00,47.7401,47.7401,47.7401,47.7401,670.0
2017-12-07 13:04:00,47.76,47.76,47.76,47.76,100.0
2017-12-07 13:05:00,47.7466,47.7466,47.7466,47.7466,1054.0
2017-12-07 13:06:00,47.745,47.75,47.74,47.74,2600.0
2017-12-07 13:07:00,47.745,47.745,47.74,47.745,3300.0
2017-12-08 09:30:00,48.21,48.21,48.21,48.21,7190.0
2017-12-08 09:31:00,48.05,48.26,48.05,48.26,400.0
2017-12-08 09:32:00,47.99,47.99,47.98,47.98,200.0
2017-12-08 09:33:00,47.998999999999995,47.998999999999995,47.97,47.98,700.0
2017-12-08 09:34:00,47.96,48.01,47.96,47.994,1389.0
2017-12-08 09:35:00,48.01,48.04,47.98,47.98,3143.0
2017-12-08 09:36:00,48.0,48.01,47.97,48.01,100674.0
2017-12-08 09:37:00,47.95,47.98,47.95,47.98,400.0
2017-12-08 09:38:00,47.91,47.94,47.91,47.94,625.0
2017-12-08 09:39:00,47.8775,47.91,47.87,47.91,2000.0
2017-12-08 09:40:00,47.9,47.9,47.83,47.85,3100.0
2017-12-08 09:41:00,47.9375,47.99,47.87,47.87,20600.0
2017-12-08 09:42:00,48.01,48.01,47.93,47.97,800.0
2017-12-08 09:43:00,47.98,48.02,47.98,48.02,4080.0
2017-12-08 09:44:00,47.99,47.99,47.93,47.99,4900.0
2017-12-08 09:45:00,48.01,48.01,48.01,48.01,100.0
2017-12-08 09:46:00,47.95,48.0,47.95,47.97,2710.0
2017-12-08 09:47:00,47.97,47.97,47.95,47.96,2000.0
2017-12-08 09:48:00,47.98,47.98,47.935,47.95,5509.0
2017-12-08 09:49:00,47.976000000000006,47.976000000000006,47.976000000000006,47.976000000000006,155.0
2017-12-08 09:50:00,48.0,48.0,47.98,47.98,1080.0
2017-12-08 09:51:00,48.01,48.03,48.01,48.02,1700.0
2017-12-08 09:52:00,48.06,48.07,48.01,48.03,5100.0
2017-12-08 09:53:00,48.09,48.09,48.06,48.06100000000001,2414.0
2017-12-08 09:54:00,48.09,48.14,48.09,48.1,3500.0
2017-12-08 09:55:00,48.07,48.11,48.05,48.11,500.0
2017-12-08 09:56:00,48.09,48.09,48.05,48.05,1766.0
2017-12-08 09:57:00,48.15,48.15,48.1,48.1,800.0
2017-12-08 09:58:00,48.21,48.21,48.17,48.17,940.0
2017-12-08 09:59:00,48.13,48.17,48.125,48.17,2298.0
2017-12-08 10:00:00,48.1,48.13,48.09,48.12,700.0
2017-12-08 10:01:00,48.12,48.12,48.09,48.09,1000.0
2017-12-08 10:02:00,48.05,48.1,48.05,48.1,2115.0
2017-12-08 10:03:00,48.07,48.07,48.055,48.055,1900.0
2017-12-08 10:04:00,48.21,48.22,48.07,48.08,10044.0
2017-12-08 10:05:00,48.2,48.22,48.19,48.205,1400.0
2017-12-08 10:06:00,48.21,48.21,48.16,48.17,7849.0
2017-12-08 10:07:00,48.22,48.22,48.2068,48.2068,900.0
2017-12-08 10:08:00,48.24,48.27,48.225,48.23,3531.0
2017-12-08 10:09:00,48.26,48.27,48.23,48.24,6412.0
2017-12-08 10:10:00,48.235,48.26,48.23,48.26,2306.0
2017-12-08 10:11:00,48.19,48.225,48.19,48.225,14577.0
2017-12-08 10:12:00,48.2,48.2,48.2,48.2,200.0
2017-12-08 10:13:00,48.1939,48.2,48.1939,48.2,660.0
2017-12-08 10:14:00,48.18,48.1932,48.16,48.1932,1965.0
2017-12-08 10:15:00,48.17,48.19,48.17,48.18,3995.0
2017-12-08 10:16:00,48.14,48.16,48.14,48.16,3469.0
2017-12-08 10:17:00,48.13,48.15,48.13,48.15,750.0
2017-12-08 10:18:00,48.1,48.1,48.1,48.1,100.0
2017-12-08 10:19:00,48.19,48.19,48.08,48.095,6921.0
2017-12-08 10:20:00,48.23,48.23,48.2,48.2,900.0
2017-12-08 10:21:00,48.23,48.23,48.2,48.2,1100.0
2017-12-08 10:22:00,48.28,48.28,48.22,48.23,3188.0
2017-12-08 10:23:00,48.28,48.28,48.25,48.28,4763.0
2017-12-08 10:24:00,48.3,48.3,48.25,48.25,3612.0
2017-12-08 10:25:00,48.35,48.35,48.27,48.3,7089.0
2017-12-08 10:26:00,48.34,48.35,48.32,48.33,1800.0
2017-12-08 10:27:00,48.35,48.39,48.34,48.34,5841.0
2017-12-08 10:28:00,48.36,48.37,48.34,48.35,3332.0
2017-12-08 10:29:00,48.32,48.34,48.32,48.33,4000.0
2017-12-08 10:30:00,48.3,48.32,48.3,48.31,1600.0
2017-12-08 10:31:00,48.33,48.33,48.29,48.29,1621.0
2017-12-08 10:32:00,48.35,48.35,48.3014,48.3014,3310.0
2017-12-08 10:33:00,48.37,48.37,48.34,48.35,1400.0
2017-12-08 10:34:00,48.33,48.38,48.33,48.37,5715.0
2017-12-08 10:35:00,48.3,48.32,48.29,48.31,2500.0
2017-12-08 10:36:00,48.28,48.3,48.275,48.3,2731.0
2017-12-08 10:37:00,48.27,48.28,48.26,48.28,1000.0
2017-12-08 10:38:00,48.29,48.295,48.26,48.26,3237.0
2017-12-08 10:39:00,48.3,48.31,48.28,48.295,4300.0
2017-12-08 10:40:00,48.36,48.37,48.29,48.29,5360.0
2017-12-08 10:41:00,48.35,48.35,48.33,48.35,700.0
2017-12-08 10:42:00,48.345,48.345,48.345,48.345,200.0
2017-12-08 10:43:00,48.37,48.37,48.32,48.33,2250.0
2017-12-08 10:44:00,48.34,48.38,48.34,48.38,800.0
2017-12-08 10:45:00,48.37,48.38,48.34,48.34,4790.0
2017-12-08 10:46:00,48.3679,48.38,48.36,48.37,1100.0
2017-12-08 10:47:00,48.34,48.37,48.34,48.36,1800.0
2017-12-08 10:48:00,48.33,48.34,48.33,48.34,1300.0
2017-12-08 10:49:00,48.32,48.33,48.32,48.33,900.0
2017-12-08 10:50:00,48.34,48.34,48.32,48.32,1544.0
2017-12-08 10:51:00,48.335,48.34,48.33,48.33,720.0
2017-12-08 10:52:00,48.35,48.36,48.315,48.33,4500.0
2017-12-08 10:53:00,48.34,48.35,48.34,48.34,1900.0
2017-12-08 10:54:00,48.33,48.34,48.33,48.33,700.0
2017-12-08 10:55:00,48.31,48.33,48.31,48.33,1900.0
2017-12-08 10:56:00,48.3,48.3,48.29,48.3,2200.0
2017-12-08 10:57:00,48.3,48.3,48.3,48.3,400.0
2017-12-08 10:58:00,48.32,48.325,48.3,48.3,2805.0
2017-12-08 10:59:00,48.31,48.31,48.31,48.31,300.0
2017-12-08 11:00:00,48.37,48.37,48.3,48.305,2622.0
2017-12-08 11:01:00,48.35,48.38,48.35,48.36,3017.0
2017-12-08 11:02:00,48.35,48.36,48.35,48.36,1600.0
2017-12-08 11:03:00,48.36,48.36,48.35,48.3501,1100.0
2017-12-08 11:04:00,48.33,48.35,48.33,48.35,1700.0
2017-12-08 11:05:00,48.3,48.32,48.3,48.32,2500.0
2017-12-08 11:06:00,48.33,48.33,48.31,48.32,3702.0
2017-12-08 11:07:00,48.34,48.345,48.33,48.33,1200.0
2017-12-08 11:08:00,48.32,48.34,48.32,48.34,1835.0
2017-12-08 11:09:00,48.3,48.3107,48.3,48.31,1078.0
2017-12-08 11:10:00,48.29,48.3,48.29,48.3,1800.0
2017-12-08 11:11:00,48.305,48.31,48.305,48.31,1200.0
2017-12-08 11:12:00,48.32,48.32,48.31,48.32,900.0
2017-12-08 11:13:00,48.32,48.33,48.3149,48.3149,1371.0
2017-12-08 11:14:00,48.33,48.34,48.32,48.32,3300.0
2017-12-08 11:15:00,48.355,48.37,48.33,48.33,3548.0
2017-12-08 11:16:00,48.35,48.37,48.35,48.36,1581.0
2017-12-08 11:18:00,48.36,48.37,48.36,48.36,400.0
2017-12-08 11:19:00,48.39,48.41,48.365,48.365,5412.0
2017-12-08 11:20:00,48.38,48.4,48.38,48.4,900.0
2017-12-08 11:21:00,48.39,48.4,48.39,48.39,1950.0
2017-12-08 11:22:00,48.36,48.39,48.36,48.39,1782.0
2017-12-08 11:23:00,48.39,48.39,48.3752,48.38,1350.0
2017-12-08 11:24:00,48.38,48.39,48.36,48.39,1200.0
2017-12-08 11:25:00,48.36,48.39,48.36,48.38,2500.0
2017-12-08 11:26:00,48.39,48.4,48.37,48.37,1850.0
2017-12-08 11:27:00,48.4,48.4,48.37,48.38,1200.0
2017-12-08 11:28:00,48.38,48.4,48.38,48.4,2100.0
2017-12-08 11:29:00,48.39,48.39,48.37,48.38,936.0
2017-12-08 11:30:00,48.45,48.45,48.3895,48.39,11138.0
2017-12-08 11:31:00,48.425,48.47,48.42,48.45,4535.0
2017-12-08 11:32:00,48.39,48.42,48.39,48.42,400.0
2017-12-08 11:33:00,48.405,48.42,48.405,48.42,614.0
2017-12-08 11:34:00,48.45,48.45,48.4,48.4,1565.0
2017-12-08 11:35:00,48.45,48.45,48.435,48.45,300.0
2017-12-08 11:36:00,48.49,48.49,48.45,48.45,1800.0
2017-12-08 11:37:00,48.5,48.51,48.48,48.48,9858.0
2017-12-08 11:38:00,48.5,48.52,48.5,48.52,3031.0
2017-12-08 11:39:00,48.55,48.55,48.5,48.5,2714.0
2017-12-08 11:40:00,48.55,48.55,48.55,48.55,100.0
2017-12-08 11:41:00,48.55,48.55,48.55,48.55,400.0
2017-12-08 11:43:00,48.52,48.54,48.52,48.54,500.0
2017-12-08 11:44:00,48.52,48.54,48.515,48.54,2253.0
2017-12-08 11:45:00,48.43,48.51,48.43,48.51,7100.0
2017-12-08 11:46:00,48.47,48.47,48.4424,48.4424,2390.0
2017-12-08 11:47:00,48.45,48.48,48.45,48.47,14600.0
2017-12-08 11:48:00,48.465,48.47,48.45,48.45,2000.0
2017-12-08 11:49:00,48.46,48.48,48.455,48.47,1900.0
2017-12-08 11:50:00,48.47,48.47,48.46,48.46,900.0
2017-12-08 11:51:00,48.45,48.47,48.45,48.46,4925.0
2017-12-08 11:52:00,48.45,48.47,48.45,48.45,3425.0
2017-12-08 11:53:00,48.47,48.47,48.47,48.47,100.0
2017-12-08 11:54:00,48.45,48.46,48.44,48.455,1136.0
2017-12-08 11:55:00,48.45,48.45,48.43,48.44,3800.0
2017-12-08 11:56:00,48.44,48.45,48.4328,48.4328,460.0
2017-12-08 11:57:00,48.4399,48.44,48.43,48.44,1110.0
2017-12-08 11:58:00,48.5,48.5,48.44,48.44,7100.0
2017-12-08 11:59:00,48.505,48.52,48.49,48.5,4200.0
2017-12-08 12:00:00,48.5,48.5,48.47,48.49,2646.0
2017-12-08 12:01:00,48.47,48.5,48.47,48.5,900.0
2017-12-08 12:02:00,48.45,48.46,48.45,48.46,1800.0
2017-12-08 12:03:00,48.42,48.44,48.42,48.44,2440.0
2017-12-08 12:04:00,48.48,48.48,48.43,48.43,5151.0
2017-12-08 12:05:00,48.47,48.5,48.47,48.5,1480.0
2017-12-08 12:06:00,48.45,48.46,48.45,48.46,2800.0
2017-12-08 12:07:00,48.48,48.48,48.46,48.46,1509.0
2017-12-08 12:08:00,48.45,48.47,48.45,48.47,3400.0
2017-12-08 12:09:00,48.44,48.44,48.44,48.44,1200.0
2017-12-08 12:10:00,48.48,48.48,48.445,48.45,2508.0
2017-12-08 12:11:00,48.46,48.47,48.45,48.47,1000.0
2017-12-08 12:12:00,48.45,48.45,48.45,48.45,300.0
2017-12-08 12:13:00,48.4,48.44,48.4,48.44,2400.0
2017-12-08 12:14:00,48.41,48.41,48.39,48.39,600.0
2017-12-08 12:15:00,48.3951,48.3951,48.3951,48.3951,200.0
2017-12-08 12:16:00,48.39,48.4,48.39,48.4,1500.0
2017-12-08 12:17:00,48.4,48.4,48.4,48.4,100.0
2017-12-08 12:18:00,48.395,48.395,48.39,48.395,600.0
2017-12-08 12:19:00,48.39,48.4,48.37,48.395,12440.0
2017-12-08 12:20:00,48.38,48.38,48.36,48.36,200.0
2017-12-08 12:21:00,48.36,48.38,48.36,48.37,1588.0
2017-12-08 12:22:00,48.41,48.41,48.365,48.365,7083.0
2017-12-08 12:23:00,48.39,48.42,48.39,48.41,800.0
2017-12-08 12:24:00,48.41,48.41,48.41,48.41,100.0
2017-12-08 12:25:00,48.3875,48.39,48.3875,48.39,500.0
2017-12-08 12:26:00,48.37,48.37,48.37,48.37,600.0
2017-12-08 12:27:00,48.37,48.37,48.36,48.3623,1915.0
2017-12-08 12:28:00,48.365,48.37,48.36,48.36,500.0
2017-12-08 12:29:00,48.4,48.4,48.36,48.36,2600.0
2017-12-08 12:30:00,48.395,48.4,48.39,48.4,1800.0
2017-12-08 12:31:00,48.3925,48.395,48.39,48.39,1651.0
2017-12-08 12:32:00,48.4,48.42,48.39,48.395,5387.0
2017-12-08 12:33:00,48.42,48.42,48.405,48.405,1400.0
2017-12-08 12:34:00,48.4,48.415,48.4,48.415,900.0
2017-12-08 12:35:00,48.43,48.43,48.41,48.41,300.0
2017-12-08 12:36:00,48.4,48.41,48.39,48.41,2000.0
2017-12-08 12:37:00,48.39,48.4,48.39,48.4,1500.0
2017-12-08 12:38:00,48.38,48.385,48.37,48.385,300.0
2017-12-08 12:39:00,48.39,48.39,48.36,48.36,1800.0
2017-12-08 12:40:00,48.42,48.42,48.39,48.4,933.0
2017-12-08 12:41:00,48.4,48.41,48.4,48.4,4326.0
2017-12-08 12:42:00,48.4,48.4,48.38,48.39,4003.0
2017-12-08 12:43:00,48.39,48.4,48.385,48.39,700.0
2017-12-08 12:44:00,48.3864,48.3864,48.38,48.38,2400.0
2017-12-08 12:45:00,48.38,48.38,48.38,48.38,1700.0
2017-12-08 12:46:00,48.38,48.38,48.37,48.38,1200.0
2017-12-08 12:47:00,48.37,48.37,48.37,48.37,1000.0
2017-12-08 12:48:00,48.39,48.4,48.3748,48.3748,7499.0
2017-12-08 12:49:00,48.38,48.4,48.38,48.4,2100.0
2017-12-08 12:51:00,48.39,48.4,48.38,48.38,4892.0
2017-12-08 12:52:00,48.35,48.3999,48.33,48.3999,6500.0
2017-12-08 12:53:00,48.335,48.355,48.32,48.33,4759.0
2017-12-08 12:54:00,48.32,48.32,48.32,48.32,100.0
2017-12-08 12:55:00,48.3116,48.32,48.3116,48.32,900.0
2017-12-08 12:56:00,48.31,48.31,48.31,48.31,400.0
2017-12-08 12:57:00,48.3,48.31,48.3,48.31,600.0
2017-12-08 12:58:00,48.31,48.31,48.3,48.31,800.0
2017-12-08 12:59:00,48.31,48.31,48.3,48.3,800.0
2017-12-08 13:00:00,48.31,48.335,48.31,48.31,4182.0
2017-12-08 13:01:00,48.33,48.33,48.33,48.33,100.0
2017-12-08 13:02:00,48.32,48.3375,48.32,48.3375,800.0
2017-12-08 13:03:00,48.31,48.32,48.31,48.32,700.0
2017-12-08 13:04:00,48.27,48.29,48.27,48.29,500.0
2017-12-08 13:05:00,48.28,48.29,48.28,48.29,300.0
2017-12-08 13:06:00,48.29,48.29,48.29,48.29,100.0
2017-12-08 13:07:00,48.3,48.3,48.285,48.295,2600.0
2017-12-08 13:08:00,48.29,48.3,48.28,48.29,2100.0
2017-12-08 13:09:00,48.29,48.3,48.29,48.3,400.0
2017-12-08 13:10:00,48.3,48.3,48.29,48.29,800.0
2017-12-08 13:11:00,48.31,48.32,48.3,48.3,6750.0
2017-12-08 13:12:00,48.31,48.31,48.31,48.31,100.0
2017-12-08 13:13:00,48.3,48.31,48.3,48.31,2487.0
2017-12-08 13:14:00,48.3,48.305,48.3,48.3,3922.0
2017-12-08 13:15:00,48.305,48.31,48.305,48.305,2400.0
2017-12-08 13:16:00,48.32,48.32,48.31,48.31,8204.0
2017-12-08 13:17:00,48.34,48.34,48.32,48.3275,3946.0
2017-12-08 13:18:00,48.335,48.35,48.33,48.34,3700.0
2017-12-08 13:19:00,48.35,48.35,48.34,48.34,300.0
2017-12-08 13:20:00,48.335,48.35,48.335,48.34,5359.0
2017-12-08 13:21:00,48.33,48.34,48.33,48.3301,2200.0
2017-12-08 13:22:00,48.35,48.35,48.34,48.34,2009.0
2017-12-08 13:23:00,48.34,48.34,48.34,48.34,300.0
2017-12-08 13:24:00,48.32,48.34,48.32,48.34,1504.0
2017-12-08 13:25:00,48.31,48.325,48.31,48.325,2972.0
2017-12-08 13:27:00,48.3,48.31,48.3,48.3,600.0
2017-12-08 13:28:00,48.3,48.3,48.29,48.295,550.0
2017-12-08 13:29:00,48.29,48.295,48.29,48.295,400.0
2017-12-08 13:30:00,48.29,48.29,48.29,48.29,300.0
2017-12-08 13:31:00,48.29,48.29,48.28,48.29,300.0
2017-12-08 13:32:00,48.29,48.3,48.29,48.295,900.0
2017-12-08 13:33:00,48.29,48.3,48.29,48.295,4375.0
2017-12-08 13:34:00,48.26,48.285,48.26,48.285,1300.0
2017-12-08 13:35:00,48.25,48.27,48.25,48.26,1700.0
2017-12-08 13:36:00,48.254,48.26,48.25,48.25,522.0
2017-12-08 13:37:00,48.25,48.25,48.25,48.25,200.0
2017-12-08 13:38:00,48.265,48.27,48.24,48.24,5300.0
2017-12-08 13:39:00,48.28,48.29,48.27,48.27,2885.0
2017-12-08 13:40:00,48.26,48.26,48.26,48.26,200.0
2017-12-08 13:41:00,48.26,48.28,48.26,48.26,2574.0
2017-12-08 13:42:00,48.27,48.28,48.27,48.28,1250.0
2017-12-08 13:43:00,48.26,48.265,48.26,48.26,800.0
2017-12-08 13:44:00,48.26,48.27,48.26,48.26,3300.0
2017-12-08 13:45:00,48.25,48.26,48.25,48.26,300.0
2017-12-08 13:46:00,48.24,48.26,48.24,48.26,600.0
2017-12-08 13:47:00,48.22,48.24,48.22,48.24,554.0
2017-12-08 13:49:00,48.23,48.23,48.21,48.215,1380.0
2017-12-08 13:50:00,48.2,48.23,48.2,48.225,1492.0
2017-12-08 13:51:00,48.2201,48.23,48.22,48.22,500.0
2017-12-08 13:52:00,48.22,48.225,48.22,48.22,1000.0
2017-12-08 13:53:00,48.24,48.24,48.22,48.22,6350.0
2017-12-08 13:54:00,48.24,48.24,48.23,48.23,652.0
2017-12-08 13:55:00,48.23,48.23,48.23,48.23,2100.0
2017-12-08 13:56:00,48.225,48.23,48.225,48.23,300.0
2017-12-08 13:57:00,48.22,48.23,48.22,48.225,600.0
2017-12-08 13:58:00,48.23,48.23,48.2201,48.2201,800.0
2017-12-08 13:59:00,48.21,48.23,48.21,48.225,1507.0
2017-12-08 14:00:00,48.205,48.21,48.2,48.21,1166.0
2017-12-08 14:01:00,48.2,48.205,48.2,48.2,400.0
2017-12-08 14:02:00,48.21,48.21,48.21,48.21,556.0
2017-12-08 14:03:00,48.2,48.21,48.2,48.21,2409.0
2017-12-08 14:04:00,48.24,48.24,48.205,48.205,6107.0
2017-12-08 14:05:00,48.23,48.24,48.23,48.24,1500.0
2017-12-08 14:06:00,48.23,48.23,48.23,48.23,200.0
2017-12-08 14:07:00,48.2297,48.235,48.2297,48.23,5321.0
2017-12-08 14:08:00,48.24,48.24,48.2,48.23,3200.0
2017-12-08 14:09:00,48.23,48.24,48.23,48.24,2609.0
2017-12-08 14:10:00,48.23,48.24,48.23,48.24,400.0
2017-12-08 14:11:00,48.25,48.25,48.24,48.24,4871.0
2017-12-08 14:12:00,48.25,48.25,48.2484,48.25,403.0
2017-12-08 14:13:00,48.245,48.25,48.245,48.25,1600.0
2017-12-08 14:14:00,48.23,48.24,48.23,48.24,800.0
2017-12-08 14:15:00,48.215,48.25,48.215,48.24,1800.0
2017-12-08 14:16:00,48.2058,48.23,48.2058,48.23,345.0
2017-12-08 14:17:00,48.24,48.24,48.21,48.21,4274.0
2017-12-08 14:18:00,48.26,48.26,48.23,48.23,1711.0
2017-12-08 14:19:00,48.26,48.26,48.245,48.245,655.0
2017-12-08 14:20:00,48.23,48.26,48.23,48.25,1720.0
2017-12-08 14:21:00,48.25,48.25,48.25,48.25,100.0
2017-12-08 14:22:00,48.23,48.25,48.23,48.24,2200.0
2017-12-08 14:23:00,48.27,48.27,48.23,48.23,4000.0
2017-12-08 14:24:00,48.26,48.265,48.26,48.265,2200.0
2017-12-08 14:25:00,48.26,48.265,48.24,48.26,1295.0
2017-12-08 14:26:00,48.2648,48.27,48.26,48.27,920.0
2017-12-08 14:27:00,48.26,48.27,48.25,48.27,700.0
2017-12-08 14:28:00,48.235,48.26,48.235,48.26,2444.0
2017-12-08 14:29:00,48.21,48.2238,48.21,48.21,1957.0
2017-12-08 14:30:00,48.26,48.26,48.23,48.23,7744.0
2017-12-08 14:31:00,48.25,48.26,48.24,48.2484,692.0
2017-12-08 14:32:00,48.22,48.25,48.22,48.25,1400.0
2017-12-08 14:33:00,48.235,48.24,48.22,48.23,2800.0
2017-12-08 14:34:00,48.25,48.25,48.22,48.23,4700.0
2017-12-08 14:35:00,48.26,48.26,48.24,48.25,4611.0
2017-12-08 14:36:00,48.3,48.305,48.26,48.26,5587.0
2017-12-08 14:37:00,48.3,48.305,48.29,48.29,7456.0
2017-12-08 14:38:00,48.3,48.31,48.3,48.305,2315.0
2017-12-08 14:39:00,48.305,48.31,48.3,48.3,3700.0
2017-12-08 14:40:00,48.3,48.305,48.3,48.3,2200.0
2017-12-08 14:41:00,48.315,48.315,48.305,48.305,5614.0
2017-12-08 14:42:00,48.35,48.35,48.32,48.32,5443.0
2017-12-08 14:43:00,48.33,48.34,48.31,48.33,2310.0
2017-12-08 14:44:00,48.315,48.33,48.3,48.3,400.0
2017-12-08 14:45:00,48.305,48.31,48.3,48.305,1007.0
2017-12-08 14:46:00,48.3263,48.35,48.29,48.3,9466.0
2017-12-08 14:48:00,48.32,48.33,48.32,48.32,700.0
2017-12-08 14:49:00,48.31,48.315,48.31,48.315,1718.0
2017-12-08 14:50:00,48.3029,48.315,48.3029,48.31,1735.0
2017-12-08 14:51:00,48.305,48.305,48.305,48.305,400.0
2017-12-08 14:52:00,48.36,48.37,48.31,48.31,10600.0
2017-12-08 14:53:00,48.34,48.3567,48.335,48.3567,610.0
2017-12-08 14:54:00,48.335,48.335,48.335,48.335,200.0
2017-12-08 14:55:00,48.32,48.34,48.32,48.335,3731.0
2017-12-08 14:56:00,48.3,48.32,48.29,48.32,1481.0
2017-12-08 14:57:00,48.315,48.32,48.3,48.305,5655.0
2017-12-08 14:58:00,48.32,48.34,48.3,48.315,17300.0
2017-12-08 14:59:00,48.33,48.34,48.31,48.33,2600.0
2017-12-08 15:00:00,48.33,48.34,48.32,48.32,1600.0
2017-12-08 15:01:00,48.335,48.34,48.325,48.34,1700.0
2017-12-08 15:02:00,48.32,48.335,48.32,48.33,2000.0
2017-12-08 15:03:00,48.33,48.34,48.325,48.325,1766.0
2017-12-08 15:04:00,48.34,48.34,48.33,48.33,5468.0
2017-12-08 15:05:00,48.32,48.345,48.32,48.34,2900.0
2017-12-08 15:06:00,48.32,48.32,48.32,48.32,200.0
2017-12-08 15:07:00,48.31,48.315,48.31,48.315,2100.0
2017-12-08 15:08:00,48.3042,48.31,48.3042,48.31,636.0
2017-12-08 15:09:00,48.315,48.316,48.31,48.31,4410.0
2017-12-08 15:10:00,48.315,48.32,48.31,48.315,500.0
2017-12-08 15:11:00,48.325,48.33,48.31,48.315,5385.0
2017-12-08 15:12:00,48.35,48.35,48.31,48.32,7208.0
2017-12-08 15:13:00,48.335,48.345,48.335,48.345,1046.0
2017-12-08 15:14:00,48.34,48.34,48.33,48.34,4400.0
2017-12-08 15:15:00,48.35,48.36,48.35,48.35,1500.0
2017-12-08 15:16:00,48.36,48.36,48.35,48.36,790.0
2017-12-08 15:17:00,48.35,48.37,48.35,48.355,3278.0
2017-12-08 15:18:00,48.355,48.36,48.345,48.355,4695.0
2017-12-08 15:19:00,48.355,48.36,48.35,48.35,800.0
2017-12-08 15:20:00,48.36,48.37,48.36,48.36,3214.0
2017-12-08 15:21:00,48.39,48.39,48.35,48.365,5257.0
2017-12-08 15:22:00,48.38,48.39,48.375,48.39,800.0
2017-12-08 15:23:00,48.38,48.38,48.375,48.38,2200.0
2017-12-08 15:24:00,48.37,48.375,48.37,48.37,1689.0
2017-12-08 15:25:00,48.37,48.37,48.36,48.365,1085.0
2017-12-08 15:26:00,48.365,48.37,48.365,48.37,4000.0
2017-12-08 15:27:00,48.35,48.365,48.34,48.365,4280.0
2017-12-08 15:28:00,48.36,48.365,48.35,48.35,5121.0
2017-12-08 15:29:00,48.365,48.375,48.36,48.37,3038.0
2017-12-08 15:30:00,48.36,48.36,48.36,48.36,700.0
2017-12-08 15:31:00,48.36,48.36,48.35,48.36,1000.0
2017-12-08 15:32:00,48.37,48.39,48.36,48.36,6816.0
2017-12-08 15:33:00,48.36,48.38,48.36,48.375,2549.0
2017-12-08 15:34:00,48.36,48.37,48.36,48.365,1100.0
2017-12-08 15:35:00,48.38,48.38,48.35,48.365,12160.0
2017-12-08 15:36:00,48.37,48.38,48.37,48.375,2740.0
2017-12-08 15:37:00,48.375,48.38,48.37,48.37,6600.0
2017-12-08 15:38:00,48.39,48.39,48.37,48.375,9581.0
2017-12-08 15:39:00,48.385,48.385,48.38,48.38,2727.0
2017-12-08 15:40:00,48.37,48.39,48.37,48.38,8600.0
2017-12-08 15:41:00,48.365,48.38,48.36,48.375,4993.0
2017-12-08 15:42:00,48.37,48.37,48.365,48.365,2200.0
2017-12-08 15:43:00,48.365,48.37,48.36,48.37,1336.0
2017-12-08 15:44:00,48.41,48.42,48.36,48.365,20215.0
2017-12-08 15:45:00,48.4,48.405,48.39,48.405,7028.0
2017-12-08 15:46:00,48.395,48.4,48.39,48.39,2446.0
2017-12-08 15:47:00,48.385,48.4,48.38,48.395,7737.0
2017-12-08 15:48:00,48.3775,48.385,48.3736,48.385,10813.0
2017-12-08 15:49:00,48.405,48.405,48.38,48.385,13180.0
2017-12-08 15:50:00,48.41,48.42,48.4,48.41,7436.0
2017-12-08 15:51:00,48.43,48.46,48.42,48.42,10926.0
2017-12-08 15:52:00,48.42,48.43,48.41,48.43,5510.0
2017-12-08 15:53:00,48.4,48.42,48.4,48.415,4217.0
2017-12-08 15:54:00,48.4,48.415,48.39,48.405,7083.0
2017-12-08 15:55:00,48.395,48.4,48.39,48.395,2400.0
2017-12-08 15:56:00,48.38,48.42,48.38,48.4,15972.0
2017-12-08 15:57:00,48.355,48.39,48.345,48.38,15262.0
2017-12-08 15:58:00,48.34,48.36,48.34,48.355,12245.0
2017-12-08 15:59:00,48.36,48.36,48.34,48.34,14454.0
2017-12-08 16:00:00,48.4,48.4,48.36,48.36,29012.0
2017-12-11 09:30:00,48.29,48.29,48.29,48.29,14417.0
2017-12-11 09:32:00,48.22,48.39,48.22,48.36,2738.0
2017-12-11 09:34:00,48.135,48.23,48.135,48.1875,2216.0
2017-12-11 09:35:00,48.13,48.13,48.08,48.08,800.0
2017-12-11 09:36:00,48.12,48.14,48.11,48.1345,1200.0
2017-12-11 09:37:00,48.12,48.12,48.12,48.12,100.0
2017-12-11 09:38:00,47.98,48.135,47.98,48.135,4929.0
2017-12-11 09:39:00,47.98,47.99,47.9725,47.9725,300.0
2017-12-11 09:40:00,47.9775,48.0,47.9775,47.99,300.0
2017-12-11 09:41:00,48.08,48.08,47.96,47.97,5224.0
2017-12-11 09:42:00,48.09,48.11,48.08,48.09,3801.0
2017-12-11 09:43:00,48.0883,48.1,48.0883,48.1,800.0
2017-12-11 09:44:00,48.16,48.16,48.09,48.09,2020.0
2017-12-11 09:45:00,48.19,48.23,48.18,48.18,700.0
2017-12-11 09:46:00,48.25,48.26,48.19,48.19,6481.0
2017-12-11 09:47:00,48.29,48.29,48.26,48.26,601.0
2017-12-11 09:48:00,48.2458,48.28,48.24,48.27,1891.0
2017-12-11 09:49:00,48.24,48.25,48.24,48.25,750.0
2017-12-11 09:50:00,48.25,48.26,48.22,48.22,1307.0
2017-12-11 09:51:00,48.31,48.31,48.27,48.27,1225.0
2017-12-11 09:52:00,48.3299,48.33,48.28,48.29,1100.0
2017-12-11 09:53:00,48.3,48.38,48.3,48.33,5123.0
2017-12-11 09:54:00,48.275,48.3,48.275,48.3,3116.0
2017-12-11 09:55:00,48.28,48.28,48.27,48.27,1300.0
2017-12-11 09:56:00,48.26,48.27,48.26,48.27,1100.0
2017-12-11 09:57:00,48.31,48.33,48.28,48.28,2350.0
2017-12-11 09:58:00,48.28,48.32,48.28,48.32,4200.0
2017-12-11 09:59:00,48.32,48.33,48.2709,48.28,6993.0
2017-12-11 10:00:00,48.36,48.36,48.32,48.33,4398.0
2017-12-11 10:01:00,48.37,48.37,48.36,48.37,1700.0
2017-12-11 10:02:00,48.33,48.38,48.33,48.38,3181.0
2017-12-11 10:03:00,48.36,48.36,48.34,48.34,1884.0
2017-12-11 10:04:00,48.35,48.36,48.34,48.35,4400.0
2017-12-11 10:05:00,48.36,48.36,48.36,48.36,100.0
2017-12-11 10:06:00,48.33,48.35,48.33,48.35,2294.0
2017-12-11 10:07:00,48.27,48.33,48.27,48.33,4200.0
2017-12-11 10:08:00,48.29,48.31,48.28,48.28,3655.0
2017-12-11 10:09:00,48.28,48.285,48.28,48.285,500.0
2017-12-11 10:10:00,48.29,48.3,48.29,48.29,1400.0
2017-12-11 10:11:00,48.25,48.28,48.24,48.28,2230.0
2017-12-11 10:12:00,48.242,48.242,48.242,48.242,250.0
2017-12-11 10:13:00,48.23,48.23,48.23,48.23,400.0
2017-12-11 10:14:00,48.27,48.29,48.26,48.26,2678.0
2017-12-11 10:15:00,48.2431,48.26,48.2301,48.26,444.0
2017-12-11 10:16:00,48.24,48.27,48.22,48.26,6500.0
2017-12-11 10:17:00,48.2,48.22,48.2,48.22,1500.0
2017-12-11 10:18:00,48.15,48.19,48.15,48.19,700.0
2017-12-11 10:19:00,48.12,48.13,48.12,48.13,900.0
2017-12-11 10:20:00,48.09,48.13,48.09,48.12,2350.0
2017-12-11 10:21:00,48.18,48.18,48.095,48.095,3304.0
2017-12-11 10:22:00,48.175,48.2,48.175,48.2,3300.0
2017-12-11 10:23:00,48.21,48.21,48.16,48.17,3928.0
2017-12-11 10:24:00,48.26,48.26,48.2,48.2,1207.0
2017-12-11 10:25:00,48.27,48.28,48.25,48.27,2625.0
2017-12-11 10:26:00,48.32,48.33,48.28,48.28,5200.0
2017-12-11 10:27:00,48.29,48.32,48.29,48.32,2100.0
2017-12-11 10:28:00,48.26,48.28,48.26,48.28,1300.0
2017-12-11 10:29:00,48.26,48.265,48.25,48.265,4000.0
2017-12-11 10:30:00,48.23,48.26,48.23,48.25,3954.0
2017-12-11 10:31:00,48.28,48.28,48.26,48.26,800.0
2017-12-11 10:32:00,48.33,48.33,48.28,48.28,938.0
2017-12-11 10:33:00,48.33,48.38,48.33,48.33,4929.0
2017-12-11 10:34:00,48.35,48.35,48.32,48.32,200.0
2017-12-11 10:35:00,48.27,48.3499,48.27,48.335,129089.0
2017-12-11 10:36:00,48.25,48.27,48.24,48.27,1336.0
2017-12-11 10:37:00,48.26,48.26,48.23,48.24,18142.0
2017-12-11 10:38:00,48.28,48.28,48.265,48.265,1500.0
2017-12-11 10:39:00,48.29,48.29,48.26,48.2672,6317.0
2017-12-11 10:40:00,48.3,48.31,48.29,48.29,1416.0
2017-12-11 10:41:00,48.37,48.37,48.32,48.32,1585.0
2017-12-11 10:42:00,48.33,48.4,48.33,48.38,4269.0
2017-12-11 10:43:00,48.32,48.325,48.32,48.325,200.0
2017-12-11 10:44:00,48.355,48.36,48.32,48.32,1703.0
2017-12-11 10:45:00,48.3,48.37,48.29,48.355,3975.0
2017-12-11 10:46:00,48.27,48.27,48.27,48.27,200.0
2017-12-11 10:47:00,48.27,48.31,48.22,48.285,15069.0
2017-12-11 10:48:00,48.25,48.27,48.25,48.27,200.0
2017-12-11 10:49:00,48.23,48.23,48.23,48.23,100.0
2017-12-11 10:50:00,48.31,48.34,48.245,48.26,7156.0
2017-12-11 10:52:00,48.2875,48.3,48.2875,48.3,1646.0
2017-12-11 10:53:00,48.295,48.31,48.28,48.28,7237.0
2017-12-11 10:54:00,48.28,48.28,48.28,48.28,500.0
2017-12-11 10:55:00,48.27,48.275,48.26,48.2675,2743.0
2017-12-11 10:56:00,48.29,48.3,48.26,48.27,6068.0
2017-12-11 10:57:00,48.22,48.29,48.22,48.29,2500.0
2017-12-11 10:58:00,48.2,48.205,48.2,48.2,400.0
2017-12-11 10:59:00,48.21,48.23,48.2,48.2,1822.0
2017-12-11 11:00:00,48.19,48.19,48.16,48.19,2752.0
2017-12-11 11:01:00,48.18,48.185,48.17,48.185,11500.0
2017-12-11 11:02:00,48.11,48.18,48.1,48.18,4459.0
2017-12-11 11:03:00,48.17,48.18,48.13,48.13,4370.0
2017-12-11 11:04:00,48.16,48.18,48.16,48.18,2195.0
2017-12-11 11:05:00,48.15,48.15,48.15,48.15,700.0
2017-12-11 11:06:00,48.225,48.24,48.16,48.16,5300.0
2017-12-11 11:07:00,48.21,48.25,48.1988,48.25,1322.0
2017-12-11 11:08:00,48.18,48.195,48.18,48.19,2858.0
2017-12-11 11:09:00,48.19,48.2,48.15,48.17,4328.0
2017-12-11 11:10:00,48.2037,48.2037,48.2037,48.2037,243.0
2017-12-11 11:11:00,48.165,48.205,48.165,48.19,1300.0
2017-12-11 11:12:00,48.17,48.18,48.15,48.15,1600.0
2017-12-11 11:13:00,48.14,48.15,48.14,48.15,600.0
2017-12-11 11:14:00,48.135,48.135,48.12,48.12,2699.0
2017-12-11 11:15:00,48.12,48.12,48.1,48.12,3052.0
2017-12-11 11:16:00,48.14,48.14,48.13,48.13,1000.0
2017-12-11 11:17:00,48.15,48.15,48.13,48.13,200.0
2017-12-11 11:18:00,48.11,48.15,48.11,48.15,3396.0
2017-12-11 11:19:00,48.115,48.13,48.11,48.13,2000.0
2017-12-11 11:21:00,48.1,48.14,48.1,48.13,3950.0
2017-12-11 11:22:00,48.125,48.13,48.11,48.11,1497.0
2017-12-11 11:23:00,48.125,48.125,48.125,48.125,100.0
2017-12-11 11:24:00,48.115,48.14,48.11,48.14,4200.0
2017-12-11 11:25:00,48.08,48.12,48.08,48.12,2108.0
2017-12-11 11:26:00,48.08,48.08,48.07,48.08,4500.0
2017-12-11 11:27:00,48.07,48.07,48.07,48.07,200.0
2017-12-11 11:28:00,48.08,48.09,48.07,48.09,3550.0
2017-12-11 11:29:00,48.14,48.15,48.09,48.1,2703.0
2017-12-11 11:30:00,48.13,48.14,48.12,48.14,1700.0
2017-12-11 11:31:00,48.1,48.13,48.1,48.12,1299.0
2017-12-11 11:32:00,48.12,48.12,48.09,48.09,1200.0
2017-12-11 11:33:00,48.12,48.12,48.09,48.11,2444.0
2017-12-11 11:34:00,48.15,48.17,48.13,48.13,3442.0
2017-12-11 11:35:00,48.14,48.14,48.14,48.14,100.0
2017-12-11 11:36:00,48.17,48.18,48.16,48.16,2196.0
2017-12-11 11:37:00,48.175,48.18,48.17,48.17,2800.0
2017-12-11 11:38:00,48.181999999999995,48.19,48.17,48.17,3573.0
2017-12-11 11:39:00,48.2,48.2,48.2,48.2,1800.0
2017-12-11 11:40:00,48.16,48.2,48.16,48.2,1400.0
2017-12-11 11:41:00,48.16,48.175,48.16,48.175,27500.0
2017-12-11 11:42:00,48.13,48.18,48.13,48.18,74900.0
2017-12-11 11:43:00,48.09,48.13,48.09,48.13,1400.0
2017-12-11 11:44:00,48.08,48.11,48.08,48.1,4100.0
2017-12-11 11:45:00,48.13,48.13,48.07,48.07,3308.0
2017-12-11 11:46:00,48.12,48.12,48.11,48.12,1300.0
2017-12-11 11:48:00,48.12,48.125,48.12,48.12,1100.0
2017-12-11 11:49:00,48.12,48.12,48.11,48.11,500.0
2017-12-11 11:50:00,48.09,48.12,48.09,48.12,1952.0
2017-12-11 11:51:00,48.085,48.1,48.07,48.089,6460.0
2017-12-11 11:52:00,48.085,48.085,48.085,48.085,1000.0
2017-12-11 11:53:00,48.03,48.07,48.03,48.07,2982.0
2017-12-11 11:54:00,48.025,48.03,48.013999999999996,48.013999999999996,2045.0
2017-12-11 11:55:00,48.0,48.0225,48.0,48.01,700.0
2017-12-11 11:56:00,47.995,48.02,47.99,48.01,3878.0
2017-12-11 11:57:00,47.96,47.995,47.96,47.995,1725.0
2017-12-11 11:58:00,47.98,47.99,47.965,47.965,4128.0
2017-12-11 11:59:00,47.97,47.97,47.97,47.97,200.0
2017-12-11 12:00:00,47.975,47.98,47.95,47.95,2500.0
2017-12-11 12:01:00,47.96,47.96,47.96,47.96,100.0
2017-12-11 12:02:00,47.965,47.965,47.96,47.96,790.0
2017-12-11 12:03:00,47.96,47.9664,47.96,47.96,1300.0
2017-12-11 12:04:00,47.96,47.97,47.96,47.97,400.0
2017-12-11 12:05:00,47.98,47.985,47.97,47.98,1500.0
2017-12-11 12:06:00,47.99,48.02,47.98,47.99,6203.0
2017-12-11 12:07:00,47.95,47.99,47.95,47.99,1400.0
2017-12-11 12:08:00,47.93,47.95,47.93,47.94,1400.0
2017-12-11 12:09:00,47.955,47.96,47.94,47.9495,1661.0
2017-12-11 12:11:00,47.96,47.97,47.96,47.97,2100.0
2017-12-11 12:12:00,47.95,47.97,47.95,47.96,400.0
2017-12-11 12:13:00,47.95,47.95,47.95,47.95,300.0
2017-12-11 12:14:00,47.93,47.95,47.93,47.95,2460.0
2017-12-11 12:15:00,47.93,47.94,47.92,47.93,2894.0
2017-12-11 12:16:00,47.93,47.945,47.93,47.945,1400.0
2017-12-11 12:17:00,47.93,47.93,47.92,47.93,300.0
2017-12-11 12:18:00,47.925,47.94,47.925,47.93,2100.0
2017-12-11 12:19:00,47.9231,47.9231,47.9225,47.9225,300.0
2017-12-11 12:20:00,47.9225,47.93,47.91,47.92,2400.0
2017-12-11 12:21:00,47.95,47.95,47.93,47.93,1000.0
2017-12-11 12:22:00,47.95,47.95,47.945,47.945,900.0
2017-12-11 12:23:00,47.9525,47.97,47.95,47.97,1750.0
2017-12-11 12:25:00,47.96,47.96,47.94,47.94,400.0
2017-12-11 12:26:00,47.95,47.955,47.95,47.95,1474.0
2017-12-11 12:27:00,47.945,47.95,47.945,47.945,500.0
2017-12-11 12:28:00,47.95,47.96,47.94,47.95,2900.0
2017-12-11 12:29:00,47.93,47.96,47.915,47.95,3543.0
2017-12-11 12:30:00,47.9225,47.93,47.92,47.9225,400.0
2017-12-11 12:31:00,47.93,47.95,47.93,47.93,2200.0
2017-12-11 12:32:00,47.96,47.96,47.945,47.945,200.0
2017-12-11 12:33:00,47.93,47.9423,47.93,47.9423,1030.0
2017-12-11 12:34:00,47.925,47.93,47.925,47.93,1600.0
2017-12-11 12:35:00,47.93,47.93,47.925,47.93,1200.0
2017-12-11 12:36:00,47.925,47.93,47.92,47.92,900.0
2017-12-11 12:37:00,47.93,47.93,47.93,47.93,1150.0
2017-12-11 12:38:00,47.93,47.93,47.92,47.925,1000.0
2017-12-11 12:39:00,47.93,47.93,47.93,47.93,945.0
2017-12-11 12:40:00,47.95,47.95,47.92,47.92,2200.0
2017-12-11 12:41:00,47.92,47.94,47.92,47.94,1059.0
2017-12-11 12:42:00,47.93,47.93,47.92,47.92,200.0
2017-12-11 12:43:00,47.9225,47.925,47.91,47.92,2900.0
2017-12-11 12:44:00,47.9225,47.9225,47.9225,47.9225,100.0
2017-12-11 12:45:00,47.92,47.925,47.92,47.9225,1216.0
2017-12-11 12:46:00,47.96,47.96,47.93,47.93,3799.0
2017-12-11 12:47:00,47.97,47.97,47.96,47.96,1300.0
2017-12-11 12:48:00,47.98,47.98,47.98,47.98,100.0
2017-12-11 12:49:00,47.97,47.97,47.96,47.97,1600.0
2017-12-11 12:50:00,47.95,47.96,47.95,47.96,1300.0
2017-12-11 12:51:00,47.9475,47.96,47.9475,47.96,4625.0
2017-12-11 12:52:00,47.96,47.97,47.96,47.96,1600.0
2017-12-11 12:53:00,47.95,47.97,47.95,47.96,900.0
2017-12-11 12:54:00,47.94,47.955,47.94,47.95,800.0
2017-12-11 12:55:00,47.95,47.95,47.945,47.945,899.0
2017-12-11 12:56:00,47.96,47.96,47.955,47.955,1033.0
2017-12-11 12:57:00,47.97,47.97,47.97,47.97,296.0
2017-12-11 12:58:00,47.975,47.98,47.97,47.97,800.0
2017-12-11 12:59:00,47.97,47.98,47.96,47.97,1461.0
2017-12-11 13:01:00,47.98,47.99,47.96,47.96,2800.0
2017-12-11 13:02:00,47.97,47.97,47.97,47.97,400.0
2017-12-11 13:03:00,47.97,47.97,47.96,47.97,1192.0
2017-12-11 13:04:00,48.0,48.0,47.97,47.97,1749.0
2017-12-11 13:05:00,48.0,48.0,47.99,48.0,500.0
2017-12-11 13:06:00,48.02,48.03,48.005,48.005,1799.0
2017-12-11 13:08:00,48.03,48.05,48.02,48.02,1425.0
2017-12-11 13:09:00,48.01,48.01,48.01,48.01,100.0
2017-12-11 13:10:00,48.01,48.01,48.01,48.01,300.0
2017-12-11 13:11:00,48.045,48.06,48.04,48.04,2183.0
2017-12-11 13:12:00,48.04,48.04,48.02,48.02,300.0
2017-12-11 13:13:00,48.05,48.05,48.04,48.04,400.0
2017-12-11 13:14:00,48.06,48.06,48.06,48.06,100.0
2017-12-11 13:15:00,48.02,48.06,48.02,48.04,3342.0
2017-12-11 13:16:00,48.02,48.02,48.02,48.02,600.0
2017-12-11 13:17:00,48.03,48.03,48.02,48.03,300.0
2017-12-11 13:18:00,48.03,48.03,48.03,48.03,400.0
2017-12-11 13:19:00,48.022,48.03,48.0,48.0,1600.0
2017-12-11 13:20:00,48.04,48.04,48.04,48.04,500.0
2017-12-11 13:21:00,48.03,48.04,48.03,48.03,900.0
2017-12-11 13:22:00,48.03,48.03,48.02,48.02,1212.0
2017-12-11 13:23:00,48.02,48.03,48.02,48.03,400.0
2017-12-11 13:24:00,48.03,48.03,48.0,48.0,900.0
2017-12-11 13:25:00,48.02,48.04,48.02,48.04,400.0
2017-12-11 13:26:00,48.02,48.02,48.02,48.02,100.0
2017-12-11 13:27:00,48.0,48.01,48.0,48.01,900.0
2017-12-11 13:28:00,48.015,48.015,48.015,48.015,100.0
2017-12-11 13:29:00,48.0,48.025,48.0,48.02,500.0
2017-12-11 13:30:00,48.03,48.03,48.0,48.0,1100.0
2017-12-11 13:31:00,48.04,48.05,48.03,48.03,1123.0
2017-12-11 13:32:00,48.05,48.05,48.05,48.05,100.0
2017-12-11 13:33:00,48.03,48.05,48.03,48.05,1729.0
2017-12-11 13:34:00,48.03,48.03,48.02,48.02,200.0
2017-12-11 13:35:00,48.04,48.04,48.03,48.03,830.0
2017-12-11 13:36:00,48.065,48.08,48.04,48.04,2199.0
2017-12-11 13:37:00,48.05,48.06,48.04,48.05,1300.0
2017-12-11 13:38:00,48.06,48.06,48.06,48.06,100.0
2017-12-11 13:39:00,48.06,48.07,48.05,48.05,900.0
2017-12-11 13:40:00,48.04,48.04,48.04,48.04,100.0
2017-12-11 13:41:00,48.027,48.04,48.027,48.04,701.0
2017-12-11 13:42:00,48.02,48.02,48.02,48.02,100.0
2017-12-11 13:43:00,48.03,48.04,48.03,48.0398,1475.0
2017-12-11 13:44:00,48.05,48.06,48.04,48.05,1500.0
2017-12-11 13:45:00,48.05,48.0544,48.045,48.0544,1300.0
2017-12-11 13:46:00,48.04,48.05,48.04,48.05,300.0
2017-12-11 13:47:00,48.04,48.04,48.04,48.04,100.0
2017-12-11 13:48:00,48.03,48.04,48.03,48.04,1010.0
2017-12-11 13:49:00,47.99,47.99,47.99,47.99,100.0
2017-12-11 13:50:00,48.01,48.01,47.99,48.005,2300.0
2017-12-11 13:51:00,48.0,48.0,47.99,48.0,2200.0
2017-12-11 13:52:00,48.0036,48.0036,48.0,48.0,300.0
2017-12-11 13:53:00,48.01,48.01,48.01,48.01,100.0
2017-12-11 13:54:00,47.99,47.99,47.99,47.99,200.0
2017-12-11 13:55:00,48.01,48.01,48.0,48.0024,1081.0
2017-12-11 13:56:00,47.995,48.01,47.99,48.0,2900.0
2017-12-11 13:57:00,48.0,48.01,47.99,47.995,7550.0
2017-12-11 13:58:00,48.0,48.0,47.99,47.99,1400.0
2017-12-11 13:59:00,47.99,48.0098,47.99,48.005,800.0
2017-12-11 14:00:00,47.99,48.0,47.98,48.0,1500.0
2017-12-11 14:01:00,47.99,48.005,47.98,48.0,1300.0
2017-12-11 14:02:00,48.0,48.01,47.99,48.0,400.0
2017-12-11 14:03:00,47.99,48.0,47.99,48.0,700.0
2017-12-11 14:04:00,47.99,47.99,47.99,47.99,100.0
2017-12-11 14:05:00,47.99,48.0,47.99,47.99,905.0
2017-12-11 14:06:00,48.01,48.01,47.99,47.99,3348.0
2017-12-11 14:08:00,47.99,48.0,47.96,48.0,4389.0
2017-12-11 14:09:00,48.01,48.01,47.99,47.99,1100.0
2017-12-11 14:10:00,47.97,48.0,47.97,48.0,1167.0
2017-12-11 14:11:00,47.97,47.99,47.96,47.96,1400.0
2017-12-11 14:12:00,47.99,47.99,47.97,47.97,500.0
2017-12-11 14:13:00,47.97,47.97,47.97,47.97,100.0
2017-12-11 14:14:00,47.99,47.99,47.98,47.99,1919.0
2017-12-11 14:15:00,47.99,48.0,47.98,47.98,2400.0
2017-12-11 14:16:00,47.97,47.99,47.97,47.99,1900.0
2017-12-11 14:17:00,47.98,47.98,47.98,47.98,1600.0
2017-12-11 14:18:00,47.95,47.97,47.95,47.97,700.0
2017-12-11 14:19:00,47.93,47.93,47.93,47.93,100.0
2017-12-11 14:20:00,47.93,47.93,47.93,47.93,200.0
2017-12-11 14:21:00,47.99,47.99,47.94,47.94,2495.0
2017-12-11 14:22:00,47.99,47.99,47.99,47.99,200.0
2017-12-11 14:23:00,47.99,47.99,47.96,47.98,3308.0
2017-12-11 14:24:00,47.98,47.99,47.98,47.99,200.0
2017-12-11 14:25:00,48.0,48.01,47.99,47.99,2700.0
2017-12-11 14:26:00,47.98,48.0,47.98,48.0,19900.0
2017-12-11 14:27:00,47.95,47.97,47.95,47.97,1200.0
2017-12-11 14:28:00,47.95,47.97,47.95,47.955,3300.0
2017-12-11 14:29:00,47.95,47.9558,47.95,47.9558,2975.0
2017-12-11 14:30:00,47.94,47.97,47.93,47.96,3723.0
2017-12-11 14:31:00,47.95,47.95,47.94,47.94,4410.0
2017-12-11 14:32:00,47.95,47.95,47.95,47.95,100.0
2017-12-11 14:34:00,47.94,47.95,47.94,47.95,3013.0
2017-12-11 14:35:00,47.91,47.94,47.91,47.94,1400.0
2017-12-11 14:36:00,47.91,47.91,47.9,47.91,3232.0
2017-12-11 14:37:00,47.92,47.92,47.91,47.91,300.0
2017-12-11 14:38:00,47.92,47.92,47.91,47.915,2565.0
2017-12-11 14:39:00,47.945,47.95,47.925,47.925,3900.0
2017-12-11 14:40:00,47.935,47.945,47.935,47.945,1500.0
2017-12-11 14:41:00,47.92,47.94,47.92,47.935,2845.0
2017-12-11 14:42:00,47.96,47.96,47.92,47.92,2800.0
2017-12-11 14:43:00,47.955,47.96,47.95,47.95,400.0
2017-12-11 14:44:00,47.93,47.95,47.925,47.95,3152.0
2017-12-11 14:45:00,47.93,47.935,47.93,47.935,200.0
2017-12-11 14:46:00,47.97,47.99,47.93,47.935,5058.0
2017-12-11 14:47:00,47.98,48.0,47.98,48.0,1800.0
2017-12-11 14:48:00,47.9801,48.0,47.98,47.99,845.0
2017-12-11 14:49:00,47.99,48.0,47.98,48.0,900.0
2017-12-11 14:50:00,47.995,48.0,47.99,47.995,614.0
2017-12-11 14:51:00,47.98,47.9901,47.97,47.99,4438.0
2017-12-11 14:52:00,48.005,48.005,47.985,47.985,2775.0
2017-12-11 14:53:00,47.98,48.01,47.98,48.01,3700.0
2017-12-11 14:54:00,47.99,47.99,47.97,47.98,2400.0
2017-12-11 14:55:00,47.98,47.995,47.98,47.99,1723.0
2017-12-11 14:56:00,47.98,47.98,47.98,47.98,200.0
2017-12-11 14:57:00,47.96,47.97,47.96,47.97,1800.0
2017-12-11 14:58:00,47.97,47.97,47.97,47.97,200.0
2017-12-11 14:59:00,47.998999999999995,47.998999999999995,47.97,47.97,5508.0
2017-12-11 15:00:00,47.98,47.99,47.97,47.99,1000.0
2017-12-11 15:01:00,47.965,47.99,47.965,47.97,4771.0
2017-12-11 15:02:00,47.96,47.9698,47.96,47.965,900.0
2017-12-11 15:03:00,47.96,47.965,47.96,47.965,1100.0
2017-12-11 15:04:00,47.96,47.965,47.96,47.96,700.0
2017-12-11 15:05:00,47.955,47.965,47.95,47.965,1400.0
2017-12-11 15:06:00,47.965,47.965,47.95,47.95,3530.0
2017-12-11 15:07:00,47.96,47.96,47.96,47.96,700.0
2017-12-11 15:08:00,47.95,47.955,47.95,47.955,400.0
2017-12-11 15:09:00,47.93,47.95,47.93,47.95,2772.0
2017-12-11 15:10:00,47.92,47.93,47.92,47.93,500.0
2017-12-11 15:11:00,47.92,47.92,47.92,47.92,200.0
2017-12-11 15:12:00,47.91,47.925,47.91,47.92,2300.0
2017-12-11 15:13:00,47.925,47.925,47.915,47.92,2800.0
2017-12-11 15:14:00,47.92,47.93,47.92,47.92,4543.0
2017-12-11 15:15:00,47.94,47.94,47.92,47.93,760.0
2017-12-11 15:16:00,47.94,47.94,47.93,47.935,1300.0
2017-12-11 15:17:00,47.935,47.935,47.93,47.93,400.0
2017-12-11 15:18:00,47.92,47.935,47.92,47.935,2712.0
2017-12-11 15:19:00,47.925,47.925,47.92,47.92,1705.0
2017-12-11 15:20:00,47.925,47.93,47.92,47.92,2000.0
2017-12-11 15:21:00,47.93,47.94,47.92,47.93,2300.0
2017-12-11 15:22:00,47.92,47.935,47.92,47.935,6425.0
2017-12-11 15:23:00,47.915,47.9252,47.91,47.925,2005.0
2017-12-11 15:24:00,47.93,47.93,47.91,47.91,2900.0
2017-12-11 15:25:00,47.925,47.925,47.92,47.92,300.0
2017-12-11 15:26:00,47.94,47.94,47.92,47.92,2936.0
2017-12-11 15:27:00,47.925,47.94,47.925,47.94,3129.0
2017-12-11 15:28:00,47.925,47.93,47.92,47.92,395.0
2017-12-11 15:29:00,47.9157,47.925,47.9157,47.92,2126.0
2017-12-11 15:30:00,47.93,47.93,47.9,47.91,6918.0
2017-12-11 15:31:00,47.94,47.945,47.93,47.93,7227.0
2017-12-11 15:32:00,47.945,47.95,47.94,47.94,600.0
2017-12-11 15:33:00,47.94,47.95,47.94,47.945,900.0
2017-12-11 15:34:00,47.945,47.945,47.93,47.94,4679.0
2017-12-11 15:35:00,47.94,47.95,47.94,47.95,1700.0
2017-12-11 15:36:00,47.945,47.945,47.94,47.945,700.0
2017-12-11 15:37:00,47.96,47.96,47.945,47.95,4291.0
2017-12-11 15:38:00,47.93,47.95,47.925,47.95,8167.0
2017-12-11 15:39:00,47.93,47.94,47.93,47.94,1100.0
2017-12-11 15:40:00,47.93,47.94,47.93,47.935,1600.0
2017-12-11 15:41:00,47.93,47.94,47.93,47.9338,1410.0
2017-12-11 15:42:00,47.93,47.94,47.93,47.935,1200.0
2017-12-11 15:43:00,47.9,47.935,47.9,47.935,11268.0
2017-12-11 15:44:00,47.9,47.905,47.9,47.9,1107.0
2017-12-11 15:45:00,47.88,47.9,47.88,47.9,16457.0
2017-12-11 15:46:00,47.9,47.9,47.88,47.88,6200.0
2017-12-11 15:47:00,47.905,47.91,47.9,47.905,2372.0
2017-12-11 15:48:00,47.94,47.95,47.91,47.91,11797.0
2017-12-11 15:49:00,47.91,47.95,47.91,47.938,9641.0
2017-12-11 15:50:00,47.93,47.93,47.91,47.92,5214.0
2017-12-11 15:51:00,47.91,47.94,47.91,47.94,5393.0
2017-12-11 15:52:00,47.91,47.9199,47.91,47.91,1824.0
2017-12-11 15:53:00,47.93,47.93,47.91,47.91,7669.0
2017-12-11 15:54:00,47.935,47.94,47.92,47.925,5103.0
2017-12-11 15:55:00,47.93,47.94,47.93,47.94,5031.0
2017-12-11 15:56:00,47.94,47.94,47.93,47.94,4006.0
2017-12-11 15:57:00,47.94,47.94,47.93,47.94,8299.0
2017-12-11 15:58:00,47.965,47.97,47.93,47.94,16762.0
2017-12-11 15:59:00,47.97,47.97,47.96,47.97,4909.0
2017-12-11 16:00:00,47.97,47.97,47.95,47.97,32555.0
2017-12-12 09:30:00,48.22,48.22,48.22,48.22,23034.0
2017-12-12 09:31:00,48.1,48.13,48.1,48.13,300.0
2017-12-12 09:32:00,48.0,48.11,48.0,48.11,1566.0
2017-12-12 09:34:00,48.025,48.035,47.995,48.0,21500.0
2017-12-12 09:35:00,47.975,48.03,47.975,48.03,727.0
2017-12-12 09:36:00,48.02,48.02,47.88,47.88,3176.0
2017-12-12 09:37:00,47.95,48.14,47.95,48.005,17047.0
2017-12-12 09:38:00,47.9,48.02,47.9,47.96,1425.0
2017-12-12 09:39:00,47.9408,47.9408,47.93,47.93,200.0
2017-12-12 09:40:00,47.965,47.97,47.94,47.96,1026.0
2017-12-12 09:41:00,47.97,48.005,47.96,47.96,5253.0
2017-12-12 09:42:00,47.93,47.96,47.93,47.96,801.0
2017-12-12 09:43:00,47.935,47.94,47.91,47.91,400.0
2017-12-12 09:44:00,47.77,47.92,47.765,47.92,2516.0
2017-12-12 09:45:00,47.79,47.79,47.765,47.78,700.0
2017-12-12 09:46:00,47.82,47.845,47.81,47.83,1502.0
2017-12-12 09:47:00,47.77,47.8,47.77,47.8,550.0
2017-12-12 09:48:00,47.78,47.8,47.765,47.79,2448.0
2017-12-12 09:49:00,47.78,47.8,47.76,47.775,4100.0
2017-12-12 09:50:00,47.82,47.82,47.78,47.79,1600.0
2017-12-12 09:51:00,47.79,47.82,47.77,47.81,2300.0
2017-12-12 09:52:00,47.79,47.82,47.77,47.8,3679.0
2017-12-12 09:53:00,47.82,47.82,47.78,47.78,800.0
2017-12-12 09:54:00,47.775,47.81,47.77,47.81,1801.0
2017-12-12 09:55:00,47.79,47.79,47.78,47.78,400.0
2017-12-12 09:57:00,47.9,47.9,47.82,47.82,900.0
2017-12-12 09:58:00,47.86,47.86,47.85,47.85,305.0
2017-12-12 09:59:00,47.89,47.91,47.87,47.87,2406.0
2017-12-12 10:00:00,47.9197,47.92,47.9,47.91,500.0
2017-12-12 10:01:00,47.94,47.98,47.93,47.93,1700.0
2017-12-12 10:02:00,47.96,47.96,47.91,47.93,2948.0
2017-12-12 10:03:00,48.02,48.02,47.96,47.96,7686.0
2017-12-12 10:04:00,47.98,47.98,47.98,47.98,900.0
2017-12-12 10:05:00,47.9775,48.0,47.95,47.985,15329.0
2017-12-12 10:06:00,47.96,47.97,47.96,47.97,1973.0
2017-12-12 10:07:00,47.95,47.95,47.94,47.95,635.0
2017-12-12 10:08:00,47.88,47.935,47.88,47.93,1709.0
2017-12-12 10:09:00,47.96,47.99,47.91,47.91,15939.0
2017-12-12 10:10:00,47.96,47.97,47.95,47.95,3401.0
2017-12-12 10:11:00,47.99,47.99,47.97,47.97,1801.0
2017-12-12 10:12:00,48.0,48.0,47.98,48.0,10400.0
2017-12-12 10:13:00,48.05,48.05,48.02,48.02,4650.0
2017-12-12 10:14:00,48.025,48.06,48.0,48.05,38942.0
2017-12-12 10:15:00,48.1025,48.12,48.04,48.04,5529.0
2017-12-12 10:16:00,48.09,48.13,48.09,48.13,500.0
2017-12-12 10:17:00,48.14,48.15,48.12,48.12,900.0
2017-12-12 10:18:00,48.18,48.18,48.14,48.14,900.0
2017-12-12 10:19:00,48.11,48.19,48.11,48.17,6007.0
2017-12-12 10:20:00,48.11,48.12,48.11,48.12,700.0
2017-12-12 10:21:00,48.1,48.1,48.1,48.1,1200.0
2017-12-12 10:22:00,48.07,48.11,48.07,48.1,3484.0
2017-12-12 10:23:00,48.08,48.08,48.07,48.07,502.0
2017-12-12 10:24:00,48.07,48.07,48.06,48.07,1100.0
2017-12-12 10:25:00,48.09,48.09,48.065,48.065,1700.0
2017-12-12 10:26:00,48.04,48.0769,48.04,48.0769,1453.0
2017-12-12 10:27:00,48.06,48.06,48.05,48.05,400.0
2017-12-12 10:28:00,48.11,48.11,48.06,48.06,2500.0
2017-12-12 10:29:00,48.06,48.09,48.06,48.09,3236.0
2017-12-12 10:30:00,48.07,48.07,48.06,48.06,400.0
2017-12-12 10:31:00,48.07,48.07,48.06,48.07,2187.0
2017-12-12 10:32:00,48.12,48.13,48.07,48.08,2200.0
2017-12-12 10:33:00,48.16,48.16,48.13,48.13,300.0
2017-12-12 10:34:00,48.15,48.15,48.14,48.1402,1402.0
2017-12-12 10:35:00,48.16,48.16,48.16,48.16,100.0
2017-12-12 10:36:00,48.16,48.17,48.16,48.17,200.0
2017-12-12 10:37:00,48.14,48.16,48.13,48.15,4966.0
2017-12-12 10:38:00,48.16,48.16,48.14,48.14,300.0
2017-12-12 10:39:00,48.15,48.17,48.15,48.16,700.0
2017-12-12 10:40:00,48.18,48.18,48.17,48.17,200.0
2017-12-12 10:41:00,48.2,48.2,48.19,48.19,4430.0
2017-12-12 10:42:00,48.22,48.22,48.19,48.19,1100.0
2017-12-12 10:43:00,48.24,48.24,48.23,48.23,3655.0
2017-12-12 10:44:00,48.22,48.25,48.2,48.25,82901.0
2017-12-12 10:45:00,48.23,48.23,48.21,48.22,16292.0
2017-12-12 10:46:00,48.25,48.25,48.22,48.23,57249.0
2017-12-12 10:47:00,48.34,48.34,48.26,48.26,28254.0
2017-12-12 10:48:00,48.36,48.36,48.31,48.34,15576.0
2017-12-12 10:49:00,48.33,48.36,48.33,48.36,6001.0
2017-12-12 10:50:00,48.33,48.33,48.3,48.33,3353.0
2017-12-12 10:51:00,48.34,48.34,48.3,48.31,5282.0
2017-12-12 10:52:00,48.36,48.38,48.32,48.32,6732.0
2017-12-12 10:53:00,48.4,48.42,48.3788,48.38,6551.0
2017-12-12 10:54:00,48.44,48.44,48.38,48.4,7165.0
2017-12-12 10:55:00,48.42,48.44,48.42,48.43,2301.0
2017-12-12 10:56:00,48.435,48.44,48.42,48.42,3101.0
2017-12-12 10:57:00,48.42,48.45,48.42,48.44,6723.0
2017-12-12 10:58:00,48.41,48.41,48.41,48.41,200.0
2017-12-12 10:59:00,48.371,48.42,48.371,48.42,8586.0
2017-12-12 11:00:00,48.46,48.46,48.39,48.39,3140.0
2017-12-12 11:01:00,48.46,48.46,48.46,48.46,100.0
2017-12-12 11:02:00,48.46,48.47,48.43,48.45,3825.0
2017-12-12 11:03:00,48.45,48.47,48.44,48.47,1100.0
2017-12-12 11:04:00,48.53,48.54,48.45,48.45,10998.0
2017-12-12 11:05:00,48.505,48.505,48.49,48.49,300.0
2017-12-12 11:06:00,48.51,48.53,48.5,48.505,1300.0
2017-12-12 11:07:00,48.49,48.515,48.48,48.515,3090.0
2017-12-12 11:08:00,48.54,48.54,48.48,48.48,2475.0
2017-12-12 11:09:00,48.51,48.547,48.51,48.535,4250.0
2017-12-12 11:10:00,48.5012,48.52,48.49,48.5,2240.0
2017-12-12 11:11:00,48.49,48.52,48.48,48.51,2752.0
2017-12-12 11:12:00,48.5,48.51,48.49,48.51,1500.0
2017-12-12 11:13:00,48.51,48.52,48.51,48.51,500.0
2017-12-12 11:14:00,48.49,48.51,48.49,48.51,1201.0
2017-12-12 11:15:00,48.5,48.5,48.47,48.49,3900.0
2017-12-12 11:16:00,48.53,48.53,48.5,48.5,4352.0
2017-12-12 11:17:00,48.53,48.53,48.51,48.52,3265.0
2017-12-12 11:18:00,48.54,48.54,48.52,48.52,900.0
2017-12-12 11:20:00,48.54,48.54,48.54,48.54,400.0
2017-12-12 11:21:00,48.565,48.565,48.53,48.55,13979.0
2017-12-12 11:22:00,48.56,48.59,48.56,48.57,2966.0
2017-12-12 11:23:00,48.59,48.595,48.56,48.5705,4501.0
2017-12-12 11:24:00,48.59,48.59,48.55,48.57,3407.0
2017-12-12 11:25:00,48.58,48.61,48.58,48.58,1740.0
2017-12-12 11:26:00,48.59,48.6,48.58,48.58,986.0
2017-12-12 11:27:00,48.55,48.61,48.55,48.6,5101.0
2017-12-12 11:28:00,48.54,48.545,48.53,48.53,1900.0
2017-12-12 11:29:00,48.57,48.57,48.55,48.55,2800.0
2017-12-12 11:30:00,48.61,48.61,48.58,48.58,1000.0
2017-12-12 11:31:00,48.59,48.61,48.59,48.61,3294.0
2017-12-12 11:32:00,48.56,48.61,48.56,48.61,1730.0
2017-12-12 11:33:00,48.54,48.56,48.54,48.56,1300.0
2017-12-12 11:34:00,48.5106,48.55,48.5106,48.55,1200.0
2017-12-12 11:35:00,48.53,48.54,48.51,48.51,2100.0
2017-12-12 11:36:00,48.57,48.58,48.55,48.55,1100.0
2017-12-12 11:37:00,48.57,48.58,48.56,48.57,2000.0
2017-12-12 11:38:00,48.58,48.6,48.58,48.58,1615.0
2017-12-12 11:39:00,48.55,48.56,48.53,48.56,5090.0
2017-12-12 11:40:00,48.58,48.59,48.54,48.55,1619.0
2017-12-12 11:41:00,48.56,48.58,48.54,48.58,1701.0
2017-12-12 11:42:00,48.555,48.555,48.555,48.555,120.0
2017-12-12 11:43:00,48.485,48.54,48.485,48.54,3300.0
2017-12-12 11:44:00,48.47,48.47,48.47,48.47,300.0
2017-12-12 11:45:00,48.46,48.47,48.46,48.47,1816.0
2017-12-12 11:46:00,48.47,48.49,48.46,48.46,3616.0
2017-12-12 11:47:00,48.48,48.48,48.45,48.45,200.0
2017-12-12 11:48:00,48.468999999999994,48.48,48.461000000000006,48.48,800.0
2017-12-12 11:49:00,48.45,48.46,48.45,48.46,1500.0
2017-12-12 11:50:00,48.45,48.46,48.45,48.46,200.0
2017-12-12 11:51:00,48.5,48.5,48.46,48.46,2240.0
2017-12-12 11:52:00,48.5,48.5,48.5,48.5,300.0
2017-12-12 11:53:00,48.54,48.54,48.51,48.51,1844.0
2017-12-12 11:55:00,48.53,48.53,48.5,48.5,1850.0
2017-12-12 11:56:00,48.53,48.54,48.52,48.53,2100.0
2017-12-12 11:57:00,48.53,48.53,48.51,48.53,400.0
2017-12-12 11:58:00,48.58,48.58,48.53,48.53,1700.0
2017-12-12 11:59:00,48.55,48.56,48.53,48.56,5001.0
2017-12-12 12:00:00,48.56,48.58,48.56,48.56,1300.0
2017-12-12 12:01:00,48.55,48.56,48.55,48.55,2100.0
2017-12-12 12:02:00,48.54,48.56,48.54,48.56,1000.0
2017-12-12 12:03:00,48.535,48.55,48.53,48.55,3471.0
2017-12-12 12:04:00,48.58,48.58,48.53,48.53,2565.0
2017-12-12 12:05:00,48.58,48.58,48.56,48.58,2601.0
2017-12-12 12:06:00,48.58,48.6,48.57,48.58,1500.0
2017-12-12 12:07:00,48.57,48.58,48.545,48.57,3180.0
2017-12-12 12:08:00,48.54,48.6,48.54,48.58,1500.0
2017-12-12 12:09:00,48.58,48.58,48.54,48.55,3800.0
2017-12-12 12:10:00,48.59,48.59,48.58,48.58,1100.0
2017-12-12 12:11:00,48.6,48.6,48.6,48.6,100.0
2017-12-12 12:12:00,48.55,48.59,48.54,48.59,2701.0
2017-12-12 12:13:00,48.57,48.57,48.54,48.55,1200.0
2017-12-12 12:14:00,48.59,48.6,48.58,48.59,6200.0
2017-12-12 12:15:00,48.6,48.63,48.58,48.58,15532.0
2017-12-12 12:16:00,48.61,48.62,48.58,48.6,3000.0
2017-12-12 12:17:00,48.55,48.6,48.55,48.59,1893.0
2017-12-12 12:18:00,48.54,48.57,48.54,48.55,1107.0
2017-12-12 12:19:00,48.56,48.56,48.52,48.54,1585.0
2017-12-12 12:20:00,48.6,48.66,48.57,48.57,9647.0
2017-12-12 12:21:00,48.62,48.62,48.6,48.6,2000.0
2017-12-12 12:22:00,48.65,48.66,48.61,48.63,5511.0
2017-12-12 12:23:00,48.63,48.65,48.62,48.63,2700.0
2017-12-12 12:24:00,48.62,48.65,48.62,48.65,500.0
2017-12-12 12:25:00,48.61,48.63,48.6,48.63,2901.0
2017-12-12 12:26:00,48.62,48.62,48.6,48.62,500.0
2017-12-12 12:27:00,48.54,48.62,48.54,48.61,4614.0
2017-12-12 12:28:00,48.59,48.59,48.57,48.57,2464.0
2017-12-12 12:29:00,48.57,48.61,48.56,48.6,3718.0
2017-12-12 12:30:00,48.53,48.56,48.51,48.55,2660.0
2017-12-12 12:31:00,48.61,48.61,48.555,48.555,4573.0
2017-12-12 12:32:00,48.62,48.64,48.61,48.61,2809.0
2017-12-12 12:33:00,48.62,48.65,48.62,48.64,600.0
2017-12-12 12:34:00,48.64,48.64,48.63,48.6348,2042.0
2017-12-12 12:35:00,48.66,48.66,48.64,48.65,2933.0
2017-12-12 12:36:00,48.66,48.67,48.66,48.67,620.0
2017-12-12 12:37:00,48.66,48.67,48.66,48.66,759.0
2017-12-12 12:38:00,48.5995,48.66,48.59,48.66,3961.0
2017-12-12 12:39:00,48.61,48.61,48.6,48.61,500.0
2017-12-12 12:40:00,48.59,48.6,48.58,48.59,1521.0
2017-12-12 12:41:00,48.6,48.62,48.58,48.59,4700.0
2017-12-12 12:42:00,48.61,48.61,48.5901,48.6,900.0
2017-12-12 12:43:00,48.57,48.6,48.57,48.59,2755.0
2017-12-12 12:44:00,48.62,48.62,48.58,48.59,1416.0
2017-12-12 12:45:00,48.61,48.63,48.61,48.61,1700.0
2017-12-12 12:46:00,48.62,48.62,48.61,48.62,1100.0
2017-12-12 12:47:00,48.62,48.62,48.6,48.62,1600.0
2017-12-12 12:48:00,48.7,48.71,48.6001,48.6001,10636.0
2017-12-12 12:49:00,48.7,48.71,48.67,48.7,2831.0
2017-12-12 12:50:00,48.69,48.7,48.67,48.7,1420.0
2017-12-12 12:51:00,48.66,48.675,48.66,48.675,527.0
2017-12-12 12:52:00,48.69,48.69,48.67,48.68,3383.0
2017-12-12 12:53:00,48.64,48.67,48.64,48.67,2954.0
2017-12-12 12:54:00,48.64,48.66,48.63,48.63,1000.0
2017-12-12 12:55:00,48.64,48.67,48.63,48.66,3891.0
2017-12-12 12:56:00,48.63,48.65,48.63,48.64,1500.0
2017-12-12 12:57:00,48.6202,48.63,48.61,48.62,1700.0
2017-12-12 12:58:00,48.63,48.63,48.61,48.62,300.0
2017-12-12 12:59:00,48.57,48.62,48.57,48.62,3201.0
2017-12-12 13:00:00,48.58,48.63,48.57,48.57,4072.0
2017-12-12 13:01:00,48.6,48.6,48.59,48.59,767.0
2017-12-12 13:02:00,48.6,48.6,48.595,48.595,400.0
2017-12-12 13:03:00,48.62,48.62,48.62,48.62,100.0
2017-12-12 13:04:00,48.61,48.62,48.5901,48.61,2002.0
2017-12-12 13:05:00,48.64,48.64,48.61,48.61,1906.0
2017-12-12 13:06:00,48.61,48.65,48.61,48.64,3401.0
2017-12-12 13:07:00,48.62,48.62,48.61,48.61,400.0
2017-12-12 13:08:00,48.62,48.62,48.61,48.61,400.0
2017-12-12 13:09:00,48.64,48.64,48.62,48.63,2551.0
2017-12-12 13:10:00,48.65,48.65,48.64,48.64,1096.0
2017-12-12 13:11:00,48.63,48.65,48.63,48.64,2810.0
2017-12-12 13:12:00,48.65,48.65,48.61,48.62,5661.0
2017-12-12 13:13:00,48.65,48.66,48.64,48.65,1701.0
2017-12-12 13:14:00,48.66,48.66,48.63,48.6495,2150.0
2017-12-12 13:15:00,48.67,48.68,48.63,48.65,5602.0
2017-12-12 13:16:00,48.68,48.69,48.67,48.67,18402.0
2017-12-12 13:17:00,48.69,48.69,48.67,48.68,17041.0
2017-12-12 13:18:00,48.738,48.74,48.69,48.69,5950.0
2017-12-12 13:19:00,48.73,48.74,48.71,48.74,6401.0
2017-12-12 13:20:00,48.76,48.76,48.71,48.73,17173.0
2017-12-12 13:21:00,48.74,48.77,48.74,48.76,6891.0
2017-12-12 13:22:00,48.68,48.75,48.68,48.75,3200.0
2017-12-12 13:23:00,48.67,48.7,48.67,48.695,7800.0
2017-12-12 13:24:00,48.68,48.69,48.67,48.67,8033.0
2017-12-12 13:25:00,48.68,48.7,48.68,48.69,800.0
2017-12-12 13:26:00,48.69,48.7,48.68,48.69,1300.0
2017-12-12 13:27:00,48.69,48.695,48.69,48.69,1400.0
2017-12-12 13:28:00,48.67,48.7,48.67,48.7,3302.0
2017-12-12 13:29:00,48.69,48.69,48.67,48.67,3024.0
2017-12-12 13:30:00,48.68,48.7,48.68,48.69,2958.0
2017-12-12 13:31:00,48.67,48.69,48.67,48.69,500.0
2017-12-12 13:32:00,48.69,48.7,48.69,48.7,959.0
2017-12-12 13:33:00,48.69,48.69,48.67,48.67,400.0
2017-12-12 13:34:00,48.69,48.69,48.68,48.69,2136.0
2017-12-12 13:35:00,48.68,48.7,48.68,48.69,2590.0
2017-12-12 13:36:00,48.67,48.7,48.67,48.67,10700.0
2017-12-12 13:37:00,48.68,48.7,48.68,48.69,1432.0
2017-12-12 13:39:00,48.68,48.68,48.67,48.68,2901.0
2017-12-12 13:40:00,48.69,48.69,48.67,48.672,4894.0
2017-12-12 13:41:00,48.6,48.69,48.6,48.69,6911.0
2017-12-12 13:42:00,48.59,48.62,48.59,48.6,2069.0
2017-12-12 13:43:00,48.62,48.62,48.59,48.62,1000.0
2017-12-12 13:45:00,48.605,48.605,48.59,48.59,300.0
2017-12-12 13:46:00,48.58,48.5975,48.56,48.59,6599.0
2017-12-12 13:47:00,48.59,48.59,48.57,48.57,1700.0
2017-12-12 13:48:00,48.56,48.58,48.55,48.58,3900.0
2017-12-12 13:49:00,48.55,48.56,48.55,48.56,200.0
2017-12-12 13:50:00,48.57,48.57,48.55,48.55,800.0
2017-12-12 13:51:00,48.55,48.57,48.55,48.57,901.0
2017-12-12 13:52:00,48.6,48.62,48.55,48.55,7193.0
2017-12-12 13:53:00,48.66,48.66,48.595,48.61,13494.0
2017-12-12 13:54:00,48.59,48.66,48.59,48.66,6652.0
2017-12-12 13:55:00,48.58,48.6,48.58,48.59,1400.0
2017-12-12 13:56:00,48.64,48.65,48.6,48.6,1770.0
2017-12-12 13:57:00,48.63,48.65,48.61,48.63,2001.0
2017-12-12 13:58:00,48.65,48.65,48.62,48.63,5101.0
2017-12-12 13:59:00,48.61,48.65,48.61,48.65,700.0
2017-12-12 14:00:00,48.62,48.64,48.6,48.64,1200.0
2017-12-12 14:01:00,48.61,48.62,48.61,48.62,500.0
2017-12-12 14:02:00,48.63,48.63,48.6,48.6,300.0
2017-12-12 14:03:00,48.62,48.62,48.6,48.6,300.0
2017-12-12 14:04:00,48.6,48.61,48.6,48.61,497.0
2017-12-12 14:05:00,48.59,48.6,48.57,48.6,8315.0
2017-12-12 14:06:00,48.62,48.62,48.58,48.58,4945.0
2017-12-12 14:07:00,48.61,48.61,48.61,48.61,1001.0
2017-12-12 14:08:00,48.6,48.61,48.6,48.61,700.0
2017-12-12 14:09:00,48.63,48.63,48.6,48.6,12000.0
2017-12-12 14:10:00,48.6,48.63,48.6,48.63,1200.0
2017-12-12 14:11:00,48.57,48.58,48.57,48.58,2001.0
2017-12-12 14:12:00,48.57,48.57899999999999,48.57,48.57,3829.0
2017-12-12 14:13:00,48.55,48.58,48.55,48.57,1543.0
2017-12-12 14:14:00,48.54,48.56,48.53,48.56,1000.0
2017-12-12 14:15:00,48.55,48.56,48.53,48.53,2200.0
2017-12-12 14:16:00,48.55,48.55,48.53,48.53,900.0
2017-12-12 14:17:00,48.53,48.55,48.52,48.55,500.0
2017-12-12 14:18:00,48.54,48.56,48.53,48.53,1612.0
2017-12-12 14:19:00,48.56,48.56,48.54,48.54,200.0
2017-12-12 14:20:00,48.54,48.56,48.54,48.55,1800.0
2017-12-12 14:21:00,48.55,48.555,48.53,48.54,1900.0
2017-12-12 14:22:00,48.53,48.54,48.53,48.54,700.0
2017-12-12 14:23:00,48.54,48.55,48.53,48.54,900.0
2017-12-12 14:24:00,48.53,48.55,48.53,48.54,2001.0
2017-12-12 14:25:00,48.55,48.55,48.53,48.54,1400.0
2017-12-12 14:26:00,48.55,48.57,48.55,48.555,6279.0
2017-12-12 14:27:00,48.55,48.56,48.55,48.56,2174.0
2017-12-12 14:28:00,48.55,48.57,48.55,48.55,1200.0
2017-12-12 14:30:00,48.54,48.56,48.52,48.56,4704.0
2017-12-12 14:31:00,48.49,48.525,48.49,48.525,800.0
2017-12-12 14:32:00,48.47,48.5,48.47,48.49,1416.0
2017-12-12 14:33:00,48.46,48.465,48.45,48.465,700.0
2017-12-12 14:35:00,48.51,48.54,48.465,48.465,7566.0
2017-12-12 14:36:00,48.49,48.5032,48.49,48.5032,931.0
2017-12-12 14:37:00,48.46,48.49,48.46,48.49,400.0
2017-12-12 14:38:00,48.475,48.49,48.47,48.47,1032.0
2017-12-12 14:39:00,48.47,48.47,48.46,48.46,400.0
2017-12-12 14:40:00,48.46,48.46,48.45,48.46,1801.0
2017-12-12 14:41:00,48.445,48.46,48.445,48.45,1332.0
2017-12-12 14:42:00,48.445,48.445,48.435,48.44,1300.0
2017-12-12 14:43:00,48.43,48.445,48.43,48.44,2775.0
2017-12-12 14:44:00,48.42,48.42,48.42,48.42,600.0
2017-12-12 14:45:00,48.45,48.45,48.43,48.43,2000.0
2017-12-12 14:46:00,48.45,48.455,48.43,48.43,7583.0
2017-12-12 14:47:00,48.46,48.46,48.44,48.45,1200.0
2017-12-12 14:48:00,48.46,48.475,48.46,48.465,5501.0
2017-12-12 14:49:00,48.46,48.46,48.45,48.4588,3302.0
2017-12-12 14:50:00,48.47,48.47,48.46,48.465,919.0
2017-12-12 14:51:00,48.48,48.48,48.4699,48.4699,2095.0
2017-12-12 14:52:00,48.48,48.48,48.48,48.48,600.0
2017-12-12 14:53:00,48.52,48.52,48.48,48.48,7668.0
2017-12-12 14:54:00,48.5,48.52,48.5,48.52,1100.0
2017-12-12 14:55:00,48.52,48.52,48.49,48.51,2898.0
2017-12-12 14:56:00,48.49,48.525,48.49,48.525,1534.0
2017-12-12 14:57:00,48.5,48.5,48.5,48.5,500.0
2017-12-12 14:58:00,48.4996,48.5,48.49,48.49,1917.0
2017-12-12 14:59:00,48.5,48.51,48.49,48.51,4000.0
2017-12-12 15:00:00,48.5,48.5,48.49,48.5,600.0
2017-12-12 15:01:00,48.48,48.5,48.46,48.49,6145.0
2017-12-12 15:02:00,48.44,48.46,48.44,48.46,1300.0
2017-12-12 15:03:00,48.48,48.48,48.42,48.43,8175.0
2017-12-12 15:04:00,48.46,48.48,48.46,48.47,3940.0
2017-12-12 15:05:00,48.47,48.47,48.46,48.46,1101.0
2017-12-12 15:06:00,48.455,48.46,48.45,48.46,2100.0
2017-12-12 15:07:00,48.47,48.48,48.45,48.45,5938.0
2017-12-12 15:08:00,48.45,48.47,48.45,48.46,1800.0
2017-12-12 15:09:00,48.475,48.475,48.465,48.465,3400.0
2017-12-12 15:10:00,48.475,48.48,48.47,48.48,803.0
2017-12-12 15:11:00,48.44,48.48,48.44,48.475,6839.0
2017-12-12 15:12:00,48.4401,48.45,48.44,48.445,898.0
2017-12-12 15:13:00,48.42,48.445,48.42,48.445,3201.0
2017-12-12 15:14:00,48.44,48.44,48.42,48.42,2300.0
2017-12-12 15:15:00,48.435,48.44,48.43,48.435,900.0
2017-12-12 15:16:00,48.43,48.435,48.43,48.43,500.0
2017-12-12 15:17:00,48.43,48.435,48.425,48.435,5400.0
2017-12-12 15:18:00,48.43,48.44,48.43,48.44,600.0
2017-12-12 15:19:00,48.44,48.44,48.425,48.43,3977.0
2017-12-12 15:20:00,48.44,48.44,48.42,48.43,1900.0
2017-12-12 15:21:00,48.445,48.45,48.42,48.43899999999999,5275.0
2017-12-12 15:22:00,48.445,48.45,48.44,48.445,1706.0
2017-12-12 15:23:00,48.435,48.445,48.43,48.44,4300.0
2017-12-12 15:24:00,48.42,48.44,48.42,48.43,2100.0
2017-12-12 15:25:00,48.44,48.44,48.425,48.43,3600.0
2017-12-12 15:26:00,48.43,48.44,48.425,48.44,5516.0
2017-12-12 15:27:00,48.4453,48.45,48.435,48.44,5300.0
2017-12-12 15:28:00,48.44,48.45,48.44,48.445,4043.0
2017-12-12 15:29:00,48.46,48.47,48.43,48.435,6186.0
2017-12-12 15:30:00,48.465,48.47,48.45,48.46,4380.0
2017-12-12 15:31:00,48.51,48.51,48.47,48.47,13300.0
2017-12-12 15:32:00,48.5,48.5,48.49,48.5,1500.0
2017-12-12 15:33:00,48.5,48.5,48.485,48.5,5650.0
2017-12-12 15:34:00,48.49,48.5,48.49,48.495,1200.0
2017-12-12 15:35:00,48.485,48.49,48.48,48.49,3810.0
2017-12-12 15:36:00,48.465,48.49,48.46,48.49,9616.0
2017-12-12 15:37:00,48.46,48.465,48.455,48.46,5591.0
2017-12-12 15:38:00,48.45,48.465,48.45,48.465,6001.0
2017-12-12 15:39:00,48.475,48.475,48.455,48.455,6495.0
2017-12-12 15:40:00,48.42,48.475,48.42,48.475,6200.0
2017-12-12 15:41:00,48.42,48.43,48.42,48.42,1000.0
2017-12-12 15:42:00,48.42,48.43,48.415,48.42,10325.0
2017-12-12 15:43:00,48.47,48.48,48.415,48.42,15938.0
2017-12-12 15:44:00,48.485,48.49,48.47,48.48,8717.0
2017-12-12 15:45:00,48.49,48.51,48.48,48.49,12670.0
2017-12-12 15:46:00,48.47,48.49,48.46,48.49,6621.0
2017-12-12 15:47:00,48.48,48.49,48.47,48.47,5363.0
2017-12-12 15:48:00,48.48,48.4852,48.45,48.4852,15946.0
2017-12-12 15:49:00,48.48,48.49,48.48,48.48,6303.0
2017-12-12 15:50:00,48.41,48.49,48.41,48.49,9249.0
2017-12-12 15:51:00,48.42,48.43,48.4,48.415,6964.0
2017-12-12 15:52:00,48.41,48.42,48.4,48.4103,11857.0
2017-12-12 15:53:00,48.39,48.405,48.38,48.405,4625.0
2017-12-12 15:54:00,48.41,48.41,48.38,48.38,7203.0
2017-12-12 15:55:00,48.4,48.41,48.4,48.41,6700.0
2017-12-12 15:56:00,48.395,48.41,48.37,48.41,22308.0
2017-12-12 15:57:00,48.39,48.41,48.39,48.41,11100.0
2017-12-12 15:58:00,48.43,48.43,48.39,48.39,19164.0
2017-12-12 15:59:00,48.45,48.46,48.43,48.43,42678.0
2017-12-12 16:00:00,48.4,48.46,48.39,48.45,50137.0
2017-12-13 09:30:00,48.42,48.42,48.42,48.42,23253.0
2017-12-13 09:31:00,48.3,48.46,48.27,48.27,500.0
2017-12-13 09:32:00,48.3725,48.38,48.31,48.35,2917.0
2017-12-13 09:33:00,48.3,48.35,48.24,48.35,3300.0
2017-12-13 09:35:00,48.3,48.35,48.29,48.33,2500.0
2017-12-13 09:36:00,48.32,48.35,48.32,48.32,4800.0
2017-12-13 09:37:00,48.3,48.345,48.28,48.33,1808.0
2017-12-13 09:38:00,48.36,48.36,48.3,48.31,17898.0
2017-12-13 09:39:00,48.425,48.425,48.36,48.38,1800.0
2017-12-13 09:40:00,48.5,48.5,48.48,48.48,400.0
2017-12-13 09:41:00,48.4,48.47,48.4,48.47,2100.0
2017-12-13 09:42:00,48.43,48.44,48.42,48.42,807.0
2017-12-13 09:43:00,48.45,48.45,48.39,48.4,11715.0
2017-12-13 09:44:00,48.4,48.44,48.4,48.42,6815.0
2017-12-13 09:45:00,48.39,48.415,48.39,48.415,700.0
2017-12-13 09:46:00,48.4,48.41,48.39,48.4,2000.0
2017-12-13 09:47:00,48.4,48.42,48.4,48.4,700.0
2017-12-13 09:48:00,48.42,48.42,48.41,48.42,1111.0
2017-12-13 09:49:00,48.39,48.43,48.39,48.43,1466.0
2017-12-13 09:50:00,48.37,48.4,48.37,48.38,500.0
2017-12-13 09:51:00,48.37,48.4,48.37,48.4,700.0
2017-12-13 09:52:00,48.4,48.4,48.37,48.38,1601.0
2017-12-13 09:53:00,48.38,48.42,48.38,48.4,2400.0
2017-12-13 09:54:00,48.36,48.38,48.36,48.38,590.0
2017-12-13 09:55:00,48.38,48.38,48.35,48.365,800.0
2017-12-13 09:56:00,48.31,48.35,48.31,48.35,1057.0
2017-12-13 09:57:00,48.38,48.38,48.31,48.31,3463.0
2017-12-13 09:58:00,48.36,48.38,48.36,48.37,2000.0
2017-12-13 09:59:00,48.3701,48.38,48.36,48.36,1588.0
2017-12-13 10:00:00,48.35,48.37,48.35,48.37,1754.0
2017-12-13 10:01:00,48.33,48.37,48.33,48.37,3795.0
2017-12-13 10:02:00,48.34,48.35,48.34,48.34,900.0
2017-12-13 10:03:00,48.35,48.38,48.34,48.34,6855.0
2017-12-13 10:04:00,48.34,48.36,48.34,48.35,1100.0
2017-12-13 10:05:00,48.34,48.34,48.33,48.34,600.0
2017-12-13 10:06:00,48.365,48.37,48.35,48.35,5482.0
2017-12-13 10:07:00,48.35,48.38,48.35,48.37,2617.0
2017-12-13 10:08:00,48.35,48.35,48.34,48.34,600.0
2017-12-13 10:09:00,48.37,48.37,48.34,48.34,2399.0
2017-12-13 10:10:00,48.36,48.36,48.34,48.36,3300.0
2017-12-13 10:11:00,48.36,48.365,48.36,48.36,1103.0
2017-12-13 10:12:00,48.35,48.36,48.35,48.36,200.0
2017-12-13 10:13:00,48.36,48.36,48.34,48.35,4999.0
2017-12-13 10:14:00,48.36,48.36,48.36,48.36,100.0
2017-12-13 10:15:00,48.33,48.36,48.33,48.36,3100.0
2017-12-13 10:16:00,48.29,48.33,48.29,48.32,1900.0
2017-12-13 10:17:00,48.3,48.3097,48.2801,48.3097,806.0
2017-12-13 10:18:00,48.29,48.3,48.29,48.3,600.0
2017-12-13 10:19:00,48.31,48.32,48.29,48.29,7992.0
2017-12-13 10:20:00,48.34,48.35,48.32,48.33,3850.0
2017-12-13 10:21:00,48.29,48.33,48.29,48.33,2100.0
2017-12-13 10:22:00,48.28,48.29,48.28,48.28,3400.0
2017-12-13 10:23:00,48.29,48.29,48.29,48.29,1100.0
2017-12-13 10:24:00,48.29,48.2972,48.28,48.2972,950.0
2017-12-13 10:25:00,48.28,48.3,48.27,48.27,600.0
2017-12-13 10:26:00,48.34,48.36,48.3,48.3,6010.0
2017-12-13 10:27:00,48.35,48.35,48.33,48.34,2400.0
2017-12-13 10:28:00,48.345,48.35,48.34,48.35,1400.0
2017-12-13 10:29:00,48.33,48.33,48.33,48.33,1200.0
2017-12-13 10:30:00,48.31,48.32,48.3,48.31,3200.0
2017-12-13 10:31:00,48.35,48.36,48.31,48.31,4170.0
2017-12-13 10:32:00,48.37,48.37,48.35,48.35,2151.0
2017-12-13 10:33:00,48.3,48.36,48.3,48.36,2800.0
2017-12-13 10:34:00,48.3,48.31,48.29,48.3076,3004.0
2017-12-13 10:35:00,48.29,48.3099,48.29,48.3099,600.0
2017-12-13 10:36:00,48.29,48.29,48.27,48.29,840.0
2017-12-13 10:37:00,48.25,48.28,48.25,48.28,996.0
2017-12-13 10:38:00,48.2621,48.2621,48.25,48.25,870.0
2017-12-13 10:39:00,48.25,48.28,48.25,48.25,1870.0
2017-12-13 10:40:00,48.315,48.3199,48.26,48.26,9748.0
2017-12-13 10:41:00,48.3,48.31,48.29,48.31,2500.0
2017-12-13 10:42:00,48.27,48.29,48.27,48.29,3200.0
2017-12-13 10:43:00,48.26,48.27,48.26,48.27,2300.0
2017-12-13 10:44:00,48.27,48.27,48.27,48.27,200.0
2017-12-13 10:45:00,48.27,48.28,48.27,48.27,2900.0
2017-12-13 10:46:00,48.26,48.26,48.26,48.26,309.0
2017-12-13 10:47:00,48.25,48.27,48.25,48.25,700.0
2017-12-13 10:48:00,48.22,48.25,48.22,48.24,4300.0
2017-12-13 10:49:00,48.21,48.22,48.21,48.22,700.0
2017-12-13 10:50:00,48.23,48.23,48.2,48.2,4415.0
2017-12-13 10:51:00,48.2001,48.22,48.2001,48.22,2674.0
2017-12-13 10:52:00,48.25,48.25,48.22,48.22,3903.0
2017-12-13 10:53:00,48.21,48.25,48.21,48.23,1907.0
2017-12-13 10:54:00,48.21,48.21,48.21,48.21,300.0
2017-12-13 10:55:00,48.2,48.23,48.2,48.21,700.0
2017-12-13 10:56:00,48.21,48.22,48.2,48.22,2200.0
2017-12-13 10:57:00,48.22,48.225,48.19,48.22,2724.0
2017-12-13 10:58:00,48.18,48.2,48.18,48.2,1200.0
2017-12-13 10:59:00,48.18,48.18,48.18,48.18,500.0
2017-12-13 11:00:00,48.16,48.17,48.16,48.16,400.0
2017-12-13 11:01:00,48.19,48.2,48.17,48.17,3816.0
2017-12-13 11:02:00,48.16,48.1875,48.15,48.1875,2960.0
2017-12-13 11:03:00,48.16,48.16,48.16,48.16,100.0
2017-12-13 11:04:00,48.19,48.195,48.16,48.16,3420.0
2017-12-13 11:05:00,48.18,48.19,48.1759,48.19,2668.0
2017-12-13 11:06:00,48.19,48.19,48.19,48.19,500.0
2017-12-13 11:07:00,48.1901,48.23,48.19,48.19,5650.0
2017-12-13 11:08:00,48.21,48.21,48.19,48.19,300.0
2017-12-13 11:09:00,48.17,48.19,48.17,48.19,1500.0
2017-12-13 11:10:00,48.17,48.19,48.16,48.16,3804.0
2017-12-13 11:11:00,48.15,48.18,48.15,48.16,2330.0
2017-12-13 11:12:00,48.14,48.15,48.14,48.15,2100.0
2017-12-13 11:13:00,48.16,48.16,48.15,48.15,1580.0
2017-12-13 11:14:00,48.13,48.15,48.13,48.15,1219.0
2017-12-13 11:15:00,48.13,48.13,48.13,48.13,100.0
2017-12-13 11:16:00,48.12,48.13,48.12,48.12,1600.0
2017-12-13 11:17:00,48.125,48.125,48.11,48.115,2901.0
2017-12-13 11:18:00,48.11,48.13,48.11,48.13,1602.0
2017-12-13 11:19:00,48.11,48.11,48.09,48.09,1900.0
2017-12-13 11:20:00,48.11,48.11,48.11,48.11,2283.0
2017-12-13 11:21:00,48.1,48.11,48.1,48.1057,1200.0
2017-12-13 11:22:00,48.1,48.1,48.1,48.1,1500.0
2017-12-13 11:23:00,48.12,48.12,48.1,48.105,4603.0
2017-12-13 11:24:00,48.13,48.13,48.13,48.13,1432.0
2017-12-13 11:25:00,48.13,48.15,48.13,48.14,429.0
2017-12-13 11:27:00,48.14,48.15,48.13,48.13,1702.0
2017-12-13 11:28:00,48.14,48.15,48.13,48.13,7400.0
2017-12-13 11:30:00,48.15,48.15,48.13,48.13,600.0
2017-12-13 11:31:00,48.08,48.15,48.08,48.15,6824.0
2017-12-13 11:32:00,48.08,48.09,48.08,48.08,1500.0
2017-12-13 11:33:00,48.09,48.09,48.07,48.08,3600.0
2017-12-13 11:34:00,48.09,48.1,48.07,48.07,4907.0
2017-12-13 11:35:00,48.1,48.1,48.095,48.095,200.0
2017-12-13 11:36:00,48.1,48.1,48.1,48.1,100.0
2017-12-13 11:37:00,48.07,48.09,48.07,48.09,4871.0
2017-12-13 11:38:00,48.08,48.08,48.08,48.08,300.0
2017-12-13 11:39:00,48.07,48.08,48.07,48.07,1700.0
2017-12-13 11:40:00,48.09,48.1,48.08,48.08,6838.0
2017-12-13 11:41:00,48.11,48.11,48.09,48.09,2980.0
2017-12-13 11:42:00,48.11,48.11,48.1041,48.11,2290.0
2017-12-13 11:43:00,48.125,48.13,48.11,48.11,2660.0
2017-12-13 11:44:00,48.13,48.15,48.125,48.13,3057.0
2017-12-13 11:45:00,48.1,48.1207,48.09,48.1207,5666.0
2017-12-13 11:46:00,48.11,48.11,48.1,48.1,1800.0
2017-12-13 11:47:00,48.08,48.11,48.08,48.11,1700.0
2017-12-13 11:48:00,48.08,48.08,48.08,48.08,1300.0
2017-12-13 11:49:00,48.08,48.09,48.08,48.08,1803.0
2017-12-13 11:50:00,48.09,48.1,48.08,48.08,863.0
2017-12-13 11:51:00,48.09,48.09,48.09,48.09,595.0
2017-12-13 11:52:00,48.07,48.09,48.07,48.09,779.0
2017-12-13 11:53:00,48.05,48.07,48.05,48.06,1500.0
2017-12-13 11:54:00,48.05,48.06,48.05,48.055,4925.0
2017-12-13 11:55:00,47.98,48.05,47.98,48.05,6290.0
2017-12-13 11:56:00,48.01,48.02,47.985,47.99,7450.0
2017-12-13 11:57:00,48.03,48.03,48.02,48.02,704.0
2017-12-13 11:58:00,48.01,48.03,48.01,48.01,1959.0
2017-12-13 11:59:00,48.01,48.02,47.99,48.0091,2448.0
2017-12-13 12:00:00,48.02,48.03,48.02,48.03,1957.0
2017-12-13 12:01:00,48.01,48.02,48.0,48.02,3210.0
2017-12-13 12:02:00,48.01,48.02,48.01,48.01,1900.0
2017-12-13 12:03:00,47.98,48.0,47.98,48.0,1726.0
2017-12-13 12:04:00,47.98,47.98,47.98,47.98,100.0
2017-12-13 12:05:00,47.98,47.98,47.97,47.98,2306.0
2017-12-13 12:06:00,47.96,48.0,47.96,47.98,9707.0
2017-12-13 12:07:00,47.94,47.97,47.94,47.96,2546.0
2017-12-13 12:08:00,47.93,47.94,47.92,47.94,3400.0
2017-12-13 12:09:00,47.93,47.94,47.93,47.9301,870.0
2017-12-13 12:10:00,47.9,47.94,47.89,47.935,6762.0
2017-12-13 12:11:00,47.92,47.925,47.9,47.9,4805.0
2017-12-13 12:12:00,47.91,47.92,47.9,47.9,3014.0
2017-12-13 12:13:00,47.96,47.96,47.92,47.92,3100.0
2017-12-13 12:14:00,47.97,47.97,47.96,47.96,1606.0
2017-12-13 12:15:00,47.97,47.98,47.96,47.97,3000.0
2017-12-13 12:16:00,47.94,47.97,47.94,47.97,5260.0
2017-12-13 12:17:00,47.93,47.95,47.93,47.95,440.0
2017-12-13 12:18:00,47.93,47.965,47.93,47.93,6400.0
2017-12-13 12:19:00,47.95,47.95,47.93,47.93,1305.0
2017-12-13 12:20:00,47.93,47.95,47.93,47.95,1701.0
2017-12-13 12:21:00,47.95,47.95,47.92,47.93,3200.0
2017-12-13 12:23:00,47.97,47.97,47.955,47.96,2702.0
2017-12-13 12:24:00,47.98,47.99,47.97,47.98,2964.0
2017-12-13 12:25:00,47.96,47.97,47.96,47.97,1300.0
2017-12-13 12:26:00,47.96,47.96,47.95,47.96,800.0
2017-12-13 12:27:00,47.96,47.97,47.95,47.96,4742.0
2017-12-13 12:28:00,47.985,47.985,47.96,47.96,1400.0
2017-12-13 12:29:00,48.0,48.01,47.99,47.99,700.0
2017-12-13 12:30:00,48.01,48.01,47.99,47.99,1000.0
2017-12-13 12:31:00,48.02,48.02,48.01,48.01,300.0
2017-12-13 12:32:00,48.01,48.03,48.01,48.03,200.0
2017-12-13 12:33:00,48.035,48.035,48.02,48.02,1791.0
2017-12-13 12:34:00,48.03,48.03,48.03,48.03,100.0
2017-12-13 12:35:00,48.04,48.04,48.04,48.04,490.0
2017-12-13 12:36:00,48.09,48.09,48.04,48.04,3080.0
2017-12-13 12:37:00,48.09,48.09,48.09,48.09,100.0
2017-12-13 12:38:00,48.095,48.095,48.08,48.08,1934.0
2017-12-13 12:39:00,48.09,48.09,48.08,48.09,1038.0
2017-12-13 12:40:00,48.08,48.09,48.08,48.09,1505.0
2017-12-13 12:42:00,48.11,48.11,48.095,48.095,1645.0
2017-12-13 12:43:00,48.1,48.11,48.1,48.11,1459.0
2017-12-13 12:44:00,48.1,48.1,48.1,48.1,1700.0
2017-12-13 12:45:00,48.09,48.105,48.09,48.105,1280.0
2017-12-13 12:46:00,48.1,48.11,48.1,48.11,300.0
2017-12-13 12:47:00,48.11,48.11,48.11,48.11,1000.0
2017-12-13 12:48:00,48.12,48.12,48.11,48.11,200.0
2017-12-13 12:49:00,48.115,48.12,48.115,48.12,1800.0
2017-12-13 12:50:00,48.16,48.165,48.12,48.12,5158.0
2017-12-13 12:51:00,48.17,48.17,48.15,48.16,500.0
2017-12-13 12:52:00,48.16,48.165,48.16,48.165,400.0
2017-12-13 12:53:00,48.16,48.16,48.16,48.16,1300.0
2017-12-13 12:54:00,48.16,48.16,48.16,48.16,100.0
2017-12-13 12:55:00,48.15,48.17,48.15,48.16,400.0
2017-12-13 12:56:00,48.175,48.18,48.17,48.17,4010.0
2017-12-13 12:57:00,48.165,48.17,48.165,48.17,1080.0
2017-12-13 12:58:00,48.15,48.16,48.15,48.16,3105.0
2017-12-13 12:59:00,48.14,48.15,48.14,48.15,1300.0
2017-12-13 13:00:00,48.13,48.13,48.12,48.13,2700.0
2017-12-13 13:01:00,48.135,48.14,48.125,48.13,4482.0
2017-12-13 13:02:00,48.15,48.15,48.135,48.14,3221.0
2017-12-13 13:03:00,48.14,48.14,48.13,48.14,1600.0
2017-12-13 13:04:00,48.13,48.14,48.13,48.14,2026.0
2017-12-13 13:05:00,48.12,48.13,48.12,48.13,2500.0
2017-12-13 13:06:00,48.12,48.125,48.115,48.125,1300.0
2017-12-13 13:07:00,48.12,48.13,48.12,48.12,900.0
2017-12-13 13:09:00,48.15,48.15,48.13,48.13,1941.0
2017-12-13 13:10:00,48.155,48.155,48.145,48.15,2000.0
2017-12-13 13:11:00,48.155,48.16,48.155,48.16,200.0
2017-12-13 13:12:00,48.12,48.15,48.12,48.15,2643.0
2017-12-13 13:13:00,48.12,48.13,48.12,48.13,999.0
2017-12-13 13:14:00,48.1,48.1144,48.1,48.1144,1500.0
2017-12-13 13:15:00,48.09,48.1,48.09,48.1,500.0
2017-12-13 13:16:00,48.0995,48.0995,48.0995,48.0995,139.0
2017-12-13 13:17:00,48.0997,48.0997,48.0997,48.0997,425.0
2017-12-13 13:18:00,48.11,48.11,48.095,48.095,300.0
2017-12-13 13:19:00,48.1,48.105,48.09,48.1,2500.0
2017-12-13 13:20:00,48.12,48.13,48.1,48.1,3400.0
2017-12-13 13:21:00,48.12,48.12,48.12,48.12,834.0
2017-12-13 13:22:00,48.11,48.12,48.11,48.12,401.0
2017-12-13 13:23:00,48.11,48.11,48.1,48.11,500.0
2017-12-13 13:24:00,48.12,48.125,48.09,48.09,2300.0
2017-12-13 13:25:00,48.12,48.12,48.115,48.115,2444.0
2017-12-13 13:26:00,48.11,48.13,48.105,48.12,4693.0
2017-12-13 13:27:00,48.12,48.13,48.105,48.11,5363.0
2017-12-13 13:28:00,48.11,48.12,48.11,48.11,1180.0
2017-12-13 13:29:00,48.11,48.11,48.1,48.11,1334.0
2017-12-13 13:30:00,48.12,48.12,48.11,48.11,1637.0
2017-12-13 13:31:00,48.12,48.12,48.115,48.115,200.0
2017-12-13 13:32:00,48.11,48.11,48.11,48.11,500.0
2017-12-13 13:33:00,48.1,48.11,48.1,48.11,1600.0
2017-12-13 13:34:00,48.11,48.11,48.1,48.11,300.0
2017-12-13 13:35:00,48.12,48.12,48.11,48.11,2535.0
2017-12-13 13:36:00,48.14,48.14,48.1,48.11,3886.0
2017-12-13 13:37:00,48.145,48.145,48.13,48.13,4866.0
2017-12-13 13:38:00,48.16,48.16,48.145,48.15,1800.0
2017-12-13 13:39:00,48.16,48.16,48.16,48.16,200.0
2017-12-13 13:40:00,48.17,48.17,48.15,48.16,1600.0
2017-12-13 13:41:00,48.16,48.16,48.15,48.16,1100.0
2017-12-13 13:42:00,48.16,48.16,48.15,48.16,707.0
2017-12-13 13:43:00,48.15,48.16,48.145,48.16,2422.0
2017-12-13 13:44:00,48.13,48.145,48.13,48.14,1800.0
2017-12-13 13:45:00,48.1,48.12,48.09,48.12,5636.0
2017-12-13 13:46:00,48.09,48.09,48.08,48.09,1560.0
2017-12-13 13:47:00,48.1,48.1,48.095,48.0955,515.0
2017-12-13 13:48:00,48.1,48.1,48.095,48.1,2276.0
2017-12-13 13:49:00,48.1,48.1,48.09,48.1,2596.0
2017-12-13 13:50:00,48.1,48.1,48.09,48.1,716.0
2017-12-13 13:51:00,48.13,48.13,48.1,48.1,2600.0
2017-12-13 13:52:00,48.15,48.15,48.125,48.13,1580.0
2017-12-13 13:53:00,48.16,48.16,48.14,48.15,1900.0
2017-12-13 13:54:00,48.17,48.17,48.15,48.16,2023.0
2017-12-13 13:55:00,48.13,48.17,48.13,48.17,6630.0
2017-12-13 13:56:00,48.13,48.14,48.13,48.14,2180.0
2017-12-13 13:57:00,48.15,48.15,48.14,48.14,1079.0
2017-12-13 13:58:00,48.14,48.15,48.14,48.15,600.0
2017-12-13 13:59:00,48.09,48.13,48.07,48.13,3046.0
2017-12-13 14:00:00,48.07,48.08,48.07,48.08,200.0
2017-12-13 14:01:00,48.21,48.275,48.08,48.09,12605.0
2017-12-13 14:02:00,48.18,48.21,48.16,48.21,3818.0
2017-12-13 14:03:00,48.2026,48.21,48.18,48.18,1322.0
2017-12-13 14:04:00,48.19,48.19,48.18,48.19,1497.0
2017-12-13 14:05:00,48.23,48.23,48.2,48.2,2800.0
2017-12-13 14:06:00,48.19,48.24,48.19,48.22,2807.0
2017-12-13 14:07:00,48.15,48.18,48.14,48.18,2388.0
2017-12-13 14:08:00,48.19,48.19,48.16,48.16,4463.0
2017-12-13 14:09:00,48.21,48.25,48.19,48.19,7213.0
2017-12-13 14:10:00,48.19,48.2,48.17,48.2,1200.0
2017-12-13 14:11:00,48.2,48.2,48.2,48.2,1892.0
2017-12-13 14:12:00,48.27,48.27,48.21,48.21,3200.0
2017-12-13 14:13:00,48.2,48.27,48.2,48.26,3745.0
2017-12-13 14:14:00,48.27,48.29,48.2,48.2,4505.0
2017-12-13 14:15:00,48.27,48.27,48.26,48.26,500.0
2017-12-13 14:16:00,48.33,48.33,48.28,48.28,2492.0
2017-12-13 14:17:00,48.31,48.34,48.31,48.32,4539.0
2017-12-13 14:18:00,48.29,48.3,48.29,48.3,600.0
2017-12-13 14:19:00,48.29,48.3,48.29,48.3,900.0
2017-12-13 14:20:00,48.34,48.35,48.2901,48.295,3724.0
2017-12-13 14:21:00,48.28,48.3439,48.27,48.34,9894.0
2017-12-13 14:22:00,48.28,48.3,48.28,48.28,6881.0
2017-12-13 14:23:00,48.27,48.28,48.25,48.27,2400.0
2017-12-13 14:24:00,48.24,48.25,48.23,48.25,8282.0
2017-12-13 14:25:00,48.24,48.26,48.24,48.24,4695.0
2017-12-13 14:26:00,48.25,48.25,48.24,48.25,1935.0
2017-12-13 14:27:00,48.255,48.26,48.25,48.255,5836.0
2017-12-13 14:28:00,48.24,48.255,48.24,48.255,5212.0
2017-12-13 14:29:00,48.24,48.26,48.24,48.25,2300.0
2017-12-13 14:30:00,48.23,48.25,48.23,48.25,3155.0
2017-12-13 14:31:00,48.25,48.26,48.235,48.235,5027.0
2017-12-13 14:32:00,48.24,48.25,48.23,48.24,2401.0
2017-12-13 14:33:00,48.24,48.25,48.23,48.24,2752.0
2017-12-13 14:34:00,48.26,48.26,48.25,48.25,4496.0
2017-12-13 14:35:00,48.25,48.265,48.25,48.255,5989.0
2017-12-13 14:36:00,48.24,48.24,48.24,48.24,2024.0
2017-12-13 14:37:00,48.235,48.24,48.23,48.23,1090.0
2017-12-13 14:38:00,48.25,48.26,48.235,48.24,7126.0
2017-12-13 14:39:00,48.26,48.27,48.25,48.27,3417.0
2017-12-13 14:40:00,48.19,48.26,48.19,48.26,10972.0
2017-12-13 14:41:00,48.23,48.23,48.195,48.195,3233.0
2017-12-13 14:42:00,48.25,48.25,48.22,48.24,3008.0
2017-12-13 14:43:00,48.26,48.26,48.25,48.25,2619.0
2017-12-13 14:44:00,48.25,48.26,48.25,48.26,2619.0
2017-12-13 14:45:00,48.25,48.25,48.24,48.24,4872.0
2017-12-13 14:46:00,48.245,48.25,48.245,48.25,508.0
2017-12-13 14:47:00,48.255,48.27,48.24,48.25,7003.0
2017-12-13 14:48:00,48.255,48.26,48.25,48.26,5519.0
2017-12-13 14:49:00,48.25,48.255,48.24,48.255,2596.0
2017-12-13 14:50:00,48.23,48.26,48.23,48.26,3100.0
2017-12-13 14:51:00,48.26,48.26,48.235,48.24,6990.0
2017-12-13 14:52:00,48.23,48.265,48.22,48.265,4902.0
2017-12-13 14:53:00,48.24,48.24,48.21,48.23,5778.0
2017-12-13 14:54:00,48.26,48.27,48.24,48.24,3500.0
2017-12-13 14:55:00,48.25,48.26,48.23,48.26,5910.0
2017-12-13 14:56:00,48.27,48.29,48.25,48.255,4992.0
2017-12-13 14:57:00,48.25,48.29,48.25,48.275,3804.0
2017-12-13 14:58:00,48.23,48.24,48.22,48.24,1748.0
2017-12-13 14:59:00,48.21,48.24,48.21,48.24,1527.0
2017-12-13 15:00:00,48.29,48.31,48.22,48.22,10880.0
2017-12-13 15:01:00,48.27,48.28,48.27,48.28,1594.0
2017-12-13 15:02:00,48.295,48.295,48.26,48.28,4000.0
2017-12-13 15:03:00,48.32,48.33,48.295,48.295,3051.0
2017-12-13 15:04:00,48.295,48.31,48.29,48.31,2306.0
2017-12-13 15:05:00,48.295,48.3,48.295,48.3,700.0
2017-12-13 15:06:00,48.28,48.29,48.28,48.29,2693.0
2017-12-13 15:07:00,48.24,48.29,48.24,48.28,6186.0
2017-12-13 15:08:00,48.25,48.26,48.24,48.24,5805.0
2017-12-13 15:09:00,48.25,48.27,48.25,48.25,5557.0
2017-12-13 15:10:00,48.21,48.25,48.205,48.25,6610.0
2017-12-13 15:11:00,48.21,48.21,48.19,48.2,5641.0
2017-12-13 15:12:00,48.22,48.22,48.21,48.22,600.0
2017-12-13 15:13:00,48.23,48.23,48.22,48.22,3965.0
2017-12-13 15:14:00,48.27,48.27,48.24,48.24,3700.0
2017-12-13 15:15:00,48.29,48.29,48.27,48.27,3800.0
2017-12-13 15:16:00,48.3,48.3,48.28,48.29,1100.0
2017-12-13 15:17:00,48.255,48.29,48.255,48.28,5300.0
2017-12-13 15:18:00,48.255,48.26,48.25,48.26,800.0
2017-12-13 15:19:00,48.21,48.25,48.2,48.25,5666.0
2017-12-13 15:20:00,48.215,48.22,48.2,48.2,5400.0
2017-12-13 15:21:00,48.21,48.23,48.2,48.22,8294.0
2017-12-13 15:22:00,48.155,48.2,48.15,48.2,13576.0
2017-12-13 15:23:00,48.17,48.17,48.14,48.15,4262.0
2017-12-13 15:24:00,48.14,48.16,48.13,48.14,5561.0
2017-12-13 15:25:00,48.165,48.17,48.13,48.135,7833.0
2017-12-13 15:26:00,48.15,48.16,48.15,48.16,5357.0
2017-12-13 15:27:00,48.145,48.145,48.135,48.145,3943.0
2017-12-13 15:28:00,48.145,48.15,48.14,48.15,1000.0
2017-12-13 15:29:00,48.15,48.16,48.14,48.15,6415.0
2017-12-13 15:30:00,48.17,48.17,48.14,48.14,5447.0
2017-12-13 15:31:00,48.17,48.17,48.16,48.165,1373.0
2017-12-13 15:32:00,48.16,48.16,48.14,48.16,8997.0
2017-12-13 15:33:00,48.15,48.16,48.145,48.155,1410.0
2017-12-13 15:34:00,48.12,48.145,48.12,48.145,7020.0
2017-12-13 15:35:00,48.1,48.125,48.09,48.125,3200.0
2017-12-13 15:36:00,48.11,48.115,48.095,48.095,9692.0
2017-12-13 15:37:00,48.125,48.125,48.11,48.11,5194.0
2017-12-13 15:38:00,48.11,48.13,48.11,48.125,3693.0
2017-12-13 15:39:00,48.115,48.12,48.1,48.1,7184.0
2017-12-13 15:40:00,48.105,48.12,48.1,48.12,5300.0
2017-12-13 15:41:00,48.0853,48.105,48.08,48.1,5452.0
2017-12-13 15:42:00,48.095,48.095,48.08,48.09,7245.0
2017-12-13 15:43:00,48.11,48.12,48.09,48.1,10835.0
2017-12-13 15:44:00,48.105,48.12,48.1,48.1134,5830.0
2017-12-13 15:45:00,48.08,48.1,48.08,48.1,5158.0
2017-12-13 15:46:00,48.06,48.09,48.06,48.085,6340.0
2017-12-13 15:47:00,48.11,48.11,48.065,48.07,14814.0
2017-12-13 15:48:00,48.12,48.12,48.105,48.11,5606.0
2017-12-13 15:49:00,48.13,48.135,48.115,48.115,10909.0
2017-12-13 15:50:00,48.105,48.13,48.1,48.1263,5685.0
2017-12-13 15:51:00,48.1,48.11,48.09,48.105,16282.0
2017-12-13 15:52:00,48.115,48.12,48.1,48.105,7889.0
2017-12-13 15:53:00,48.095,48.115,48.095,48.11,7713.0
2017-12-13 15:54:00,48.095,48.1,48.09,48.1,3253.0
2017-12-13 15:55:00,48.07,48.09,48.07,48.09,8632.0
2017-12-13 15:56:00,48.105,48.1099,48.065,48.075,30798.0
2017-12-13 15:57:00,48.125,48.13,48.1,48.1,11024.0
2017-12-13 15:58:00,48.1225,48.14,48.12,48.125,13742.0
2017-12-13 15:59:00,48.18,48.18,48.12,48.13,26679.0
2017-12-13 16:00:00,48.1,48.18,48.1,48.18,62200.0
2017-12-14 09:30:00,48.18,48.18,48.18,48.18,16624.0
2017-12-14 09:31:00,48.16,48.16,48.13,48.13,200.0
2017-12-14 09:32:00,48.18,48.18,48.17,48.17,500.0
2017-12-14 09:33:00,48.08,48.18,48.08,48.18,1200.0
2017-12-14 09:34:00,48.1,48.1492,48.1,48.1,410.0
2017-12-14 09:35:00,48.11,48.11,48.08,48.09,300.0
2017-12-14 09:36:00,48.07,48.14,48.0,48.02,1300.0
2017-12-14 09:37:00,48.08,48.08,48.03,48.07,1200.0
2017-12-14 09:38:00,48.05,48.07,48.04,48.04,600.0
2017-12-14 09:39:00,48.12,48.12,48.048,48.06,700.0
2017-12-14 09:40:00,48.12,48.12,48.07,48.11,3905.0
2017-12-14 09:41:00,48.09,48.1,48.09,48.1,800.0
2017-12-14 09:42:00,48.11,48.11,48.07,48.105,2712.0
2017-12-14 09:43:00,48.1355,48.16,48.12,48.12,1711.0
2017-12-14 09:44:00,48.075,48.15,48.075,48.13,900.0
2017-12-14 09:45:00,48.11,48.11,48.09,48.09,642.0
2017-12-14 09:46:00,48.11,48.115,48.1,48.11,3649.0
2017-12-14 09:47:00,48.09,48.12,48.09,48.12,1400.0
2017-12-14 09:48:00,48.1,48.1,48.09,48.1,700.0
2017-12-14 09:49:00,48.1,48.11,48.07,48.07,2060.0
2017-12-14 09:50:00,48.15,48.15,48.12,48.12,900.0
2017-12-14 09:51:00,48.14,48.14,48.14,48.14,340.0
2017-12-14 09:52:00,48.195,48.195,48.18,48.19,600.0
2017-12-14 09:53:00,48.24,48.24,48.18,48.18,2841.0
2017-12-14 09:54:00,48.34,48.34,48.25,48.25,1500.0
2017-12-14 09:55:00,48.325,48.325,48.325,48.325,100.0
2017-12-14 09:56:00,48.24,48.32,48.24,48.32,2500.0
2017-12-14 09:57:00,48.27,48.27,48.22,48.22,4127.0
2017-12-14 09:58:00,48.295,48.31,48.27,48.27,3200.0
2017-12-14 09:59:00,48.255,48.27,48.255,48.27,700.0
2017-12-14 10:00:00,48.25,48.255,48.24,48.255,400.0
2017-12-14 10:01:00,48.25,48.25,48.24,48.25,700.0
2017-12-14 10:02:00,48.2,48.22,48.19,48.2,1600.0
2017-12-14 10:04:00,48.14,48.195,48.14,48.195,1700.0
2017-12-14 10:05:00,48.135,48.135,48.13,48.13,200.0
2017-12-14 10:06:00,48.145,48.145,48.12,48.12,2800.0
2017-12-14 10:07:00,48.18,48.19,48.14,48.14,2500.0
2017-12-14 10:08:00,48.16,48.185,48.15,48.175,1446.0
2017-12-14 10:09:00,48.14,48.14,48.14,48.14,100.0
2017-12-14 10:10:00,48.16,48.16,48.135,48.135,1200.0
2017-12-14 10:11:00,48.14,48.165,48.13,48.16,2720.0
2017-12-14 10:12:00,48.14,48.14,48.13,48.13,300.0
2017-12-14 10:13:00,48.15,48.15,48.13,48.14,1400.0
2017-12-14 10:14:00,48.15,48.17,48.15,48.16,1514.0
2017-12-14 10:15:00,48.135,48.145,48.135,48.14,600.0
2017-12-14 10:16:00,48.25,48.275,48.15,48.15,4684.0
2017-12-14 10:17:00,48.29,48.3,48.25,48.26,1754.0
2017-12-14 10:18:00,48.31,48.32,48.275,48.32,3000.0
2017-12-14 10:19:00,48.35,48.35,48.31,48.315,1536.0
2017-12-14 10:20:00,48.39,48.39,48.39,48.39,106.0
2017-12-14 10:21:00,48.35,48.36,48.34,48.35,1830.0
2017-12-14 10:22:00,48.39,48.39,48.35,48.35,1700.0
2017-12-14 10:23:00,48.33,48.385,48.33,48.385,2700.0
2017-12-14 10:24:00,48.33,48.34,48.33,48.34,300.0
2017-12-14 10:25:00,48.34,48.35,48.33,48.35,1300.0
2017-12-14 10:26:00,48.32899999999999,48.33,48.32,48.33,400.0
2017-12-14 10:27:00,48.405,48.43,48.33,48.33,2921.0
2017-12-14 10:28:00,48.41,48.415,48.39,48.39,2500.0
2017-12-14 10:29:00,48.39,48.415,48.39,48.41,1600.0
2017-12-14 10:30:00,48.41,48.415,48.39,48.4,1600.0
2017-12-14 10:31:00,48.41,48.41,48.39,48.4,900.0
2017-12-14 10:32:00,48.385,48.41,48.385,48.41,1500.0
2017-12-14 10:33:00,48.39,48.4,48.385,48.385,1388.0
2017-12-14 10:34:00,48.355,48.39,48.35,48.39,1000.0
2017-12-14 10:35:00,48.35,48.355,48.34,48.35,1171.0
2017-12-14 10:36:00,48.37,48.37,48.34,48.34,2951.0
2017-12-14 10:37:00,48.36,48.375,48.36,48.37,1400.0
2017-12-14 10:38:00,48.355,48.37,48.355,48.37,1800.0
2017-12-14 10:39:00,48.37,48.375,48.335,48.335,900.0
2017-12-14 10:40:00,48.355,48.375,48.35,48.37,1068.0
2017-12-14 10:41:00,48.38,48.39,48.3556,48.3556,1870.0
2017-12-14 10:42:00,48.4,48.4,48.385,48.385,1598.0
2017-12-14 10:43:00,48.39,48.395,48.38,48.395,700.0
2017-12-14 10:44:00,48.4,48.4,48.39,48.39,1387.0
2017-12-14 10:45:00,48.405,48.405,48.405,48.405,100.0
2017-12-14 10:46:00,48.42,48.435,48.405,48.405,1400.0
2017-12-14 10:47:00,48.4,48.415,48.4,48.415,1900.0
2017-12-14 10:48:00,48.42,48.43,48.405,48.41,1895.0
2017-12-14 10:49:00,48.425,48.425,48.415,48.415,1553.0
2017-12-14 10:50:00,48.41,48.41,48.41,48.41,400.0
2017-12-14 10:51:00,48.41,48.41,48.4,48.4,200.0
2017-12-14 10:52:00,48.38,48.415,48.38,48.415,1500.0
2017-12-14 10:53:00,48.36,48.37,48.36,48.37,600.0
2017-12-14 10:54:00,48.39,48.4,48.36,48.37,3550.0
2017-12-14 10:55:00,48.4,48.4,48.395,48.395,500.0
2017-12-14 10:56:00,48.38,48.4,48.38,48.4,1538.0
2017-12-14 10:57:00,48.405,48.41,48.39,48.39,1147.0
2017-12-14 10:58:00,48.395,48.395,48.39,48.395,1200.0
2017-12-14 10:59:00,48.39,48.39,48.39,48.39,400.0
2017-12-14 11:01:00,48.4,48.41,48.39,48.3902,3676.0
2017-12-14 11:02:00,48.43,48.43,48.4,48.4,1400.0
2017-12-14 11:03:00,48.4601,48.47,48.43,48.43,4814.0
2017-12-14 11:04:00,48.47,48.48,48.46,48.46,4421.0
2017-12-14 11:05:00,48.47,48.47,48.47,48.47,100.0
2017-12-14 11:06:00,48.45,48.48,48.45,48.47,5400.0
2017-12-14 11:07:00,48.445,48.46,48.44,48.46,1421.0
2017-12-14 11:08:00,48.46,48.46,48.45,48.45,700.0
2017-12-14 11:09:00,48.47,48.47,48.45,48.45,805.0
2017-12-14 11:10:00,48.435,48.47,48.435,48.47,1392.0
2017-12-14 11:11:00,48.45,48.45,48.44,48.445,1147.0
2017-12-14 11:12:00,48.47,48.47,48.45,48.45,2701.0
2017-12-14 11:13:00,48.455,48.475,48.45,48.475,1500.0
2017-12-14 11:14:00,48.44,48.445,48.43,48.445,600.0
2017-12-14 11:15:00,48.43,48.44,48.43,48.44,1300.0
2017-12-14 11:16:00,48.4401,48.445,48.425,48.43,2499.0
2017-12-14 11:17:00,48.45,48.45,48.44,48.44,500.0
2017-12-14 11:18:00,48.44,48.455,48.44,48.45,1700.0
2017-12-14 11:19:00,48.44,48.44,48.44,48.44,100.0
2017-12-14 11:20:00,48.43,48.43,48.43,48.43,100.0
2017-12-14 11:21:00,48.47,48.475,48.45,48.45,3737.0
2017-12-14 11:22:00,48.485,48.485,48.48,48.48,1392.0
2017-12-14 11:23:00,48.51,48.51,48.48,48.48,1500.0
2017-12-14 11:24:00,48.49,48.52,48.49,48.52,500.0
2017-12-14 11:25:00,48.45,48.48,48.45,48.48,379.0
2017-12-14 11:26:00,48.45,48.45,48.44,48.45,2303.0
2017-12-14 11:27:00,48.45,48.45,48.45,48.45,750.0
2017-12-14 11:28:00,48.44,48.445,48.44,48.445,496.0
2017-12-14 11:29:00,48.43,48.44,48.43,48.44,1400.0
2017-12-14 11:30:00,48.46,48.46,48.43,48.43,2400.0
2017-12-14 11:31:00,48.44,48.46,48.44,48.46,1507.0
2017-12-14 11:33:00,48.44,48.45,48.44,48.44,1800.0
2017-12-14 11:34:00,48.44,48.46,48.43899999999999,48.45,1275.0
2017-12-14 11:36:00,48.45,48.46,48.431000000000004,48.4499,1545.0
2017-12-14 11:37:00,48.46,48.46,48.45,48.45,400.0
2017-12-14 11:38:00,48.45,48.46,48.44,48.45,1701.0
2017-12-14 11:39:00,48.46,48.46,48.45,48.4545,800.0
2017-12-14 11:40:00,48.47,48.48,48.47,48.47,2950.0
2017-12-14 11:41:00,48.47,48.48,48.47,48.48,1200.0
2017-12-14 11:42:00,48.45,48.46,48.45,48.46,1563.0
2017-12-14 11:43:00,48.45,48.45,48.44,48.44,300.0
2017-12-14 11:44:00,48.44,48.44,48.44,48.44,608.0
2017-12-14 11:45:00,48.4335,48.44,48.43,48.44,1100.0
2017-12-14 11:46:00,48.43,48.43,48.43,48.43,400.0
2017-12-14 11:47:00,48.415,48.4307,48.41,48.43,2982.0
2017-12-14 11:48:00,48.41,48.42,48.4,48.42,2186.0
2017-12-14 11:49:00,48.44,48.45,48.4,48.4,8212.0
2017-12-14 11:50:00,48.43,48.44,48.43,48.44,1478.0
2017-12-14 11:51:00,48.425,48.43,48.425,48.43,200.0
2017-12-14 11:52:00,48.44,48.45,48.43,48.43,1000.0
2017-12-14 11:53:00,48.43,48.44,48.43,48.44,618.0
2017-12-14 11:54:00,48.44,48.44,48.43,48.43,1100.0
2017-12-14 11:55:00,48.4334,48.4334,48.4334,48.4334,100.0
2017-12-14 11:56:00,48.465,48.48,48.44,48.44,4212.0
2017-12-14 11:57:00,48.46,48.4701,48.46,48.47,1000.0
2017-12-14 11:58:00,48.48,48.48,48.45,48.46,2640.0
2017-12-14 11:59:00,48.47,48.47,48.47,48.47,1128.0
2017-12-14 12:00:00,48.49,48.49,48.47,48.47,1598.0
2017-12-14 12:01:00,48.48,48.49,48.48,48.49,700.0
2017-12-14 12:02:00,48.49,48.5,48.48,48.48,1850.0
2017-12-14 12:03:00,48.49,48.49,48.485,48.49,400.0
2017-12-14 12:04:00,48.49,48.49,48.49,48.49,2401.0
2017-12-14 12:05:00,48.49,48.49,48.48,48.48,400.0
2017-12-14 12:06:00,48.49,48.49,48.48,48.49,2800.0
2017-12-14 12:07:00,48.49,48.49,48.48,48.48,592.0
2017-12-14 12:08:00,48.51,48.51,48.49,48.49,1200.0
2017-12-14 12:09:00,48.4925,48.51,48.48,48.51,3601.0
2017-12-14 12:10:00,48.49,48.49,48.49,48.49,200.0
2017-12-14 12:11:00,48.45,48.5,48.45,48.4898,2915.0
2017-12-14 12:12:00,48.4751,48.485,48.46,48.46,2309.0
2017-12-14 12:14:00,48.5,48.5,48.47,48.47,800.0
2017-12-14 12:15:00,48.51,48.52,48.5,48.52,1987.0
2017-12-14 12:16:00,48.5,48.52,48.5,48.52,608.0
2017-12-14 12:17:00,48.51,48.51,48.51,48.51,100.0
2017-12-14 12:18:00,48.51,48.52,48.51,48.51,700.0
2017-12-14 12:19:00,48.51,48.51,48.51,48.51,600.0
2017-12-14 12:20:00,48.5,48.5,48.5,48.5,100.0
2017-12-14 12:21:00,48.51,48.51,48.5,48.51,1861.0
2017-12-14 12:22:00,48.48,48.51,48.48,48.51,901.0
2017-12-14 12:23:00,48.48,48.48,48.48,48.48,100.0
2017-12-14 12:24:00,48.46,48.4721,48.46,48.47,669.0
2017-12-14 12:25:00,48.49,48.49,48.47,48.47,2204.0
2017-12-14 12:26:00,48.48,48.495,48.48,48.49,1200.0
2017-12-14 12:27:00,48.49,48.5,48.46,48.46,2055.0
2017-12-14 12:28:00,48.51,48.51,48.5,48.5,1300.0
2017-12-14 12:29:00,48.51,48.53,48.51,48.52,1826.0
2017-12-14 12:30:00,48.52,48.52,48.52,48.52,200.0
2017-12-14 12:32:00,48.51,48.525,48.51,48.52,1270.0
2017-12-14 12:33:00,48.53,48.53,48.51,48.52,2449.0
2017-12-14 12:34:00,48.54,48.55,48.54,48.54,2112.0
2017-12-14 12:35:00,48.53,48.53,48.53,48.53,500.0
2017-12-14 12:36:00,48.5,48.53,48.5,48.53,2500.0
2017-12-14 12:39:00,48.49,48.495,48.48,48.49,1600.0
2017-12-14 12:40:00,48.48,48.48,48.48,48.48,100.0
2017-12-14 12:41:00,48.5,48.5,48.4816,48.49,1016.0
2017-12-14 12:42:00,48.48,48.5,48.48,48.4801,400.0
2017-12-14 12:43:00,48.5316,48.55,48.49,48.49,4083.0
2017-12-14 12:44:00,48.53,48.55,48.53,48.53,2200.0
2017-12-14 12:45:00,48.52,48.52,48.52,48.52,100.0
2017-12-14 12:46:00,48.52,48.53,48.52,48.52,700.0
2017-12-14 12:47:00,48.51,48.525,48.51,48.52,500.0
2017-12-14 12:48:00,48.53,48.53,48.5,48.5,2100.0
2017-12-14 12:49:00,48.52,48.54,48.52,48.53,600.0
2017-12-14 12:50:00,48.54,48.54,48.54,48.54,598.0
2017-12-14 12:51:00,48.53,48.54,48.53,48.53,1100.0
2017-12-14 12:52:00,48.52,48.53,48.52,48.53,900.0
2017-12-14 12:53:00,48.49,48.51,48.49,48.51,800.0
2017-12-14 12:54:00,48.5,48.5,48.49,48.49,1900.0
2017-12-14 12:55:00,48.5,48.51,48.5,48.51,2200.0
2017-12-14 12:56:00,48.51,48.51,48.5,48.5,1800.0
2017-12-14 12:57:00,48.53,48.53,48.52,48.52,800.0
2017-12-14 12:58:00,48.51,48.54,48.51,48.53,1200.0
2017-12-14 12:59:00,48.53,48.54,48.52,48.52,2200.0
2017-12-14 13:00:00,48.54,48.54,48.53,48.54,1000.0
2017-12-14 13:01:00,48.54,48.55,48.53,48.53,2310.0
2017-12-14 13:02:00,48.55,48.56,48.545,48.545,910.0
2017-12-14 13:03:00,48.54,48.55,48.54,48.55,1300.0
2017-12-14 13:04:00,48.57,48.57,48.55,48.55,2489.0
2017-12-14 13:05:00,48.58,48.59,48.58,48.59,1413.0
2017-12-14 13:06:00,48.58,48.61,48.58,48.61,2331.0
2017-12-14 13:07:00,48.56,48.58,48.56,48.58,1700.0
2017-12-14 13:08:00,48.54,48.55,48.54,48.55,300.0
2017-12-14 13:09:00,48.56,48.56,48.5478,48.55,926.0
2017-12-14 13:10:00,48.56,48.565,48.56,48.56,929.0
2017-12-14 13:11:00,48.55,48.55,48.54,48.55,700.0
2017-12-14 13:12:00,48.54,48.55,48.54,48.545,1000.0
2017-12-14 13:13:00,48.54,48.54,48.54,48.54,100.0
2017-12-14 13:14:00,48.56,48.56,48.54,48.55,5407.0
2017-12-14 13:15:00,48.57,48.57,48.56,48.57,500.0
2017-12-14 13:16:00,48.59,48.59,48.56,48.5619,2150.0
2017-12-14 13:17:00,48.58,48.61,48.58,48.6,3500.0
2017-12-14 13:18:00,48.61,48.61,48.57,48.58,2700.0
2017-12-14 13:19:00,48.59,48.61,48.59,48.6,400.0
2017-12-14 13:20:00,48.57,48.57,48.56,48.57,1000.0
2017-12-14 13:21:00,48.5628,48.5628,48.55,48.55,391.0
2017-12-14 13:22:00,48.57,48.59,48.57,48.58,3224.0
2017-12-14 13:23:00,48.58,48.59,48.58,48.58,500.0
2017-12-14 13:24:00,48.58,48.595,48.58,48.59,2405.0
2017-12-14 13:25:00,48.59,48.5999,48.58,48.5999,2135.0
2017-12-14 13:26:00,48.61,48.61,48.6,48.6,2200.0
2017-12-14 13:27:00,48.59,48.6,48.59,48.6,4800.0
2017-12-14 13:28:00,48.61,48.61,48.59,48.59,800.0
2017-12-14 13:29:00,48.62,48.62,48.62,48.62,300.0
2017-12-14 13:30:00,48.62,48.62,48.6,48.62,500.0
2017-12-14 13:31:00,48.61,48.62,48.59,48.62,2869.0
2017-12-14 13:32:00,48.63,48.63,48.61,48.62,1700.0
2017-12-14 13:33:00,48.63,48.65,48.63,48.6412,4175.0
2017-12-14 13:34:00,48.63,48.63,48.63,48.63,300.0
2017-12-14 13:35:00,48.62,48.625,48.61,48.62,2200.0
2017-12-14 13:36:00,48.61,48.62,48.61,48.61,1598.0
2017-12-14 13:37:00,48.63,48.63,48.6272,48.63,450.0
2017-12-14 13:38:00,48.62,48.625,48.62,48.62,1799.0
2017-12-14 13:39:00,48.62,48.62,48.61,48.62,5877.0
2017-12-14 13:40:00,48.62,48.62,48.61,48.62,1600.0
2017-12-14 13:41:00,48.62,48.625,48.61,48.61,2800.0
2017-12-14 13:42:00,48.6,48.62,48.6,48.62,1200.0
2017-12-14 13:44:00,48.59,48.59,48.57,48.57,400.0
2017-12-14 13:45:00,48.6,48.6,48.585,48.585,2100.0
2017-12-14 13:46:00,48.59,48.6,48.59,48.6,1798.0
2017-12-14 13:47:00,48.6,48.6,48.6,48.6,800.0
2017-12-14 13:48:00,48.605,48.605,48.6,48.6,200.0
2017-12-14 13:49:00,48.61,48.62,48.6,48.605,1270.0
2017-12-14 13:50:00,48.61,48.61,48.61,48.61,300.0
2017-12-14 13:51:00,48.61,48.615,48.6,48.6,1300.0
2017-12-14 13:52:00,48.6,48.61,48.6,48.61,1201.0
2017-12-14 13:53:00,48.595,48.6,48.59,48.6,1543.0
2017-12-14 13:54:00,48.61,48.61,48.6,48.6,1900.0
2017-12-14 13:55:00,48.621,48.621,48.61,48.61,5020.0
2017-12-14 13:56:00,48.61,48.63,48.61,48.63,600.0
2017-12-14 13:57:00,48.62,48.62,48.61,48.61,500.0
2017-12-14 13:58:00,48.6,48.62,48.6,48.62,400.0
2017-12-14 13:59:00,48.59,48.6,48.59,48.6,1600.0
2017-12-14 14:00:00,48.62,48.62,48.6,48.6,1297.0
2017-12-14 14:01:00,48.61,48.61,48.6,48.61,1698.0
2017-12-14 14:02:00,48.62,48.62,48.605,48.61,1400.0
2017-12-14 14:03:00,48.62,48.63,48.62,48.63,900.0
2017-12-14 14:04:00,48.61,48.625,48.61,48.62,2973.0
2017-12-14 14:05:00,48.6,48.61,48.59,48.6,1700.0
2017-12-14 14:06:00,48.59,48.59,48.59,48.59,700.0
2017-12-14 14:07:00,48.61,48.61,48.58,48.58,2548.0
2017-12-14 14:08:00,48.6,48.61,48.6,48.61,1901.0
2017-12-14 14:09:00,48.6023,48.61,48.6023,48.61,200.0
2017-12-14 14:10:00,48.595,48.61,48.59,48.61,2500.0
2017-12-14 14:11:00,48.59,48.6,48.59,48.59,1700.0
2017-12-14 14:12:00,48.58,48.59,48.58,48.59,809.0
2017-12-14 14:13:00,48.5997,48.61,48.58,48.59,3235.0
2017-12-14 14:14:00,48.5916,48.6038,48.5916,48.5928,2974.0
2017-12-14 14:15:00,48.6,48.6,48.6,48.6,300.0
2017-12-14 14:16:00,48.63,48.65,48.605,48.61,12044.0
2017-12-14 14:17:00,48.63,48.63,48.62,48.625,1900.0
2017-12-14 14:18:00,48.61,48.615,48.6,48.615,2885.0
2017-12-14 14:19:00,48.63,48.63,48.62,48.62,800.0
2017-12-14 14:20:00,48.66,48.66,48.63,48.63,11667.0
2017-12-14 14:21:00,48.65,48.65,48.64,48.65,2392.0
2017-12-14 14:22:00,48.66,48.6601,48.645,48.645,1600.0
2017-12-14 14:23:00,48.64,48.65,48.64,48.65,500.0
2017-12-14 14:24:00,48.62,48.65,48.62,48.645,2889.0
2017-12-14 14:25:00,48.62,48.62,48.61,48.61,300.0
2017-12-14 14:26:00,48.63,48.63,48.615,48.62,2731.0
2017-12-14 14:27:00,48.63,48.6398,48.62,48.6309,4046.0
2017-12-14 14:28:00,48.61,48.61,48.61,48.61,583.0
2017-12-14 14:29:00,48.575,48.605,48.56,48.605,3000.0
2017-12-14 14:30:00,48.59,48.6,48.57,48.57,4100.0
2017-12-14 14:31:00,48.6,48.61,48.58,48.58,4682.0
2017-12-14 14:32:00,48.61,48.61,48.6,48.6,2585.0
2017-12-14 14:33:00,48.6,48.62,48.6,48.62,1514.0
2017-12-14 14:34:00,48.62,48.62,48.62,48.62,200.0
2017-12-14 14:35:00,48.63,48.63,48.61,48.61,3406.0
2017-12-14 14:36:00,48.585,48.63,48.58,48.63,2710.0
2017-12-14 14:37:00,48.59,48.6,48.58,48.585,2000.0
2017-12-14 14:38:00,48.6,48.61,48.59,48.59,2700.0
2017-12-14 14:39:00,48.59,48.5999,48.58,48.5999,2365.0
2017-12-14 14:40:00,48.57,48.58,48.56,48.58,800.0
2017-12-14 14:41:00,48.56,48.56,48.55,48.56,2180.0
2017-12-14 14:42:00,48.54,48.56,48.54,48.555,2703.0
2017-12-14 14:43:00,48.525,48.54,48.525,48.54,1200.0
2017-12-14 14:44:00,48.47,48.52,48.47,48.52,2600.0
2017-12-14 14:45:00,48.48,48.48,48.465,48.475,3100.0
2017-12-14 14:46:00,48.505,48.505,48.47,48.475,7160.0
2017-12-14 14:47:00,48.485,48.505,48.485,48.505,1804.0
2017-12-14 14:48:00,48.485,48.485,48.48,48.4844,500.0
2017-12-14 14:49:00,48.48,48.5,48.4729,48.485,4640.0
2017-12-14 14:50:00,48.48,48.49,48.475,48.48,5330.0
2017-12-14 14:51:00,48.48,48.48,48.47,48.475,1100.0
2017-12-14 14:52:00,48.48,48.485,48.475,48.48,2716.0
2017-12-14 14:53:00,48.475,48.48,48.47,48.47,1327.0
2017-12-14 14:54:00,48.485,48.49,48.48,48.48,2397.0
2017-12-14 14:55:00,48.5,48.5,48.485,48.485,4339.0
2017-12-14 14:56:00,48.515,48.52,48.495,48.5,5588.0
2017-12-14 14:57:00,48.54,48.545,48.51,48.515,6177.0
2017-12-14 14:58:00,48.555,48.56,48.535,48.535,3400.0
2017-12-14 14:59:00,48.54,48.56,48.535,48.56,3087.0
2017-12-14 15:00:00,48.55,48.56,48.535,48.54,4501.0
2017-12-14 15:01:00,48.555,48.57,48.55,48.56,5984.0
2017-12-14 15:02:00,48.54,48.55,48.54,48.55,1545.0
2017-12-14 15:03:00,48.52,48.54,48.52,48.54,2215.0
2017-12-14 15:04:00,48.49,48.52,48.49,48.52,1800.0
2017-12-14 15:05:00,48.5,48.5,48.47,48.48,6963.0
2017-12-14 15:06:00,48.505,48.51,48.495,48.5,3497.0
2017-12-14 15:07:00,48.5,48.51,48.5,48.505,3283.0
2017-12-14 15:08:00,48.435,48.495,48.42,48.495,6143.0
2017-12-14 15:09:00,48.45,48.46,48.44,48.44,5649.0
2017-12-14 15:10:00,48.45,48.45,48.44,48.44,896.0
2017-12-14 15:11:00,48.46,48.465,48.44,48.44,6230.0
2017-12-14 15:12:00,48.47,48.47,48.46,48.465,1700.0
2017-12-14 15:13:00,48.48,48.48,48.47,48.47,2400.0
2017-12-14 15:14:00,48.465,48.475,48.465,48.47,1900.0
2017-12-14 15:15:00,48.47,48.475,48.46,48.465,3694.0
2017-12-14 15:16:00,48.48,48.48,48.47,48.47,879.0
2017-12-14 15:17:00,48.47,48.475,48.46,48.47,3882.0
2017-12-14 15:18:00,48.46,48.465,48.45,48.465,6132.0
2017-12-14 15:19:00,48.455,48.465,48.455,48.46,2200.0
2017-12-14 15:20:00,48.455,48.46,48.45,48.455,1739.0
2017-12-14 15:21:00,48.47,48.47,48.455,48.455,2497.0
2017-12-14 15:22:00,48.47,48.48,48.465,48.47,7447.0
2017-12-14 15:23:00,48.47,48.479,48.47,48.475,1700.0
2017-12-14 15:24:00,48.48,48.48,48.46,48.47,1219.0
2017-12-14 15:25:00,48.47,48.475,48.46,48.47,3500.0
2017-12-14 15:26:00,48.48,48.49,48.46,48.47,8035.0
2017-12-14 15:27:00,48.49,48.49,48.48,48.49,1300.0
2017-12-14 15:28:00,48.485,48.49,48.4838,48.485,1380.0
2017-12-14 15:29:00,48.46,48.495,48.46,48.49,8414.0
2017-12-14 15:30:00,48.46,48.46,48.45,48.45,9190.0
2017-12-14 15:31:00,48.465,48.47,48.465,48.47,1600.0
2017-12-14 15:32:00,48.465,48.47,48.45,48.465,9447.0
2017-12-14 15:33:00,48.51,48.52,48.465,48.465,13457.0
2017-12-14 15:34:00,48.535,48.54,48.515,48.52,3620.0
2017-12-14 15:35:00,48.53,48.54,48.52,48.535,7620.0
2017-12-14 15:36:00,48.54,48.545,48.525,48.525,7016.0
2017-12-14 15:37:00,48.52,48.54,48.52,48.54,3301.0
2017-12-14 15:38:00,48.525,48.53,48.52,48.52,1803.0
2017-12-14 15:39:00,48.525,48.53,48.52,48.52,1900.0
2017-12-14 15:40:00,48.51,48.535,48.5,48.525,11461.0
2017-12-14 15:41:00,48.51,48.52,48.5,48.505,5930.0
2017-12-14 15:42:00,48.515,48.52,48.51,48.52,6800.0
2017-12-14 15:43:00,48.495,48.505,48.49,48.505,5700.0
2017-12-14 15:44:00,48.49,48.5,48.48,48.5,20926.0
2017-12-14 15:45:00,48.49,48.5,48.48,48.495,8705.0
2017-12-14 15:46:00,48.485,48.49,48.48,48.485,2556.0
2017-12-14 15:47:00,48.485,48.49,48.48,48.48,2400.0
2017-12-14 15:48:00,48.505,48.51,48.49,48.49,19989.0
2017-12-14 15:49:00,48.495,48.505,48.49,48.5,20068.0
2017-12-14 15:50:00,48.515,48.52,48.5,48.505,10048.0
2017-12-14 15:51:00,48.505,48.51,48.495,48.5,8995.0
2017-12-14 15:52:00,48.49,48.51,48.49,48.5,17344.0
2017-12-14 15:53:00,48.485,48.5,48.48,48.495,9690.0
2017-12-14 15:54:00,48.5,48.5,48.48,48.48,17744.0
2017-12-14 15:55:00,48.51,48.52,48.49,48.495,9969.0
2017-12-14 15:56:00,48.505,48.52,48.5,48.515,11586.0
2017-12-14 15:57:00,48.515,48.52,48.505,48.51,10180.0
2017-12-14 15:58:00,48.5,48.515,48.48,48.515,30871.0
2017-12-14 15:59:00,48.52,48.52,48.5,48.5,15743.0
2017-12-14 16:00:00,48.41,48.515,48.41,48.51,34305.0
2017-12-15 09:30:00,48.76,48.76,48.76,48.76,100.0
2017-12-15 09:31:00,48.9,49.0,48.9,48.96,384015.0
2017-12-15 09:32:00,48.96,48.96,48.9,48.9299,2800.0
2017-12-15 09:33:00,49.04,49.06,48.97,48.97,8005.0
2017-12-15 09:34:00,49.18,49.18,49.041000000000004,49.041000000000004,2811.0
2017-12-15 09:35:00,48.9899,49.26,47.95,49.2,62834.0
2017-12-15 09:36:00,49.01,49.01,48.92,48.9599,4135.0
2017-12-15 09:37:00,49.07,49.09,48.98,48.98,3375.0
2017-12-15 09:39:00,49.15,49.17,49.1014,49.1014,3300.0
2017-12-15 09:40:00,49.08,49.12,49.08,49.12,700.0
2017-12-15 09:41:00,49.0,49.09,49.0,49.08,1960.0
2017-12-15 09:42:00,48.925,49.0,48.92,48.99,2810.0
2017-12-15 09:43:00,48.89,48.91,48.89,48.91,1100.0
2017-12-15 09:44:00,48.86,48.88,48.86,48.88,1400.0
2017-12-15 09:45:00,48.78,48.84,48.78,48.84,7099.0
2017-12-15 09:46:00,48.82,48.82,48.78,48.78,2750.0
2017-12-15 09:47:00,48.84,48.84,48.8,48.81,2194.0
2017-12-15 09:48:00,48.92,48.92,48.87,48.89,2446.0
2017-12-15 09:49:00,48.97,48.97,48.94,48.94,1700.0
2017-12-15 09:50:00,49.01,49.02,48.98,49.02,2145.0
2017-12-15 09:51:00,48.92,48.985,48.92,48.98,2476.0
2017-12-15 09:52:00,48.95,48.96,48.91,48.91,1500.0
2017-12-15 09:53:00,48.985,48.99,48.95,48.95,1475.0
2017-12-15 09:54:00,48.98,49.01,48.98,48.99,800.0
2017-12-15 09:55:00,49.07,49.07,48.98,49.01,4076.0
2017-12-15 09:56:00,49.074,49.11,49.04,49.0869,4250.0
2017-12-15 09:57:00,49.04,49.0799,49.04,49.07,830.0
2017-12-15 09:58:00,49.05,49.0697,49.04,49.055,3209.0
2017-12-15 09:59:00,48.98,49.03,48.98,49.03,1100.0
2017-12-15 10:00:00,48.94,48.9735,48.94,48.9735,900.0
2017-12-15 10:01:00,48.965,49.0,48.955,48.955,4450.0
2017-12-15 10:02:00,48.9722,48.98,48.96,48.97,1735.0
2017-12-15 10:03:00,48.96,48.99,48.95,48.99,11424.0
2017-12-15 10:04:00,48.975,48.985,48.95,48.95,3550.0
2017-12-15 10:05:00,48.96,48.96,48.94,48.95,1000.0
2017-12-15 10:06:00,48.97,48.97,48.93,48.97,7003.0
2017-12-15 10:07:00,48.97,49.0,48.95,48.97,6517.0
2017-12-15 10:08:00,48.98,48.99,48.96,48.98,2700.0
2017-12-15 10:09:00,48.98,48.98,48.95,48.98,1100.0
2017-12-15 10:10:00,48.965,48.98,48.96,48.96,3000.0
2017-12-15 10:11:00,48.96,48.97,48.95,48.955,1630.0
2017-12-15 10:12:00,48.99,48.99,48.93,48.9425,4047.0
2017-12-15 10:13:00,49.06,49.07,49.0,49.0,1499.0
2017-12-15 10:14:00,49.07,49.07,49.036,49.036,1150.0
2017-12-15 10:15:00,49.12,49.12,49.07,49.07,36807.0
2017-12-15 10:16:00,49.1,49.13,49.08,49.13,5740.0
2017-12-15 10:17:00,49.1196,49.1196,49.08,49.1,1900.0
2017-12-15 10:18:00,49.12,49.125,49.08,49.09,2614.0
2017-12-15 10:19:00,49.16,49.16,49.13,49.13,1200.0
2017-12-15 10:20:00,49.18,49.19,49.17,49.17,800.0
2017-12-15 10:21:00,49.152,49.16,49.152,49.16,5111.0
2017-12-15 10:22:00,49.08,49.15,49.07,49.15,2400.0
2017-12-15 10:23:00,49.08,49.09,49.08,49.08,1502.0
2017-12-15 10:24:00,49.14,49.14,49.1,49.1,2909.0
2017-12-15 10:25:00,49.105,49.15,49.105,49.13,1000.0
2017-12-15 10:26:00,49.1,49.11,49.1,49.1,1500.0
2017-12-15 10:27:00,49.095,49.105,49.085,49.105,2936.0
2017-12-15 10:28:00,49.08,49.09,49.08,49.09,900.0
2017-12-15 10:29:00,49.09,49.1,49.07,49.085,2061.0
2017-12-15 10:30:00,49.15,49.16,49.09,49.09,3600.0
2017-12-15 10:31:00,49.15,49.19,49.15,49.17,2860.0
2017-12-15 10:32:00,49.2,49.2,49.16,49.16,2716.0
2017-12-15 10:33:00,49.24,49.24,49.19,49.22,8219.0
2017-12-15 10:34:00,49.22,49.23,49.21,49.22,1600.0
2017-12-15 10:35:00,49.2,49.21,49.2,49.21,1973.0
2017-12-15 10:36:00,49.19,49.22,49.19,49.2,2916.0
2017-12-15 10:37:00,49.1547,49.19,49.15,49.19,1600.0
2017-12-15 10:38:00,49.21,49.215,49.16,49.16,3607.0
2017-12-15 10:39:00,49.18,49.19,49.18,49.19,900.0
2017-12-15 10:40:00,49.16,49.17,49.15,49.17,1600.0
2017-12-15 10:42:00,49.16,49.16,49.14,49.14,200.0
2017-12-15 10:43:00,49.16,49.17,49.16,49.165,1700.0
2017-12-15 10:44:00,49.16,49.17,49.15,49.16,2300.0
2017-12-15 10:45:00,49.19,49.19,49.14,49.16,3008.0
2017-12-15 10:46:00,49.19,49.2,49.19,49.2,200.0
2017-12-15 10:47:00,49.19,49.19,49.17,49.18,1060.0
2017-12-15 10:48:00,49.18,49.2,49.18,49.18,3569.0
2017-12-15 10:49:00,49.17,49.18,49.17,49.18,700.0
2017-12-15 10:50:00,49.17,49.19,49.17,49.17,1610.0
2017-12-15 10:51:00,49.18,49.18,49.17,49.18,1200.0
2017-12-15 10:52:00,49.19,49.22,49.18,49.18,4380.0
2017-12-15 10:53:00,49.2,49.21,49.185,49.185,2352.0
2017-12-15 10:54:00,49.16,49.21,49.16,49.2,4960.0
2017-12-15 10:55:00,49.2,49.2,49.17,49.17,1028.0
2017-12-15 10:56:00,49.19,49.205,49.19,49.2,1300.0
2017-12-15 10:57:00,49.16,49.17,49.16,49.17,400.0
2017-12-15 10:58:00,49.16,49.16,49.15,49.15,1796.0
2017-12-15 10:59:00,49.14,49.1625,49.14,49.16,1950.0
2017-12-15 11:00:00,49.15,49.155,49.14,49.14,2900.0
2017-12-15 11:01:00,49.15,49.16,49.15,49.16,2300.0
2017-12-15 11:02:00,49.135,49.155,49.12,49.15,5175.0
2017-12-15 11:03:00,49.13,49.13,49.13,49.13,100.0
2017-12-15 11:04:00,49.12,49.145,49.12,49.12,8643.0
2017-12-15 11:05:00,49.13,49.13,49.115,49.115,605.0
2017-12-15 11:06:00,49.13,49.14,49.12,49.13,2594.0
2017-12-15 11:07:00,49.14,49.14,49.13,49.13,652.0
2017-12-15 11:08:00,49.125,49.135,49.125,49.13,2100.0
2017-12-15 11:09:00,49.12,49.13,49.12,49.13,745.0
2017-12-15 11:10:00,49.14,49.14,49.12,49.125,2765.0
2017-12-15 11:11:00,49.14,49.145,49.13,49.14,1930.0
2017-12-15 11:12:00,49.15,49.155,49.13,49.15,6751.0
2017-12-15 11:13:00,49.13,49.14,49.12,49.14,1300.0
2017-12-15 11:14:00,49.13,49.13,49.12,49.13,1082.0
2017-12-15 11:15:00,49.14,49.14,49.12,49.12,2500.0
2017-12-15 11:16:00,49.145,49.15,49.14,49.14,1500.0
2017-12-15 11:17:00,49.14,49.145,49.13,49.14,2072.0
2017-12-15 11:18:00,49.145,49.15,49.14,49.14,1600.0
2017-12-15 11:19:00,49.18,49.2,49.14,49.14,8561.0
2017-12-15 11:20:00,49.19,49.19,49.175,49.18,1280.0
2017-12-15 11:21:00,49.21,49.21,49.19,49.19,900.0
2017-12-15 11:22:00,49.195,49.2,49.19,49.2,1100.0
2017-12-15 11:23:00,49.2,49.2,49.19,49.19,4007.0
2017-12-15 11:24:00,49.21,49.22,49.195,49.2,3253.0
2017-12-15 11:25:00,49.2125,49.22,49.21,49.21,1500.0
2017-12-15 11:26:00,49.22,49.23,49.21,49.21,1100.0
2017-12-15 11:27:00,49.235,49.24,49.22,49.22,2240.0
2017-12-15 11:28:00,49.23,49.24,49.22,49.22,300.0
2017-12-15 11:29:00,49.26,49.27,49.24,49.24,2857.0
2017-12-15 11:30:00,49.29,49.29,49.26,49.26,3253.0
2017-12-15 11:31:00,49.32,49.33,49.28,49.29,3060.0
2017-12-15 11:32:00,49.31,49.32,49.2988,49.31,2275.0
2017-12-15 11:33:00,49.3,49.32,49.3,49.3,900.0
2017-12-15 11:34:00,49.335,49.335,49.28,49.3,2529.0
2017-12-15 11:35:00,49.35,49.35,49.31,49.31,2976.0
2017-12-15 11:36:00,49.33,49.36,49.33,49.35,3449.0
2017-12-15 11:37:00,49.32,49.34,49.31,49.33,1700.0
2017-12-15 11:38:00,49.3,49.32,49.3,49.32,1880.0
2017-12-15 11:39:00,49.33,49.33,49.31,49.31,900.0
2017-12-15 11:40:00,49.31,49.33,49.31,49.33,1300.0
2017-12-15 11:41:00,49.35,49.35,49.31,49.31,4229.0
2017-12-15 11:42:00,49.37,49.37,49.3325,49.3401,4074.0
2017-12-15 11:43:00,49.4,49.425,49.365,49.365,15488.0
2017-12-15 11:44:00,49.42,49.42,49.38,49.4,7232.0
2017-12-15 11:45:00,49.43,49.44,49.41,49.41,6213.0
2017-12-15 11:46:00,49.44,49.44,49.43,49.43,1202.0
2017-12-15 11:47:00,49.445,49.445,49.44,49.445,1600.0
2017-12-15 11:48:00,49.44,49.45,49.43,49.44,5928.0
2017-12-15 11:49:00,49.44,49.445,49.42,49.44,3574.0
2017-12-15 11:50:00,49.44,49.45,49.44,49.44,5276.0
2017-12-15 11:51:00,49.44,49.45,49.44,49.44,8340.0
2017-12-15 11:52:00,49.42,49.45,49.42,49.45,10605.0
2017-12-15 11:53:00,49.4,49.42,49.4,49.42,600.0
2017-12-15 11:54:00,49.405,49.41,49.405,49.41,400.0
2017-12-15 11:55:00,49.385,49.405,49.375,49.4,3923.0
2017-12-15 11:56:00,49.415,49.415,49.38,49.38,2960.0
2017-12-15 11:57:00,49.445,49.45,49.415,49.415,3691.0
2017-12-15 11:58:00,49.45,49.46,49.445,49.445,1700.0
2017-12-15 11:59:00,49.48,49.485,49.45,49.45,2500.0
2017-12-15 12:00:00,49.46,49.485,49.46,49.48,3092.0
2017-12-15 12:01:00,49.44,49.445,49.44,49.44,600.0
2017-12-15 12:02:00,49.45,49.46,49.44,49.445,4706.0
2017-12-15 12:03:00,49.48,49.48,49.455,49.455,2390.0
2017-12-15 12:04:00,49.475,49.48,49.47,49.47,2268.0
2017-12-15 12:05:00,49.47,49.48,49.47,49.48,1000.0
2017-12-15 12:06:00,49.48,49.49,49.47,49.47,3587.0
2017-12-15 12:07:00,49.45,49.475,49.45,49.475,7618.0
2017-12-15 12:08:00,49.43,49.45,49.43,49.45,1500.0
2017-12-15 12:09:00,49.42,49.42,49.42,49.42,100.0
2017-12-15 12:10:00,49.415,49.415,49.41,49.41,618.0
2017-12-15 12:11:00,49.395,49.415,49.395,49.415,3899.0
2017-12-15 12:12:00,49.36,49.39,49.36,49.39,3615.0
2017-12-15 12:13:00,49.31,49.36,49.31,49.355,1974.0
2017-12-15 12:14:00,49.28,49.31,49.28,49.31,2024.0
2017-12-15 12:15:00,49.27,49.28,49.27,49.28,341.0
2017-12-15 12:16:00,49.29,49.29,49.27,49.27,2400.0
2017-12-15 12:17:00,49.3,49.31,49.3,49.3,1276.0
2017-12-15 12:18:00,49.3,49.3,49.3,49.3,600.0
2017-12-15 12:19:00,49.27,49.27,49.27,49.27,500.0
2017-12-15 12:20:00,49.31,49.31,49.251000000000005,49.251000000000005,2660.0
2017-12-15 12:21:00,49.27,49.3,49.27,49.3,1500.0
2017-12-15 12:22:00,49.27,49.27,49.27,49.27,300.0
2017-12-15 12:23:00,49.29,49.29,49.27,49.2736,2669.0
2017-12-15 12:24:00,49.29,49.29,49.29,49.29,700.0
2017-12-15 12:25:00,49.27,49.29,49.27,49.28,1200.0
2017-12-15 12:26:00,49.3,49.3001,49.29,49.29,1425.0
2017-12-15 12:27:00,49.3,49.3,49.3,49.3,800.0
2017-12-15 12:28:00,49.3,49.3,49.3,49.3,100.0
2017-12-15 12:29:00,49.32,49.32,49.31,49.31,2095.0
2017-12-15 12:30:00,49.37,49.37,49.32,49.32,75300.0
2017-12-15 12:31:00,49.34,49.37,49.34,49.36,3252.0
2017-12-15 12:32:00,49.35,49.37,49.34,49.34,1800.0
2017-12-15 12:33:00,49.34,49.36,49.33,49.34,3200.0
2017-12-15 12:34:00,49.33,49.35,49.33,49.35,300.0
2017-12-15 12:35:00,49.34,49.34,49.34,49.34,609.0
2017-12-15 12:36:00,49.33,49.34,49.33,49.34,1700.0
2017-12-15 12:37:00,49.33,49.33,49.32,49.32,1400.0
2017-12-15 12:38:00,49.34,49.35,49.33,49.33,8358.0
2017-12-15 12:39:00,49.34,49.34,49.34,49.34,2601.0
2017-12-15 12:40:00,49.34,49.35,49.34,49.35,500.0
2017-12-15 12:41:00,49.39,49.39,49.35,49.35,4076.0
2017-12-15 12:42:00,49.36,49.38,49.36,49.38,1986.0
2017-12-15 12:43:00,49.35,49.36,49.35,49.36,500.0
2017-12-15 12:44:00,49.34,49.345,49.34,49.34,1495.0
2017-12-15 12:45:00,49.35,49.35,49.34,49.34,200.0
2017-12-15 12:46:00,49.35,49.35,49.34,49.34,2300.0
2017-12-15 12:47:00,49.34,49.35,49.34,49.35,300.0
2017-12-15 12:48:00,49.34,49.34,49.33,49.34,2700.0
2017-12-15 12:49:00,49.33,49.34,49.33,49.34,2700.0
2017-12-15 12:50:00,49.34,49.345,49.33,49.34,2100.0
2017-12-15 12:51:00,49.33,49.3401,49.33,49.34,7367.0
2017-12-15 12:52:00,49.33,49.33,49.32,49.33,2200.0
2017-12-15 12:53:00,49.345,49.345,49.33,49.33,952.0
2017-12-15 12:54:00,49.34,49.35,49.34,49.35,400.0
2017-12-15 12:55:00,49.34,49.34,49.34,49.34,4360.0
2017-12-15 12:56:00,49.36,49.36,49.35,49.35,2899.0
2017-12-15 12:57:00,49.37,49.37,49.3588,49.3588,2070.0
2017-12-15 12:58:00,49.36,49.37,49.36,49.36,300.0
2017-12-15 12:59:00,49.34,49.355,49.34,49.355,1831.0
2017-12-15 13:00:00,49.345,49.345,49.345,49.345,740.0
2017-12-15 13:01:00,49.35,49.36,49.345,49.35,3016.0
2017-12-15 13:02:00,49.36,49.36,49.35,49.35,200.0
2017-12-15 13:03:00,49.34,49.35,49.34,49.35,1500.0
2017-12-15 13:04:00,49.34,49.34,49.34,49.34,300.0
2017-12-15 13:05:00,49.34,49.3499,49.34,49.34,4986.0
2017-12-15 13:06:00,49.3762,49.376999999999995,49.35,49.35,5385.0
2017-12-15 13:07:00,49.35,49.37,49.35,49.37,1382.0
2017-12-15 13:08:00,49.38,49.38,49.34,49.34,4160.0
2017-12-15 13:09:00,49.385,49.39,49.37,49.37,1200.0
2017-12-15 13:10:00,49.36,49.38,49.36,49.38,1045.0
2017-12-15 13:11:00,49.35,49.36,49.35,49.36,1169.0
2017-12-15 13:12:00,49.35,49.3551,49.35,49.35,1400.0
2017-12-15 13:13:00,49.35,49.355,49.35,49.35,4153.0
2017-12-15 13:14:00,49.34,49.355,49.33,49.35,1689.0
2017-12-15 13:16:00,49.34,49.34,49.33,49.34,610.0
2017-12-15 13:17:00,49.34,49.34,49.34,49.34,800.0
2017-12-15 13:18:00,49.34,49.34,49.34,49.34,300.0
2017-12-15 13:19:00,49.32,49.33,49.32,49.33,600.0
2017-12-15 13:20:00,49.23,49.33,49.22,49.33,13300.0
2017-12-15 13:21:00,49.22,49.22,49.21,49.22,5814.0
2017-12-15 13:22:00,49.22,49.22,49.2166,49.2166,1600.0
2017-12-15 13:23:00,49.23,49.23,49.21,49.22,1200.0
2017-12-15 13:24:00,49.26,49.26,49.225,49.225,2939.0
2017-12-15 13:25:00,49.26,49.26,49.26,49.26,700.0
2017-12-15 13:26:00,49.265,49.27,49.265,49.27,627.0
2017-12-15 13:27:00,49.275,49.275,49.265,49.265,400.0
2017-12-15 13:28:00,49.3074,49.31,49.275,49.275,3432.0
2017-12-15 13:29:00,49.31,49.31,49.31,49.31,700.0
2017-12-15 13:30:00,49.3,49.3,49.3,49.3,2978.0
2017-12-15 13:32:00,49.33,49.33,49.3,49.3,1450.0
2017-12-15 13:33:00,49.3001,49.31,49.3,49.31,1200.0
2017-12-15 13:34:00,49.3,49.31,49.3,49.31,200.0
2017-12-15 13:35:00,49.31,49.31,49.3,49.31,1700.0
2017-12-15 13:36:00,49.3,49.305,49.3,49.3,2158.0
2017-12-15 13:37:00,49.3,49.305,49.3,49.3,809.0
2017-12-15 13:38:00,49.3101,49.3101,49.305,49.31,4956.0
2017-12-15 13:39:00,49.31,49.3125,49.3,49.31,1100.0
2017-12-15 13:40:00,49.31,49.315,49.3001,49.31,887.0
2017-12-15 13:41:00,49.305,49.31,49.3001,49.31,696.0
2017-12-15 13:42:00,49.3,49.31,49.3,49.31,5992.0
2017-12-15 13:43:00,49.31,49.32,49.3,49.3,1600.0
2017-12-15 13:44:00,49.3,49.315,49.3,49.3,3902.0
2017-12-15 13:45:00,49.31,49.31,49.3,49.3,2059.0
2017-12-15 13:46:00,49.305,49.305,49.29,49.3,3700.0
2017-12-15 13:47:00,49.305,49.305,49.305,49.305,100.0
2017-12-15 13:48:00,49.315,49.315,49.3,49.305,1655.0
2017-12-15 13:49:00,49.31,49.315,49.31,49.31,1020.0
2017-12-15 13:50:00,49.31,49.315,49.31,49.315,1000.0
2017-12-15 13:51:00,49.31,49.31,49.31,49.31,100.0
2017-12-15 13:52:00,49.3,49.305,49.3,49.3,3257.0
2017-12-15 13:53:00,49.29,49.31,49.29,49.31,400.0
2017-12-15 13:54:00,49.295,49.31,49.29,49.3,2276.0
2017-12-15 13:55:00,49.335,49.335,49.295,49.295,3549.0
2017-12-15 13:56:00,49.31,49.335,49.31,49.33,1800.0
2017-12-15 13:57:00,49.34,49.34,49.33,49.33,400.0
2017-12-15 13:58:00,49.34,49.34,49.335,49.34,1400.0
2017-12-15 13:59:00,49.335,49.34,49.335,49.34,500.0
2017-12-15 14:00:00,49.35,49.35,49.33,49.335,5300.0
2017-12-15 14:01:00,49.35,49.355,49.35,49.355,2249.0
2017-12-15 14:02:00,49.34,49.35,49.33,49.35,2181.0
2017-12-15 14:03:00,49.34,49.35,49.34,49.35,20600.0
2017-12-15 14:04:00,49.35,49.35,49.34,49.34,700.0
2017-12-15 14:05:00,49.35,49.36,49.34,49.35,3808.0
2017-12-15 14:06:00,49.34,49.34,49.34,49.34,517.0
2017-12-15 14:07:00,49.32,49.35,49.32,49.35,12431.0
2017-12-15 14:08:00,49.31,49.33,49.31,49.31,1610.0
2017-12-15 14:09:00,49.29,49.31,49.29,49.3,800.0
2017-12-15 14:10:00,49.3,49.3,49.29,49.29,2423.0
2017-12-15 14:11:00,49.305,49.31,49.295,49.3,2209.0
2017-12-15 14:12:00,49.29,49.31,49.29,49.31,1284.0
2017-12-15 14:13:00,49.28,49.285,49.28,49.285,200.0
2017-12-15 14:14:00,49.31,49.31,49.29,49.29,1880.0
2017-12-15 14:15:00,49.305,49.31,49.3,49.31,1400.0
2017-12-15 14:16:00,49.32,49.32,49.31,49.31,2116.0
2017-12-15 14:17:00,49.315,49.32,49.31,49.32,2200.0
2017-12-15 14:18:00,49.32,49.33,49.31,49.32,2507.0
2017-12-15 14:19:00,49.3,49.3125,49.3,49.31,800.0
2017-12-15 14:20:00,49.31,49.31,49.31,49.31,300.0
2017-12-15 14:21:00,49.33,49.33,49.29,49.305,6106.0
2017-12-15 14:22:00,49.34,49.34,49.33,49.33,700.0
2017-12-15 14:23:00,49.33,49.33,49.32,49.33,2350.0
2017-12-15 14:24:00,49.34,49.35,49.32,49.32,3532.0
2017-12-15 14:25:00,49.34,49.34,49.33,49.34,800.0
2017-12-15 14:26:00,49.35,49.35,49.34,49.34,1301.0
2017-12-15 14:27:00,49.33,49.36,49.33,49.36,2710.0
2017-12-15 14:28:00,49.33,49.33,49.31,49.33,1968.0
2017-12-15 14:29:00,49.34,49.355,49.34,49.34,1800.0
2017-12-15 14:30:00,49.34,49.34,49.34,49.34,300.0
2017-12-15 14:31:00,49.32,49.34,49.32,49.34,2299.0
2017-12-15 14:32:00,49.32,49.325,49.32,49.32,1611.0
2017-12-15 14:33:00,49.32,49.325,49.315,49.325,1393.0
2017-12-15 14:34:00,49.34,49.345,49.31,49.31,4906.0
2017-12-15 14:35:00,49.34,49.34,49.33,49.34,1819.0
2017-12-15 14:36:00,49.33,49.34,49.33,49.34,1400.0
2017-12-15 14:37:00,49.315,49.32,49.3,49.32,2228.0
2017-12-15 14:38:00,49.33,49.33,49.315,49.32,1771.0
2017-12-15 14:39:00,49.34,49.34,49.325,49.33,1502.0
2017-12-15 14:40:00,49.3263,49.34,49.325,49.34,2800.0
2017-12-15 14:41:00,49.32,49.325,49.315,49.32,2400.0
2017-12-15 14:42:00,49.34,49.34,49.33,49.33,500.0
2017-12-15 14:43:00,49.335,49.34,49.335,49.34,400.0
2017-12-15 14:44:00,49.32,49.33,49.32,49.33,1800.0
2017-12-15 14:45:00,49.325,49.33,49.325,49.33,700.0
2017-12-15 14:46:00,49.295,49.325,49.29,49.32,4076.0
2017-12-15 14:47:00,49.31,49.32,49.3,49.3,3400.0
2017-12-15 14:48:00,49.3,49.315,49.3,49.31,1800.0
2017-12-15 14:49:00,49.3,49.3,49.3,49.3,400.0
2017-12-15 14:50:00,49.295,49.295,49.295,49.295,200.0
2017-12-15 14:51:00,49.305,49.305,49.29,49.29,2900.0
2017-12-15 14:52:00,49.28,49.305,49.27,49.305,2401.0
2017-12-15 14:53:00,49.28,49.28,49.27,49.27,400.0
2017-12-15 14:54:00,49.29,49.29,49.28,49.28,1406.0
2017-12-15 14:55:00,49.31,49.315,49.2941,49.2941,3685.0
2017-12-15 14:56:00,49.29,49.31,49.285,49.31,2100.0
2017-12-15 14:57:00,49.28,49.29,49.28,49.285,1100.0
2017-12-15 14:58:00,49.29,49.3,49.28,49.28,3540.0
2017-12-15 14:59:00,49.26,49.295,49.26,49.29,1800.0
2017-12-15 15:00:00,49.28,49.28,49.27,49.27,1403.0
2017-12-15 15:01:00,49.28,49.28,49.275,49.275,300.0
2017-12-15 15:02:00,49.28,49.3,49.275,49.275,4356.0
2017-12-15 15:03:00,49.28,49.28,49.275,49.28,1500.0
2017-12-15 15:04:00,49.29,49.3,49.28,49.28,5713.0
2017-12-15 15:05:00,49.3,49.31,49.3,49.3,1721.0
2017-12-15 15:06:00,49.31,49.31,49.3,49.3,1400.0
2017-12-15 15:07:00,49.3,49.305,49.295,49.3,1200.0
2017-12-15 15:08:00,49.305,49.31,49.3,49.31,400.0
2017-12-15 15:09:00,49.305,49.31,49.3,49.305,2339.0
2017-12-15 15:10:00,49.3,49.315,49.3,49.305,7458.0
2017-12-15 15:11:00,49.31,49.31,49.29,49.29,3000.0
2017-12-15 15:12:00,49.31,49.31,49.305,49.305,700.0
2017-12-15 15:13:00,49.33,49.34,49.31,49.31,4683.0
2017-12-15 15:14:00,49.31,49.32,49.31,49.32,1600.0
2017-12-15 15:15:00,49.34,49.34,49.3148,49.32,3740.0
2017-12-15 15:16:00,49.34,49.34,49.33,49.3385,2252.0
2017-12-15 15:17:00,49.33,49.33,49.32,49.33,1650.0
2017-12-15 15:18:00,49.335,49.335,49.325,49.33,3299.0
2017-12-15 15:19:00,49.31,49.335,49.31,49.335,3411.0
2017-12-15 15:20:00,49.315,49.3176,49.305,49.305,2792.0
2017-12-15 15:21:00,49.31,49.31,49.3,49.31,3879.0
2017-12-15 15:22:00,49.32,49.32,49.3,49.305,5657.0
2017-12-15 15:23:00,49.315,49.335,49.315,49.325,5300.0
2017-12-15 15:24:00,49.32,49.32,49.31,49.315,606.0
2017-12-15 15:25:00,49.285,49.315,49.285,49.315,4600.0
2017-12-15 15:26:00,49.29,49.29,49.285,49.29,1100.0
2017-12-15 15:27:00,49.275,49.29,49.27,49.28,4620.0
2017-12-15 15:28:00,49.32,49.325,49.28,49.28,10202.0
2017-12-15 15:29:00,49.32,49.325,49.315,49.32,3898.0
2017-12-15 15:30:00,49.315,49.325,49.315,49.32,4400.0
2017-12-15 15:31:00,49.295,49.315,49.29,49.31,9836.0
2017-12-15 15:32:00,49.3,49.3,49.295,49.295,2809.0
2017-12-15 15:33:00,49.295,49.31,49.295,49.305,8656.0
2017-12-15 15:34:00,49.305,49.31,49.29,49.29,5234.0
2017-12-15 15:35:00,49.295,49.31,49.29,49.305,7003.0
2017-12-15 15:36:00,49.2925,49.3,49.28,49.29,3780.0
2017-12-15 15:37:00,49.3,49.3,49.29,49.29,6267.0
2017-12-15 15:38:00,49.295,49.3,49.295,49.295,2120.0
2017-12-15 15:39:00,49.34,49.34,49.29,49.295,11507.0
2017-12-15 15:40:00,49.31,49.34,49.31,49.34,11038.0
2017-12-15 15:41:00,49.26,49.315,49.26,49.31,15475.0
2017-12-15 15:42:00,49.265,49.28,49.26,49.265,11569.0
2017-12-15 15:43:00,49.245,49.265,49.245,49.265,6324.0
2017-12-15 15:44:00,49.108999999999995,49.24,49.06,49.24,56729.0
2017-12-15 15:45:00,49.09,49.14,49.07,49.1,22124.0
2017-12-15 15:46:00,49.095,49.12,49.07,49.07,15867.0
2017-12-15 15:47:00,49.11,49.135,49.1,49.1,13482.0
2017-12-15 15:48:00,49.095,49.13,49.09,49.105,13875.0
2017-12-15 15:49:00,49.085,49.1,49.07,49.095,11312.0
2017-12-15 15:50:00,49.06,49.085,49.04,49.08,15283.0
2017-12-15 15:51:00,49.1,49.1,49.06,49.06,15455.0
2017-12-15 15:52:00,49.075,49.1,49.07,49.09,8710.0
2017-12-15 15:53:00,49.05,49.08,49.05,49.075,14582.0
2017-12-15 15:54:00,49.06,49.06,49.05,49.06,14780.0
2017-12-15 15:55:00,49.085,49.09,49.04,49.05,26040.0
2017-12-15 15:56:00,49.08,49.09,49.08,49.08,7982.0
2017-12-15 15:57:00,49.045,49.09,49.04,49.085,20233.0
2017-12-15 15:58:00,49.0,49.05,48.995,49.04,24820.0
2017-12-15 15:59:00,49.015,49.02,49.0,49.0,25142.0
2017-12-15 16:00:00,49.05,49.05,49.0101,49.02,37951.0
2017-12-18 09:30:00,48.72,48.74,48.72,48.74,35075.0
2017-12-18 09:31:00,48.9,48.9,48.86,48.86,200.0
2017-12-18 09:32:00,49.15,49.15,48.95,48.95,2125.0
2017-12-18 09:33:00,49.21,49.21,49.12,49.13,2755.0
2017-12-18 09:34:00,49.25,49.32,49.165,49.23,3800.0
2017-12-18 09:35:00,49.14,49.25,49.12,49.25,2200.0
2017-12-18 09:36:00,49.25,49.28,49.22,49.22,1100.0
2017-12-18 09:37:00,49.33,49.33,49.23,49.26,5600.0
2017-12-18 09:38:00,49.31,49.35,49.3052,49.35,1603.0
2017-12-18 09:39:00,49.41,49.42,49.32,49.335,1400.0
2017-12-18 09:40:00,49.4,49.45,49.32,49.37,4586.0
2017-12-18 09:41:00,49.54,49.54,49.48,49.48,1700.0
2017-12-18 09:42:00,49.475,49.49,49.46,49.49,2988.0
2017-12-18 09:43:00,49.54,49.54,49.5,49.5,700.0
2017-12-18 09:44:00,49.52,49.54,49.5,49.54,1200.0
2017-12-18 09:45:00,49.48,49.52,49.475,49.52,3382.0
2017-12-18 09:46:00,49.405,49.48,49.37,49.4782,5015.0
2017-12-18 09:47:00,49.375,49.405,49.375,49.405,2291.0
2017-12-18 09:48:00,49.52,49.52,49.38,49.38,3482.0
2017-12-18 09:49:00,49.5,49.51,49.48,49.48,1900.0
2017-12-18 09:50:00,49.46,49.46,49.46,49.46,200.0
2017-12-18 09:51:00,49.37,49.46,49.3,49.46,10086.0
2017-12-18 09:52:00,49.32,49.39,49.32,49.37,1600.0
2017-12-18 09:53:00,49.355,49.36,49.31,49.335,2200.0
2017-12-18 09:54:00,49.36,49.37,49.33,49.34,3933.0
2017-12-18 09:55:00,49.37,49.41,49.35,49.35,4395.0
2017-12-18 09:56:00,49.39,49.39,49.345,49.345,2601.0
2017-12-18 09:57:00,49.375,49.39,49.36,49.36,1000.0
2017-12-18 09:58:00,49.38,49.38,49.36,49.36,2317.0
2017-12-18 09:59:00,49.4,49.4,49.4,49.4,100.0
2017-12-18 10:00:00,49.46,49.46,49.35,49.41,5850.0
2017-12-18 10:01:00,49.41,49.49,49.39,49.48,5056.0
2017-12-18 10:02:00,49.4,49.4,49.375,49.395,2800.0
2017-12-18 10:03:00,49.32,49.39,49.32,49.39,1969.0
2017-12-18 10:04:00,49.3,49.33,49.3,49.32,1447.0
2017-12-18 10:05:00,49.25,49.33,49.25,49.33,1100.0
2017-12-18 10:06:00,49.28,49.32,49.27,49.28,1683.0
2017-12-18 10:07:00,49.26,49.26,49.25,49.25,1400.0
2017-12-18 10:08:00,49.28,49.28,49.24,49.25,2700.0
2017-12-18 10:09:00,49.27,49.28,49.25,49.27,4082.0
2017-12-18 10:10:00,49.28,49.33,49.26,49.28,3209.0
2017-12-18 10:11:00,49.34,49.34,49.26,49.26,6981.0
2017-12-18 10:12:00,49.37,49.41,49.34,49.35,18698.0
2017-12-18 10:13:00,49.29,49.375,49.29,49.375,2504.0
2017-12-18 10:14:00,49.26,49.29,49.26,49.29,1300.0
2017-12-18 10:15:00,49.24,49.25,49.24,49.25,1300.0
2017-12-18 10:16:00,49.26,49.26,49.23,49.25,17223.0
2017-12-18 10:17:00,49.26,49.27,49.23,49.27,2253.0
2017-12-18 10:18:00,49.31,49.31,49.26,49.26,2600.0
2017-12-18 10:19:00,49.31,49.35,49.305,49.31,2923.0
2017-12-18 10:20:00,49.32,49.32,49.3181,49.3185,646.0
2017-12-18 10:21:00,49.29,49.33,49.29,49.32,3482.0
2017-12-18 10:22:00,49.2554,49.275,49.25,49.275,2071.0
2017-12-18 10:23:00,49.24,49.25,49.24,49.25,2937.0
2017-12-18 10:24:00,49.28,49.28,49.23,49.23,1490.0
2017-12-18 10:25:00,49.25,49.28,49.25,49.26,1751.0
2017-12-18 10:26:00,49.25,49.25,49.25,49.25,200.0
2017-12-18 10:27:00,49.245,49.26,49.24,49.24,2400.0
2017-12-18 10:28:00,49.25,49.25,49.245,49.245,300.0
2017-12-18 10:29:00,49.31,49.31,49.25,49.25,4965.0
2017-12-18 10:30:00,49.29,49.3,49.27,49.29,3948.0
2017-12-18 10:31:00,49.28,49.29,49.27,49.28,1700.0
2017-12-18 10:32:00,49.28,49.28,49.27,49.27,1524.0
2017-12-18 10:33:00,49.34,49.34,49.27,49.27,4499.0
2017-12-18 10:34:00,49.33,49.34,49.32,49.34,1600.0
2017-12-18 10:35:00,49.35,49.36,49.32,49.33,2750.0
2017-12-18 10:36:00,49.35,49.35,49.34,49.34,1100.0
2017-12-18 10:37:00,49.38,49.38,49.36,49.36,1599.0
2017-12-18 10:38:00,49.37,49.37,49.35,49.35,600.0
2017-12-18 10:39:00,49.365,49.39,49.36,49.38,2700.0
2017-12-18 10:40:00,49.4,49.4,49.35,49.365,2343.0
2017-12-18 10:41:00,49.42,49.43,49.41,49.41,700.0
2017-12-18 10:42:00,49.415,49.43,49.4,49.42,850.0
2017-12-18 10:43:00,49.42,49.43,49.39,49.4,4078.0
2017-12-18 10:44:00,49.43,49.44,49.42,49.43,800.0
2017-12-18 10:45:00,49.42,49.43,49.4,49.41,2000.0
2017-12-18 10:46:00,49.44,49.44,49.42,49.42,1996.0
2017-12-18 10:47:00,49.42,49.44,49.415,49.44,1657.0
2017-12-18 10:48:00,49.48,49.48,49.42,49.42,7432.0
2017-12-18 10:49:00,49.51,49.51,49.46,49.48,1804.0
2017-12-18 10:50:00,49.57,49.57,49.4905,49.4905,3637.0
2017-12-18 10:51:00,49.57,49.58,49.54,49.54,1765.0
2017-12-18 10:52:00,49.58,49.58,49.57,49.57,3111.0
2017-12-18 10:53:00,49.64,49.64,49.58,49.58,3300.0
2017-12-18 10:54:00,49.585,49.625,49.585,49.625,2398.0
2017-12-18 10:55:00,49.5816,49.6,49.57,49.585,800.0
2017-12-18 10:56:00,49.52,49.58,49.52,49.58,1726.0
2017-12-18 10:57:00,49.6,49.6,49.54,49.54,3465.0
2017-12-18 10:58:00,49.66,49.68,49.59,49.6,6695.0
2017-12-18 10:59:00,49.72,49.72,49.65,49.655,2188.0
2017-12-18 11:00:00,49.66,49.74,49.65,49.7,12231.0
2017-12-18 11:01:00,49.645,49.67,49.645,49.66,2600.0
2017-12-18 11:02:00,49.67,49.675,49.64,49.65,4296.0
2017-12-18 11:03:00,49.67,49.69,49.66,49.68,8317.0
2017-12-18 11:04:00,49.72,49.72,49.67,49.67,6826.0
2017-12-18 11:05:00,49.71,49.72,49.7,49.71,2720.0
2017-12-18 11:06:00,49.71,49.72,49.7,49.71,3813.0
2017-12-18 11:07:00,49.69,49.7,49.68,49.7,2510.0
2017-12-18 11:08:00,49.65,49.69,49.64,49.69,3400.0
2017-12-18 11:09:00,49.65,49.65,49.64,49.64,1100.0
2017-12-18 11:10:00,49.62,49.64,49.62,49.64,2300.0
2017-12-18 11:11:00,49.65,49.66,49.61,49.61,32728.0
2017-12-18 11:12:00,49.64,49.645,49.62,49.64,2200.0
2017-12-18 11:13:00,49.63,49.63,49.6,49.62,6114.0
2017-12-18 11:14:00,49.665,49.68,49.63,49.63,2393.0
2017-12-18 11:15:00,49.64,49.66,49.64,49.65,3300.0
2017-12-18 11:16:00,49.67,49.67,49.64,49.64,1200.0
2017-12-18 11:17:00,49.655,49.67,49.65,49.66,3923.0
2017-12-18 11:18:00,49.66,49.6725,49.65,49.65,2000.0
2017-12-18 11:19:00,49.675,49.68,49.65,49.65,5590.0
2017-12-18 11:20:00,49.72,49.72,49.68,49.68,3890.0
2017-12-18 11:21:00,49.69,49.73,49.69,49.72,3553.0
2017-12-18 11:22:00,49.7,49.7,49.69,49.7,2100.0
2017-12-18 11:23:00,49.71,49.73,49.71,49.71,3225.0
2017-12-18 11:24:00,49.71,49.72,49.71,49.71,1065.0
2017-12-18 11:25:00,49.7,49.72,49.7,49.72,2585.0
2017-12-18 11:26:00,49.73,49.73,49.71,49.71,1500.0
2017-12-18 11:27:00,49.71,49.74,49.71,49.74,2209.0
2017-12-18 11:28:00,49.75,49.76,49.69,49.69,4550.0
2017-12-18 11:29:00,49.75,49.76,49.74,49.745,7458.0
2017-12-18 11:30:00,49.78,49.78,49.75,49.75,1385.0
2017-12-18 11:31:00,49.775,49.79,49.76,49.77,3900.0
2017-12-18 11:32:00,49.83,49.83,49.7776,49.79,6131.0
2017-12-18 11:33:00,49.81,49.83,49.8,49.81,1947.0
2017-12-18 11:34:00,49.84,49.84,49.825,49.825,2335.0
2017-12-18 11:35:00,49.79,49.84,49.79,49.84,7150.0
2017-12-18 11:36:00,49.78,49.79,49.77,49.78,2958.0
2017-12-18 11:37:00,49.79,49.8,49.77,49.78,14838.0
2017-12-18 11:38:00,49.77,49.78,49.77,49.78,2400.0
2017-12-18 11:39:00,49.8,49.8,49.76,49.77,4400.0
2017-12-18 11:40:00,49.78,49.8,49.78,49.8,1900.0
2017-12-18 11:41:00,49.72,49.78,49.72,49.78,4110.0
2017-12-18 11:42:00,49.74,49.745,49.725,49.725,1897.0
2017-12-18 11:43:00,49.74,49.74,49.73,49.74,900.0
2017-12-18 11:44:00,49.75,49.75,49.74,49.74,2951.0
2017-12-18 11:45:00,49.725,49.75,49.725,49.75,2000.0
2017-12-18 11:46:00,49.68,49.75,49.67,49.725,17817.0
2017-12-18 11:47:00,49.7,49.71,49.69,49.69,2950.0
2017-12-18 11:48:00,49.66,49.675,49.66,49.67,2734.0
2017-12-18 11:49:00,49.66,49.67,49.6571,49.6571,2200.0
2017-12-18 11:50:00,49.65,49.65,49.65,49.65,200.0
2017-12-18 11:51:00,49.69,49.7,49.65,49.66,4600.0
2017-12-18 11:52:00,49.69,49.6999,49.68,49.69,1100.0
2017-12-18 11:53:00,49.71,49.72,49.7,49.7,2650.0
2017-12-18 11:54:00,49.705,49.73,49.7,49.72,2700.0
2017-12-18 11:56:00,49.7,49.715,49.68,49.69,5066.0
2017-12-18 11:57:00,49.7,49.7,49.69,49.69,3000.0
2017-12-18 11:58:00,49.71,49.71,49.7,49.7,667.0
2017-12-18 11:59:00,49.71,49.71,49.68,49.7,5950.0
2017-12-18 12:00:00,49.64,49.72,49.63,49.72,14613.0
2017-12-18 12:01:00,49.6,49.63,49.59,49.63,3926.0
2017-12-18 12:02:00,49.62,49.62,49.59,49.59,2775.0
2017-12-18 12:03:00,49.62,49.62,49.62,49.62,300.0
2017-12-18 12:04:00,49.6,49.63,49.59,49.62,3477.0
2017-12-18 12:05:00,49.6,49.6,49.58,49.5999,2649.0
2017-12-18 12:06:00,49.6,49.61,49.6,49.6,4936.0
2017-12-18 12:07:00,49.64,49.64,49.6,49.6,4950.0
2017-12-18 12:08:00,49.655,49.655,49.64,49.64,1711.0
2017-12-18 12:09:00,49.67,49.67,49.66,49.66,1100.0
2017-12-18 12:10:00,49.651,49.66,49.65,49.66,2617.0
2017-12-18 12:11:00,49.63,49.655,49.63,49.655,1914.0
2017-12-18 12:12:00,49.64,49.64,49.62,49.63,2688.0
2017-12-18 12:13:00,49.65,49.66,49.645,49.65,3300.0
2017-12-18 12:14:00,49.65,49.67,49.65,49.66,3939.0
2017-12-18 12:15:00,49.66,49.66,49.66,49.66,846.0
2017-12-18 12:16:00,49.65,49.66,49.65,49.66,811.0
2017-12-18 12:17:00,49.64,49.65,49.64,49.65,2026.0
2017-12-18 12:18:00,49.645,49.645,49.64,49.64,2464.0
2017-12-18 12:19:00,49.655,49.66,49.63,49.64,3722.0
2017-12-18 12:20:00,49.645,49.66,49.645,49.66,2184.0
2017-12-18 12:21:00,49.66,49.66,49.64,49.64,3850.0
2017-12-18 12:22:00,49.68,49.685,49.67,49.67,1888.0
2017-12-18 12:23:00,49.665,49.67,49.66,49.67,1600.0
2017-12-18 12:24:00,49.65,49.66,49.65,49.65,2900.0
2017-12-18 12:25:00,49.68,49.68,49.655,49.655,3000.0
2017-12-18 12:26:00,49.69,49.69,49.67,49.68,3585.0
2017-12-18 12:27:00,49.685,49.685,49.685,49.685,700.0
2017-12-18 12:28:00,49.69,49.69,49.69,49.69,2303.0
2017-12-18 12:29:00,49.68,49.69,49.68,49.69,1400.0
2017-12-18 12:30:00,49.67,49.69,49.66,49.67,5689.0
2017-12-18 12:31:00,49.69,49.69,49.68,49.68,700.0
2017-12-18 12:32:00,49.65,49.685,49.65,49.68,2972.0
2017-12-18 12:33:00,49.665,49.67,49.65,49.65,2600.0
2017-12-18 12:34:00,49.63,49.66,49.62,49.66,4454.0
2017-12-18 12:35:00,49.62,49.625,49.62,49.62,900.0
2017-12-18 12:36:00,49.61,49.6263,49.61,49.6263,1932.0
2017-12-18 12:37:00,49.59,49.62,49.59,49.62,2114.0
2017-12-18 12:38:00,49.58,49.6,49.58,49.6,600.0
2017-12-18 12:39:00,49.615,49.615,49.58,49.58,2981.0
2017-12-18 12:40:00,49.66,49.74,49.62,49.62,11516.0
2017-12-18 12:41:00,49.66,49.66,49.66,49.66,100.0
2017-12-18 12:42:00,49.65,49.66,49.65,49.65,1000.0
2017-12-18 12:43:00,49.65,49.66,49.63,49.64,3169.0
2017-12-18 12:44:00,49.64,49.65,49.63,49.64,3200.0
2017-12-18 12:45:00,49.63,49.63,49.63,49.63,100.0
2017-12-18 12:46:00,49.67,49.68,49.63,49.64,3152.0
2017-12-18 12:47:00,49.65,49.66,49.65,49.66,2050.0
2017-12-18 12:48:00,49.64,49.645,49.64,49.645,700.0
2017-12-18 12:49:00,49.64,49.65,49.63,49.64,1300.0
2017-12-18 12:50:00,49.64,49.64,49.615,49.63,2409.0
2017-12-18 12:51:00,49.67,49.67,49.65,49.65,697.0
2017-12-18 12:52:00,49.67,49.67,49.66,49.66,800.0
2017-12-18 12:54:00,49.65,49.68,49.65,49.67,3084.0
2017-12-18 12:55:00,49.6797,49.6797,49.66,49.66,3000.0
2017-12-18 12:56:00,49.675,49.675,49.67,49.67,1084.0
2017-12-18 12:57:00,49.69,49.69,49.66,49.66,4439.0
2017-12-18 12:58:00,49.68,49.68,49.675,49.68,1900.0
2017-12-18 12:59:00,49.68,49.69,49.67,49.675,1500.0
2017-12-18 13:00:00,49.68,49.68,49.68,49.68,300.0
2017-12-18 13:01:00,49.67,49.68,49.66,49.67,2605.0
2017-12-18 13:02:00,49.6625,49.675,49.6625,49.675,1000.0
2017-12-18 13:03:00,49.67,49.67,49.66,49.66,2100.0
2017-12-18 13:04:00,49.6375,49.675,49.6375,49.67,2501.0
2017-12-18 13:05:00,49.635,49.655,49.635,49.64,1217.0
2017-12-18 13:06:00,49.6,49.63,49.6,49.63,800.0
2017-12-18 13:07:00,49.575,49.59,49.57,49.59,1100.0
2017-12-18 13:08:00,49.57,49.57,49.56,49.57,600.0
2017-12-18 13:09:00,49.555,49.555,49.555,49.555,100.0
2017-12-18 13:10:00,49.585,49.585,49.57,49.57,1700.0
2017-12-18 13:11:00,49.56,49.5841,49.56,49.5841,1667.0
2017-12-18 13:12:00,49.57,49.58,49.56,49.58,600.0
2017-12-18 13:13:00,49.56,49.58,49.56,49.58,1613.0
2017-12-18 13:14:00,49.555,49.565,49.55,49.56,1100.0
2017-12-18 13:15:00,49.56,49.56,49.55,49.56,300.0
2017-12-18 13:16:00,49.58,49.595,49.57,49.57,2900.0
2017-12-18 13:17:00,49.58,49.58,49.58,49.58,200.0
2017-12-18 13:19:00,49.57,49.58,49.57,49.58,1072.0
2017-12-18 13:20:00,49.56,49.58,49.56,49.58,1500.0
2017-12-18 13:21:00,49.59,49.6,49.56,49.56,2602.0
2017-12-18 13:22:00,49.57,49.605,49.57,49.6,2550.0
2017-12-18 13:23:00,49.565,49.565,49.565,49.565,100.0
2017-12-18 13:24:00,49.59,49.59,49.57,49.57,1600.0
2017-12-18 13:25:00,49.6,49.605,49.585,49.59,3200.0
2017-12-18 13:27:00,49.59,49.6,49.59,49.6,1100.0
2017-12-18 13:28:00,49.58,49.585,49.58,49.58,700.0
2017-12-18 13:29:00,49.59,49.5925,49.58,49.58,1600.0
2017-12-18 13:30:00,49.605,49.605,49.59,49.59,1900.0
2017-12-18 13:31:00,49.59,49.605,49.59,49.6,1428.0
2017-12-18 13:32:00,49.575,49.58,49.57,49.58,1200.0
2017-12-18 13:33:00,49.54,49.57,49.54,49.57,1400.0
2017-12-18 13:34:00,49.56,49.56,49.54,49.54,1200.0
2017-12-18 13:35:00,49.55,49.56,49.55,49.56,200.0
2017-12-18 13:36:00,49.58,49.5801,49.56,49.56,2200.0
2017-12-18 13:37:00,49.56,49.58,49.56,49.58,1868.0
2017-12-18 13:38:00,49.56,49.5601,49.56,49.56,1500.0
2017-12-18 13:39:00,49.56,49.57,49.56,49.56,1200.0
2017-12-18 13:40:00,49.56,49.5642,49.56,49.5642,700.0
2017-12-18 13:41:00,49.57,49.59,49.55,49.55,3656.0
2017-12-18 13:42:00,49.57,49.57,49.56,49.56,1600.0
2017-12-18 13:43:00,49.57,49.585,49.56,49.58,1800.0
2017-12-18 13:44:00,49.57,49.57,49.56,49.56,600.0
2017-12-18 13:45:00,49.59,49.59,49.56,49.57,3410.0
2017-12-18 13:46:00,49.57,49.58,49.57,49.58,2697.0
2017-12-18 13:47:00,49.565,49.58,49.565,49.58,1000.0
2017-12-18 13:48:00,49.545,49.56,49.54,49.56,1100.0
2017-12-18 13:49:00,49.525,49.55,49.525,49.55,1900.0
2017-12-18 13:50:00,49.52,49.525,49.51,49.52,15400.0
2017-12-18 13:51:00,49.5284,49.53,49.51,49.525,4715.0
2017-12-18 13:52:00,49.53,49.53,49.53,49.53,100.0
2017-12-18 13:53:00,49.5398,49.5398,49.52,49.52,200.0
2017-12-18 13:54:00,49.535,49.54,49.53,49.53,1200.0
2017-12-18 13:55:00,49.56,49.575,49.53,49.53,6205.0
2017-12-18 13:57:00,49.55,49.555,49.55,49.55,1444.0
2017-12-18 13:58:00,49.55,49.555,49.55,49.55,2480.0
2017-12-18 13:59:00,49.56,49.56,49.55,49.55,1200.0
2017-12-18 14:00:00,49.555,49.56,49.55,49.56,1200.0
2017-12-18 14:01:00,49.6,49.61,49.5525,49.5525,4500.0
2017-12-18 14:02:00,49.58,49.59,49.58,49.59,3349.0
2017-12-18 14:03:00,49.58,49.59,49.58,49.58,1727.0
2017-12-18 14:04:00,49.585,49.585,49.58,49.585,1419.0
2017-12-18 14:05:00,49.57,49.575,49.57,49.57,1200.0
2017-12-18 14:06:00,49.6,49.605,49.57,49.58,4586.0
2017-12-18 14:07:00,49.58,49.59,49.58,49.59,1675.0
2017-12-18 14:08:00,49.57,49.57,49.57,49.57,786.0
2017-12-18 14:09:00,49.55,49.56,49.55,49.56,1300.0
2017-12-18 14:10:00,49.56,49.56,49.56,49.56,1256.0
2017-12-18 14:11:00,49.59,49.59,49.57,49.57,1338.0
2017-12-18 14:12:00,49.57,49.59,49.56,49.59,2456.0
2017-12-18 14:13:00,49.57,49.58,49.57,49.57,1632.0
2017-12-18 14:14:00,49.56,49.57,49.56,49.57,2000.0
2017-12-18 14:15:00,49.53,49.56,49.53,49.56,1700.0
2017-12-18 14:16:00,49.52,49.52,49.51,49.52,1893.0
2017-12-18 14:17:00,49.54,49.54,49.525,49.525,1699.0
2017-12-18 14:18:00,49.55,49.55,49.535,49.54,1495.0
2017-12-18 14:19:00,49.55,49.56,49.5456,49.55,2591.0
2017-12-18 14:20:00,49.56,49.56,49.56,49.56,200.0
2017-12-18 14:21:00,49.555,49.56,49.555,49.56,600.0
2017-12-18 14:22:00,49.525,49.555,49.525,49.55,7223.0
2017-12-18 14:23:00,49.515,49.52,49.51,49.52,1560.0
2017-12-18 14:24:00,49.47,49.51,49.47,49.51,1400.0
2017-12-18 14:25:00,49.49,49.49,49.475,49.475,1863.0
2017-12-18 14:26:00,49.47,49.495,49.47,49.49,1980.0
2017-12-18 14:27:00,49.49,49.49,49.46,49.475,2500.0
2017-12-18 14:28:00,49.51,49.51,49.5,49.5,1025.0
2017-12-18 14:29:00,49.5,49.515,49.5,49.51,2975.0
2017-12-18 14:30:00,49.525,49.525,49.4956,49.4956,3108.0
2017-12-18 14:31:00,49.53,49.53,49.525,49.525,924.0
2017-12-18 14:32:00,49.54,49.54,49.52,49.52,4303.0
2017-12-18 14:33:00,49.53,49.54,49.52,49.54,3237.0
2017-12-18 14:34:00,49.54,49.54,49.525,49.53,2200.0
2017-12-18 14:35:00,49.535,49.54,49.525,49.53,3925.0
2017-12-18 14:36:00,49.53,49.53,49.53,49.53,300.0
2017-12-18 14:37:00,49.535,49.535,49.53,49.53,400.0
2017-12-18 14:38:00,49.535,49.555,49.535,49.54,6053.0
2017-12-18 14:39:00,49.535,49.54,49.535,49.535,1000.0
2017-12-18 14:40:00,49.55,49.56,49.535,49.535,4103.0
2017-12-18 14:41:00,49.525,49.555,49.525,49.555,5453.0
2017-12-18 14:42:00,49.51,49.535,49.51,49.525,3988.0
2017-12-18 14:43:00,49.515,49.52,49.51,49.515,1853.0
2017-12-18 14:44:00,49.475,49.51,49.475,49.51,3400.0
2017-12-18 14:45:00,49.505,49.505,49.48,49.48,3522.0
2017-12-18 14:46:00,49.495,49.5,49.495,49.5,800.0
2017-12-18 14:47:00,49.49,49.495,49.48,49.4933,2000.0
2017-12-18 14:48:00,49.455,49.48,49.455,49.48,5805.0
2017-12-18 14:49:00,49.465,49.47,49.455,49.455,1693.0
2017-12-18 14:50:00,49.465,49.465,49.46,49.465,933.0
2017-12-18 14:51:00,49.46,49.475,49.45,49.45,7099.0
2017-12-18 14:52:00,49.455,49.465,49.45,49.46,3577.0
2017-12-18 14:53:00,49.45,49.46,49.45,49.46,3486.0
2017-12-18 14:54:00,49.445,49.455,49.4438,49.45,2410.0
2017-12-18 14:55:00,49.495,49.5,49.44,49.44,7304.0
2017-12-18 14:56:00,49.5,49.52,49.49,49.49,2666.0
2017-12-18 14:57:00,49.5,49.5,49.49,49.49,400.0
2017-12-18 14:58:00,49.51,49.52,49.5,49.5,4100.0
2017-12-18 14:59:00,49.51,49.51,49.51,49.51,200.0
2017-12-18 15:00:00,49.5,49.51,49.48,49.5,7912.0
2017-12-18 15:01:00,49.505,49.505,49.49,49.49,2893.0
2017-12-18 15:02:00,49.49,49.505,49.485,49.5,2970.0
2017-12-18 15:03:00,49.495,49.5,49.485,49.49,4711.0
2017-12-18 15:04:00,49.495,49.5,49.49,49.495,9184.0
2017-12-18 15:05:00,49.49,49.5,49.49,49.49,600.0
2017-12-18 15:06:00,49.5,49.5,49.49,49.49,5951.0
2017-12-18 15:07:00,49.495,49.495,49.4825,49.49,5976.0
2017-12-18 15:08:00,49.49,49.5,49.49,49.49,2742.0
2017-12-18 15:09:00,49.49,49.49,49.48,49.48,1827.0
2017-12-18 15:10:00,49.5,49.505,49.47,49.48,6626.0
2017-12-18 15:11:00,49.48,49.495,49.48,49.49,2100.0
2017-12-18 15:12:00,49.48,49.485,49.47,49.475,2310.0
2017-12-18 15:13:00,49.46,49.48,49.46,49.48,2484.0
2017-12-18 15:14:00,49.48,49.48,49.46,49.46,1400.0
2017-12-18 15:15:00,49.46,49.47,49.46,49.47,1761.0
2017-12-18 15:16:00,49.44,49.46,49.44,49.46,3131.0
2017-12-18 15:17:00,49.415,49.43,49.4138,49.43,2219.0
2017-12-18 15:18:00,49.4,49.42,49.4,49.42,3000.0
2017-12-18 15:19:00,49.41,49.415,49.4,49.4,4300.0
2017-12-18 15:20:00,49.4,49.41,49.39,49.41,2861.0
2017-12-18 15:21:00,49.395,49.4,49.38,49.4,3163.0
2017-12-18 15:22:00,49.39,49.4,49.39,49.39,300.0
2017-12-18 15:23:00,49.41,49.415,49.39,49.39,5019.0
2017-12-18 15:24:00,49.375,49.415,49.37,49.415,3785.0
2017-12-18 15:25:00,49.34,49.37,49.34,49.37,2500.0
2017-12-18 15:26:00,49.355,49.355,49.34,49.34,4110.0
2017-12-18 15:27:00,49.34,49.355,49.34,49.355,3286.0
2017-12-18 15:28:00,49.335,49.34,49.31,49.33,4700.0
2017-12-18 15:29:00,49.34,49.35,49.335,49.34,2300.0
2017-12-18 15:30:00,49.31,49.34,49.31,49.34,2449.0
2017-12-18 15:31:00,49.31,49.34,49.31,49.32,7275.0
2017-12-18 15:32:00,49.31,49.32,49.3,49.31,3470.0
2017-12-18 15:33:00,49.31,49.316,49.3,49.31,2033.0
2017-12-18 15:34:00,49.3,49.31,49.3,49.305,1500.0
2017-12-18 15:35:00,49.305,49.305,49.295,49.305,7599.0
2017-12-18 15:36:00,49.325,49.35,49.3,49.305,12794.0
2017-12-18 15:37:00,49.265,49.33,49.265,49.325,6511.0
2017-12-18 15:38:00,49.2645,49.27,49.255,49.265,4823.0
2017-12-18 15:39:00,49.27,49.28,49.265,49.27,6855.0
2017-12-18 15:40:00,49.275,49.275,49.26,49.27,5900.0
2017-12-18 15:41:00,49.265,49.275,49.265,49.275,3625.0
2017-12-18 15:42:00,49.26,49.27,49.26,49.265,1853.0
2017-12-18 15:43:00,49.26,49.27,49.24,49.26,13857.0
2017-12-18 15:44:00,49.25,49.27,49.24,49.265,5839.0
2017-12-18 15:45:00,49.27,49.275,49.24,49.24,11029.0
2017-12-18 15:46:00,49.265,49.27,49.26,49.27,2081.0
2017-12-18 15:47:00,49.285,49.29,49.26,49.27,8748.0
2017-12-18 15:48:00,49.26,49.29,49.26,49.285,9188.0
2017-12-18 15:49:00,49.24,49.255,49.23,49.255,6062.0
2017-12-18 15:50:00,49.265,49.27,49.23,49.23,10086.0
2017-12-18 15:51:00,49.255,49.26,49.235,49.255,10988.0
2017-12-18 15:52:00,49.245,49.255,49.235,49.255,8231.0
2017-12-18 15:53:00,49.235,49.245,49.23,49.24,5811.0
2017-12-18 15:54:00,49.255,49.255,49.23,49.235,15317.0
2017-12-18 15:55:00,49.27,49.29,49.255,49.26,11200.0
2017-12-18 15:56:00,49.255,49.275,49.25,49.27,9507.0
2017-12-18 15:57:00,49.27,49.29,49.255,49.26,15587.0
2017-12-18 15:58:00,49.255,49.28,49.24,49.275,19557.0
2017-12-18 15:59:00,49.28,49.29,49.25,49.25,21358.0
2017-12-18 16:00:00,49.28,49.35,49.27,49.285,73517.0
2017-12-19 09:30:00,49.54,49.54,49.54,49.54,29266.0
2017-12-19 09:31:00,49.515,49.515,49.49,49.49,200.0
2017-12-19 09:33:00,49.59,49.62,49.51,49.62,3477.0
2017-12-19 09:34:00,49.64,49.65,49.57,49.57,341.0
2017-12-19 09:35:00,49.61,49.64,49.58,49.64,715.0
2017-12-19 09:36:00,49.61,49.65,49.56,49.65,3615.0
2017-12-19 09:37:00,49.72,49.78,49.64,49.64,3110.0
2017-12-19 09:38:00,49.64,49.7,49.62,49.7,2900.0
2017-12-19 09:39:00,49.725,49.725,49.63,49.64,8145.0
2017-12-19 09:40:00,49.7417,49.7417,49.69,49.71,3655.0
2017-12-19 09:41:00,49.7,49.76,49.7,49.7201,3693.0
2017-12-19 09:42:00,49.73,49.73,49.72,49.72,800.0
2017-12-19 09:43:00,49.87,49.88,49.735,49.75,4720.0
2017-12-19 09:44:00,49.78,49.86,49.78,49.84,4100.0
2017-12-19 09:45:00,49.8,49.8,49.77,49.79,2613.0
2017-12-19 09:46:00,49.8,49.84,49.79,49.82,11189.0
2017-12-19 09:47:00,49.83,49.83,49.8,49.8,2098.0
2017-12-19 09:48:00,49.87,49.89,49.8401,49.8401,3500.0
2017-12-19 09:49:00,49.91,49.91,49.87,49.87,4200.0
2017-12-19 09:50:00,49.92,49.92,49.89,49.91,4100.0
2017-12-19 09:51:00,49.92,49.92,49.89,49.92,2749.0
2017-12-19 09:52:00,49.875,49.905,49.86,49.905,2721.0
2017-12-19 09:53:00,49.92,49.92,49.87,49.88,2844.0
2017-12-19 09:54:00,49.91,49.91,49.89,49.91,1600.0
2017-12-19 09:55:00,49.87,49.8986,49.87,49.88,1831.0
2017-12-19 09:56:00,49.86,49.87,49.83,49.86,2100.0
2017-12-19 09:57:00,49.86,49.87,49.86,49.86,3000.0
2017-12-19 09:58:00,49.89,49.9,49.85,49.86,5300.0
2017-12-19 09:59:00,49.89,49.89,49.86,49.8799,4800.0
2017-12-19 10:00:00,49.92,49.92,49.86,49.89,4605.0
2017-12-19 10:01:00,49.93,49.93,49.91,49.93,1662.0
2017-12-19 10:02:00,49.98,49.99,49.95,49.96,3026.0
2017-12-19 10:03:00,49.97,49.97,49.96,49.97,300.0
2017-12-19 10:04:00,50.05,50.1,49.96,49.96,23140.0
2017-12-19 10:05:00,49.95,50.0478,49.95,50.04,6040.0
2017-12-19 10:06:00,49.94,49.95,49.92,49.95,1245.0
2017-12-19 10:07:00,49.94,49.96,49.89,49.94,8449.0
2017-12-19 10:08:00,49.93,49.95,49.93,49.94,2320.0
2017-12-19 10:09:00,49.96,49.96,49.93,49.93,4075.0
2017-12-19 10:10:00,50.0,50.0,49.95,49.95,3700.0
2017-12-19 10:11:00,49.95,50.01,49.95,50.0,4166.0
2017-12-19 10:12:00,49.96,49.96,49.94,49.95,700.0
2017-12-19 10:13:00,49.92,49.95,49.89,49.95,9935.0
2017-12-19 10:14:00,49.92,49.95,49.91,49.925,8580.0
2017-12-19 10:15:00,49.93,49.93,49.93,49.93,592.0
2017-12-19 10:16:00,49.91,49.94,49.91,49.92,2797.0
2017-12-19 10:17:00,49.95,49.95,49.9,49.9,2500.0
2017-12-19 10:18:00,49.91,49.95,49.9,49.95,1990.0
2017-12-19 10:19:00,49.86,49.9161,49.86,49.9161,2262.0
2017-12-19 10:20:00,49.87,49.89,49.85,49.89,1000.0
2017-12-19 10:21:00,49.84,49.86,49.84,49.86,500.0
2017-12-19 10:22:00,49.79,49.83,49.79,49.83,300.0
2017-12-19 10:23:00,49.78,49.8,49.76,49.8,3900.0
2017-12-19 10:24:00,49.78,49.78,49.75,49.77,2100.0
2017-12-19 10:25:00,49.8,49.8,49.77,49.77,2000.0
2017-12-19 10:26:00,49.79,49.79,49.77,49.79,522.0
2017-12-19 10:27:00,49.77,49.785,49.77,49.77,1703.0
2017-12-19 10:28:00,49.83,49.85,49.7675,49.77,4488.0
2017-12-19 10:29:00,49.9,49.9,49.81,49.82,7180.0
2017-12-19 10:30:00,49.86,49.89,49.85,49.89,8800.0
2017-12-19 10:31:00,49.87,49.89,49.86,49.87,2118.0
2017-12-19 10:32:00,49.83,49.87,49.83,49.86,1696.0
2017-12-19 10:33:00,49.825,49.85,49.79,49.85,4526.0
2017-12-19 10:34:00,49.84,49.85,49.83,49.83,2200.0
2017-12-19 10:35:00,49.81,49.84,49.81,49.84,1300.0
2017-12-19 10:36:00,49.85,49.86,49.84,49.84,2800.0
2017-12-19 10:37:00,49.85,49.86,49.84,49.84,1600.0
2017-12-19 10:38:00,49.85,49.85,49.84,49.85,600.0
2017-12-19 10:39:00,49.79,49.84,49.79,49.83,1600.0
2017-12-19 10:40:00,49.75,49.8,49.74,49.8,1330.0
2017-12-19 10:41:00,49.72,49.75,49.72,49.74,5742.0
2017-12-19 10:42:00,49.65,49.72,49.65,49.72,4800.0
2017-12-19 10:43:00,49.73,49.75,49.63,49.65,10340.0
2017-12-19 10:44:00,49.76,49.76,49.7055,49.7055,3111.0
2017-12-19 10:45:00,49.78,49.81,49.76,49.76,4795.0
2017-12-19 10:46:00,49.8,49.8,49.77,49.78,2286.0
2017-12-19 10:47:00,49.8,49.81,49.8,49.81,2600.0
2017-12-19 10:48:00,49.8,49.8,49.8,49.8,500.0
2017-12-19 10:49:00,49.8,49.8,49.79,49.8,2300.0
2017-12-19 10:50:00,49.78,49.78,49.78,49.78,1400.0
2017-12-19 10:51:00,49.77,49.78,49.77,49.77,742.0
2017-12-19 10:52:00,49.78,49.79,49.77,49.77,5678.0
2017-12-19 10:53:00,49.81,49.81,49.79,49.79,2746.0
2017-12-19 10:54:00,49.82,49.83,49.81,49.82,3700.0
2017-12-19 10:55:00,49.82,49.82,49.82,49.82,100.0
2017-12-19 10:56:00,49.79,49.82,49.79,49.82,2250.0
2017-12-19 10:57:00,49.805,49.81,49.79,49.79,2600.0
2017-12-19 10:58:00,49.8,49.805,49.8,49.805,700.0
2017-12-19 10:59:00,49.78,49.8,49.78,49.79,2950.0
2017-12-19 11:00:00,49.81,49.81,49.79,49.79,2000.0
2017-12-19 11:01:00,49.83,49.83,49.81,49.81,2400.0
2017-12-19 11:02:00,49.84,49.84,49.82,49.82,400.0
2017-12-19 11:03:00,49.83,49.835,49.83,49.835,2662.0
2017-12-19 11:04:00,49.92,49.92,49.821000000000005,49.821000000000005,6578.0
2017-12-19 11:05:00,49.83,49.89,49.83,49.89,10040.0
2017-12-19 11:06:00,49.81,49.83,49.8,49.83,1698.0
2017-12-19 11:07:00,49.79,49.81,49.79,49.805,1200.0
2017-12-19 11:08:00,49.79,49.8,49.79,49.8,2068.0
2017-12-19 11:09:00,49.8,49.82,49.79,49.79,813.0
2017-12-19 11:10:00,49.79,49.8103,49.79,49.8103,1200.0
2017-12-19 11:11:00,49.77,49.82,49.77,49.81,3500.0
2017-12-19 11:12:00,49.76,49.77,49.75,49.77,300.0
2017-12-19 11:13:00,49.8,49.8,49.74,49.74,2469.0
2017-12-19 11:14:00,49.81,49.82,49.81,49.81,650.0
2017-12-19 11:15:00,49.82,49.83,49.81,49.83,2051.0
2017-12-19 11:16:00,49.74,49.82,49.74,49.82,3647.0
2017-12-19 11:17:00,49.72,49.72,49.72,49.72,200.0
2017-12-19 11:18:00,49.75,49.75,49.72,49.74,3000.0
2017-12-19 11:19:00,49.71,49.745,49.71,49.74,1799.0
2017-12-19 11:20:00,49.73,49.73,49.72,49.73,1500.0
2017-12-19 11:21:00,49.67,49.72,49.67,49.72,1800.0
2017-12-19 11:22:00,49.7,49.7,49.67,49.67,600.0
2017-12-19 11:23:00,49.67,49.7,49.67,49.68,5700.0
2017-12-19 11:24:00,49.6,49.65,49.6,49.65,1090.0
2017-12-19 11:25:00,49.62,49.63,49.6,49.6,4410.0
2017-12-19 11:26:00,49.61,49.62,49.61,49.62,2500.0
2017-12-19 11:27:00,49.68,49.68,49.62,49.62,5357.0
2017-12-19 11:28:00,49.65,49.675,49.64,49.67,4400.0
2017-12-19 11:29:00,49.64,49.66,49.62,49.62,5000.0
2017-12-19 11:30:00,49.63,49.6412,49.63,49.64,1600.0
2017-12-19 11:31:00,49.6312,49.64,49.6,49.62,2932.0
2017-12-19 11:32:00,49.65,49.65,49.6499,49.6499,700.0
2017-12-19 11:33:00,49.7,49.7,49.65,49.65,4997.0
2017-12-19 11:34:00,49.67,49.7,49.67,49.7,3321.0
2017-12-19 11:35:00,49.71,49.72,49.67,49.67,3630.0
2017-12-19 11:36:00,49.68,49.7,49.68,49.7,2079.0
2017-12-19 11:37:00,49.68,49.685,49.68,49.68,400.0
2017-12-19 11:38:00,49.67,49.68,49.67,49.68,200.0
2017-12-19 11:39:00,49.69,49.69,49.68,49.68,1007.0
2017-12-19 11:40:00,49.64,49.675,49.64,49.67,1100.0
2017-12-19 11:41:00,49.65,49.65,49.65,49.65,2500.0
2017-12-19 11:42:00,49.61,49.65,49.59,49.65,34833.0
2017-12-19 11:43:00,49.62,49.64,49.61,49.61,2278.0
2017-12-19 11:44:00,49.63,49.63,49.615,49.615,4283.0
2017-12-19 11:45:00,49.64,49.64,49.62,49.63,3400.0
2017-12-19 11:46:00,49.62,49.63,49.62,49.63,3440.0
2017-12-19 11:47:00,49.59,49.625,49.59,49.62,4403.0
2017-12-19 11:48:00,49.61,49.61,49.61,49.61,400.0
2017-12-19 11:49:00,49.58,49.595,49.58,49.59,1100.0
2017-12-19 11:50:00,49.61,49.62,49.57,49.57,3361.0
2017-12-19 11:51:00,49.61,49.62,49.6,49.62,2800.0
2017-12-19 11:52:00,49.61,49.62,49.61,49.61,1900.0
2017-12-19 11:53:00,49.64,49.64,49.62,49.62,2374.0
2017-12-19 11:54:00,49.64,49.64,49.63,49.63,1600.0
2017-12-19 11:56:00,49.61,49.635,49.59,49.63,2110.0
2017-12-19 11:57:00,49.6,49.61,49.57,49.61,1000.0
2017-12-19 11:58:00,49.6,49.6,49.57,49.57,1600.0
2017-12-19 11:59:00,49.59,49.6,49.59,49.6,1300.0
2017-12-19 12:00:00,49.52,49.59,49.52,49.58,1000.0
2017-12-19 12:01:00,49.5579,49.5579,49.53,49.53,300.0
2017-12-19 12:02:00,49.5453,49.5453,49.53,49.53,200.0
2017-12-19 12:03:00,49.5,49.53,49.5,49.53,1294.0
2017-12-19 12:04:00,49.525,49.525,49.47,49.5,2140.0
2017-12-19 12:05:00,49.54,49.54,49.53,49.53,1935.0
2017-12-19 12:06:00,49.54,49.54,49.54,49.54,100.0
2017-12-19 12:07:00,49.55,49.5599,49.54,49.5599,1363.0
2017-12-19 12:09:00,49.54,49.55,49.54,49.54,1400.0
2017-12-19 12:10:00,49.52,49.52,49.52,49.52,200.0
2017-12-19 12:11:00,49.52,49.5353,49.52,49.5353,400.0
2017-12-19 12:12:00,49.5,49.5,49.5,49.5,200.0
2017-12-19 12:13:00,49.52,49.52,49.49,49.505,1791.0
2017-12-19 12:14:00,49.51,49.52,49.51,49.52,1250.0
2017-12-19 12:15:00,49.52,49.52,49.51,49.51,400.0
2017-12-19 12:16:00,49.49,49.512,49.49,49.512,1581.0
2017-12-19 12:17:00,49.51,49.51,49.5,49.5,300.0
2017-12-19 12:18:00,49.49100000000001,49.49100000000001,49.49100000000001,49.49100000000001,130.0
2017-12-19 12:19:00,49.5,49.51,49.5,49.51,2000.0
2017-12-19 12:20:00,49.51,49.51,49.51,49.51,100.0
2017-12-19 12:21:00,49.51,49.51,49.49,49.5,900.0
2017-12-19 12:22:00,49.54,49.54,49.52,49.52,900.0
2017-12-19 12:23:00,49.58,49.58,49.53,49.53,1250.0
2017-12-19 12:24:00,49.55,49.57,49.54,49.57,1600.0
2017-12-19 12:25:00,49.59,49.59,49.56,49.56,1583.0
2017-12-19 12:26:00,49.64,49.64,49.59,49.59,700.0
2017-12-19 12:27:00,49.6,49.62,49.6,49.62,2500.0
2017-12-19 12:28:00,49.61,49.615,49.61,49.61,1000.0
2017-12-19 12:29:00,49.62,49.62,49.61,49.61,200.0
2017-12-19 12:30:00,49.63,49.63,49.61,49.61,2136.0
2017-12-19 12:31:00,49.63,49.63,49.62,49.62,4748.0
2017-12-19 12:32:00,49.625,49.625,49.625,49.625,200.0
2017-12-19 12:33:00,49.66,49.66,49.63,49.63,2086.0
2017-12-19 12:34:00,49.65,49.66,49.63,49.66,17900.0
2017-12-19 12:35:00,49.68,49.7,49.66,49.66,3300.0
2017-12-19 12:36:00,49.68,49.7,49.67,49.685,2500.0
2017-12-19 12:37:00,49.66,49.67,49.66,49.67,300.0
2017-12-19 12:38:00,49.66,49.66,49.66,49.66,100.0
2017-12-19 12:39:00,49.69,49.69,49.675,49.675,800.0
2017-12-19 12:40:00,49.69,49.695,49.68,49.68,1000.0
2017-12-19 12:41:00,49.67,49.7,49.67,49.68,2200.0
2017-12-19 12:42:00,49.65,49.67,49.65,49.67,1431.0
2017-12-19 12:43:00,49.66,49.66,49.62,49.62,5057.0
2017-12-19 12:44:00,49.665,49.67,49.63,49.645,1287.0
2017-12-19 12:45:00,49.67,49.675,49.67,49.675,400.0
2017-12-19 12:46:00,49.675,49.6775,49.675,49.675,703.0
2017-12-19 12:47:00,49.66,49.675,49.66,49.675,600.0
2017-12-19 12:48:00,49.69,49.69,49.6751,49.6751,216.0
2017-12-19 12:49:00,49.68,49.695,49.675,49.69,2704.0
2017-12-19 12:50:00,49.67,49.67,49.67,49.67,500.0
2017-12-19 12:51:00,49.65,49.66,49.65,49.66,2300.0
2017-12-19 12:52:00,49.67,49.67,49.67,49.67,1000.0
2017-12-19 12:53:00,49.685,49.7,49.67,49.67,1412.0
2017-12-19 12:54:00,49.685,49.7,49.67,49.7,731.0
2017-12-19 12:55:00,49.69,49.7,49.69,49.699,2302.0
2017-12-19 12:56:00,49.71,49.71,49.69,49.7,2166.0
2017-12-19 12:57:00,49.7,49.72,49.7,49.71,300.0
2017-12-19 12:58:00,49.69,49.71,49.69,49.71,700.0
2017-12-19 12:59:00,49.71,49.71,49.69,49.69,1200.0
2017-12-19 13:00:00,49.69,49.72,49.69,49.72,800.0
2017-12-19 13:01:00,49.66,49.69,49.66,49.69,1813.0
2017-12-19 13:02:00,49.645,49.66,49.645,49.66,600.0
2017-12-19 13:03:00,49.63,49.63,49.63,49.63,400.0
2017-12-19 13:04:00,49.65,49.65,49.62,49.63,800.0
2017-12-19 13:05:00,49.68,49.68,49.635,49.65,3035.0
2017-12-19 13:06:00,49.71,49.76,49.67,49.68,7575.0
2017-12-19 13:07:00,49.7,49.7,49.7,49.7,100.0
2017-12-19 13:08:00,49.71,49.71,49.68,49.69,1200.0
2017-12-19 13:10:00,49.71,49.725,49.71,49.72,1100.0
2017-12-19 13:11:00,49.7097,49.7097,49.7097,49.7097,120.0
2017-12-19 13:12:00,49.7,49.73,49.7,49.73,200.0
2017-12-19 13:13:00,49.69,49.7,49.69,49.7,500.0
2017-12-19 13:14:00,49.71,49.71,49.71,49.71,541.0
2017-12-19 13:15:00,49.68,49.7,49.68,49.7,400.0
2017-12-19 13:16:00,49.6525,49.68,49.65,49.68,7040.0
2017-12-19 13:17:00,49.64,49.655,49.64,49.655,400.0
2017-12-19 13:18:00,49.64,49.64,49.64,49.64,100.0
2017-12-19 13:19:00,49.63,49.63,49.63,49.63,200.0
2017-12-19 13:20:00,49.64,49.65,49.63,49.64,1500.0
2017-12-19 13:21:00,49.63,49.645,49.63,49.645,2200.0
2017-12-19 13:22:00,49.6,49.6,49.6,49.6,200.0
2017-12-19 13:23:00,49.58,49.595,49.58,49.595,300.0
2017-12-19 13:24:00,49.58,49.59,49.57,49.59,484.0
2017-12-19 13:26:00,49.575,49.59,49.57,49.57,3284.0
2017-12-19 13:27:00,49.59,49.59,49.56,49.59,4384.0
2017-12-19 13:28:00,49.57,49.57,49.57,49.57,500.0
2017-12-19 13:29:00,49.56,49.58,49.51,49.58,46696.0
2017-12-19 13:30:00,49.58,49.58,49.55,49.58,577.0
2017-12-19 13:31:00,49.56,49.56,49.56,49.56,800.0
2017-12-19 13:32:00,49.54,49.54,49.54,49.54,400.0
2017-12-19 13:33:00,49.57,49.57,49.5699,49.5699,360.0
2017-12-19 13:34:00,49.54,49.57,49.54,49.57,1911.0
2017-12-19 13:35:00,49.53,49.55,49.53,49.55,1100.0
2017-12-19 13:36:00,49.503,49.54,49.5,49.54,17995.0
2017-12-19 13:37:00,49.5,49.51,49.5,49.51,3100.0
2017-12-19 13:38:00,49.48,49.5,49.48,49.5,600.0
2017-12-19 13:39:00,49.48,49.495,49.48,49.4837,1102.0
2017-12-19 13:40:00,49.45,49.45,49.45,49.45,300.0
2017-12-19 13:41:00,49.45,49.46,49.45,49.46,200.0
2017-12-19 13:42:00,49.45,49.45,49.45,49.45,700.0
2017-12-19 13:43:00,49.42,49.45,49.42,49.45,700.0
2017-12-19 13:44:00,49.41,49.435,49.41,49.435,700.0
2017-12-19 13:45:00,49.41,49.44,49.41,49.44,600.0
2017-12-19 13:46:00,49.41,49.41,49.41,49.41,200.0
2017-12-19 13:47:00,49.425,49.425,49.41,49.41,200.0
2017-12-19 13:48:00,49.435,49.46,49.43,49.44,5484.0
2017-12-19 13:49:00,49.4,49.43,49.39,49.43,1700.0
2017-12-19 13:50:00,49.42,49.42,49.4,49.4,3403.0
2017-12-19 13:51:00,49.41,49.41,49.4001,49.41,390.0
2017-12-19 13:52:00,49.41,49.41,49.4,49.4,200.0
2017-12-19 13:53:00,49.418,49.42,49.41,49.42,831.0
2017-12-19 13:54:00,49.45,49.45,49.395,49.4,6238.0
2017-12-19 13:55:00,49.43,49.43,49.43,49.43,200.0
2017-12-19 13:56:00,49.4,49.42,49.4,49.42,2300.0
2017-12-19 13:57:00,49.39,49.41,49.39,49.41,5000.0
2017-12-19 13:58:00,49.4,49.4,49.4,49.4,910.0
2017-12-19 13:59:00,49.4,49.41,49.39,49.39,404.0
2017-12-19 14:00:00,49.39,49.41,49.39,49.4012,2265.0
2017-12-19 14:02:00,49.4,49.41,49.4,49.4,2700.0
2017-12-19 14:03:00,49.4,49.405,49.39,49.405,2035.0
2017-12-19 14:04:00,49.39,49.39,49.39,49.39,100.0
2017-12-19 14:05:00,49.39,49.39,49.38,49.39,700.0
2017-12-19 14:06:00,49.37,49.39,49.36,49.38,5224.0
2017-12-19 14:07:00,49.38,49.39,49.37,49.38,1041.0
2017-12-19 14:09:00,49.37,49.38,49.36,49.38,1012.0
2017-12-19 14:10:00,49.33,49.37,49.33,49.37,2853.0
2017-12-19 14:11:00,49.34,49.34,49.32,49.33,690.0
2017-12-19 14:12:00,49.34,49.35,49.34,49.34,2000.0
2017-12-19 14:13:00,49.32,49.35,49.32,49.35,2700.0
2017-12-19 14:14:00,49.35,49.35,49.31,49.31,4059.0
2017-12-19 14:15:00,49.34,49.34,49.34,49.34,1576.0
2017-12-19 14:16:00,49.32,49.33,49.32,49.33,300.0
2017-12-19 14:17:00,49.33,49.33,49.33,49.33,1600.0
2017-12-19 14:18:00,49.32,49.32,49.32,49.32,600.0
2017-12-19 14:19:00,49.2925,49.31,49.28,49.31,1055.0
2017-12-19 14:20:00,49.29,49.29,49.29,49.29,100.0
2017-12-19 14:21:00,49.27,49.3,49.27,49.3,1300.0
2017-12-19 14:22:00,49.27,49.29,49.27,49.29,900.0
2017-12-19 14:23:00,49.28,49.28,49.25,49.25,3405.0
2017-12-19 14:24:00,49.31,49.31,49.28,49.28,4000.0
2017-12-19 14:25:00,49.3,49.31,49.3,49.31,700.0
2017-12-19 14:26:00,49.28,49.298,49.28,49.298,700.0
2017-12-19 14:27:00,49.3,49.3,49.2829,49.29,1100.0
2017-12-19 14:28:00,49.31,49.31,49.2945,49.3,3750.0
2017-12-19 14:29:00,49.32,49.32,49.305,49.31,1800.0
2017-12-19 14:30:00,49.3,49.31,49.3,49.31,955.0
2017-12-19 14:31:00,49.31,49.31,49.29,49.31,500.0
2017-12-19 14:32:00,49.31,49.31,49.29,49.29,400.0
2017-12-19 14:33:00,49.31,49.31,49.29,49.31,1000.0
2017-12-19 14:34:00,49.3,49.32,49.3,49.31,3539.0
2017-12-19 14:35:00,49.29,49.3,49.28,49.29,5101.0
2017-12-19 14:36:00,49.305,49.31,49.295,49.295,4400.0
2017-12-19 14:37:00,49.27,49.305,49.27,49.305,3800.0
2017-12-19 14:38:00,49.27,49.285,49.27,49.27,1000.0
2017-12-19 14:39:00,49.28,49.28,49.28,49.28,300.0
2017-12-19 14:40:00,49.27,49.29,49.27,49.29,1350.0
2017-12-19 14:41:00,49.29,49.29,49.27,49.28,1105.0
2017-12-19 14:42:00,49.27,49.28,49.25,49.28,3748.0
2017-12-19 14:43:00,49.255,49.26,49.25,49.25,1626.0
2017-12-19 14:44:00,49.25,49.26,49.25,49.25,900.0
2017-12-19 14:45:00,49.22,49.25,49.22,49.24,1100.0
2017-12-19 14:46:00,49.23,49.235,49.22,49.22,600.0
2017-12-19 14:47:00,49.2,49.24,49.2,49.22,3420.0
2017-12-19 14:48:00,49.22,49.225,49.21,49.21,2500.0
2017-12-19 14:49:00,49.23,49.235,49.23,49.23,2490.0
2017-12-19 14:50:00,49.24,49.245,49.24,49.24,1745.0
2017-12-19 14:51:00,49.25,49.25,49.25,49.25,100.0
2017-12-19 14:52:00,49.23,49.235,49.23,49.235,700.0
2017-12-19 14:53:00,49.21,49.23,49.2,49.22,1600.0
2017-12-19 14:54:00,49.225,49.225,49.2,49.2,4665.0
2017-12-19 14:55:00,49.23,49.2441,49.225,49.23,2453.0
2017-12-19 14:56:00,49.25,49.26,49.2397,49.2397,1542.0
2017-12-19 14:57:00,49.21,49.25,49.21,49.25,3114.0
2017-12-19 14:58:00,49.22,49.23,49.21,49.21,3421.0
2017-12-19 15:00:00,49.21,49.22,49.21,49.21,2259.0
2017-12-19 15:01:00,49.21,49.22,49.21,49.215,1200.0
2017-12-19 15:02:00,49.18,49.205,49.18,49.2,4500.0
2017-12-19 15:03:00,49.18,49.18,49.18,49.18,100.0
2017-12-19 15:04:00,49.19,49.19,49.1856,49.19,5029.0
2017-12-19 15:05:00,49.18,49.19,49.18,49.18,1981.0
2017-12-19 15:06:00,49.18,49.18,49.17,49.18,1500.0
2017-12-19 15:07:00,49.17,49.18,49.17,49.18,1200.0
2017-12-19 15:08:00,49.17,49.18,49.17,49.1718,1400.0
2017-12-19 15:09:00,49.17,49.18,49.17,49.18,1300.0
2017-12-19 15:10:00,49.21,49.21,49.175,49.175,9477.0
2017-12-19 15:11:00,49.215,49.23,49.215,49.215,4700.0
2017-12-19 15:12:00,49.22,49.225,49.205,49.22,4135.0
2017-12-19 15:13:00,49.24,49.24,49.225,49.225,2900.0
2017-12-19 15:14:00,49.23,49.23,49.22,49.22,1100.0
2017-12-19 15:15:00,49.21,49.23,49.205,49.23,5000.0
2017-12-19 15:16:00,49.23,49.23,49.215,49.215,1599.0
2017-12-19 15:17:00,49.24,49.26,49.225,49.225,5840.0
2017-12-19 15:18:00,49.23,49.24,49.23,49.235,2574.0
2017-12-19 15:19:00,49.23,49.24,49.23,49.23,3000.0
2017-12-19 15:20:00,49.24,49.24,49.23,49.24,1175.0
2017-12-19 15:21:00,49.235,49.24,49.23,49.235,2160.0
2017-12-19 15:22:00,49.27,49.27,49.23,49.235,6200.0
2017-12-19 15:23:00,49.29,49.29,49.27,49.28,2100.0
2017-12-19 15:24:00,49.28,49.29,49.28,49.29,2727.0
2017-12-19 15:25:00,49.26,49.28,49.26,49.27,2903.0
2017-12-19 15:26:00,49.27,49.27,49.26,49.26,2350.0
2017-12-19 15:27:00,49.275,49.29,49.27,49.27,4092.0
2017-12-19 15:28:00,49.275,49.28,49.275,49.28,1100.0
2017-12-19 15:29:00,49.31,49.31,49.27,49.28,9030.0
2017-12-19 15:30:00,49.29,49.32,49.29,49.31,6132.0
2017-12-19 15:31:00,49.28,49.3,49.27,49.295,5266.0
2017-12-19 15:32:00,49.29,49.29,49.28,49.29,2200.0
2017-12-19 15:33:00,49.27,49.29,49.27,49.285,4375.0
2017-12-19 15:34:00,49.28,49.28,49.27,49.275,4787.0
2017-12-19 15:35:00,49.3,49.3,49.285,49.285,3500.0
2017-12-19 15:36:00,49.29,49.3,49.28,49.3,7003.0
2017-12-19 15:37:00,49.28,49.28,49.27,49.275,4610.0
2017-12-19 15:38:00,49.275,49.29,49.27,49.275,5239.0
2017-12-19 15:39:00,49.28,49.28,49.27,49.27,3900.0
2017-12-19 15:40:00,49.26,49.28,49.26,49.27,5913.0
2017-12-19 15:41:00,49.26,49.27,49.26,49.265,5416.0
2017-12-19 15:42:00,49.25,49.27,49.23,49.26,11140.0
2017-12-19 15:43:00,49.235,49.25,49.23,49.245,4100.0
2017-12-19 15:44:00,49.225,49.24,49.22,49.23,2979.0
2017-12-19 15:45:00,49.25,49.25,49.22,49.23,20697.0
2017-12-19 15:46:00,49.24,49.25,49.22,49.245,5945.0
2017-12-19 15:47:00,49.24,49.24,49.23,49.235,1900.0
2017-12-19 15:48:00,49.25,49.25,49.24,49.24,6028.0
2017-12-19 15:49:00,49.23,49.25,49.21,49.245,12247.0
2017-12-19 15:50:00,49.26,49.26,49.23,49.23,8051.0
2017-12-19 15:51:00,49.26,49.26,49.25,49.26,4613.0
2017-12-19 15:52:00,49.26,49.26,49.25,49.255,6101.0
2017-12-19 15:53:00,49.24,49.26,49.23,49.255,14366.0
2017-12-19 15:54:00,49.24,49.24,49.23,49.23,4700.0
2017-12-19 15:55:00,49.26,49.26,49.23,49.235,17570.0
2017-12-19 15:56:00,49.245,49.26,49.24,49.255,11251.0
2017-12-19 15:57:00,49.235,49.25,49.23,49.24,9507.0
2017-12-19 15:58:00,49.235,49.24,49.23,49.23,8426.0
2017-12-19 15:59:00,49.24,49.24,49.23,49.235,10552.0
2017-12-19 16:00:00,49.215,49.25,49.21,49.24,33501.0
2017-12-20 09:30:00,49.26,49.26,49.26,49.26,11522.0
2017-12-20 09:31:00,49.28,49.34,49.28,49.34,400.0
2017-12-20 09:32:00,49.44,49.5,49.32,49.33,1300.0
2017-12-20 09:33:00,49.45,49.45,49.33,49.33,200.0
2017-12-20 09:34:00,49.43,49.43,49.38,49.38,2493.0
2017-12-20 09:35:00,49.325,49.39,49.28,49.39,1500.0
2017-12-20 09:36:00,49.38,49.38,49.29,49.31,2025.0
2017-12-20 09:37:00,49.4,49.43,49.39,49.39,800.0
2017-12-20 09:38:00,49.35,49.4,49.35,49.4,1000.0
2017-12-20 09:39:00,49.32,49.37,49.27,49.37,5421.0
2017-12-20 09:40:00,49.26,49.31,49.235,49.28,4403.0
2017-12-20 09:41:00,49.245,49.32,49.245,49.255,10654.0
2017-12-20 09:42:00,49.09,49.26,49.09,49.26,9207.0
2017-12-20 09:43:00,49.18,49.18,49.09,49.1,2714.0
2017-12-20 09:44:00,49.24,49.24,49.18,49.18,2940.0
2017-12-20 09:45:00,49.19,49.21,49.19,49.21,1000.0
2017-12-20 09:46:00,49.11,49.16,49.11,49.16,4431.0
2017-12-20 09:47:00,49.125,49.13,49.12,49.13,1701.0
2017-12-20 09:48:00,49.15,49.15,49.115,49.12,3528.0
2017-12-20 09:50:00,49.16,49.18,49.14,49.14,1452.0
2017-12-20 09:51:00,49.24,49.24,49.18,49.18,3716.0
2017-12-20 09:52:00,49.25,49.26,49.23,49.24,3588.0
2017-12-20 09:53:00,49.19,49.24,49.19,49.24,2000.0
2017-12-20 09:54:00,49.16,49.1901,49.12,49.1901,2715.0
2017-12-20 09:55:00,49.16,49.19,49.16,49.16,1557.0
2017-12-20 09:56:00,49.2,49.2,49.14,49.19,7500.0
2017-12-20 09:57:00,49.23,49.23,49.19,49.19,1480.0
2017-12-20 09:58:00,49.22,49.26,49.19,49.2399,2077.0
2017-12-20 09:59:00,49.2068,49.215,49.2068,49.215,300.0
2017-12-20 10:00:00,49.23,49.24,49.19,49.2045,3100.0
2017-12-20 10:01:00,49.22,49.26,49.2,49.23,2850.0
2017-12-20 10:02:00,49.15,49.19,49.15,49.19,1850.0
2017-12-20 10:03:00,49.19,49.19,49.16,49.17,2590.0
2017-12-20 10:04:00,49.26,49.26,49.16,49.18,3996.0
2017-12-20 10:05:00,49.2,49.23,49.2,49.23,2354.0
2017-12-20 10:06:00,49.2,49.215,49.2,49.215,806.0
2017-12-20 10:07:00,49.18,49.21,49.18,49.21,713.0
2017-12-20 10:08:00,49.2,49.2,49.2,49.2,100.0
2017-12-20 10:09:00,49.17,49.2,49.17,49.2,200.0
2017-12-20 10:10:00,49.1999,49.2,49.17,49.2,2037.0
2017-12-20 10:11:00,49.12,49.18,49.12,49.17,1425.0
2017-12-20 10:12:00,49.11,49.14,49.11,49.14,4801.0
2017-12-20 10:13:00,49.12,49.12,49.1,49.11,3710.0
2017-12-20 10:14:00,49.12,49.14,49.11,49.125,1500.0
2017-12-20 10:15:00,49.11,49.12,49.11,49.12,700.0
2017-12-20 10:16:00,49.1,49.12,49.1,49.1,4697.0
2017-12-20 10:17:00,49.1,49.12,49.0875,49.105,3048.0
2017-12-20 10:18:00,49.09,49.12,49.09,49.12,200.0
2017-12-20 10:19:00,49.13,49.13,49.13,49.13,100.0
2017-12-20 10:20:00,49.125,49.125,49.125,49.125,800.0
2017-12-20 10:21:00,49.13,49.13,49.11,49.125,2200.0
2017-12-20 10:22:00,49.11,49.11,49.0801,49.11,3150.0
2017-12-20 10:23:00,49.11,49.11,49.1,49.1,300.0
2017-12-20 10:24:00,49.12,49.12,49.1,49.1,200.0
2017-12-20 10:25:00,49.06,49.11,49.06,49.1,5684.0
2017-12-20 10:26:00,49.095,49.11,49.055,49.055,1835.0
2017-12-20 10:28:00,49.1,49.1,49.1,49.1,1574.0
2017-12-20 10:29:00,49.07,49.0925,49.06,49.0925,2600.0
2017-12-20 10:30:00,49.11,49.11,49.075,49.09,900.0
2017-12-20 10:31:00,49.11,49.11,49.1,49.1092,1460.0
2017-12-20 10:32:00,49.11,49.11,49.09,49.09,700.0
2017-12-20 10:33:00,49.12,49.12,49.11,49.11,1486.0
2017-12-20 10:34:00,49.1,49.12,49.09,49.11,5461.0
2017-12-20 10:35:00,49.1,49.1,49.09,49.1,3245.0
2017-12-20 10:36:00,49.11,49.11,49.11,49.11,100.0
2017-12-20 10:37:00,49.095,49.115,49.09,49.1002,2594.0
2017-12-20 10:38:00,49.09,49.1,49.08,49.09,1002.0
2017-12-20 10:39:00,49.11,49.12,49.11,49.11,1200.0
2017-12-20 10:40:00,49.02,49.1,49.02,49.1,1630.0
2017-12-20 10:41:00,49.1,49.1,49.04,49.04,1565.0
2017-12-20 10:42:00,49.06,49.08,49.06,49.08,921.0
2017-12-20 10:43:00,49.075,49.075,49.0732,49.075,1130.0
2017-12-20 10:44:00,49.04,49.06,49.01,49.06,5094.0
2017-12-20 10:45:00,49.03,49.03,49.03,49.03,1184.0
2017-12-20 10:46:00,49.05,49.05,49.04,49.04,1198.0
2017-12-20 10:47:00,49.03,49.05,49.03,49.04,1348.0
2017-12-20 10:48:00,49.05,49.05,49.04,49.05,1840.0
2017-12-20 10:49:00,49.055,49.07,49.05,49.06,2111.0
2017-12-20 10:50:00,49.035,49.055,49.01,49.04,2536.0
2017-12-20 10:51:00,49.05,49.07,49.04,49.04,4386.0
2017-12-20 10:52:00,49.085,49.085,49.08,49.08,500.0
2017-12-20 10:53:00,49.135,49.135,49.08,49.08,700.0
2017-12-20 10:54:00,49.12,49.15,49.11,49.15,1416.0
2017-12-20 10:55:00,49.13,49.13,49.09,49.09,480.0
2017-12-20 10:56:00,49.1,49.13,49.1,49.11,3543.0
2017-12-20 10:57:00,49.09,49.0999,49.09,49.09,540.0
2017-12-20 10:58:00,49.0999,49.0999,49.095,49.095,300.0
2017-12-20 10:59:00,49.12,49.12,49.095,49.095,2691.0
2017-12-20 11:00:00,49.12,49.12,49.12,49.12,300.0
2017-12-20 11:01:00,49.18,49.18,49.12,49.135,3761.0
2017-12-20 11:02:00,49.17,49.18,49.17,49.18,2592.0
2017-12-20 11:03:00,49.18,49.18,49.17,49.17,1100.0
2017-12-20 11:04:00,49.23,49.23,49.2,49.2,2100.0
2017-12-20 11:05:00,49.18,49.22,49.17,49.21,3347.0
2017-12-20 11:06:00,49.22,49.22,49.2,49.2,800.0
2017-12-20 11:07:00,49.23,49.23,49.2,49.2,1720.0
2017-12-20 11:08:00,49.22,49.23,49.21,49.23,3074.0
2017-12-20 11:09:00,49.2299,49.2299,49.2299,49.2299,775.0
2017-12-20 11:10:00,49.22,49.22,49.21,49.21,700.0
2017-12-20 11:11:00,49.25,49.26,49.225,49.225,9479.0
2017-12-20 11:12:00,49.2,49.26,49.2,49.26,1900.0
2017-12-20 11:13:00,49.23,49.24,49.21,49.21,3000.0
2017-12-20 11:15:00,49.19,49.2155,49.19,49.2155,2070.0
2017-12-20 11:16:00,49.185,49.19,49.18,49.18,3300.0
2017-12-20 11:17:00,49.19,49.19,49.18,49.18,200.0
2017-12-20 11:18:00,49.18,49.18,49.18,49.18,1066.0
2017-12-20 11:19:00,49.18,49.18,49.18,49.18,493.0
2017-12-20 11:20:00,49.16,49.17,49.16,49.17,734.0
2017-12-20 11:21:00,49.18,49.18,49.18,49.18,1697.0
2017-12-20 11:22:00,49.17,49.175,49.15,49.16,2705.0
2017-12-20 11:23:00,49.22,49.22,49.17,49.17,4216.0
2017-12-20 11:24:00,49.26,49.26,49.22,49.23,1300.0
2017-12-20 11:25:00,49.25,49.2502,49.25,49.2502,1090.0
2017-12-20 11:26:00,49.2386,49.27,49.22,49.27,1905.0
2017-12-20 11:27:00,49.235,49.235,49.235,49.235,100.0
2017-12-20 11:28:00,49.24,49.24,49.239,49.239,1877.0
2017-12-20 11:30:00,49.26,49.26,49.24,49.25,2571.0
2017-12-20 11:31:00,49.22,49.245,49.22,49.23,2167.0
2017-12-20 11:32:00,49.23,49.25,49.23,49.24,2572.0
2017-12-20 11:33:00,49.24,49.24,49.23,49.24,754.0
2017-12-20 11:34:00,49.27,49.27,49.24,49.24,2325.0
2017-12-20 11:35:00,49.3,49.3,49.273999999999994,49.28,1489.0
2017-12-20 11:36:00,49.31,49.34,49.31,49.32,2100.0
2017-12-20 11:37:00,49.27,49.3,49.27,49.3,2400.0
2017-12-20 11:38:00,49.25,49.26,49.25,49.26,814.0
2017-12-20 11:39:00,49.28,49.28,49.26,49.26,5753.0
2017-12-20 11:40:00,49.31,49.34,49.28,49.28,1863.0
2017-12-20 11:41:00,49.33,49.339,49.3295,49.339,300.0
2017-12-20 11:42:00,49.29,49.33,49.28,49.33,2900.0
2017-12-20 11:43:00,49.32,49.32,49.28,49.31,1500.0
2017-12-20 11:44:00,49.3,49.3,49.3,49.3,800.0
2017-12-20 11:45:00,49.3,49.3,49.27,49.29,9723.0
2017-12-20 11:46:00,49.25,49.298,49.25,49.298,1070.0
2017-12-20 11:48:00,49.265,49.27,49.25,49.25,900.0
2017-12-20 11:49:00,49.25,49.27,49.25,49.27,912.0
2017-12-20 11:50:00,49.255,49.28,49.24,49.24,2593.0
2017-12-20 11:51:00,49.25,49.26,49.235,49.24,2100.0
2017-12-20 11:52:00,49.28,49.28,49.24,49.24,950.0
2017-12-20 11:53:00,49.26,49.278,49.26,49.278,2131.0
2017-12-20 11:54:00,49.24,49.25,49.24,49.25,700.0
2017-12-20 11:55:00,49.22,49.22,49.22,49.22,100.0
2017-12-20 11:57:00,49.23,49.24,49.23,49.24,800.0
2017-12-20 11:58:00,49.22,49.23,49.22,49.22,799.0
2017-12-20 11:59:00,49.23,49.26,49.23,49.24,657.0
2017-12-20 12:00:00,49.24,49.2401,49.24,49.2401,1081.0
2017-12-20 12:02:00,49.201,49.201,49.2,49.2,1100.0
2017-12-20 12:03:00,49.21,49.21,49.21,49.21,1501.0
2017-12-20 12:04:00,49.21,49.21,49.19,49.2,2078.0
2017-12-20 12:05:00,49.19,49.2076,49.19,49.2035,1301.0
2017-12-20 12:07:00,49.19,49.2,49.19,49.2,451.0
2017-12-20 12:08:00,49.18,49.2012,49.18,49.18,355.0
2017-12-20 12:09:00,49.195,49.195,49.18,49.18,207.0
2017-12-20 12:10:00,49.2,49.21,49.18,49.21,2563.0
2017-12-20 12:11:00,49.1955,49.1955,49.19,49.19,200.0
2017-12-20 12:12:00,49.21,49.21,49.18,49.184,931.0
2017-12-20 12:13:00,49.18,49.18,49.18,49.18,100.0
2017-12-20 12:14:00,49.21,49.22,49.205,49.21,2374.0
2017-12-20 12:15:00,49.2,49.22,49.2,49.22,300.0
2017-12-20 12:16:00,49.22,49.22,49.2,49.22,1034.0
2017-12-20 12:17:00,49.3,49.3,49.22,49.22,4122.0
2017-12-20 12:18:00,49.28,49.32,49.28,49.3,3172.0
2017-12-20 12:20:00,49.32,49.32,49.28,49.28,1172.0
2017-12-20 12:21:00,49.31,49.32,49.31,49.31,1800.0
2017-12-20 12:22:00,49.31,49.31,49.31,49.31,800.0
2017-12-20 12:23:00,49.33,49.33,49.3,49.3,747.0
2017-12-20 12:24:00,49.32,49.33,49.32,49.33,800.0
2017-12-20 12:26:00,49.31,49.32,49.31,49.32,400.0
2017-12-20 12:27:00,49.3224,49.3224,49.32,49.32,601.0
2017-12-20 12:28:00,49.34,49.34,49.32,49.33,1000.0
2017-12-20 12:29:00,49.32,49.32,49.32,49.32,100.0
2017-12-20 12:30:00,49.335,49.34,49.335,49.34,900.0
2017-12-20 12:31:00,49.35,49.35,49.3499,49.3499,200.0
2017-12-20 12:32:00,49.36,49.36,49.33,49.33,3484.0
2017-12-20 12:33:00,49.36,49.38,49.36,49.36,910.0
2017-12-20 12:34:00,49.34,49.35,49.33,49.35,900.0
2017-12-20 12:35:00,49.321999999999996,49.321999999999996,49.321999999999996,49.321999999999996,770.0
2017-12-20 12:36:00,49.31,49.33,49.31,49.33,300.0
2017-12-20 12:37:00,49.32,49.32,49.315,49.32,2686.0
2017-12-20 12:38:00,49.3,49.32,49.3,49.31,1000.0
2017-12-20 12:39:00,49.3,49.31,49.295,49.295,1957.0
2017-12-20 12:40:00,49.3117,49.32,49.3,49.32,500.0
2017-12-20 12:41:00,49.33,49.33,49.32,49.32,2925.0
2017-12-20 12:42:00,49.31,49.33,49.29,49.33,3000.0
2017-12-20 12:43:00,49.3,49.3,49.29,49.29,300.0
2017-12-20 12:44:00,49.34,49.34,49.32,49.32,1407.0
2017-12-20 12:45:00,49.35,49.35,49.35,49.35,400.0
2017-12-20 12:47:00,49.37,49.39,49.36,49.36,1400.0
2017-12-20 12:48:00,49.36,49.39,49.36,49.38,3700.0
2017-12-20 12:49:00,49.35,49.35,49.3428,49.3428,572.0
2017-12-20 12:50:00,49.36,49.36,49.35,49.35,800.0
2017-12-20 12:51:00,49.34,49.36,49.34,49.36,2000.0
2017-12-20 12:52:00,49.33,49.34,49.33,49.34,700.0
2017-12-20 12:53:00,49.31,49.31,49.31,49.31,100.0
2017-12-20 12:54:00,49.33,49.33,49.33,49.33,1400.0
2017-12-20 12:55:00,49.31,49.33,49.31,49.33,660.0
2017-12-20 12:56:00,49.32,49.32,49.32,49.32,100.0
2017-12-20 12:57:00,49.31,49.32,49.3,49.3,400.0
2017-12-20 12:58:00,49.3,49.31,49.3,49.31,400.0
2017-12-20 13:00:00,49.34,49.34,49.32,49.32,1789.0
2017-12-20 13:01:00,49.32,49.33,49.32,49.32,2331.0
2017-12-20 13:02:00,49.32,49.32,49.3167,49.3167,1111.0
2017-12-20 13:03:00,49.34,49.36,49.33,49.33,2100.0
2017-12-20 13:04:00,49.32,49.35,49.32,49.34,2028.0
2017-12-20 13:05:00,49.327,49.327,49.32,49.32,315.0
2017-12-20 13:06:00,49.32,49.32,49.3,49.3,700.0
2017-12-20 13:07:00,49.31,49.32,49.31,49.32,500.0
2017-12-20 13:08:00,49.31,49.31,49.3,49.31,600.0
2017-12-20 13:09:00,49.3,49.31,49.3,49.31,500.0
2017-12-20 13:10:00,49.318999999999996,49.32,49.318999999999996,49.32,1019.0
2017-12-20 13:11:00,49.315,49.315,49.31,49.31,1102.0
2017-12-20 13:12:00,49.34,49.37,49.32,49.32,5902.0
2017-12-20 13:13:00,49.335,49.34,49.33,49.33,600.0
2017-12-20 13:14:00,49.3417,49.35,49.33,49.335,4045.0
2017-12-20 13:17:00,49.36,49.38,49.36,49.36,2996.0
2017-12-20 13:18:00,49.37,49.37,49.36,49.36,500.0
2017-12-20 13:19:00,49.36,49.37,49.36,49.37,626.0
2017-12-20 13:20:00,49.36,49.365,49.36,49.36,900.0
2017-12-20 13:21:00,49.38,49.4,49.365,49.37,1700.0
2017-12-20 13:22:00,49.37,49.38,49.37,49.38,818.0
2017-12-20 13:23:00,49.38,49.38,49.35,49.35,900.0
2017-12-20 13:24:00,49.38,49.38,49.38,49.38,100.0
2017-12-20 13:25:00,49.3738,49.3738,49.37,49.37,300.0
2017-12-20 13:26:00,49.39,49.39,49.37,49.37,3622.0
2017-12-20 13:27:00,49.4,49.4,49.4,49.4,100.0
2017-12-20 13:28:00,49.38,49.38,49.38,49.38,100.0
2017-12-20 13:29:00,49.42,49.42,49.385,49.39,34480.0
2017-12-20 13:30:00,49.44,49.44,49.43,49.43,1090.0
2017-12-20 13:31:00,49.43,49.45,49.43,49.45,2000.0
2017-12-20 13:32:00,49.41,49.44,49.41,49.44,2043.0
2017-12-20 13:33:00,49.39,49.4,49.39,49.4,200.0
2017-12-20 13:34:00,49.4,49.4,49.39,49.39,200.0
2017-12-20 13:35:00,49.38,49.395,49.38,49.395,846.0
2017-12-20 13:36:00,49.35,49.37,49.35,49.37,400.0
2017-12-20 13:37:00,49.36,49.36,49.34,49.34,1674.0
2017-12-20 13:38:00,49.36,49.36,49.36,49.36,869.0
2017-12-20 13:39:00,49.36,49.36,49.345,49.35,800.0
2017-12-20 13:40:00,49.37,49.38,49.36,49.36,1900.0
2017-12-20 13:41:00,49.37,49.39,49.37,49.39,1100.0
2017-12-20 13:42:00,49.38,49.38,49.37,49.37,1160.0
2017-12-20 13:43:00,49.39,49.39,49.39,49.39,1009.0
2017-12-20 13:44:00,49.37,49.39,49.37,49.39,1109.0
2017-12-20 13:45:00,49.34,49.35,49.34,49.35,2216.0
2017-12-20 13:46:00,49.35,49.35,49.35,49.35,100.0
2017-12-20 13:47:00,49.34,49.3518,49.34,49.3518,1055.0
2017-12-20 13:48:00,49.355,49.36,49.35,49.35,3481.0
2017-12-20 13:49:00,49.34,49.36,49.34,49.36,1011.0
2017-12-20 13:50:00,49.34,49.35,49.34,49.34,700.0
2017-12-20 13:51:00,49.3351,49.34,49.33,49.34,1239.0
2017-12-20 13:52:00,49.34,49.35,49.34,49.34,3768.0
2017-12-20 13:53:00,49.35,49.35,49.34,49.34,700.0
2017-12-20 13:54:00,49.44,49.44,49.35,49.35,6511.0
2017-12-20 13:55:00,49.395,49.44,49.38,49.44,2823.0
2017-12-20 13:56:00,49.36,49.37,49.36,49.37,300.0
2017-12-20 13:58:00,49.38,49.38,49.37,49.37,1895.0
2017-12-20 14:00:00,49.39,49.44,49.38,49.38,9604.0
2017-12-20 14:01:00,49.4,49.41,49.39,49.39,1601.0
2017-12-20 14:02:00,49.3914,49.3914,49.3914,49.3914,240.0
2017-12-20 14:03:00,49.38,49.41,49.38,49.41,2300.0
2017-12-20 14:04:00,49.44,49.45,49.395,49.395,3700.0
2017-12-20 14:05:00,49.42,49.44,49.41,49.44,8271.0
2017-12-20 14:06:00,49.46,49.46,49.42,49.425,5758.0
2017-12-20 14:07:00,49.425,49.45,49.42,49.45,12450.0
2017-12-20 14:08:00,49.445,49.46,49.425,49.425,15727.0
2017-12-20 14:09:00,49.4499,49.4499,49.44,49.44,1772.0
2017-12-20 14:10:00,49.45,49.45,49.44,49.44,475.0
2017-12-20 14:11:00,49.45,49.45,49.445,49.45,4476.0
2017-12-20 14:12:00,49.45,49.45,49.45,49.45,2440.0
2017-12-20 14:13:00,49.45,49.47,49.43,49.445,10171.0
2017-12-20 14:14:00,49.46,49.46,49.45,49.45,1340.0
2017-12-20 14:15:00,49.45,49.4556,49.45,49.45,1385.0
2017-12-20 14:16:00,49.44,49.47,49.44,49.45,5770.0
2017-12-20 14:17:00,49.46,49.46,49.44,49.44,1700.0
2017-12-20 14:18:00,49.4598,49.46,49.45,49.46,1109.0
2017-12-20 14:19:00,49.45,49.49,49.45,49.47,4456.0
2017-12-20 14:20:00,49.46,49.46,49.46,49.46,200.0
2017-12-20 14:21:00,49.47,49.47,49.46,49.46,1300.0
2017-12-20 14:22:00,49.47,49.49,49.46,49.47,2691.0
2017-12-20 14:23:00,49.46,49.48,49.46,49.48,700.0
2017-12-20 14:24:00,49.44,49.45,49.44,49.45,2218.0
2017-12-20 14:25:00,49.43,49.44,49.43,49.43,749.0
2017-12-20 14:26:00,49.43,49.4358,49.43,49.435,1650.0
2017-12-20 14:27:00,49.425,49.47,49.42,49.43,11292.0
2017-12-20 14:28:00,49.435,49.46,49.412,49.435,21121.0
2017-12-20 14:29:00,49.46,49.46,49.435,49.435,19114.0
2017-12-20 14:30:00,49.49,49.49,49.456,49.46,3600.0
2017-12-20 14:31:00,49.47,49.49,49.46,49.49,2000.0
2017-12-20 14:32:00,49.45,49.48,49.45,49.47,6501.0
2017-12-20 14:33:00,49.47,49.48,49.46,49.46,4201.0
2017-12-20 14:34:00,49.46,49.48,49.46,49.47,1206.0
2017-12-20 14:35:00,49.445,49.46,49.44,49.46,3156.0
2017-12-20 14:36:00,49.4133,49.45,49.4133,49.45,3812.0
2017-12-20 14:37:00,49.43,49.43,49.41,49.415,1400.0
2017-12-20 14:38:00,49.45,49.45,49.4233,49.4233,2588.0
2017-12-20 14:39:00,49.44,49.46,49.44,49.46,4244.0
2017-12-20 14:40:00,49.46,49.475,49.45,49.45,3613.0
2017-12-20 14:41:00,49.47,49.48,49.45,49.48,4890.0
2017-12-20 14:42:00,49.46,49.475,49.46,49.47,3052.0
2017-12-20 14:43:00,49.47,49.47,49.46,49.4672,515.0
2017-12-20 14:44:00,49.47,49.47,49.46,49.47,2750.0
2017-12-20 14:45:00,49.4456,49.46,49.4456,49.46,2525.0
2017-12-20 14:46:00,49.45,49.455,49.445,49.445,3100.0
2017-12-20 14:47:00,49.445,49.45,49.44,49.45,1200.0
2017-12-20 14:48:00,49.4449,49.45,49.43,49.445,4500.0
2017-12-20 14:49:00,49.44,49.455,49.44,49.45,5290.0
2017-12-20 14:50:00,49.45,49.46,49.44,49.45,4534.0
2017-12-20 14:51:00,49.43,49.45,49.43,49.44,1800.0
2017-12-20 14:52:00,49.4538,49.4538,49.44,49.45,3100.0
2017-12-20 14:53:00,49.48,49.48,49.455,49.455,1900.0
2017-12-20 14:54:00,49.465,49.47,49.46,49.47,2079.0
2017-12-20 14:55:00,49.46,49.465,49.45,49.46,2301.0
2017-12-20 14:56:00,49.46,49.46,49.45,49.46,1400.0
2017-12-20 14:57:00,49.45,49.4561,49.445,49.45,8988.0
2017-12-20 14:58:00,49.45,49.46,49.45,49.45,798.0
2017-12-20 14:59:00,49.495,49.54,49.45,49.455,11668.0
2017-12-20 15:00:00,49.485,49.49,49.48,49.49,1100.0
2017-12-20 15:01:00,49.485,49.485,49.48,49.48,400.0
2017-12-20 15:02:00,49.475,49.48,49.47,49.48,900.0
2017-12-20 15:03:00,49.47,49.47,49.47,49.47,750.0
2017-12-20 15:04:00,49.51,49.51,49.47,49.47,4166.0
2017-12-20 15:05:00,49.485,49.5,49.48,49.5,1789.0
2017-12-20 15:06:00,49.49,49.5,49.47,49.48,3200.0
2017-12-20 15:07:00,49.49,49.5,49.49,49.5,1000.0
2017-12-20 15:08:00,49.48,49.48,49.48,49.48,200.0
2017-12-20 15:09:00,49.47,49.485,49.465,49.48,3304.0
2017-12-20 15:10:00,49.48,49.48,49.48,49.48,200.0
2017-12-20 15:11:00,49.475,49.475,49.47,49.475,700.0
2017-12-20 15:12:00,49.48,49.48,49.475,49.475,1310.0
2017-12-20 15:13:00,49.465,49.475,49.465,49.475,1502.0
2017-12-20 15:14:00,49.51,49.525,49.465,49.465,7181.0
2017-12-20 15:15:00,49.48,49.51,49.48,49.51,900.0
2017-12-20 15:16:00,49.49,49.49,49.483000000000004,49.49,1594.0
2017-12-20 15:17:00,49.49,49.5,49.475,49.49,4397.0
2017-12-20 15:18:00,49.51,49.51,49.5,49.5,1300.0
2017-12-20 15:19:00,49.495,49.51,49.495,49.51,4073.0
2017-12-20 15:20:00,49.485,49.495,49.48,49.49,1200.0
2017-12-20 15:21:00,49.47,49.485,49.47,49.485,900.0
2017-12-20 15:22:00,49.47,49.48,49.46,49.46,1300.0
2017-12-20 15:23:00,49.46,49.47,49.455,49.47,5503.0
2017-12-20 15:24:00,49.46,49.47,49.46,49.47,500.0
2017-12-20 15:25:00,49.47,49.48,49.465,49.47,7970.0
2017-12-20 15:26:00,49.43,49.47,49.42,49.47,31516.0
2017-12-20 15:27:00,49.47,49.48,49.43,49.43,10649.0
2017-12-20 15:28:00,49.47,49.48,49.47,49.48,2058.0
2017-12-20 15:29:00,49.47,49.475,49.47,49.47,1217.0
2017-12-20 15:30:00,49.46,49.47,49.46,49.46,400.0
2017-12-20 15:31:00,49.46,49.46,49.43,49.46,25392.0
2017-12-20 15:32:00,49.47,49.47,49.47,49.47,5065.0
2017-12-20 15:33:00,49.46,49.465,49.46,49.46,2440.0
2017-12-20 15:34:00,49.465,49.47,49.455,49.46,3459.0
2017-12-20 15:35:00,49.49,49.49,49.465,49.465,3910.0
2017-12-20 15:36:00,49.48,49.49,49.47,49.47,1000.0
2017-12-20 15:37:00,49.46,49.48,49.455,49.48,4717.0
2017-12-20 15:38:00,49.465,49.47,49.46,49.47,1200.0
2017-12-20 15:39:00,49.48,49.48,49.465,49.47,3473.0
2017-12-20 15:40:00,49.475,49.48,49.47,49.475,1400.0
2017-12-20 15:41:00,49.465,49.48,49.46,49.475,4973.0
2017-12-20 15:42:00,49.49,49.5,49.465,49.465,9620.0
2017-12-20 15:43:00,49.495,49.5,49.495,49.495,1500.0
2017-12-20 15:44:00,49.495,49.5,49.49,49.49,3200.0
2017-12-20 15:45:00,49.53,49.54,49.495,49.4978,12216.0
2017-12-20 15:46:00,49.515,49.525,49.51,49.52,16393.0
2017-12-20 15:47:00,49.52,49.52,49.5125,49.515,4500.0
2017-12-20 15:48:00,49.52,49.52,49.515,49.515,3679.0
2017-12-20 15:49:00,49.515,49.52,49.515,49.52,3041.0
2017-12-20 15:50:00,49.525,49.53,49.515,49.52,9667.0
2017-12-20 15:51:00,49.53,49.53,49.525,49.525,7413.0
2017-12-20 15:52:00,49.54,49.54,49.525,49.525,10332.0
2017-12-20 15:53:00,49.56,49.56,49.535,49.54,15721.0
2017-12-20 15:54:00,49.595,49.6,49.555,49.555,36908.0
2017-12-20 15:55:00,49.62,49.655,49.59,49.59,63638.0
2017-12-20 15:56:00,49.625,49.635,49.62,49.62,34623.0
2017-12-20 15:57:00,49.615,49.63,49.61,49.62,26268.0
2017-12-20 15:58:00,49.595,49.615,49.58,49.61,18526.0
2017-12-20 15:59:00,49.585,49.595,49.58,49.59,17914.0
2017-12-20 16:00:00,49.48,49.59,49.48,49.585,66201.0
2017-12-21 09:30:00,49.53,49.53,49.53,49.53,8957.0
2017-12-21 09:32:00,49.59,49.62,49.59,49.62,200.0
2017-12-21 09:33:00,49.63,49.67,49.59,49.59,2242.0
2017-12-21 09:34:00,49.65,49.66,49.62,49.63,2040.0
2017-12-21 09:35:00,49.66,49.7,49.66,49.69,767.0
2017-12-21 09:36:00,49.64,49.68,49.62,49.665,1068.0
2017-12-21 09:37:00,49.62,49.62,49.61,49.62,400.0
2017-12-21 09:38:00,49.5,49.57,49.5,49.57,320.0
2017-12-21 09:39:00,49.48,49.4994,49.44,49.49,1510.0
2017-12-21 09:40:00,49.57,49.64,49.49,49.49,2950.0
2017-12-21 09:41:00,49.58,49.58,49.55,49.55,1200.0
2017-12-21 09:43:00,49.6,49.6,49.56,49.56,4059.0
2017-12-21 09:44:00,49.55,49.64,49.55,49.62,2130.0
2017-12-21 09:45:00,49.49,49.52,49.48,49.52,1300.0
2017-12-21 09:46:00,49.505,49.52,49.49,49.495,2904.0
2017-12-21 09:47:00,49.52,49.52,49.5,49.52,2368.0
2017-12-21 09:48:00,49.525,49.53,49.51,49.51,1100.0
2017-12-21 09:49:00,49.52,49.54,49.52,49.54,300.0
2017-12-21 09:50:00,49.52,49.52,49.5,49.5,400.0
2017-12-21 09:51:00,49.55,49.56,49.53,49.53,2210.0
2017-12-21 09:52:00,49.56,49.56,49.56,49.56,100.0
2017-12-21 09:53:00,49.505,49.53,49.5,49.52,1026.0
2017-12-21 09:54:00,49.51,49.52,49.5,49.505,4400.0
2017-12-21 09:55:00,49.48,49.53,49.48,49.5,9492.0
2017-12-21 09:56:00,49.475,49.5,49.475,49.49,900.0
2017-12-21 09:57:00,49.47,49.47,49.47,49.47,250.0
2017-12-21 09:58:00,49.51,49.53,49.45,49.45,10200.0
2017-12-21 09:59:00,49.5073,49.51,49.5,49.5,2930.0
2017-12-21 10:00:00,49.5,49.52,49.44,49.51,2960.0
2017-12-21 10:01:00,49.485,49.485,49.485,49.485,252.0
2017-12-21 10:02:00,49.5,49.5,49.485,49.485,900.0
2017-12-21 10:03:00,49.51,49.51,49.49,49.5,4972.0
2017-12-21 10:04:00,49.48,49.52,49.48,49.52,705.0
2017-12-21 10:05:00,49.49,49.49,49.48,49.48,300.0
2017-12-21 10:06:00,49.48,49.48,49.48,49.48,200.0
2017-12-21 10:07:00,49.49,49.49,49.46,49.47,4121.0
2017-12-21 10:08:00,49.48,49.5,49.48,49.5,2182.0
2017-12-21 10:09:00,49.48,49.49,49.45,49.46,4400.0
2017-12-21 10:10:00,49.54,49.54,49.47,49.485,4800.0
2017-12-21 10:11:00,49.5396,49.5396,49.505,49.505,414.0
2017-12-21 10:14:00,49.49,49.51,49.4825,49.5,2199.0
2017-12-21 10:15:00,49.47,49.48,49.47,49.475,1400.0
2017-12-21 10:16:00,49.49,49.49,49.48,49.48,600.0
2017-12-21 10:17:00,49.5,49.5,49.49,49.49,808.0
2017-12-21 10:18:00,49.52,49.52,49.52,49.52,100.0
2017-12-21 10:19:00,49.525,49.525,49.525,49.525,100.0
2017-12-21 10:20:00,49.52,49.53,49.52,49.52,560.0
2017-12-21 10:21:00,49.47,49.52,49.47,49.51,2204.0
2017-12-21 10:22:00,49.505,49.505,49.47,49.47,3506.0
2017-12-21 10:23:00,49.49,49.495,49.47,49.49,2924.0
2017-12-21 10:24:00,49.485,49.5,49.48,49.5,2000.0
2017-12-21 10:25:00,49.49,49.51,49.49,49.49,5112.0
2017-12-21 10:26:00,49.5,49.5,49.4965,49.5,437.0
2017-12-21 10:28:00,49.5,49.5,49.49,49.4901,510.0
2017-12-21 10:29:00,49.49,49.49,49.49,49.49,100.0
2017-12-21 10:30:00,49.483999999999995,49.495,49.47,49.49,1135.0
2017-12-21 10:31:00,49.53,49.54,49.47,49.47,4517.0
2017-12-21 10:32:00,49.55,49.57,49.54,49.54,900.0
2017-12-21 10:33:00,49.5563,49.5563,49.54,49.54,369.0
2017-12-21 10:34:00,49.53,49.53,49.53,49.53,100.0
2017-12-21 10:35:00,49.59,49.59,49.55,49.55,1300.0
2017-12-21 10:36:00,49.55,49.59,49.55,49.59,1000.0
2017-12-21 10:37:00,49.5818,49.5818,49.5569,49.57,2030.0
2017-12-21 10:38:00,49.6,49.62,49.59,49.6,1744.0
2017-12-21 10:39:00,49.58,49.58,49.58,49.58,400.0
2017-12-21 10:40:00,49.57,49.57,49.57,49.57,200.0
2017-12-21 10:41:00,49.55,49.55,49.55,49.55,300.0
2017-12-21 10:42:00,49.53,49.54,49.53,49.54,300.0
2017-12-21 10:43:00,49.58,49.59,49.53,49.53,3933.0
2017-12-21 10:44:00,49.6,49.61,49.6,49.61,2978.0
2017-12-21 10:45:00,49.61,49.61,49.6,49.6,2003.0
2017-12-21 10:46:00,49.615,49.62,49.6,49.6,400.0
2017-12-21 10:47:00,49.61,49.635,49.61,49.62,2100.0
2017-12-21 10:48:00,49.655,49.67,49.62,49.62,4500.0
2017-12-21 10:49:00,49.65,49.65,49.64,49.64,1200.0
2017-12-21 10:50:00,49.64,49.65,49.64,49.65,200.0
2017-12-21 10:51:00,49.67,49.67,49.64,49.645,800.0
2017-12-21 10:52:00,49.64,49.67,49.64,49.67,211.0
2017-12-21 10:53:00,49.66,49.66,49.65,49.65,500.0
2017-12-21 10:54:00,49.69,49.69,49.64,49.65,4700.0
2017-12-21 10:55:00,49.68,49.68,49.678000000000004,49.68,423.0
2017-12-21 10:56:00,49.665,49.69,49.66,49.67,2714.0
2017-12-21 10:57:00,49.64,49.655,49.64,49.655,1800.0
2017-12-21 10:58:00,49.63,49.65,49.63,49.64,2800.0
2017-12-21 10:59:00,49.635,49.65,49.63,49.63,7700.0
2017-12-21 11:00:00,49.63,49.66,49.63,49.65,5853.0
2017-12-21 11:01:00,49.7,49.71,49.62,49.64,8000.0
2017-12-21 11:02:00,49.68,49.6901,49.68,49.69,2788.0
2017-12-21 11:03:00,49.64,49.67,49.64,49.67,2877.0
2017-12-21 11:04:00,49.67,49.69,49.63,49.63,10394.0
2017-12-21 11:05:00,49.67,49.67,49.67,49.67,1249.0
2017-12-21 11:06:00,49.66,49.68,49.66,49.68,200.0
2017-12-21 11:07:00,49.655,49.655,49.64,49.655,300.0
2017-12-21 11:08:00,49.645,49.655,49.64,49.655,1284.0
2017-12-21 11:09:00,49.675,49.68,49.65,49.65,12371.0
2017-12-21 11:11:00,49.66,49.7,49.66,49.68,4400.0
2017-12-21 11:12:00,49.665,49.665,49.66,49.66,1151.0
2017-12-21 11:13:00,49.69,49.69,49.64,49.66,7912.0
2017-12-21 11:14:00,49.72,49.73,49.67,49.68,10198.0
2017-12-21 11:15:00,49.7,49.7,49.685,49.7,3200.0
2017-12-21 11:16:00,49.715,49.715,49.7,49.7,1000.0
2017-12-21 11:17:00,49.75,49.77,49.7,49.7,10879.0
2017-12-21 11:18:00,49.74,49.74,49.74,49.74,500.0
2017-12-21 11:19:00,49.73,49.74,49.73,49.73,300.0
2017-12-21 11:20:00,49.73,49.74,49.73,49.73,2115.0
2017-12-21 11:21:00,49.74,49.75,49.73,49.75,1800.0
2017-12-21 11:22:00,49.74,49.75,49.74,49.75,842.0
2017-12-21 11:23:00,49.745,49.75,49.74,49.74,1100.0
2017-12-21 11:24:00,49.75,49.75,49.73,49.74,2988.0
2017-12-21 11:25:00,49.745,49.745,49.745,49.745,111.0
2017-12-21 11:26:00,49.74,49.78,49.74,49.76,2205.0
2017-12-21 11:27:00,49.73,49.7538,49.73,49.7538,1002.0
2017-12-21 11:28:00,49.735,49.7395,49.735,49.7395,500.0
2017-12-21 11:31:00,49.73,49.74,49.72,49.72,700.0
2017-12-21 11:32:00,49.75,49.76,49.72,49.74,8024.0
2017-12-21 11:33:00,49.74,49.75,49.74,49.74,854.0
2017-12-21 11:34:00,49.75,49.75,49.74,49.7431,754.0
2017-12-21 11:35:00,49.76,49.76,49.76,49.76,200.0
2017-12-21 11:36:00,49.78,49.78,49.78,49.78,600.0
2017-12-21 11:37:00,49.74,49.77,49.74,49.77,1983.0
2017-12-21 11:38:00,49.76,49.76,49.76,49.76,100.0
2017-12-21 11:39:00,49.79,49.79,49.77,49.77,908.0
2017-12-21 11:41:00,49.795,49.795,49.77,49.77,1000.0
2017-12-21 11:42:00,49.77,49.79,49.77,49.79,1908.0
2017-12-21 11:43:00,49.7605,49.765,49.7605,49.765,306.0
2017-12-21 11:44:00,49.76,49.77,49.76,49.77,1160.0
2017-12-21 11:45:00,49.76,49.76,49.76,49.76,301.0
2017-12-21 11:47:00,49.73,49.73,49.73,49.73,100.0
2017-12-21 11:48:00,49.73,49.745,49.73,49.745,500.0
2017-12-21 11:49:00,49.74,49.75,49.74,49.74,400.0
2017-12-21 11:50:00,49.75,49.75,49.74,49.74,300.0
2017-12-21 11:51:00,49.77,49.77,49.745,49.75,5875.0
2017-12-21 11:52:00,49.76,49.77,49.74,49.76,15280.0
2017-12-21 11:53:00,49.73,49.75,49.69,49.75,4401.0
2017-12-21 11:54:00,49.755,49.76,49.73,49.73,11920.0
2017-12-21 11:55:00,49.74,49.74,49.71,49.74,4126.0
2017-12-21 11:56:00,49.75,49.76,49.74,49.75,900.0
2017-12-21 11:57:00,49.73,49.73,49.73,49.73,300.0
2017-12-21 11:58:00,49.78,49.78,49.745,49.75,1513.0
2017-12-21 11:59:00,49.765,49.78,49.765,49.78,700.0
2017-12-21 12:00:00,49.75,49.765,49.75,49.765,200.0
2017-12-21 12:01:00,49.74,49.8,49.74,49.76,5219.0
2017-12-21 12:02:00,49.75,49.76,49.74,49.74,700.0
2017-12-21 12:03:00,49.76,49.76,49.75,49.75,500.0
2017-12-21 12:05:00,49.73,49.755,49.73,49.74,1200.0
2017-12-21 12:06:00,49.76,49.78,49.72,49.731,8805.0
2017-12-21 12:07:00,49.71,49.71,49.71,49.71,5289.0
2017-12-21 12:08:00,49.72,49.72,49.72,49.72,800.0
2017-12-21 12:09:00,49.7,49.7,49.7,49.7,100.0
2017-12-21 12:10:00,49.71,49.71,49.7,49.71,400.0
2017-12-21 12:11:00,49.69,49.7,49.69,49.7,200.0
2017-12-21 12:13:00,49.68,49.68,49.67,49.68,1200.0
2017-12-21 12:14:00,49.68,49.69,49.68,49.69,2100.0
2017-12-21 12:15:00,49.67,49.68,49.67,49.67,500.0
2017-12-21 12:16:00,49.67,49.6701,49.67,49.6701,807.0
2017-12-21 12:17:00,49.66,49.674,49.66,49.66,1222.0
2017-12-21 12:18:00,49.66,49.66,49.66,49.66,326.0
2017-12-21 12:19:00,49.64,49.66,49.64,49.66,800.0
2017-12-21 12:20:00,49.65,49.65,49.65,49.65,100.0
2017-12-21 12:21:00,49.67,49.67,49.67,49.67,100.0
2017-12-21 12:22:00,49.64,49.65,49.64,49.65,600.0
2017-12-21 12:23:00,49.6322,49.64,49.6322,49.64,433.0
2017-12-21 12:24:00,49.63,49.64,49.63,49.63,1086.0
2017-12-21 12:25:00,49.635,49.635,49.635,49.635,175.0
2017-12-21 12:26:00,49.62,49.63,49.62,49.63,300.0
2017-12-21 12:27:00,49.62,49.63,49.62,49.63,2002.0
2017-12-21 12:28:00,49.6166,49.6166,49.6166,49.6166,141.0
2017-12-21 12:29:00,49.61,49.62,49.61,49.61,1496.0
2017-12-21 12:30:00,49.615,49.615,49.61,49.61,400.0
2017-12-21 12:31:00,49.61,49.61,49.61,49.61,105.0
2017-12-21 12:32:00,49.61,49.61,49.61,49.61,225.0
2017-12-21 12:33:00,49.593999999999994,49.6,49.593999999999994,49.6,351.0
2017-12-21 12:34:00,49.59,49.59,49.58,49.58,201.0
2017-12-21 12:35:00,49.6,49.6,49.6,49.6,1052.0
2017-12-21 12:36:00,49.59,49.6,49.59,49.59,300.0
2017-12-21 12:37:00,49.58,49.58,49.58,49.58,100.0
2017-12-21 12:38:00,49.58,49.59,49.58,49.58,878.0
2017-12-21 12:39:00,49.57,49.5756,49.57,49.57,600.0
2017-12-21 12:40:00,49.58,49.58,49.58,49.58,900.0
2017-12-21 12:41:00,49.57,49.58,49.57,49.57,800.0
2017-12-21 12:42:00,49.58,49.58,49.58,49.58,100.0
2017-12-21 12:43:00,49.57,49.57,49.57,49.57,100.0
2017-12-21 12:44:00,49.58,49.58,49.58,49.58,200.0
2017-12-21 12:45:00,49.5899,49.59,49.58,49.59,1224.0
2017-12-21 12:46:00,49.57,49.59,49.57,49.58,3600.0
2017-12-21 12:47:00,49.59,49.59,49.58,49.58,1478.0
2017-12-21 12:48:00,49.58,49.6,49.58,49.6,1751.0
2017-12-21 12:49:00,49.5899,49.5899,49.58,49.58,200.0
2017-12-21 12:50:00,49.59,49.59,49.59,49.59,100.0
2017-12-21 12:51:00,49.58,49.58,49.58,49.58,100.0
2017-12-21 12:52:00,49.57,49.58,49.57,49.58,900.0
2017-12-21 12:53:00,49.576,49.59,49.576,49.58,1721.0
2017-12-21 12:54:00,49.59,49.59,49.5899,49.5899,200.0
2017-12-21 12:55:00,49.57,49.57,49.57,49.57,100.0
2017-12-21 12:56:00,49.5898,49.5898,49.57,49.57,405.0
2017-12-21 12:57:00,49.61,49.61,49.59,49.59,2526.0
2017-12-21 12:58:00,49.62,49.62,49.6,49.6004,1700.0
2017-12-21 12:59:00,49.61,49.63,49.61,49.63,2000.0
2017-12-21 13:00:00,49.63,49.63,49.62,49.63,1800.0
2017-12-21 13:01:00,49.63,49.64,49.63,49.63,2083.0
2017-12-21 13:02:00,49.64,49.64,49.64,49.64,340.0
2017-12-21 13:03:00,49.67,49.7,49.65,49.65,2759.0
2017-12-21 13:04:00,49.67,49.67,49.67,49.67,910.0
2017-12-21 13:05:00,49.665,49.665,49.66,49.66,1319.0
2017-12-21 13:06:00,49.665,49.67,49.66,49.67,500.0
2017-12-21 13:07:00,49.665,49.665,49.66,49.66,1234.0
2017-12-21 13:08:00,49.66,49.67,49.66,49.67,900.0
2017-12-21 13:09:00,49.69,49.69,49.67,49.67,2000.0
2017-12-21 13:10:00,49.68,49.7,49.68,49.7,1000.0
2017-12-21 13:12:00,49.71,49.73,49.7,49.7,3348.0
2017-12-21 13:13:00,49.675,49.71,49.6735,49.71,2300.0
2017-12-21 13:14:00,49.6776,49.6776,49.6776,49.6776,100.0
2017-12-21 13:15:00,49.68,49.68,49.67,49.67,400.0
2017-12-21 13:16:00,49.68,49.68,49.68,49.68,300.0
2017-12-21 13:17:00,49.69,49.7,49.68,49.68,1756.0
2017-12-21 13:18:00,49.68,49.6983,49.68,49.69,1800.0
2017-12-21 13:19:00,49.68,49.68,49.68,49.68,400.0
2017-12-21 13:20:00,49.67,49.68,49.67,49.68,1700.0
2017-12-21 13:21:00,49.7,49.7,49.67,49.67,1653.0
2017-12-21 13:22:00,49.69,49.7,49.69,49.7,703.0
2017-12-21 13:23:00,49.68,49.69,49.68,49.69,710.0
2017-12-21 13:24:00,49.685,49.7,49.68,49.68,2375.0
2017-12-21 13:25:00,49.68,49.68,49.67,49.68,1974.0
2017-12-21 13:26:00,49.69,49.69,49.68,49.69,1401.0
2017-12-21 13:27:00,49.68,49.68,49.68,49.68,100.0
2017-12-21 13:28:00,49.695,49.695,49.68,49.68,1000.0
2017-12-21 13:29:00,49.69,49.7,49.69,49.7,605.0
2017-12-21 13:31:00,49.67,49.68,49.66,49.68,1897.0
2017-12-21 13:32:00,49.65,49.66,49.65,49.66,501.0
2017-12-21 13:33:00,49.65,49.65,49.645,49.65,1848.0
2017-12-21 13:34:00,49.65,49.65,49.64,49.6401,3000.0
2017-12-21 13:35:00,49.65,49.65,49.64,49.65,1300.0
2017-12-21 13:36:00,49.65,49.65,49.65,49.65,200.0
2017-12-21 13:37:00,49.6,49.64,49.6,49.64,1192.0
2017-12-21 13:38:00,49.61,49.62,49.6,49.6,2977.0
2017-12-21 13:39:00,49.6,49.6,49.6,49.6,100.0
2017-12-21 13:40:00,49.62,49.62,49.61,49.61,500.0
2017-12-21 13:41:00,49.59,49.6,49.58,49.6,828.0
2017-12-21 13:42:00,49.56,49.58,49.56,49.58,900.0
2017-12-21 13:43:00,49.59,49.59,49.56,49.56,2157.0
2017-12-21 13:44:00,49.59,49.59,49.58,49.58,500.0
2017-12-21 13:45:00,49.6,49.61,49.59,49.59,3110.0
2017-12-21 13:46:00,49.6,49.6,49.59,49.59,1413.0
2017-12-21 13:47:00,49.59,49.59,49.59,49.59,500.0
2017-12-21 13:48:00,49.58,49.58,49.58,49.58,400.0
2017-12-21 13:49:00,49.56,49.58,49.56,49.58,6348.0
2017-12-21 13:50:00,49.565,49.565,49.565,49.565,100.0
2017-12-21 13:51:00,49.5899,49.5899,49.57,49.57,3774.0
2017-12-21 13:52:00,49.58,49.59,49.58,49.59,900.0
2017-12-21 13:53:00,49.5899,49.59,49.585,49.585,900.0
2017-12-21 13:54:00,49.69,49.7,49.59,49.59,24386.0
2017-12-21 13:55:00,49.68,49.71,49.68,49.71,500.0
2017-12-21 13:56:00,49.71,49.71,49.68,49.71,700.0
2017-12-21 13:58:00,49.69,49.71,49.69,49.71,3746.0
2017-12-21 13:59:00,49.69,49.69,49.68,49.6899,1300.0
2017-12-21 14:00:00,49.69,49.69,49.685,49.6899,1901.0
2017-12-21 14:01:00,49.6999,49.7,49.68,49.69,2050.0
2017-12-21 14:02:00,49.68,49.69,49.68,49.69,1600.0
2017-12-21 14:03:00,49.68,49.69,49.67,49.68,2521.0
2017-12-21 14:04:00,49.73,49.73,49.675,49.675,6415.0
2017-12-21 14:05:00,49.71,49.74,49.69,49.74,2701.0
2017-12-21 14:06:00,49.71,49.71,49.71,49.71,1800.0
2017-12-21 14:07:00,49.6977,49.6999,49.6977,49.6999,906.0
2017-12-21 14:08:00,49.71,49.71,49.71,49.71,200.0
2017-12-21 14:09:00,49.69,49.7,49.68,49.7,2635.0
2017-12-21 14:10:00,49.68,49.69,49.68,49.6899,1819.0
2017-12-21 14:12:00,49.66,49.68,49.66,49.68,2012.0
2017-12-21 14:13:00,49.67,49.67,49.67,49.67,400.0
2017-12-21 14:15:00,49.65,49.67,49.65,49.66,1802.0
2017-12-21 14:16:00,49.66,49.66,49.65,49.66,1644.0
2017-12-21 14:17:00,49.64,49.64,49.64,49.64,200.0
2017-12-21 14:18:00,49.67,49.67,49.645,49.645,6139.0
2017-12-21 14:19:00,49.67,49.67,49.66,49.66,1200.0
2017-12-21 14:20:00,49.67,49.67,49.67,49.67,900.0
2017-12-21 14:21:00,49.67,49.68,49.67,49.68,600.0
2017-12-21 14:22:00,49.66,49.68,49.66,49.68,4119.0
2017-12-21 14:23:00,49.65,49.66,49.65,49.66,5599.0
2017-12-21 14:24:00,49.65,49.65,49.64,49.645,1000.0
2017-12-21 14:25:00,49.66,49.66,49.64,49.64,4113.0
2017-12-21 14:26:00,49.66,49.67,49.66,49.67,400.0
2017-12-21 14:27:00,49.66,49.675,49.66,49.67,4855.0
2017-12-21 14:28:00,49.66,49.6632,49.66,49.66,2950.0
2017-12-21 14:29:00,49.66,49.66,49.66,49.66,1300.0
2017-12-21 14:30:00,49.6562,49.66,49.6562,49.66,1935.0
2017-12-21 14:31:00,49.67,49.67,49.66,49.66,2000.0
2017-12-21 14:32:00,49.68,49.68,49.68,49.68,200.0
2017-12-21 14:33:00,49.685,49.69,49.68,49.68,2692.0
2017-12-21 14:34:00,49.69,49.69,49.68,49.68,1102.0
2017-12-21 14:35:00,49.6701,49.69,49.6701,49.69,2426.0
2017-12-21 14:36:00,49.67,49.675,49.67,49.675,300.0
2017-12-21 14:37:00,49.6,49.67,49.6,49.67,2659.0
2017-12-21 14:38:00,49.585,49.6,49.585,49.6,3300.0
2017-12-21 14:39:00,49.59,49.6,49.58,49.58,3726.0
2017-12-21 14:40:00,49.595,49.595,49.59,49.59,900.0
2017-12-21 14:41:00,49.61,49.61,49.59,49.595,4517.0
2017-12-21 14:42:00,49.59,49.6,49.59,49.59,609.0
2017-12-21 14:43:00,49.57,49.595,49.5675,49.595,6242.0
2017-12-21 14:44:00,49.58,49.61,49.55,49.58,21412.0
2017-12-21 14:45:00,49.6,49.6,49.59,49.59,1200.0
2017-12-21 14:46:00,49.6,49.6,49.58,49.58,4304.0
2017-12-21 14:47:00,49.6,49.6,49.58,49.6,2200.0
2017-12-21 14:48:00,49.6,49.62,49.6,49.6,5238.0
2017-12-21 14:49:00,49.6399,49.6399,49.61,49.61,3866.0
2017-12-21 14:50:00,49.6,49.63,49.6,49.63,1302.0
2017-12-21 14:52:00,49.62,49.62,49.62,49.62,200.0
2017-12-21 14:53:00,49.59,49.615,49.59,49.61,2508.0
2017-12-21 14:54:00,49.63,49.63,49.58,49.59,8224.0
2017-12-21 14:55:00,49.61,49.6399,49.6,49.6399,3419.0
2017-12-21 14:56:00,49.62,49.62,49.615,49.615,500.0
2017-12-21 14:57:00,49.59,49.61,49.58,49.61,4502.0
2017-12-21 14:58:00,49.595,49.6,49.58,49.59,2302.0
2017-12-21 14:59:00,49.6,49.6,49.59,49.595,900.0
2017-12-21 15:00:00,49.58,49.6,49.58,49.59,2811.0
2017-12-21 15:01:00,49.615,49.615,49.59,49.59,2800.0
2017-12-21 15:02:00,49.6,49.62,49.6,49.62,3544.0
2017-12-21 15:03:00,49.59,49.59,49.59,49.59,2007.0
2017-12-21 15:04:00,49.58,49.6,49.58,49.595,2200.0
2017-12-21 15:05:00,49.58,49.61,49.58,49.59,6665.0
2017-12-21 15:06:00,49.58,49.58,49.575,49.58,2780.0
2017-12-21 15:07:00,49.58,49.58,49.58,49.58,1010.0
2017-12-21 15:08:00,49.59,49.59,49.59,49.59,600.0
2017-12-21 15:09:00,49.58,49.585,49.57,49.585,2988.0
2017-12-21 15:10:00,49.55,49.555,49.55,49.55,702.0
2017-12-21 15:11:00,49.56,49.57,49.55,49.55,2723.0
2017-12-21 15:12:00,49.57,49.58,49.55,49.58,1500.0
2017-12-21 15:13:00,49.58,49.58,49.575,49.5751,2427.0
2017-12-21 15:14:00,49.565,49.57,49.565,49.57,2124.0
2017-12-21 15:15:00,49.55,49.56,49.55,49.56,2825.0
2017-12-21 15:16:00,49.545,49.545,49.54,49.54,600.0
2017-12-21 15:17:00,49.55,49.55,49.54,49.54,500.0
2017-12-21 15:18:00,49.545,49.56,49.545,49.55,5539.0
2017-12-21 15:19:00,49.53,49.55,49.53,49.54,3144.0
2017-12-21 15:20:00,49.54,49.54,49.525,49.53,5550.0
2017-12-21 15:21:00,49.5398,49.5398,49.52,49.52,2400.0
2017-12-21 15:22:00,49.56,49.565,49.535,49.54,11150.0
2017-12-21 15:23:00,49.55,49.57,49.55,49.565,4400.0
2017-12-21 15:24:00,49.56,49.58,49.54,49.55,3744.0
2017-12-21 15:25:00,49.5575,49.5575,49.55,49.55,1000.0
2017-12-21 15:26:00,49.55,49.56,49.55,49.555,1400.0
2017-12-21 15:27:00,49.54,49.56,49.54,49.555,4402.0
2017-12-21 15:28:00,49.54,49.545,49.54,49.545,700.0
2017-12-21 15:29:00,49.54,49.545,49.54,49.54,700.0
2017-12-21 15:30:00,49.51,49.54,49.5,49.54,8361.0
2017-12-21 15:31:00,49.515,49.515,49.51,49.51,700.0
2017-12-21 15:32:00,49.52,49.52,49.51,49.51,2050.0
2017-12-21 15:33:00,49.51,49.52,49.51,49.5138,2004.0
2017-12-21 15:34:00,49.515,49.52,49.51,49.51,1100.0
2017-12-21 15:35:00,49.49,49.52,49.49,49.52,5666.0
2017-12-21 15:36:00,49.48,49.485,49.48,49.48,2000.0
2017-12-21 15:37:00,49.49,49.5,49.48,49.485,4075.0
2017-12-21 15:38:00,49.49,49.5,49.49,49.5,1700.0
2017-12-21 15:39:00,49.49,49.49,49.485,49.49,2143.0
2017-12-21 15:40:00,49.47,49.49,49.47,49.485,4923.0
2017-12-21 15:41:00,49.46,49.47,49.46,49.47,1974.0
2017-12-21 15:42:00,49.47,49.475,49.45,49.465,6876.0
2017-12-21 15:43:00,49.48,49.48,49.47,49.475,400.0
2017-12-21 15:44:00,49.48,49.485,49.47,49.475,6284.0
2017-12-21 15:45:00,49.48,49.485,49.47,49.47,2705.0
2017-12-21 15:46:00,49.4415,49.48,49.4415,49.48,7154.0
2017-12-21 15:47:00,49.43,49.445,49.43,49.445,3099.0
2017-12-21 15:48:00,49.36,49.43,49.35,49.43,27404.0
2017-12-21 15:49:00,49.43,49.43,49.355,49.355,10502.0
2017-12-21 15:50:00,49.44,49.455,49.4299,49.4299,9204.0
2017-12-21 15:51:00,49.46,49.46,49.43,49.43,10166.0
2017-12-21 15:52:00,49.48,49.49,49.455,49.455,19098.0
2017-12-21 15:53:00,49.5,49.51,49.48,49.48,17453.0
2017-12-21 15:54:00,49.5,49.51,49.49,49.5,14288.0
2017-12-21 15:55:00,49.495,49.5,49.49,49.495,5875.0
2017-12-21 15:56:00,49.495,49.51,49.49,49.495,28857.0
2017-12-21 15:57:00,49.47,49.5,49.47,49.495,23570.0
2017-12-21 15:58:00,49.475,49.475,49.46,49.47,16325.0
2017-12-21 15:59:00,49.46,49.48,49.455,49.48,14637.0
2017-12-21 16:00:00,49.49,49.5,49.43,49.46,119589.0
2017-12-22 09:30:00,49.67,49.67,49.67,49.67,8099.0
2017-12-22 09:31:00,49.71,49.75,49.47,49.73,1900.0
2017-12-22 09:32:00,49.64,49.65,49.55,49.565,900.0
2017-12-22 09:33:00,49.615,49.615,49.615,49.615,304.0
2017-12-22 09:34:00,49.64,49.68,49.58,49.67,1005.0
2017-12-22 09:35:00,49.69,49.69,49.65,49.66,700.0
2017-12-22 09:37:00,49.655,49.69,49.655,49.68,800.0
2017-12-22 09:38:00,49.72,49.72,49.66,49.68,3999.0
2017-12-22 09:40:00,49.71,49.74,49.71,49.72,2304.0
2017-12-22 09:41:00,49.7,49.7,49.7,49.7,300.0
2017-12-22 09:43:00,49.665,49.665,49.665,49.665,300.0
2017-12-22 09:44:00,49.73,49.74,49.68,49.68,2100.0
2017-12-22 09:45:00,49.76,49.76,49.72,49.72,3644.0
2017-12-22 09:46:00,49.74,49.75,49.72,49.75,500.0
2017-12-22 09:47:00,49.72,49.74,49.69,49.725,3600.0
2017-12-22 09:48:00,49.71,49.76,49.7,49.705,6190.0
2017-12-22 09:49:00,49.69,49.71,49.69,49.7,850.0
2017-12-22 09:51:00,49.7,49.71,49.69,49.71,600.0
2017-12-22 09:53:00,49.648,49.648,49.648,49.648,250.0
2017-12-22 09:54:00,49.65,49.65,49.63,49.63,700.0
2017-12-22 09:56:00,49.62,49.64,49.61600000000001,49.61600000000001,2583.0
2017-12-22 09:57:00,49.66,49.66,49.63,49.65,900.0
2017-12-22 09:58:00,49.66,49.67,49.66,49.66,300.0
2017-12-22 09:59:00,49.68,49.705,49.67,49.67,1200.0
2017-12-22 10:00:00,49.67,49.67,49.66,49.67,840.0
2017-12-22 10:01:00,49.65,49.65,49.65,49.65,250.0
2017-12-22 10:02:00,49.69,49.7,49.66,49.66,4701.0
2017-12-22 10:03:00,49.65,49.68,49.65,49.68,200.0
2017-12-22 10:04:00,49.73,49.73,49.68,49.68,2090.0
2017-12-22 10:05:00,49.75,49.75,49.74,49.74,315.0
2017-12-22 10:06:00,49.74,49.74,49.73,49.73,200.0
2017-12-22 10:07:00,49.75,49.75,49.75,49.75,646.0
2017-12-22 10:08:00,49.75,49.76,49.75,49.76,700.0
2017-12-22 10:09:00,49.71,49.73,49.71,49.73,600.0
2017-12-22 10:10:00,49.68,49.68,49.68,49.68,200.0
2017-12-22 10:11:00,49.67,49.7,49.67,49.7,1000.0
2017-12-22 10:12:00,49.641999999999996,49.641999999999996,49.641999999999996,49.641999999999996,132.0
2017-12-22 10:13:00,49.6,49.63,49.59,49.63,2444.0
2017-12-22 10:14:00,49.67,49.67,49.61,49.61,3400.0
2017-12-22 10:15:00,49.64,49.66,49.64,49.66,1000.0
2017-12-22 10:16:00,49.64,49.64,49.63,49.64,1400.0
2017-12-22 10:17:00,49.62,49.64,49.62,49.63,1980.0
2017-12-22 10:18:00,49.619,49.619,49.619,49.619,268.0
2017-12-22 10:19:00,49.57,49.6,49.57,49.6,1800.0
2017-12-22 10:20:00,49.59,49.595,49.55,49.57,3979.0
2017-12-22 10:21:00,49.6,49.6,49.59,49.59,500.0
2017-12-22 10:22:00,49.585,49.595,49.58,49.59,1134.0
2017-12-22 10:23:00,49.575,49.575,49.575,49.575,300.0
2017-12-22 10:24:00,49.58,49.58,49.56,49.56,1400.0
2017-12-22 10:25:00,49.685,49.7,49.59,49.59,16754.0
2017-12-22 10:26:00,49.695,49.72,49.69,49.7,4474.0
2017-12-22 10:27:00,49.68,49.69,49.65,49.69,3727.0
2017-12-22 10:28:00,49.69,49.69,49.69,49.69,500.0
2017-12-22 10:29:00,49.695,49.75,49.67,49.69,10667.0
2017-12-22 10:30:00,49.68,49.71,49.68,49.71,800.0
2017-12-22 10:31:00,49.67,49.67,49.63,49.63,2600.0
2017-12-22 10:32:00,49.75,49.75,49.685,49.685,1673.0
2017-12-22 10:33:00,49.72,49.74,49.72,49.74,1507.0
2017-12-22 10:34:00,49.67,49.69,49.67,49.68,800.0
2017-12-22 10:35:00,49.675,49.68,49.66,49.68,1200.0
2017-12-22 10:36:00,49.68,49.68,49.66,49.66,1020.0
2017-12-22 10:37:00,49.7,49.7,49.69,49.69,1905.0
2017-12-22 10:38:00,49.67,49.695,49.67,49.69,2107.0
2017-12-22 10:39:00,49.69,49.71,49.65,49.67,8920.0
2017-12-22 10:40:00,49.68,49.71,49.68,49.71,1500.0
2017-12-22 10:41:00,49.6957,49.6957,49.68,49.68,1650.0
2017-12-22 10:42:00,49.7,49.71,49.6699,49.69,10119.0
2017-12-22 10:45:00,49.6944,49.7,49.69,49.69,540.0
2017-12-22 10:46:00,49.66,49.69,49.66,49.69,1910.0
2017-12-22 10:47:00,49.705,49.705,49.66,49.67,3900.0
2017-12-22 10:48:00,49.696000000000005,49.696000000000005,49.696000000000005,49.696000000000005,100.0
2017-12-22 10:50:00,49.7,49.7199,49.7,49.71,900.0
2017-12-22 10:51:00,49.72,49.72,49.715,49.715,1000.0
2017-12-22 10:52:00,49.74,49.76,49.73,49.73,4426.0
2017-12-22 10:53:00,49.75,49.75,49.75,49.75,100.0
2017-12-22 10:54:00,49.76,49.76,49.76,49.76,300.0
2017-12-22 10:55:00,49.77,49.77,49.77,49.77,100.0
2017-12-22 10:56:00,49.7699,49.77,49.7501,49.769,1582.0
2017-12-22 10:57:00,49.76,49.77,49.76,49.77,500.0
2017-12-22 10:58:00,49.71,49.76,49.7,49.76,3400.0
2017-12-22 11:00:00,49.72,49.72,49.69,49.69,2338.0
2017-12-22 11:02:00,49.71,49.71,49.71,49.71,100.0
2017-12-22 11:03:00,49.73,49.73,49.73,49.73,100.0
2017-12-22 11:04:00,49.715,49.715,49.71,49.7102,1592.0
2017-12-22 11:05:00,49.695,49.7,49.69,49.7,963.0
2017-12-22 11:06:00,49.68,49.695,49.68,49.695,200.0
2017-12-22 11:07:00,49.68,49.69,49.68,49.69,306.0
2017-12-22 11:08:00,49.69,49.7,49.65,49.68,3420.0
2017-12-22 11:09:00,49.7,49.7,49.7,49.7,100.0
2017-12-22 11:10:00,49.7,49.7,49.68,49.69,1900.0
2017-12-22 11:11:00,49.68,49.7,49.68,49.7,1000.0
2017-12-22 11:12:00,49.7,49.7,49.68,49.68,2143.0
2017-12-22 11:13:00,49.69,49.71,49.69,49.71,1153.0
2017-12-22 11:14:00,49.71,49.71,49.71,49.71,100.0
2017-12-22 11:15:00,49.72,49.73,49.71,49.71,2000.0
2017-12-22 11:16:00,49.71,49.73,49.71,49.73,700.0
2017-12-22 11:18:00,49.69,49.7,49.69,49.7,1598.0
2017-12-22 11:19:00,49.68,49.68,49.68,49.68,238.0
2017-12-22 11:20:00,49.67,49.68,49.67,49.67,800.0
2017-12-22 11:21:00,49.68,49.69,49.67,49.67,2880.0
2017-12-22 11:22:00,49.73,49.73,49.69,49.69,1700.0
2017-12-22 11:23:00,49.66,49.71,49.66,49.7,1645.0
2017-12-22 11:26:00,49.68,49.68,49.66,49.66,400.0
2017-12-22 11:28:00,49.6832,49.6832,49.67,49.67,200.0
2017-12-22 11:29:00,49.67100000000001,49.68,49.67,49.67,1700.0
2017-12-22 11:30:00,49.69,49.71,49.67,49.67,2062.0
2017-12-22 11:31:00,49.69,49.7,49.69,49.7,400.0
2017-12-22 11:32:00,49.68,49.6881,49.66,49.6881,3300.0
2017-12-22 11:33:00,49.6702,49.7,49.6702,49.69,5700.0
2017-12-22 11:34:00,49.61,49.68,49.61,49.68,2100.0
2017-12-22 11:35:00,49.64,49.65,49.62,49.62,1900.0
2017-12-22 11:36:00,49.64,49.65,49.64,49.65,700.0
2017-12-22 11:38:00,49.63,49.645,49.63,49.645,200.0
2017-12-22 11:40:00,49.63,49.64,49.63,49.63,1100.0
2017-12-22 11:41:00,49.64,49.64,49.63,49.63,1400.0
2017-12-22 11:42:00,49.61,49.62,49.61,49.62,1218.0
2017-12-22 11:43:00,49.61,49.61,49.61,49.61,100.0
2017-12-22 11:44:00,49.63,49.63,49.6,49.6,500.0
2017-12-22 11:45:00,49.63,49.66,49.6289,49.629,3399.0
2017-12-22 11:46:00,49.6446,49.6446,49.6446,49.6446,1763.0
2017-12-22 11:47:00,49.62,49.64,49.62,49.63,2200.0
2017-12-22 11:48:00,49.64,49.64,49.64,49.64,100.0
2017-12-22 11:49:00,49.64,49.66,49.64,49.64,2100.0
2017-12-22 11:50:00,49.6341,49.6341,49.63,49.63,250.0
2017-12-22 11:51:00,49.64,49.64,49.64,49.64,100.0
2017-12-22 11:52:00,49.65,49.65,49.64,49.64,200.0
2017-12-22 11:53:00,49.63,49.64,49.62,49.64,900.0
2017-12-22 11:55:00,49.6,49.63,49.6,49.63,1400.0
2017-12-22 11:56:00,49.6,49.6001,49.6,49.6001,818.0
2017-12-22 11:57:00,49.61,49.62,49.6,49.6,1500.0
2017-12-22 11:58:00,49.62,49.62,49.62,49.62,200.0
2017-12-22 11:59:00,49.59,49.61,49.59,49.61,1800.0
2017-12-22 12:00:00,49.59,49.59,49.59,49.59,300.0
2017-12-22 12:01:00,49.58,49.58,49.58,49.58,200.0
2017-12-22 12:02:00,49.58,49.58,49.58,49.58,400.0
2017-12-22 12:04:00,49.58,49.58,49.58,49.58,200.0
2017-12-22 12:05:00,49.58,49.58,49.58,49.58,302.0
2017-12-22 12:06:00,49.57,49.57,49.57,49.57,500.0
2017-12-22 12:07:00,49.53,49.57,49.53,49.57,700.0
2017-12-22 12:08:00,49.54,49.55,49.54,49.54,1500.0
2017-12-22 12:10:00,49.54,49.55,49.5362,49.5362,800.0
2017-12-22 12:11:00,49.53,49.55,49.53,49.54,1400.0
2017-12-22 12:12:00,49.53,49.54,49.53,49.54,600.0
2017-12-22 12:13:00,49.51,49.53,49.51,49.53,400.0
2017-12-22 12:15:00,49.51,49.51,49.51,49.51,400.0
2017-12-22 12:16:00,49.51,49.52,49.49,49.5,5880.0
2017-12-22 12:17:00,49.51,49.53,49.51,49.51,1300.0
2017-12-22 12:18:00,49.52,49.52,49.52,49.52,460.0
2017-12-22 12:19:00,49.54,49.54,49.53,49.53,500.0
2017-12-22 12:20:00,49.53,49.55,49.53,49.55,1100.0
2017-12-22 12:21:00,49.53,49.53,49.52,49.52,500.0
2017-12-22 12:22:00,49.5332,49.5332,49.5332,49.5332,425.0
2017-12-22 12:23:00,49.54,49.54,49.53,49.53,200.0
2017-12-22 12:25:00,49.53,49.53,49.53,49.53,200.0
2017-12-22 12:26:00,49.53,49.54,49.53,49.54,900.0
2017-12-22 12:27:00,49.51,49.53,49.5,49.53,2000.0
2017-12-22 12:28:00,49.5,49.52,49.5,49.51,800.0
2017-12-22 12:29:00,49.49,49.51,49.49,49.51,780.0
2017-12-22 12:30:00,49.5,49.51,49.5,49.51,200.0
2017-12-22 12:31:00,49.5,49.51,49.49,49.4997,921.0
2017-12-22 12:32:00,49.49,49.49,49.49,49.49,500.0
2017-12-22 12:34:00,49.5,49.5,49.5,49.5,100.0
2017-12-22 12:35:00,49.49,49.49,49.49,49.49,100.0
2017-12-22 12:36:00,49.495,49.495,49.49,49.49,1043.0
2017-12-22 12:37:00,49.5,49.5,49.49,49.49,600.0
2017-12-22 12:38:00,49.57,49.57,49.5,49.5,6550.0
2017-12-22 12:39:00,49.6225,49.63,49.57,49.57,2400.0
2017-12-22 12:40:00,49.65,49.65,49.63,49.63,5900.0
2017-12-22 12:41:00,49.64,49.65,49.64,49.65,1300.0
2017-12-22 12:42:00,49.64,49.645,49.63,49.64,1200.0
2017-12-22 12:43:00,49.66,49.66,49.63,49.64,3602.0
2017-12-22 12:44:00,49.69,49.69,49.665,49.67,12000.0
2017-12-22 12:45:00,49.71,49.72,49.69,49.7,3200.0
2017-12-22 12:46:00,49.73,49.73,49.71,49.71,2337.0
2017-12-22 12:48:00,49.74,49.74,49.73,49.73,300.0
2017-12-22 12:49:00,49.74,49.74,49.73,49.73,500.0
2017-12-22 12:50:00,49.76,49.77,49.715,49.73,19426.0
2017-12-22 12:51:00,49.85,49.86,49.74,49.75,21175.0
2017-12-22 12:52:00,49.865,49.88,49.83,49.85,19709.0
2017-12-22 12:53:00,49.77,49.89,49.74,49.8704,13242.0
2017-12-22 12:54:00,49.79,49.8,49.742,49.75,2516.0
2017-12-22 12:55:00,49.8,49.81,49.8,49.81,600.0
2017-12-22 12:56:00,49.83,49.84,49.7805,49.79,2558.0
2017-12-22 12:57:00,49.82,49.82,49.805,49.805,1150.0
2017-12-22 12:58:00,49.79,49.79,49.79,49.79,200.0
2017-12-22 12:59:00,49.78,49.81,49.78,49.81,300.0
2017-12-22 13:00:00,49.79,49.79,49.78,49.78,800.0
2017-12-22 13:01:00,49.75,49.76,49.75,49.76,1311.0
2017-12-22 13:02:00,49.725,49.75,49.71,49.74,3012.0
2017-12-22 13:03:00,49.72,49.72,49.72,49.72,100.0
2017-12-22 13:04:00,49.77,49.77,49.72,49.74,3701.0
2017-12-22 13:05:00,49.7599,49.7599,49.746,49.75,900.0
2017-12-22 13:06:00,49.75,49.75,49.75,49.75,365.0
2017-12-22 13:07:00,49.76,49.76,49.74,49.75,2100.0
2017-12-22 13:08:00,49.89,49.91,49.755,49.76,17346.0
2017-12-22 13:09:00,49.89,49.9,49.86,49.89,17866.0
2017-12-22 13:10:00,49.9,49.9,49.88,49.89,12520.0
2017-12-22 13:11:00,49.87,49.9,49.86,49.9,4650.0
2017-12-22 13:12:00,49.885,49.885,49.87,49.88,4160.0
2017-12-22 13:13:00,49.87,49.885,49.87,49.88,967.0
2017-12-22 13:14:00,49.885,49.89,49.87,49.88,2485.0
2017-12-22 13:15:00,49.88,49.885,49.88,49.885,1400.0
2017-12-22 13:16:00,49.885,49.885,49.885,49.885,500.0
2017-12-22 13:17:00,49.885,49.885,49.875,49.885,2242.0
2017-12-22 13:18:00,49.86,49.88,49.86,49.88,900.0
2017-12-22 13:19:00,49.84,49.84,49.84,49.84,100.0
2017-12-22 13:20:00,49.83,49.83,49.83,49.83,400.0
2017-12-22 13:21:00,49.82,49.82,49.82,49.82,200.0
2017-12-22 13:22:00,49.81,49.81,49.81,49.81,100.0
2017-12-22 13:23:00,49.805,49.81,49.8,49.8,300.0
2017-12-22 13:24:00,49.8307,49.8307,49.805,49.805,1265.0
2017-12-22 13:25:00,49.82,49.83,49.82,49.83,500.0
2017-12-22 13:26:00,49.82,49.83,49.82,49.83,400.0
2017-12-22 13:27:00,49.84,49.84,49.82,49.83,1251.0
2017-12-22 13:28:00,49.83,49.83,49.82,49.825,702.0
2017-12-22 13:29:00,49.83,49.83,49.83,49.83,500.0
2017-12-22 13:30:00,49.81,49.83,49.81,49.83,987.0
2017-12-22 13:31:00,49.81,49.81,49.81,49.81,300.0
2017-12-22 13:32:00,49.78,49.79,49.78,49.79,400.0
2017-12-22 13:33:00,49.78,49.78,49.78,49.78,100.0
2017-12-22 13:34:00,49.77,49.77,49.77,49.77,100.0
2017-12-22 13:35:00,49.77,49.79,49.77,49.77,600.0
2017-12-22 13:36:00,49.78,49.78,49.75,49.75,200.0
2017-12-22 13:37:00,49.74,49.77,49.74,49.77,800.0
2017-12-22 13:38:00,49.75,49.75,49.75,49.75,100.0
2017-12-22 13:39:00,49.75,49.75,49.74,49.742,1180.0
2017-12-22 13:40:00,49.74,49.74,49.74,49.74,500.0
2017-12-22 13:41:00,49.72,49.73,49.71,49.73,776.0
2017-12-22 13:42:00,49.73,49.74,49.72,49.73,1400.0
2017-12-22 13:43:00,49.74,49.74,49.74,49.74,400.0
2017-12-22 13:44:00,49.73,49.7338,49.72,49.7338,1142.0
2017-12-22 13:45:00,49.74,49.74,49.73,49.73,600.0
2017-12-22 13:46:00,49.77,49.77,49.75,49.75,1600.0
2017-12-22 13:47:00,49.77,49.77,49.77,49.77,100.0
2017-12-22 13:48:00,49.76,49.76,49.76,49.76,1000.0
2017-12-22 13:49:00,49.76,49.76,49.75,49.75,200.0
2017-12-22 13:50:00,49.81,49.81,49.755,49.755,9832.0
2017-12-22 13:51:00,49.795,49.82,49.795,49.8,14632.0
2017-12-22 13:52:00,49.8003,49.8003,49.8003,49.8003,376.0
2017-12-22 13:53:00,49.81,49.81,49.8,49.8,500.0
2017-12-22 13:54:00,49.84,49.84,49.82,49.82,1400.0
2017-12-22 13:55:00,49.839,49.84,49.83,49.83,2885.0
2017-12-22 13:56:00,49.87,49.88,49.84,49.84,1687.0
2017-12-22 13:57:00,49.85,49.85,49.85,49.85,100.0
2017-12-22 13:58:00,49.85,49.85,49.85,49.85,100.0
2017-12-22 13:59:00,49.82,49.85,49.82,49.85,600.0
2017-12-22 14:00:00,49.82,49.8268,49.82,49.8268,369.0
2017-12-22 14:01:00,49.8825,49.89,49.83,49.8332,13988.0
2017-12-22 14:02:00,49.9,49.9,49.88,49.885,3400.0
2017-12-22 14:03:00,49.9,49.9,49.9,49.9,200.0
2017-12-22 14:04:00,49.89,49.905,49.89,49.905,1569.0
2017-12-22 14:05:00,49.89,49.895,49.89,49.895,568.0
2017-12-22 14:06:00,49.86,49.88,49.86,49.87,1000.0
2017-12-22 14:07:00,49.87,49.87,49.87,49.87,1100.0
2017-12-22 14:08:00,49.86,49.86,49.86,49.86,100.0
2017-12-22 14:09:00,49.895,49.9,49.865,49.865,6760.0
2017-12-22 14:10:00,49.9,49.9,49.895,49.895,4200.0
2017-12-22 14:11:00,49.9,49.9,49.895,49.9,2800.0
2017-12-22 14:12:00,49.909,49.909,49.89,49.89,1536.0
2017-12-22 14:13:00,49.9,49.9,49.89,49.9,1064.0
2017-12-22 14:14:00,49.89,49.9,49.89,49.89,600.0
2017-12-22 14:15:00,49.87,49.88,49.87,49.87,300.0
2017-12-22 14:16:00,49.89,49.89,49.885,49.885,806.0
2017-12-22 14:17:00,49.909,49.909,49.89,49.895,1540.0
2017-12-22 14:18:00,49.915,49.9199,49.91,49.91,2360.0
2017-12-22 14:19:00,49.926,49.926,49.915,49.915,700.0
2017-12-22 14:20:00,49.9003,49.92,49.9003,49.92,1390.0
2017-12-22 14:21:00,49.9,49.91,49.9,49.9,300.0
2017-12-22 14:22:00,49.9,49.9,49.9,49.9,400.0
2017-12-22 14:23:00,49.89,49.9,49.89,49.9,700.0
2017-12-22 14:24:00,49.88,49.89,49.875,49.88,1600.0
2017-12-22 14:25:00,49.88,49.8801,49.87,49.8801,1699.0
2017-12-22 14:26:00,49.865,49.88,49.86,49.88,901.0
2017-12-22 14:27:00,49.89,49.89,49.865,49.865,10340.0
2017-12-22 14:28:00,49.9,49.9,49.89,49.89,9193.0
2017-12-22 14:29:00,49.9,49.9,49.9,49.9,1780.0
2017-12-22 14:30:00,49.9,49.9,49.9,49.9,100.0
2017-12-22 14:31:00,49.905,49.905,49.905,49.905,100.0
2017-12-22 14:32:00,49.9,49.9,49.895,49.895,2734.0
2017-12-22 14:33:00,49.9,49.91,49.9,49.9,3200.0
2017-12-22 14:34:00,49.925,49.95,49.905,49.905,7972.0
2017-12-22 14:35:00,49.91,49.91,49.91,49.91,300.0
2017-12-22 14:36:00,49.895,49.905,49.89,49.9,1317.0
2017-12-22 14:37:00,49.9,49.9,49.895,49.895,1388.0
2017-12-22 14:38:00,49.89,49.905,49.89,49.905,870.0
2017-12-22 14:39:00,49.9,49.9,49.89,49.89,4800.0
2017-12-22 14:40:00,49.9,49.9,49.9,49.9,838.0
2017-12-22 14:41:00,49.885,49.89,49.885,49.89,1045.0
2017-12-22 14:42:00,49.8699,49.89,49.8699,49.885,1200.0
2017-12-22 14:43:00,49.86,49.865,49.86,49.865,1600.0
2017-12-22 14:44:00,49.85,49.85,49.84,49.84,800.0
2017-12-22 14:45:00,49.84,49.84,49.84,49.84,500.0
2017-12-22 14:46:00,49.9,49.9,49.84,49.84,5388.0
2017-12-22 14:47:00,49.9,49.9,49.89,49.895,2000.0
2017-12-22 14:48:00,49.9,49.91,49.9,49.9,3351.0
2017-12-22 14:49:00,49.9,49.9,49.89,49.89,300.0
2017-12-22 14:50:00,49.89,49.9,49.89,49.9,1100.0
2017-12-22 14:51:00,49.92,49.9249,49.9,49.9,2900.0
2017-12-22 14:52:00,49.91,49.915,49.9,49.91,3836.0
2017-12-22 14:53:00,49.905,49.905,49.905,49.905,100.0
2017-12-22 14:54:00,49.895,49.905,49.895,49.905,1488.0
2017-12-22 14:55:00,49.88,49.895,49.88,49.895,930.0
2017-12-22 14:56:00,49.9,49.9,49.885,49.885,1403.0
2017-12-22 14:57:00,49.87,49.9,49.87,49.9,1000.0
2017-12-22 14:58:00,49.88,49.88,49.87,49.87,200.0
2017-12-22 14:59:00,49.87,49.88,49.87,49.88,300.0
2017-12-22 15:00:00,49.87,49.88,49.87,49.87,1500.0
2017-12-22 15:01:00,49.875,49.875,49.865,49.865,1700.0
2017-12-22 15:02:00,49.885,49.89,49.875,49.875,9868.0
2017-12-22 15:03:00,49.885,49.89,49.885,49.885,400.0
2017-12-22 15:04:00,49.86,49.91,49.86,49.89,13380.0
2017-12-22 15:05:00,49.87,49.87,49.86,49.86,1200.0
2017-12-22 15:06:00,49.89,49.89,49.87,49.87,9485.0
2017-12-22 15:07:00,49.9,49.91,49.88,49.885,9590.0
2017-12-22 15:08:00,49.885,49.905,49.885,49.905,1300.0
2017-12-22 15:10:00,49.895,49.9,49.88,49.88,1677.0
2017-12-22 15:11:00,49.9,49.9,49.895,49.898999999999994,751.0
2017-12-22 15:12:00,49.89,49.9,49.89,49.9,2100.0
2017-12-22 15:13:00,49.895,49.8952,49.89,49.89,659.0
2017-12-22 15:14:00,49.895,49.895,49.89,49.89,1469.0
2017-12-22 15:15:00,49.88,49.895,49.88,49.89,1900.0
2017-12-22 15:16:00,49.86,49.88,49.855,49.88,2500.0
2017-12-22 15:17:00,49.865,49.865,49.86,49.86,2554.0
2017-12-22 15:18:00,49.88,49.88,49.865,49.86600000000001,5804.0
2017-12-22 15:19:00,49.91,49.91,49.875,49.88,24002.0
2017-12-22 15:20:00,49.89,49.9,49.89,49.9,1167.0
2017-12-22 15:21:00,49.885,49.885,49.885,49.885,220.0
2017-12-22 15:22:00,49.88,49.885,49.88,49.885,2300.0
2017-12-22 15:23:00,49.88,49.885,49.88,49.885,700.0
2017-12-22 15:24:00,49.8925,49.8925,49.88,49.88,9292.0
2017-12-22 15:25:00,49.895,49.895,49.88,49.89,5575.0
2017-12-22 15:26:00,49.91,49.91,49.9,49.9,1897.0
2017-12-22 15:27:00,49.9,49.91,49.9,49.91,2624.0
2017-12-22 15:28:00,49.9,49.9,49.9,49.9,1100.0
2017-12-22 15:29:00,49.88,49.895,49.88,49.89,1200.0
2017-12-22 15:30:00,49.89,49.895,49.89,49.89,2700.0
2017-12-22 15:31:00,49.91,49.91,49.9,49.9,2629.0
2017-12-22 15:32:00,49.905,49.91,49.9,49.91,1700.0
2017-12-22 15:33:00,49.93,49.94,49.9075,49.91,12797.0
2017-12-22 15:34:00,49.92,49.92,49.915,49.92,2500.0
2017-12-22 15:35:00,49.92,49.9261,49.92,49.92,1297.0
2017-12-22 15:36:00,49.92,49.92,49.92,49.92,1200.0
2017-12-22 15:37:00,49.92,49.92,49.91,49.92,703.0
2017-12-22 15:38:00,49.95,49.95,49.92,49.92,8151.0
2017-12-22 15:39:00,49.95,49.95,49.94,49.94,3100.0
2017-12-22 15:40:00,49.97,49.97,49.94,49.95,6983.0
2017-12-22 15:41:00,49.96,49.98,49.96,49.975,3635.0
2017-12-22 15:42:00,49.945,49.96,49.94,49.96,10495.0
2017-12-22 15:43:00,49.96,49.96,49.94,49.945,7429.0
2017-12-22 15:44:00,49.95,49.965,49.95,49.965,6302.0
2017-12-22 15:45:00,49.97,49.97,49.95,49.955,4522.0
2017-12-22 15:46:00,49.945,49.97,49.94,49.97,2979.0
2017-12-22 15:47:00,49.95,49.97,49.925,49.945,10927.0
2017-12-22 15:48:00,49.975,49.98,49.955,49.955,8500.0
2017-12-22 15:49:00,50.0,50.0,49.975,49.98,13000.0
2017-12-22 15:50:00,50.0,50.0,49.99,49.995,6300.0
2017-12-22 15:51:00,49.995,50.0,49.99,49.99,29166.0
2017-12-22 15:52:00,50.0,50.0,49.99,50.0,9206.0
2017-12-22 15:53:00,49.99,50.0,49.99,49.995,3737.0
2017-12-22 15:54:00,49.995,50.0,49.99,49.99,3420.0
2017-12-22 15:55:00,50.02,50.02,49.99,49.995,13962.0
2017-12-22 15:56:00,49.99,50.02,49.99,50.02,15238.0
2017-12-22 15:57:00,50.0,50.015,49.99,49.995,22910.0
2017-12-22 15:58:00,50.005,50.01,50.0,50.0,12646.0
2017-12-22 15:59:00,50.01,50.01,49.995,50.0,15737.0
2017-12-22 16:00:00,50.04,50.05,50.0,50.005,76273.0
2017-12-26 09:30:00,50.09,50.09,50.09,50.09,7793.0
2017-12-26 09:31:00,50.0011,50.02,49.87,50.02,5693.0
2017-12-26 09:32:00,49.97,49.98,49.92,49.92,2819.0
2017-12-26 09:33:00,50.09,50.09,50.02,50.03,1200.0
2017-12-26 09:34:00,50.14,50.14,50.07,50.11,500.0
2017-12-26 09:35:00,50.08,50.09,50.07,50.09,1416.0
2017-12-26 09:36:00,50.12,50.18,50.12,50.12,1000.0
2017-12-26 09:37:00,50.14,50.145,50.09,50.11,900.0
2017-12-26 09:38:00,50.18,50.18,50.15,50.15,300.0
2017-12-26 09:39:00,50.2,50.23,50.2,50.23,200.0
2017-12-26 09:40:00,50.22,50.25,50.2,50.25,400.0
2017-12-26 09:41:00,50.24,50.27,50.21,50.23,1188.0
2017-12-26 09:42:00,50.245,50.265,50.23,50.24,1200.0
2017-12-26 09:43:00,50.23,50.24,50.23,50.24,800.0
2017-12-26 09:44:00,50.25,50.265,50.23,50.23,1200.0
2017-12-26 09:45:00,50.2701,50.3,50.2701,50.28,1818.0
2017-12-26 09:46:00,50.18,50.29,50.18,50.29,3047.0
2017-12-26 09:47:00,50.2,50.23,50.2,50.23,500.0
2017-12-26 09:48:00,50.26,50.26,50.2,50.2,1360.0
2017-12-26 09:49:00,50.25,50.25,50.25,50.25,100.0
2017-12-26 09:50:00,50.26,50.27,50.24,50.24,300.0
2017-12-26 09:51:00,50.22,50.28,50.22,50.28,200.0
2017-12-26 09:52:00,50.24,50.25,50.21,50.21,600.0
2017-12-26 09:53:00,50.235,50.25,50.23,50.23,500.0
2017-12-26 09:54:00,50.235,50.235,50.235,50.235,100.0
2017-12-26 09:55:00,50.22,50.24,50.22,50.24,600.0
2017-12-26 09:56:00,50.21,50.23,50.21,50.23,600.0
2017-12-26 09:57:00,50.22,50.22,50.22,50.22,100.0
2017-12-26 09:58:00,50.23,50.24,50.22,50.22,500.0
2017-12-26 09:59:00,50.23,50.23,50.23,50.23,100.0
2017-12-26 10:00:00,50.22,50.24,50.22,50.24,200.0
2017-12-26 10:01:00,50.23,50.25,50.22,50.22,3500.0
2017-12-26 10:02:00,50.21,50.23,50.21,50.22,3500.0
2017-12-26 10:03:00,50.23,50.24,50.23,50.23,400.0
2017-12-26 10:04:00,50.21,50.23,50.21,50.23,800.0
2017-12-26 10:05:00,50.21,50.21,50.21,50.21,100.0
2017-12-26 10:06:00,50.18,50.19,50.18,50.19,430.0
2017-12-26 10:08:00,50.15,50.16,50.15,50.16,300.0
2017-12-26 10:09:00,50.16,50.16,50.16,50.16,700.0
2017-12-26 10:10:00,50.17,50.17,50.15,50.16,1000.0
2017-12-26 10:11:00,50.16,50.16,50.16,50.16,200.0
2017-12-26 10:12:00,50.2,50.2,50.16,50.16,1600.0
2017-12-26 10:14:00,50.17,50.17,50.16,50.16,200.0
2017-12-26 10:15:00,50.18,50.18,50.16,50.17,528.0
2017-12-26 10:16:00,50.12,50.16,50.12,50.16,1019.0
2017-12-26 10:17:00,50.08,50.13,50.08,50.13,500.0
2017-12-26 10:18:00,50.06,50.08,50.06,50.08,4073.0
2017-12-26 10:19:00,50.08,50.09,50.06,50.06,4074.0
2017-12-26 10:20:00,50.11,50.11,50.075,50.075,700.0
2017-12-26 10:21:00,50.12,50.12,50.09,50.09,1669.0
2017-12-26 10:22:00,50.1,50.12,50.1,50.12,800.0
2017-12-26 10:23:00,50.11,50.13,50.08,50.095,3606.0
2017-12-26 10:24:00,50.1,50.1,50.1,50.1,300.0
2017-12-26 10:25:00,50.11,50.11,50.09,50.1,300.0
2017-12-26 10:26:00,50.12,50.12,50.1,50.1,3000.0
2017-12-26 10:27:00,50.105,50.12,50.1,50.11,3040.0
2017-12-26 10:28:00,50.15,50.155,50.105,50.105,5500.0
2017-12-26 10:29:00,50.11,50.145,50.11,50.14,4898.0
2017-12-26 10:30:00,50.1,50.1,50.1,50.1,100.0
2017-12-26 10:31:00,50.095,50.095,50.08,50.08,400.0
2017-12-26 10:32:00,50.08,50.1,50.08,50.1,3755.0
2017-12-26 10:33:00,50.07,50.08,50.05,50.07,3352.0
2017-12-26 10:34:00,50.0689,50.07,50.06,50.06,1003.0
2017-12-26 10:35:00,50.07,50.07,50.065,50.065,200.0
2017-12-26 10:36:00,50.055,50.06,50.05,50.06,722.0
2017-12-26 10:37:00,50.07,50.08,50.055,50.06,3143.0
2017-12-26 10:38:00,50.04,50.06,50.04,50.06,829.0
2017-12-26 10:39:00,50.06,50.06,50.03,50.03,300.0
2017-12-26 10:41:00,50.08,50.08,50.04,50.05,3040.0
2017-12-26 10:42:00,50.075,50.08,50.075,50.08,200.0
2017-12-26 10:43:00,50.06,50.06,50.06,50.06,200.0
2017-12-26 10:45:00,50.065,50.065,50.065,50.065,100.0
2017-12-26 10:46:00,50.08,50.08,50.07,50.07,300.0
2017-12-26 10:47:00,50.09,50.09,50.08,50.08,700.0
2017-12-26 10:48:00,50.08,50.08,50.08,50.08,200.0
2017-12-26 10:50:00,50.1405,50.1405,50.11,50.11,1500.0
2017-12-26 10:51:00,50.21,50.21,50.14,50.14,3000.0
2017-12-26 10:52:00,50.22,50.22,50.22,50.22,100.0
2017-12-26 10:53:00,50.17,50.17,50.17,50.17,100.0
2017-12-26 10:55:00,50.17,50.17,50.17,50.17,100.0
2017-12-26 10:56:00,50.14,50.15,50.14,50.15,200.0
2017-12-26 10:57:00,50.155,50.16,50.15,50.15,500.0
2017-12-26 10:58:00,50.16,50.16,50.16,50.16,100.0
2017-12-26 10:59:00,50.14,50.15,50.1356,50.15,1900.0
2017-12-26 11:00:00,50.14,50.14,50.14,50.14,600.0
2017-12-26 11:01:00,50.1301,50.1301,50.1301,50.1301,120.0
2017-12-26 11:02:00,50.14,50.14,50.14,50.14,300.0
2017-12-26 11:03:00,50.15,50.15,50.13,50.15,700.0
2017-12-26 11:04:00,50.14,50.15,50.14,50.15,385.0
2017-12-26 11:05:00,50.125,50.14,50.125,50.14,400.0
2017-12-26 11:06:00,50.12,50.12,50.11,50.115,912.0
2017-12-26 11:08:00,50.11,50.11,50.09,50.1,400.0
2017-12-26 11:09:00,50.11,50.11,50.08,50.08,1800.0
2017-12-26 11:10:00,50.11,50.11,50.105,50.105,300.0
2017-12-26 11:11:00,50.12,50.12,50.12,50.12,100.0
2017-12-26 11:12:00,50.1,50.12,50.1,50.11,730.0
2017-12-26 11:13:00,50.13,50.13,50.12,50.12,400.0
2017-12-26 11:14:00,50.15,50.15,50.1298,50.15,350.0
2017-12-26 11:17:00,50.11,50.12,50.11,50.12,282.0
2017-12-26 11:18:00,50.1,50.1,50.1,50.1,500.0
2017-12-26 11:19:00,50.1,50.1,50.08,50.09,1000.0
2017-12-26 11:20:00,50.11,50.11,50.09,50.09,200.0
2017-12-26 11:21:00,50.12,50.12,50.12,50.12,100.0
2017-12-26 11:22:00,50.12,50.12,50.09,50.09,500.0
2017-12-26 11:23:00,50.06,50.11,50.06,50.11,937.0
2017-12-26 11:24:00,50.08,50.08,50.07,50.07,200.0
2017-12-26 11:25:00,50.088,50.11,50.07,50.07,1100.0
2017-12-26 11:26:00,50.09,50.09,50.09,50.09,1200.0
2017-12-26 11:27:00,50.1,50.1,50.07,50.1,918.0
2017-12-26 11:28:00,50.1,50.1,50.1,50.1,400.0
2017-12-26 11:29:00,50.12,50.12,50.1,50.11,1200.0
2017-12-26 11:30:00,50.12,50.14,50.11,50.11,1000.0
2017-12-26 11:31:00,50.16,50.16,50.13,50.13,1200.0
2017-12-26 11:32:00,50.13,50.15,50.13,50.15,200.0
2017-12-26 11:33:00,50.14,50.14,50.14,50.14,100.0
2017-12-26 11:34:00,50.1,50.13,50.1,50.13,1000.0
2017-12-26 11:35:00,50.14,50.14,50.1,50.1,1067.0
2017-12-26 11:36:00,50.12,50.12,50.12,50.12,400.0
2017-12-26 11:37:00,50.16,50.16,50.12,50.12,1100.0
2017-12-26 11:38:00,50.16,50.17,50.16,50.17,900.0
2017-12-26 11:39:00,50.16,50.16,50.15,50.15,500.0
2017-12-26 11:40:00,50.17,50.17,50.14,50.14,3899.0
2017-12-26 11:41:00,50.17,50.18,50.16,50.18,1122.0
2017-12-26 11:42:00,50.17,50.17,50.17,50.17,500.0
2017-12-26 11:43:00,50.19,50.2,50.18,50.18,1300.0
2017-12-26 11:44:00,50.19,50.19,50.19,50.19,300.0
2017-12-26 11:45:00,50.2,50.21,50.185,50.185,1499.0
2017-12-26 11:46:00,50.2,50.2,50.2,50.2,200.0
2017-12-26 11:47:00,50.18,50.2,50.18,50.2,3735.0
2017-12-26 11:48:00,50.18,50.18,50.18,50.18,100.0
2017-12-26 11:50:00,50.18,50.18,50.18,50.18,300.0
2017-12-26 11:51:00,50.19,50.19,50.17,50.18,2154.0
2017-12-26 11:52:00,50.17,50.19,50.16,50.19,2400.0
2017-12-26 11:53:00,50.19,50.19,50.18,50.18,300.0
2017-12-26 11:54:00,50.2,50.22,50.19,50.22,400.0
2017-12-26 11:55:00,50.2,50.2,50.2,50.2,800.0
2017-12-26 11:56:00,50.19,50.19,50.19,50.19,100.0
2017-12-26 11:57:00,50.2,50.2012,50.19,50.1991,728.0
2017-12-26 11:58:00,50.1987,50.1987,50.19,50.19,280.0
2017-12-26 11:59:00,50.195,50.195,50.195,50.195,100.0
2017-12-26 12:00:00,50.2,50.2,50.19,50.19,421.0
2017-12-26 12:01:00,50.175,50.19,50.17,50.19,1480.0
2017-12-26 12:02:00,50.19,50.19,50.18,50.18,1100.0
2017-12-26 12:03:00,50.18,50.19,50.18,50.19,1300.0
2017-12-26 12:04:00,50.21,50.21,50.17,50.17,2680.0
2017-12-26 12:05:00,50.21,50.21,50.21,50.21,700.0
2017-12-26 12:06:00,50.21,50.21,50.21,50.21,1100.0
2017-12-26 12:07:00,50.18,50.2,50.18,50.2,800.0
2017-12-26 12:08:00,50.18,50.18,50.18,50.18,200.0
2017-12-26 12:10:00,50.19,50.2,50.185,50.185,1530.0
2017-12-26 12:11:00,50.18,50.18,50.18,50.18,100.0
2017-12-26 12:12:00,50.19,50.19,50.19,50.19,100.0
2017-12-26 12:13:00,50.19,50.19,50.1844,50.1844,200.0
2017-12-26 12:14:00,50.185,50.19,50.185,50.19,200.0
2017-12-26 12:15:00,50.19,50.19,50.19,50.19,800.0
2017-12-26 12:16:00,50.19,50.19,50.19,50.19,700.0
2017-12-26 12:19:00,50.18,50.19,50.18,50.19,1828.0
2017-12-26 12:20:00,50.17,50.17,50.16,50.17,2053.0
2017-12-26 12:21:00,50.19,50.19,50.18,50.18,1551.0
2017-12-26 12:22:00,50.19,50.19,50.19,50.19,100.0
2017-12-26 12:23:00,50.21,50.21,50.1863,50.1863,2027.0
2017-12-26 12:24:00,50.23,50.23,50.23,50.23,400.0
2017-12-26 12:25:00,50.23,50.23,50.23,50.23,300.0
2017-12-26 12:26:00,50.22,50.22,50.22,50.22,1600.0
2017-12-26 12:27:00,50.23,50.235,50.23,50.23,1500.0
2017-12-26 12:28:00,50.24,50.24,50.24,50.24,394.0
2017-12-26 12:29:00,50.23,50.23,50.23,50.23,100.0
2017-12-26 12:30:00,50.24,50.24,50.23,50.24,400.0
2017-12-26 12:31:00,50.24,50.25,50.24,50.24,300.0
2017-12-26 12:32:00,50.24,50.24,50.24,50.24,1253.0
2017-12-26 12:33:00,50.23,50.23,50.23,50.23,494.0
2017-12-26 12:34:00,50.22,50.22,50.21,50.22,1000.0
2017-12-26 12:35:00,50.23,50.23,50.23,50.23,100.0
2017-12-26 12:37:00,50.22,50.22,50.22,50.22,100.0
2017-12-26 12:38:00,50.23,50.23,50.21,50.21,1400.0
2017-12-26 12:39:00,50.23,50.24,50.23,50.24,200.0
2017-12-26 12:40:00,50.22,50.23,50.22,50.23,800.0
2017-12-26 12:41:00,50.235,50.235,50.23,50.23,799.0
2017-12-26 12:44:00,50.24,50.24,50.231,50.24,503.0
2017-12-26 12:45:00,50.23,50.23,50.23,50.23,2325.0
2017-12-26 12:46:00,50.22,50.2263,50.22,50.2263,1181.0
2017-12-26 12:47:00,50.21,50.22,50.21,50.22,2050.0
2017-12-26 12:48:00,50.21,50.21,50.21,50.21,600.0
2017-12-26 12:49:00,50.2,50.2,50.2,50.2,100.0
2017-12-26 12:50:00,50.19,50.2,50.19,50.2,600.0
2017-12-26 12:51:00,50.18,50.19,50.18,50.19,1600.0
2017-12-26 12:52:00,50.16,50.18,50.16,50.17,31750.0
2017-12-26 12:53:00,50.15,50.15,50.15,50.15,471.0
2017-12-26 12:54:00,50.15,50.15,50.1356,50.14,13404.0
2017-12-26 12:55:00,50.14,50.1525,50.14,50.1525,2100.0
2017-12-26 12:56:00,50.145,50.145,50.14,50.14,1100.0
2017-12-26 12:58:00,50.14,50.14,50.14,50.14,700.0
2017-12-26 12:59:00,50.14,50.14,50.14,50.14,444.0
2017-12-26 13:00:00,50.19,50.19,50.14,50.14,16920.0
2017-12-26 13:01:00,50.23,50.23,50.21,50.21,1300.0
2017-12-26 13:02:00,50.24,50.24,50.215,50.22,2875.0
2017-12-26 13:03:00,50.25,50.25,50.24,50.25,1620.0
2017-12-26 13:04:00,50.25,50.25,50.25,50.25,300.0
2017-12-26 13:05:00,50.26,50.27,50.24,50.24,1900.0
2017-12-26 13:06:00,50.27,50.27,50.27,50.27,204.0
2017-12-26 13:07:00,50.261,50.261,50.26,50.26,403.0
2017-12-26 13:08:00,50.278,50.278,50.278,50.278,100.0
2017-12-26 13:09:00,50.28,50.28,50.28,50.28,100.0
2017-12-26 13:10:00,50.28,50.28,50.28,50.28,137.0
2017-12-26 13:11:00,50.275,50.275,50.275,50.275,100.0
2017-12-26 13:12:00,50.2758,50.28,50.2758,50.28,311.0
2017-12-26 13:13:00,50.2771,50.2771,50.2771,50.2771,700.0
2017-12-26 13:15:00,50.3,50.3,50.28,50.28,1498.0
2017-12-26 13:16:00,50.27,50.295,50.27,50.295,3526.0
2017-12-26 13:17:00,50.26,50.26,50.24,50.26,15500.0
2017-12-26 13:18:00,50.27,50.27,50.2501,50.26,1868.0
2017-12-26 13:20:00,50.29,50.29,50.29,50.29,517.0
2017-12-26 13:21:00,50.28,50.29,50.28,50.29,1917.0
2017-12-26 13:22:00,50.28,50.28,50.28,50.28,700.0
2017-12-26 13:23:00,50.2872,50.29,50.28,50.28,853.0
2017-12-26 13:24:00,50.3,50.3,50.28,50.28,1369.0
2017-12-26 13:25:00,50.28,50.3,50.28,50.3,700.0
2017-12-26 13:26:00,50.2801,50.2801,50.2801,50.2801,1000.0
2017-12-26 13:27:00,50.28,50.29,50.28,50.29,809.0
2017-12-26 13:28:00,50.3,50.3,50.3,50.3,100.0
2017-12-26 13:29:00,50.29,50.29,50.29,50.29,500.0
2017-12-26 13:30:00,50.3,50.3,50.28,50.28,500.0
2017-12-26 13:31:00,50.29,50.3,50.29,50.3,400.0
2017-12-26 13:32:00,50.29,50.2972,50.29,50.2972,1328.0
2017-12-26 13:34:00,50.28,50.29,50.28,50.29,3432.0
2017-12-26 13:35:00,50.26,50.27,50.26,50.27,300.0
2017-12-26 13:36:00,50.23,50.26,50.23,50.26,1603.0
2017-12-26 13:37:00,50.24100000000001,50.24100000000001,50.24,50.24,1538.0
2017-12-26 13:38:00,50.23,50.25,50.23,50.25,600.0
2017-12-26 13:39:00,50.2,50.22,50.2,50.22,1400.0
2017-12-26 13:40:00,50.22,50.22,50.21,50.21,700.0
2017-12-26 13:41:00,50.2,50.22,50.2,50.2128,1600.0
2017-12-26 13:42:00,50.2098,50.2098,50.19,50.19,400.0
2017-12-26 13:43:00,50.2098,50.2098,50.19,50.19,300.0
2017-12-26 13:44:00,50.2098,50.21,50.19,50.19,500.0
2017-12-26 13:45:00,50.2,50.2,50.19,50.2,2639.0
2017-12-26 13:47:00,50.21,50.21,50.2,50.2,400.0
2017-12-26 13:48:00,50.22,50.22,50.22,50.22,400.0
2017-12-26 13:49:00,50.22,50.22,50.21,50.21,200.0
2017-12-26 13:50:00,50.215,50.22,50.2,50.21,400.0
2017-12-26 13:51:00,50.22,50.22,50.22,50.22,200.0
2017-12-26 13:52:00,50.22,50.22,50.22,50.22,400.0
2017-12-26 13:53:00,50.19,50.22,50.19,50.22,2632.0
2017-12-26 13:54:00,50.21,50.21,50.2,50.21,1000.0
2017-12-26 13:55:00,50.21,50.22,50.2,50.22,2000.0
2017-12-26 13:56:00,50.2,50.2,50.2,50.2,400.0
2017-12-26 13:58:00,50.19,50.2,50.18,50.19,600.0
2017-12-26 13:59:00,50.19,50.2,50.19,50.19,2615.0
2017-12-26 14:00:00,50.19,50.195,50.19,50.19,1667.0
2017-12-26 14:01:00,50.19,50.19,50.19,50.19,200.0
2017-12-26 14:02:00,50.2,50.2,50.2,50.2,300.0
2017-12-26 14:04:00,50.19,50.196000000000005,50.19,50.196000000000005,502.0
2017-12-26 14:05:00,50.21,50.21,50.2,50.2,5299.0
2017-12-26 14:06:00,50.205,50.21,50.2,50.21,1425.0
2017-12-26 14:07:00,50.17,50.2,50.159,50.2,5086.0
2017-12-26 14:08:00,50.19,50.2,50.18,50.18,900.0
2017-12-26 14:09:00,50.2,50.2,50.195,50.195,300.0
2017-12-26 14:10:00,50.1999,50.2,50.195,50.195,3000.0
2017-12-26 14:11:00,50.2,50.21,50.2,50.2,3799.0
2017-12-26 14:12:00,50.21,50.21,50.2,50.2,1546.0
2017-12-26 14:13:00,50.21,50.21,50.2,50.21,1100.0
2017-12-26 14:14:00,50.21,50.21,50.21,50.21,200.0
2017-12-26 14:15:00,50.18,50.21,50.18,50.21,2800.0
2017-12-26 14:16:00,50.18,50.19,50.175,50.18,1307.0
2017-12-26 14:17:00,50.175,50.18,50.175,50.18,1872.0
2017-12-26 14:18:00,50.18,50.19,50.175,50.175,1400.0
2017-12-26 14:19:00,50.19,50.19,50.18,50.19,1802.0
2017-12-26 14:20:00,50.175,50.185,50.17,50.185,3152.0
2017-12-26 14:21:00,50.195,50.2,50.18,50.18,3528.0
2017-12-26 14:22:00,50.22,50.22,50.2,50.2,2930.0
2017-12-26 14:23:00,50.2,50.22,50.2,50.22,600.0
2017-12-26 14:24:00,50.21,50.21,50.205,50.205,449.0
2017-12-26 14:25:00,50.23,50.23,50.2,50.2,3901.0
2017-12-26 14:26:00,50.22,50.23,50.22,50.23,1469.0
2017-12-26 14:27:00,50.21,50.21,50.21,50.21,2621.0
2017-12-26 14:28:00,50.23,50.23,50.21,50.21,922.0
2017-12-26 14:29:00,50.23,50.23,50.22,50.23,1655.0
2017-12-26 14:30:00,50.24,50.24,50.22,50.23,2918.0
2017-12-26 14:31:00,50.25,50.25,50.24,50.25,508.0
2017-12-26 14:32:00,50.24,50.25,50.24,50.25,700.0
2017-12-26 14:33:00,50.24,50.25,50.24,50.25,1898.0
2017-12-26 14:34:00,50.23,50.24,50.23,50.24,1197.0
2017-12-26 14:35:00,50.22,50.235,50.22,50.235,1792.0
2017-12-26 14:36:00,50.215,50.215,50.215,50.215,114.0
2017-12-26 14:37:00,50.23,50.23,50.22,50.22,800.0
2017-12-26 14:38:00,50.23,50.23,50.22,50.225,700.0
2017-12-26 14:39:00,50.225,50.23,50.225,50.23,580.0
2017-12-26 14:40:00,50.23,50.23,50.22,50.23,700.0
2017-12-26 14:41:00,50.22,50.24,50.22,50.23,2300.0
2017-12-26 14:43:00,50.22,50.22,50.22,50.22,600.0
2017-12-26 14:44:00,50.21,50.215,50.21,50.215,300.0
2017-12-26 14:45:00,50.205,50.21,50.205,50.21,576.0
2017-12-26 14:46:00,50.205,50.205,50.2,50.205,554.0
2017-12-26 14:47:00,50.21,50.21,50.21,50.21,600.0
2017-12-26 14:48:00,50.22,50.22,50.2,50.2056,6003.0
2017-12-26 14:49:00,50.22,50.22,50.22,50.22,2805.0
2017-12-26 14:50:00,50.22,50.22,50.22,50.22,200.0
2017-12-26 14:51:00,50.195,50.21,50.195,50.21,1594.0
2017-12-26 14:52:00,50.195,50.195,50.195,50.195,200.0
2017-12-26 14:53:00,50.205,50.205,50.2,50.2,900.0
2017-12-26 14:54:00,50.19,50.205,50.19,50.205,794.0
2017-12-26 14:55:00,50.2,50.2,50.19,50.19,1882.0
2017-12-26 14:56:00,50.185,50.2,50.18,50.195,2430.0
2017-12-26 14:57:00,50.2,50.2,50.19,50.19,1400.0
2017-12-26 14:58:00,50.22,50.22,50.195,50.2,3076.0
2017-12-26 14:59:00,50.22,50.22,50.215,50.22,1000.0
2017-12-26 15:00:00,50.23,50.23,50.22,50.22,1072.0
2017-12-26 15:01:00,50.23,50.24,50.225,50.23,1866.0
2017-12-26 15:02:00,50.23,50.24,50.23,50.23,700.0
2017-12-26 15:03:00,50.25,50.25,50.22,50.23,3100.0
2017-12-26 15:04:00,50.25,50.25,50.25,50.25,200.0
2017-12-26 15:05:00,50.2405,50.245,50.24,50.24,1887.0
2017-12-26 15:06:00,50.25,50.25,50.24,50.25,4398.0
2017-12-26 15:07:00,50.245,50.25,50.245,50.245,500.0
2017-12-26 15:08:00,50.22,50.24,50.21,50.24,4499.0
2017-12-26 15:09:00,50.235,50.235,50.215,50.22,1300.0
2017-12-26 15:10:00,50.22,50.2356,50.22,50.235,1095.0
2017-12-26 15:11:00,50.225,50.23,50.225,50.23,407.0
2017-12-26 15:12:00,50.23,50.23,50.2225,50.2285,2100.0
2017-12-26 15:13:00,50.235,50.24,50.23,50.23,2161.0
2017-12-26 15:14:00,50.235,50.24,50.235,50.24,600.0
2017-12-26 15:15:00,50.24,50.24,50.23,50.235,1210.0
2017-12-26 15:16:00,50.245,50.2466,50.24,50.24,4238.0
2017-12-26 15:17:00,50.24,50.245,50.24,50.245,500.0
2017-12-26 15:18:00,50.22,50.23,50.22,50.23,2300.0
2017-12-26 15:19:00,50.21,50.21,50.2,50.21,3210.0
2017-12-26 15:20:00,50.225,50.23,50.215,50.215,2480.0
2017-12-26 15:21:00,50.225,50.23,50.22,50.22,1703.0
2017-12-26 15:22:00,50.23,50.24,50.22,50.225,4800.0
2017-12-26 15:23:00,50.22,50.23,50.21,50.23,3948.0
2017-12-26 15:24:00,50.215,50.22,50.21,50.22,2100.0
2017-12-26 15:25:00,50.215,50.22,50.215,50.22,1100.0
2017-12-26 15:26:00,50.21,50.22,50.21,50.22,484.0
2017-12-26 15:27:00,50.2185,50.22,50.21,50.21,900.0
2017-12-26 15:28:00,50.23,50.23,50.215,50.215,2959.0
2017-12-26 15:29:00,50.23,50.23,50.2225,50.23,2500.0
2017-12-26 15:30:00,50.21,50.23,50.21,50.23,4100.0
2017-12-26 15:31:00,50.21,50.21,50.2,50.21,1602.0
2017-12-26 15:32:00,50.23,50.23,50.205,50.21,6439.0
2017-12-26 15:33:00,50.235,50.24,50.23,50.23,4500.0
2017-12-26 15:34:00,50.235,50.24,50.23,50.24,900.0
2017-12-26 15:35:00,50.235,50.24,50.23,50.24,900.0
2017-12-26 15:36:00,50.235,50.24,50.23,50.23,3131.0
2017-12-26 15:37:00,50.24,50.24,50.235,50.235,508.0
2017-12-26 15:38:00,50.24,50.24,50.23,50.235,700.0
2017-12-26 15:39:00,50.24,50.24,50.235,50.24,1400.0
2017-12-26 15:40:00,50.22,50.24,50.22,50.235,3607.0
2017-12-26 15:41:00,50.22,50.22,50.21,50.22,2494.0
2017-12-26 15:42:00,50.23,50.23,50.22,50.22,5559.0
2017-12-26 15:43:00,50.205,50.225,50.2,50.22,4000.0
2017-12-26 15:44:00,50.21,50.21,50.2,50.21,1423.0
2017-12-26 15:45:00,50.2,50.21,50.19,50.2,8450.0
2017-12-26 15:46:00,50.21,50.21,50.19,50.2,3345.0
2017-12-26 15:47:00,50.21,50.21,50.205,50.205,2700.0
2017-12-26 15:48:00,50.2,50.21,50.2,50.205,6014.0
2017-12-26 15:49:00,50.195,50.2,50.19,50.195,2310.0
2017-12-26 15:50:00,50.2,50.2,50.195,50.2,2738.0
2017-12-26 15:51:00,50.185,50.2,50.18,50.2,5203.0
2017-12-26 15:52:00,50.185,50.19,50.185,50.185,3700.0
2017-12-26 15:53:00,50.15,50.185,50.145,50.18,5216.0
2017-12-26 15:54:00,50.14,50.15,50.14,50.145,2677.0
2017-12-26 15:55:00,50.145,50.15,50.14,50.14,2700.0
2017-12-26 15:56:00,50.13,50.15,50.13,50.14,6104.0
2017-12-26 15:57:00,50.125,50.125,50.12,50.12,3836.0
2017-12-26 15:58:00,50.12,50.13,50.12,50.125,7066.0
2017-12-26 15:59:00,50.145,50.15,50.125,50.125,16206.0
2017-12-26 16:00:00,50.17,50.18,50.15,50.15,16402.0
2017-12-27 09:30:00,50.29,50.29,50.29,50.29,6509.0
2017-12-27 09:31:00,50.11,50.29,50.06,50.28,8200.0
2017-12-27 09:32:00,50.145,50.15,50.05,50.05,2900.0
2017-12-27 09:33:00,50.16,50.16,50.16,50.16,500.0
2017-12-27 09:35:00,50.18,50.18,50.16,50.18,2000.0
2017-12-27 09:36:00,50.21,50.23,50.18,50.23,1200.0
2017-12-27 09:37:00,50.205,50.2125,50.205,50.205,3900.0
2017-12-27 09:38:00,50.205,50.205,50.19,50.2018,695.0
2017-12-27 09:39:00,50.19,50.19,50.15,50.16,1100.0
2017-12-27 09:40:00,50.2,50.21,50.18,50.21,594.0
2017-12-27 09:41:00,50.205,50.205,50.2,50.2,800.0
2017-12-27 09:42:00,50.18,50.22,50.18,50.22,1295.0
2017-12-27 09:43:00,50.165,50.19,50.165,50.19,400.0
2017-12-27 09:44:00,50.17,50.19,50.14,50.19,9128.0
2017-12-27 09:45:00,50.07,50.19,50.07,50.19,3914.0
2017-12-27 09:46:00,50.03,50.08,50.03,50.08,1306.0
2017-12-27 09:47:00,50.05,50.05,50.04,50.05,627.0
2017-12-27 09:49:00,50.09,50.09,50.04,50.04,1829.0
2017-12-27 09:50:00,50.07,50.07,50.06,50.07,620.0
2017-12-27 09:51:00,50.02,50.04,50.02,50.04,492.0
2017-12-27 09:52:00,50.03,50.05,50.02,50.02,815.0
2017-12-27 09:53:00,50.03,50.04,50.0,50.02,750.0
2017-12-27 09:54:00,50.01,50.05,50.01,50.03,790.0
2017-12-27 09:55:00,50.04,50.04,50.03,50.03,343.0
2017-12-27 09:56:00,50.01,50.01,50.01,50.01,100.0
2017-12-27 09:57:00,49.98,50.0285,49.98,50.02,1177.0
2017-12-27 09:59:00,49.97,49.97,49.97,49.97,100.0
2017-12-27 10:00:00,49.97,50.0199,49.97,50.0199,2003.0
2017-12-27 10:02:00,49.92,49.93,49.92,49.93,400.0
2017-12-27 10:03:00,49.95,49.95,49.93,49.94,3663.0
2017-12-27 10:04:00,49.98,49.98,49.94,49.96,1100.0
2017-12-27 10:05:00,50.0,50.0,49.98,49.98,1000.0
2017-12-27 10:06:00,49.9998,50.0099,49.99,50.0099,754.0
2017-12-27 10:07:00,49.99,49.99,49.99,49.99,100.0
2017-12-27 10:08:00,50.01,50.03,50.0,50.0,1100.0
2017-12-27 10:09:00,50.02,50.02,50.02,50.02,200.0
2017-12-27 10:10:00,50.05,50.06,50.05,50.05,700.0
2017-12-27 10:11:00,50.06,50.06,50.06,50.06,100.0
2017-12-27 10:12:00,50.01,50.02,50.01,50.02,890.0
2017-12-27 10:13:00,50.0,50.02,50.0,50.02,300.0
2017-12-27 10:14:00,49.97,50.0,49.97,50.0,400.0
2017-12-27 10:15:00,50.01,50.01,49.96,49.96,565.0
2017-12-27 10:17:00,49.97,49.97,49.97,49.97,100.0
2017-12-27 10:18:00,49.98,49.99,49.98,49.99,600.0
2017-12-27 10:19:00,49.97,49.99,49.96,49.99,2392.0
2017-12-27 10:20:00,49.96,49.98,49.96,49.98,700.0
2017-12-27 10:21:00,49.96,49.96,49.96,49.96,100.0
2017-12-27 10:22:00,50.01,50.01,49.95,49.95,2218.0
2017-12-27 10:23:00,50.01,50.01,49.985,49.99,1100.0
2017-12-27 10:24:00,50.01,50.02,49.99,49.99,786.0
2017-12-27 10:25:00,49.983000000000004,49.995,49.983000000000004,49.995,219.0
2017-12-27 10:26:00,49.975,50.0,49.975,50.0,1000.0
2017-12-27 10:27:00,50.01,50.03,49.99,49.99,3015.0
2017-12-27 10:28:00,50.005,50.01,50.005,50.01,1900.0
2017-12-27 10:30:00,50.053000000000004,50.053000000000004,50.04,50.04,480.0
2017-12-27 10:31:00,50.0,50.03,50.0,50.03,300.0
2017-12-27 10:32:00,50.05,50.05,50.05,50.05,400.0
2017-12-27 10:33:00,50.09,50.09,50.09,50.09,100.0
2017-12-27 10:34:00,50.05,50.0676,50.05,50.0676,440.0
2017-12-27 10:35:00,50.09,50.11,50.075,50.08,1200.0
2017-12-27 10:36:00,50.06,50.06,50.06,50.06,400.0
2017-12-27 10:37:00,50.03,50.03,50.03,50.03,100.0
2017-12-27 10:38:00,50.04,50.04,50.01,50.025,377.0
2017-12-27 10:39:00,50.05,50.05,50.05,50.05,100.0
2017-12-27 10:41:00,50.02,50.04,50.02,50.04,600.0
2017-12-27 10:42:00,50.01,50.01,50.01,50.01,100.0
2017-12-27 10:44:00,50.02,50.02,49.99100000000001,49.99100000000001,1226.0
2017-12-27 10:45:00,50.04,50.04,50.04,50.04,100.0
2017-12-27 10:46:00,50.0,50.01,50.0,50.01,200.0
2017-12-27 10:47:00,50.05,50.07,50.02,50.04,1700.0
2017-12-27 10:48:00,50.07,50.07,50.06,50.06,200.0
2017-12-27 10:49:00,50.04,50.04,50.04,50.04,200.0
2017-12-27 10:50:00,50.05,50.06,50.05,50.06,867.0
2017-12-27 10:51:00,50.09,50.11,50.0653,50.0653,1926.0
2017-12-27 10:52:00,50.11,50.11,50.11,50.11,100.0
2017-12-27 10:54:00,50.11,50.11,50.085,50.085,603.0
2017-12-27 10:56:00,50.05,50.09,50.05,50.09,400.0
2017-12-27 10:57:00,50.09,50.09,50.09,50.09,100.0
2017-12-27 10:58:00,50.1,50.1,50.1,50.1,100.0
2017-12-27 10:59:00,50.08,50.08,50.08,50.08,200.0
2017-12-27 11:00:00,50.0729,50.0729,50.0724,50.0724,429.0
2017-12-27 11:01:00,50.08,50.08,50.08,50.08,800.0
2017-12-27 11:03:00,50.07,50.07,50.05,50.05,700.0
2017-12-27 11:05:00,50.09,50.11,50.09,50.1,690.0
2017-12-27 11:06:00,50.1,50.1,50.1,50.1,100.0
2017-12-27 11:07:00,50.08,50.08,50.08,50.08,100.0
2017-12-27 11:10:00,50.06,50.06,50.06,50.06,100.0
2017-12-27 11:11:00,50.08,50.08,50.05,50.05,600.0
2017-12-27 11:12:00,50.07,50.07,50.05,50.065,2600.0
2017-12-27 11:13:00,50.09,50.09,50.07,50.07,400.0
2017-12-27 11:14:00,50.11,50.12,50.1,50.12,1800.0
2017-12-27 11:15:00,50.1,50.12,50.1,50.12,676.0
2017-12-27 11:17:00,50.12,50.14,50.1,50.11,1500.0
2017-12-27 11:18:00,50.11,50.13,50.1,50.11,800.0
2017-12-27 11:19:00,50.15,50.15,50.15,50.15,300.0
2017-12-27 11:20:00,50.16,50.18,50.16,50.16,900.0
2017-12-27 11:21:00,50.15,50.15,50.15,50.15,100.0
2017-12-27 11:22:00,50.12,50.14,50.12,50.14,400.0
2017-12-27 11:23:00,50.1296,50.1296,50.1296,50.1296,119.0
2017-12-27 11:24:00,50.11,50.11,50.11,50.11,200.0
2017-12-27 11:27:00,50.12,50.13,50.1,50.1,1500.0
2017-12-27 11:28:00,50.1,50.12,50.1,50.12,500.0
2017-12-27 11:29:00,50.05,50.1,50.05,50.1,800.0
2017-12-27 11:30:00,50.09,50.09,50.09,50.09,200.0
2017-12-27 11:31:00,50.07,50.08,50.07,50.075,5300.0
2017-12-27 11:32:00,50.06,50.06,50.06,50.06,100.0
2017-12-27 11:33:00,50.11,50.12,50.08,50.08,3087.0
2017-12-27 11:34:00,50.09,50.09,50.09,50.09,100.0
2017-12-27 11:35:00,50.09,50.11,50.09,50.11,600.0
2017-12-27 11:36:00,50.0901,50.0904,50.09,50.09,323.0
2017-12-27 11:37:00,50.07,50.09,50.07,50.09,800.0
2017-12-27 11:38:00,50.06,50.08,50.06,50.07,700.0
2017-12-27 11:39:00,50.06,50.07,50.03,50.07,400.0
2017-12-27 11:40:00,50.07,50.07,50.06,50.06,200.0
2017-12-27 11:42:00,50.06,50.06,50.06,50.06,100.0
2017-12-27 11:43:00,50.05,50.07,50.03,50.07,4419.0
2017-12-27 11:44:00,50.07,50.07,50.05,50.05,800.0
2017-12-27 11:46:00,50.04,50.055,50.04,50.055,200.0
2017-12-27 11:47:00,50.05,50.05,50.04,50.04,300.0
2017-12-27 11:48:00,50.05,50.055,50.04,50.04,600.0
2017-12-27 11:49:00,50.05,50.05,50.05,50.05,100.0
2017-12-27 11:50:00,50.05,50.05,50.05,50.05,100.0
2017-12-27 11:51:00,50.07,50.07,50.04,50.05,3039.0
2017-12-27 11:52:00,50.07,50.07,50.0679,50.0679,237.0
2017-12-27 11:53:00,50.08,50.08,50.07,50.07,700.0
2017-12-27 11:54:00,50.08,50.09,50.08,50.09,300.0
2017-12-27 11:55:00,50.0997,50.0997,50.0997,50.0997,100.0
2017-12-27 11:56:00,50.085,50.085,50.085,50.085,100.0
2017-12-27 11:58:00,50.09,50.0996,50.08,50.0996,400.0
2017-12-27 11:59:00,50.1,50.1,50.1,50.1,300.0
2017-12-27 12:00:00,50.1,50.1,50.08,50.08,500.0
2017-12-27 12:01:00,50.1,50.1,50.08,50.08,1048.0
2017-12-27 12:02:00,50.07,50.09,50.07,50.09,500.0
2017-12-27 12:03:00,50.06,50.075,50.06,50.075,300.0
2017-12-27 12:04:00,50.05,50.06,50.05,50.06,700.0
2017-12-27 12:05:00,50.05,50.05,50.04,50.04,1918.0
2017-12-27 12:06:00,50.07,50.07,50.04,50.04,1243.0
2017-12-27 12:07:00,50.08,50.08,50.08,50.08,200.0
2017-12-27 12:08:00,50.08,50.08,50.08,50.08,400.0
2017-12-27 12:09:00,50.06,50.085,50.06,50.08,1200.0
2017-12-27 12:10:00,50.07,50.07,50.07,50.07,152.0
2017-12-27 12:11:00,50.08,50.08,50.08,50.08,480.0
2017-12-27 12:12:00,50.09,50.09,50.08,50.08,693.0
2017-12-27 12:13:00,50.09,50.09,50.09,50.09,200.0
2017-12-27 12:14:00,50.08,50.09,50.08,50.09,200.0
2017-12-27 12:15:00,50.08,50.08,50.08,50.08,350.0
2017-12-27 12:16:00,50.09,50.1,50.09,50.1,400.0
2017-12-27 12:17:00,50.09,50.09,50.08,50.09,700.0
2017-12-27 12:18:00,50.075,50.08,50.07,50.08,1100.0
2017-12-27 12:19:00,50.09,50.09,50.08,50.08,895.0
2017-12-27 12:20:00,50.09,50.09,50.08,50.09,1142.0
2017-12-27 12:21:00,50.09,50.09,50.07,50.07,500.0
2017-12-27 12:22:00,50.09,50.09,50.09,50.09,100.0
2017-12-27 12:23:00,50.11,50.11,50.09,50.09,1026.0
2017-12-27 12:25:00,50.1,50.1,50.1,50.1,300.0
2017-12-27 12:26:00,50.0848,50.09,50.08,50.08,719.0
2017-12-27 12:27:00,50.1,50.1,50.09,50.09,600.0
2017-12-27 12:28:00,50.11,50.11,50.11,50.11,700.0
2017-12-27 12:30:00,50.11,50.1105,50.11,50.1105,250.0
2017-12-27 12:31:00,50.1,50.12,50.1,50.12,500.0
2017-12-27 12:34:00,50.11,50.12,50.11,50.11,1889.0
2017-12-27 12:35:00,50.1,50.1,50.1,50.1,200.0
2017-12-27 12:36:00,50.11,50.12,50.11,50.12,900.0
2017-12-27 12:37:00,50.13,50.14,50.13,50.13,681.0
2017-12-27 12:38:00,50.12,50.12,50.12,50.12,200.0
2017-12-27 12:39:00,50.12,50.12,50.12,50.12,100.0
2017-12-27 12:41:00,50.16,50.16,50.14,50.14,909.0
2017-12-27 12:42:00,50.14,50.15,50.14,50.15,429.0
2017-12-27 12:44:00,50.1268,50.14,50.1268,50.14,520.0
2017-12-27 12:45:00,50.12,50.13,50.12,50.13,900.0
2017-12-27 12:46:00,50.12,50.12,50.12,50.12,200.0
2017-12-27 12:47:00,50.12,50.13,50.12,50.13,300.0
2017-12-27 12:48:00,50.13,50.13,50.1,50.12,1525.0
2017-12-27 12:49:00,50.1,50.1,50.1,50.1,100.0
2017-12-27 12:50:00,50.11,50.11,50.1044,50.1044,640.0
2017-12-27 12:52:00,50.07,50.1,50.07,50.1,899.0
2017-12-27 12:53:00,50.075,50.075,50.075,50.075,127.0
2017-12-27 12:54:00,50.04,50.0524,50.04,50.0524,600.0
2017-12-27 12:55:00,50.0444,50.0444,50.0444,50.0444,600.0
2017-12-27 12:56:00,50.05,50.06,50.05,50.06,595.0
2017-12-27 12:58:00,50.07,50.07,50.07,50.07,100.0
2017-12-27 12:59:00,50.08,50.08,50.08,50.08,100.0
2017-12-27 13:02:00,50.06,50.06,50.05,50.06,2504.0
2017-12-27 13:03:00,50.06,50.06,50.05,50.055,800.0
2017-12-27 13:04:00,50.0704,50.0704,50.05,50.05,1400.0
2017-12-27 13:05:00,50.06,50.06,50.06,50.06,300.0
2017-12-27 13:06:00,50.06,50.06,50.06,50.06,400.0
2017-12-27 13:07:00,50.04,50.0671,50.04,50.0671,700.0
2017-12-27 13:08:00,50.06,50.07,50.06,50.07,200.0
2017-12-27 13:09:00,50.07,50.07,50.07,50.07,100.0
2017-12-27 13:10:00,50.05,50.05,50.05,50.05,100.0
2017-12-27 13:11:00,50.07,50.07,50.06,50.06,300.0
2017-12-27 13:13:00,50.0622,50.0622,50.0622,50.0622,200.0
2017-12-27 13:14:00,50.07,50.07,50.07,50.07,100.0
2017-12-27 13:15:00,50.06,50.07,50.06,50.07,300.0
2017-12-27 13:16:00,50.04,50.05,50.04,50.05,400.0
2017-12-27 13:17:00,50.05,50.05,50.05,50.05,100.0
2017-12-27 13:19:00,50.05,50.06,50.05,50.06,400.0
2017-12-27 13:21:00,50.06,50.06,50.06,50.06,100.0
2017-12-27 13:22:00,50.06,50.06,50.05,50.06,400.0
2017-12-27 13:23:00,50.06,50.06,50.06,50.06,500.0
2017-12-27 13:24:00,50.06,50.06,50.05,50.05,400.0
2017-12-27 13:25:00,50.0608,50.0608,50.05,50.05,499.0
2017-12-27 13:26:00,50.07,50.07,50.06,50.06,700.0
2017-12-27 13:27:00,50.08,50.08,50.08,50.08,600.0
2017-12-27 13:28:00,50.055,50.0679,50.055,50.0679,657.0
2017-12-27 13:29:00,50.04,50.04,50.04,50.04,100.0
2017-12-27 13:31:00,50.05,50.05,50.05,50.05,400.0
2017-12-27 13:32:00,50.05,50.05,50.05,50.05,200.0
2017-12-27 13:33:00,50.06,50.06,50.06,50.06,100.0
2017-12-27 13:34:00,50.05,50.06,50.04,50.06,400.0
2017-12-27 13:35:00,50.03,50.04,50.03,50.04,200.0
2017-12-27 13:37:00,50.05,50.05,50.03,50.04,3100.0
2017-12-27 13:38:00,50.05,50.05,50.05,50.05,600.0
2017-12-27 13:40:00,50.06,50.06,50.06,50.06,200.0
2017-12-27 13:42:00,50.08,50.08,50.06,50.06,300.0
2017-12-27 13:43:00,50.075,50.075,50.075,50.075,100.0
2017-12-27 13:44:00,50.08,50.08,50.0725,50.0725,400.0
2017-12-27 13:46:00,50.08,50.09,50.08,50.08,300.0
2017-12-27 13:47:00,50.09,50.1,50.09,50.09,2755.0
2017-12-27 13:48:00,50.1,50.1,50.08,50.08,300.0
2017-12-27 13:49:00,50.1,50.1,50.08,50.09,2300.0
2017-12-27 13:50:00,50.09,50.09,50.08,50.09,1100.0
2017-12-27 13:52:00,50.07,50.08,50.07,50.08,700.0
2017-12-27 13:53:00,50.075,50.075,50.055,50.055,2272.0
2017-12-27 13:54:00,50.07,50.07,50.07,50.07,200.0
2017-12-27 13:56:00,50.08,50.08,50.08,50.08,200.0
2017-12-27 13:57:00,50.09,50.09,50.07,50.07,500.0
2017-12-27 13:58:00,50.09,50.09,50.07,50.08,1000.0
2017-12-27 13:59:00,50.09,50.09,50.075,50.08,1440.0
2017-12-27 14:00:00,50.08,50.1,50.08,50.1,800.0
2017-12-27 14:01:00,50.09,50.09,50.09,50.09,300.0
2017-12-27 14:02:00,50.1,50.1,50.1,50.1,100.0
2017-12-27 14:03:00,50.07,50.09,50.07,50.09,998.0
2017-12-27 14:06:00,50.06,50.07,50.06,50.07,700.0
2017-12-27 14:08:00,50.08,50.08,50.07,50.07,200.0
2017-12-27 14:09:00,50.08,50.089,50.08,50.089,500.0
2017-12-27 14:11:00,50.08,50.08,50.075,50.075,1000.0
2017-12-27 14:12:00,50.085,50.085,50.08,50.08,2800.0
2017-12-27 14:13:00,50.09,50.095,50.08,50.08,1670.0
2017-12-27 14:14:00,50.08,50.08,50.08,50.08,100.0
2017-12-27 14:15:00,50.07,50.07,50.07,50.07,100.0
2017-12-27 14:16:00,50.08,50.08,50.08,50.08,246.0
2017-12-27 14:17:00,50.08,50.0826,50.08,50.0826,1029.0
2017-12-27 14:18:00,50.11,50.11,50.085,50.085,2301.0
2017-12-27 14:19:00,50.09,50.105,50.09,50.105,3048.0
2017-12-27 14:20:00,50.1,50.11,50.095,50.095,4174.0
2017-12-27 14:21:00,50.14,50.14,50.12,50.12,5100.0
2017-12-27 14:22:00,50.13,50.15,50.12,50.14,11500.0
2017-12-27 14:23:00,50.14,50.15,50.12,50.13,11845.0
2017-12-27 14:24:00,50.11,50.13,50.1,50.13,3960.0
2017-12-27 14:25:00,50.1,50.1,50.1,50.1,1300.0
2017-12-27 14:26:00,50.115,50.115,50.115,50.115,124.0
2017-12-27 14:27:00,50.1,50.11,50.1,50.11,200.0
2017-12-27 14:28:00,50.1,50.1002,50.1,50.1,500.0
2017-12-27 14:29:00,50.1,50.11,50.1,50.1,300.0
2017-12-27 14:30:00,50.09,50.09,50.09,50.09,100.0
2017-12-27 14:31:00,50.09,50.1,50.09,50.1,2082.0
2017-12-27 14:32:00,50.105,50.11,50.105,50.11,700.0
2017-12-27 14:33:00,50.11,50.12,50.11,50.11,600.0
2017-12-27 14:34:00,50.12,50.13,50.12,50.13,600.0
2017-12-27 14:35:00,50.12,50.125,50.11,50.125,2000.0
2017-12-27 14:36:00,50.1138,50.115,50.1138,50.115,640.0
2017-12-27 14:37:00,50.11,50.11,50.11,50.11,100.0
2017-12-27 14:38:00,50.09,50.0981,50.09,50.0981,1500.0
2017-12-27 14:39:00,50.11,50.12,50.09,50.09,4023.0
2017-12-27 14:41:00,50.1,50.12,50.1,50.11,3960.0
2017-12-27 14:42:00,50.1,50.11,50.1,50.11,1000.0
2017-12-27 14:43:00,50.09,50.1,50.09,50.1,910.0
2017-12-27 14:45:00,50.125,50.125,50.09,50.09,1200.0
2017-12-27 14:46:00,50.12,50.13,50.11,50.12,800.0
2017-12-27 14:47:00,50.11,50.13,50.11,50.13,500.0
2017-12-27 14:50:00,50.13,50.13,50.115,50.125,1973.0
2017-12-27 14:51:00,50.125,50.13,50.125,50.13,300.0
2017-12-27 14:52:00,50.11,50.12,50.1,50.12,1100.0
2017-12-27 14:53:00,50.14,50.15,50.105,50.105,3000.0
2017-12-27 14:54:00,50.13,50.13,50.13,50.13,200.0
2017-12-27 14:56:00,50.14,50.14,50.135,50.135,300.0
2017-12-27 14:57:00,50.15,50.16,50.14,50.14,1884.0
2017-12-27 14:58:00,50.155,50.16,50.155,50.16,400.0
2017-12-27 14:59:00,50.155,50.155,50.15,50.15,1034.0
2017-12-27 15:00:00,50.15,50.15,50.145,50.145,200.0
2017-12-27 15:02:00,50.14,50.14,50.13,50.14,1400.0
2017-12-27 15:03:00,50.145,50.15,50.14,50.14,1246.0
2017-12-27 15:04:00,50.12,50.145,50.12,50.145,1662.0
2017-12-27 15:05:00,50.13,50.13,50.13,50.13,225.0
2017-12-27 15:06:00,50.12,50.13,50.12,50.13,480.0
2017-12-27 15:07:00,50.11,50.12,50.11,50.11,549.0
2017-12-27 15:08:00,50.11,50.11,50.11,50.11,588.0
2017-12-27 15:09:00,50.11,50.11,50.11,50.11,1419.0
2017-12-27 15:10:00,50.11,50.115,50.11,50.115,902.0
2017-12-27 15:11:00,50.11,50.11,50.11,50.11,300.0
2017-12-27 15:12:00,50.115,50.115,50.115,50.115,300.0
2017-12-27 15:13:00,50.11,50.11,50.11,50.11,400.0
2017-12-27 15:14:00,50.115,50.115,50.11,50.11,1047.0
2017-12-27 15:15:00,50.11,50.11,50.11,50.11,300.0
2017-12-27 15:16:00,50.08,50.11,50.07,50.11,3700.0
2017-12-27 15:17:00,50.08,50.08,50.075,50.08,1800.0
2017-12-27 15:18:00,50.08,50.08,50.08,50.08,200.0
2017-12-27 15:19:00,50.075,50.0755,50.07,50.0755,1049.0
2017-12-27 15:21:00,50.06,50.075,50.06,50.07,1500.0
2017-12-27 15:22:00,50.06,50.07,50.06,50.07,710.0
2017-12-27 15:23:00,50.06,50.07,50.06,50.07,2775.0
2017-12-27 15:24:00,50.06,50.06,50.05,50.06,1891.0
2017-12-27 15:25:00,50.055,50.055,50.055,50.055,100.0
2017-12-27 15:26:00,50.05,50.05,50.05,50.05,483.0
2017-12-27 15:27:00,50.045,50.045,50.04,50.04,200.0
2017-12-27 15:28:00,50.045,50.045,50.03,50.04,1300.0
2017-12-27 15:29:00,50.05,50.05,50.05,50.05,100.0
2017-12-27 15:30:00,50.05,50.05,50.05,50.05,100.0
2017-12-27 15:31:00,50.04,50.05,50.04,50.041000000000004,2015.0
2017-12-27 15:32:00,50.03,50.05,50.03,50.045,3000.0
2017-12-27 15:33:00,50.035,50.04,50.03,50.03,1488.0
2017-12-27 15:34:00,50.04,50.04,50.04,50.04,100.0
2017-12-27 15:35:00,50.04,50.04,50.03,50.03,300.0
2017-12-27 15:36:00,50.02,50.035,50.02,50.035,1600.0
2017-12-27 15:37:00,50.02,50.02,50.02,50.02,500.0
2017-12-27 15:38:00,50.01,50.02,50.01,50.02,400.0
2017-12-27 15:39:00,50.0,50.01,49.99,50.01,4492.0
2017-12-27 15:40:00,50.0,50.01,49.99,49.99,2701.0
2017-12-27 15:41:00,49.9949,49.995,49.99,49.995,392.0
2017-12-27 15:42:00,49.99,49.99,49.99,49.99,100.0
2017-12-27 15:43:00,49.99,49.995,49.98,49.99,2820.0
2017-12-27 15:44:00,49.99,49.99,49.98,49.99,3237.0
2017-12-27 15:45:00,49.98,49.99,49.97,49.99,2382.0
2017-12-27 15:46:00,50.01,50.02,49.975,49.975,5044.0
2017-12-27 15:47:00,50.005,50.02,50.005,50.02,2200.0
2017-12-27 15:48:00,49.99,50.0,49.99,50.0,1700.0
2017-12-27 15:49:00,50.0,50.0,49.985,49.985,4803.0
2017-12-27 15:50:00,50.01,50.01,50.0,50.0,4089.0
2017-12-27 15:51:00,50.01,50.02,50.0,50.02,4448.0
2017-12-27 15:52:00,50.045,50.06,50.02,50.02,5200.0
2017-12-27 15:53:00,50.05,50.05,50.025,50.05,5054.0
2017-12-27 15:54:00,50.06,50.06,50.0405,50.05,1140.0
2017-12-27 15:55:00,50.035,50.055,50.03,50.055,3712.0
2017-12-27 15:56:00,50.05,50.05,50.035,50.04,6050.0
2017-12-27 15:57:00,50.05,50.05,50.04,50.045,4697.0
2017-12-27 15:58:00,50.05,50.06,50.05,50.06,3495.0
2017-12-27 15:59:00,50.045,50.05,50.04,50.05,4271.0
2017-12-27 16:00:00,50.07,50.08,50.04,50.04,22760.0
2017-12-28 09:30:00,50.24,50.24,50.24,50.24,14160.0
2017-12-28 09:31:00,50.17,50.23,50.17,50.1901,900.0
2017-12-28 09:32:00,50.09,50.09,50.09,50.09,100.0
2017-12-28 09:33:00,50.04,50.1,50.04,50.04,500.0
2017-12-28 09:34:00,50.08,50.08,50.04,50.06,800.0
2017-12-28 09:35:00,50.1,50.1,50.053999999999995,50.08,1195.0
2017-12-28 09:36:00,50.08,50.13,50.08,50.11,600.0
2017-12-28 09:37:00,50.12,50.12,50.04,50.04,2700.0
2017-12-28 09:38:00,50.13,50.13,50.13,50.13,100.0
2017-12-28 09:39:00,50.12,50.16,50.12,50.16,200.0
2017-12-28 09:40:00,50.13,50.14,50.12,50.14,1470.0
2017-12-28 09:41:00,50.12,50.12,50.12,50.12,300.0
2017-12-28 09:42:00,50.19,50.19,50.12,50.12,1700.0
2017-12-28 09:43:00,50.2,50.21,50.15,50.19,3579.0
2017-12-28 09:44:00,50.22,50.22,50.21,50.21,600.0
2017-12-28 09:45:00,50.22,50.22,50.21,50.21,700.0
2017-12-28 09:46:00,50.21,50.23,50.21,50.21,1200.0
2017-12-28 09:47:00,50.24,50.24,50.2,50.23,10000.0
2017-12-28 09:48:00,50.2,50.235,50.2,50.23,1400.0
2017-12-28 09:49:00,50.21,50.21,50.19,50.21,4600.0
2017-12-28 09:50:00,50.2399,50.2399,50.2399,50.2399,305.0
2017-12-28 09:51:00,50.23,50.29,50.225,50.225,8400.0
2017-12-28 09:52:00,50.21,50.24,50.2,50.24,1813.0
2017-12-28 09:53:00,50.22,50.23,50.22,50.22,900.0
2017-12-28 09:54:00,50.18,50.21,50.18,50.21,902.0
2017-12-28 09:55:00,50.15,50.15,50.15,50.15,100.0
2017-12-28 09:56:00,50.18,50.18,50.18,50.18,400.0
2017-12-28 09:57:00,50.15,50.16,50.14,50.15,1100.0
2017-12-28 09:58:00,50.14,50.14,50.14,50.14,100.0
2017-12-28 09:59:00,50.11,50.1467,50.09,50.14,1600.0
2017-12-28 10:00:00,50.104,50.104,50.104,50.104,140.0
2017-12-28 10:01:00,50.11,50.11,50.1,50.11,971.0
2017-12-28 10:02:00,50.14,50.14,50.1,50.1,1500.0
2017-12-28 10:03:00,50.14,50.17,50.14,50.14,1428.0
2017-12-28 10:04:00,50.12,50.14,50.12,50.14,1200.0
2017-12-28 10:05:00,50.11,50.13,50.11,50.12,700.0
2017-12-28 10:06:00,50.1,50.13,50.1,50.126999999999995,422.0
2017-12-28 10:07:00,50.05,50.11,50.05,50.1,3900.0
2017-12-28 10:08:00,50.07,50.1,50.05,50.05,3250.0
2017-12-28 10:10:00,50.08,50.08,50.07,50.07,200.0
2017-12-28 10:11:00,50.04,50.08,50.04,50.07,1000.0
2017-12-28 10:12:00,50.05,50.05,50.05,50.05,100.0
2017-12-28 10:13:00,50.06,50.06,50.06,50.06,100.0
2017-12-28 10:14:00,50.035,50.07,50.03,50.07,1700.0
2017-12-28 10:15:00,50.05,50.05,50.0398,50.0398,1000.0
2017-12-28 10:16:00,50.06,50.06,50.0401,50.0401,300.0
2017-12-28 10:17:00,50.05,50.06,50.05,50.05,800.0
2017-12-28 10:18:00,50.05,50.05,50.0,50.05,6931.0
2017-12-28 10:19:00,50.0,50.03,50.0,50.03,400.0
2017-12-28 10:20:00,49.99,49.99,49.99,49.99,200.0
2017-12-28 10:21:00,50.03,50.03,50.0,50.01,2800.0
2017-12-28 10:22:00,50.04,50.04,50.02,50.02,300.0
2017-12-28 10:24:00,50.015,50.015,50.015,50.015,100.0
2017-12-28 10:25:00,50.015,50.015,50.015,50.015,100.0
2017-12-28 10:26:00,50.02,50.03,49.97,50.0,2959.0
2017-12-28 10:27:00,50.03,50.03,50.02,50.02,1000.0
2017-12-28 10:28:00,50.02,50.02,50.0,50.0,950.0
2017-12-28 10:29:00,50.03,50.03,50.02,50.02,535.0
2017-12-28 10:30:00,50.04,50.04,50.04,50.04,100.0
2017-12-28 10:31:00,50.02,50.02,50.01,50.01,599.0
2017-12-28 10:32:00,50.04,50.04,50.03,50.03,1100.0
2017-12-28 10:33:00,50.04,50.06,50.04,50.06,1300.0
2017-12-28 10:34:00,50.03,50.04,50.0,50.04,8900.0
2017-12-28 10:35:00,50.09,50.11,50.03,50.03,6909.0
2017-12-28 10:36:00,50.07,50.08,50.05,50.08,1500.0
2017-12-28 10:37:00,50.1,50.11,50.075,50.075,5298.0
2017-12-28 10:38:00,50.13,50.14,50.11,50.11,1600.0
2017-12-28 10:39:00,50.14,50.14,50.11,50.11,200.0
2017-12-28 10:40:00,50.11,50.13,50.11,50.13,403.0
2017-12-28 10:41:00,50.091,50.12,50.091,50.12,325.0
2017-12-28 10:42:00,50.11,50.11,50.11,50.11,800.0
2017-12-28 10:43:00,50.1,50.11,50.1,50.11,900.0
2017-12-28 10:44:00,50.1,50.11,50.1,50.11,2400.0
2017-12-28 10:46:00,50.1,50.11,50.1,50.11,700.0
2017-12-28 10:47:00,50.09,50.1,50.09,50.09,400.0
2017-12-28 10:48:00,50.085,50.09,50.05,50.08,6603.0
2017-12-28 10:50:00,50.09,50.09,50.08,50.08,600.0
2017-12-28 10:51:00,50.08,50.08,50.08,50.08,100.0
2017-12-28 10:52:00,50.12,50.13,50.1,50.1,1800.0
2017-12-28 10:53:00,50.13,50.13,50.12,50.13,600.0
2017-12-28 10:55:00,50.12,50.13,50.12,50.13,978.0
2017-12-28 10:56:00,50.11,50.11,50.11,50.11,500.0
2017-12-28 10:57:00,50.12,50.12,50.09,50.09,700.0
2017-12-28 10:58:00,50.11,50.11,50.11,50.11,200.0
2017-12-28 10:59:00,50.12,50.1399,50.11,50.1399,609.0
2017-12-28 11:00:00,50.11,50.11,50.1,50.1,300.0
2017-12-28 11:01:00,50.09,50.12,50.09,50.12,999.0
2017-12-28 11:02:00,50.09,50.1,50.09,50.1,800.0
2017-12-28 11:03:00,50.11,50.11,50.1,50.1,1300.0
2017-12-28 11:04:00,50.09,50.12,50.09,50.09,400.0
2017-12-28 11:05:00,50.11,50.11,50.11,50.11,332.0
2017-12-28 11:07:00,50.11,50.11,50.1,50.1,808.0
2017-12-28 11:08:00,50.09,50.1051,50.09,50.1051,1200.0
2017-12-28 11:09:00,50.08,50.1,50.08,50.09,1429.0
2017-12-28 11:10:00,50.07,50.08,50.07,50.08,1200.0
2017-12-28 11:11:00,50.08,50.09,50.08,50.09,501.0
2017-12-28 11:13:00,50.08,50.08,50.07,50.08,900.0
2017-12-28 11:14:00,50.09,50.095,50.05,50.09,9870.0
2017-12-28 11:15:00,50.04,50.08,50.04,50.0701,2700.0
2017-12-28 11:16:00,50.05,50.05,50.03,50.03,2150.0
2017-12-28 11:17:00,50.07,50.09,50.04,50.06,9130.0
2017-12-28 11:18:00,50.05,50.075,50.03,50.06,5501.0
2017-12-28 11:19:00,50.04,50.07,50.03,50.04,9802.0
2017-12-28 11:20:00,50.03,50.03,50.03,50.03,600.0
2017-12-28 11:21:00,50.02,50.02,50.02,50.02,100.0
2017-12-28 11:22:00,50.02,50.02,50.0,50.02,1893.0
2017-12-28 11:23:00,49.98,50.01,49.98,50.01,2663.0
2017-12-28 11:24:00,49.99,49.99,49.99,49.99,200.0
2017-12-28 11:25:00,49.98,50.0,49.98,49.99,400.0
2017-12-28 11:26:00,49.99,49.99,49.99,49.99,1100.0
2017-12-28 11:27:00,49.95,49.98,49.93,49.98,12589.0
2017-12-28 11:28:00,49.94,49.96,49.94,49.96,1500.0
2017-12-28 11:29:00,49.95,49.99,49.92,49.92,7441.0
2017-12-28 11:31:00,49.95,49.97,49.95,49.97,1338.0
2017-12-28 11:33:00,49.94,49.94,49.93,49.94,900.0
2017-12-28 11:34:00,49.95,49.9561,49.94,49.94,881.0
2017-12-28 11:35:00,49.95,49.95,49.95,49.95,100.0
2017-12-28 11:36:00,49.95,49.95,49.95,49.95,200.0
2017-12-28 11:37:00,49.9523,49.9523,49.9523,49.9523,500.0
2017-12-28 11:38:00,49.96,49.96,49.96,49.96,400.0
2017-12-28 11:39:00,49.94,49.96,49.94,49.96,800.0
2017-12-28 11:40:00,49.95,49.95,49.95,49.95,100.0
2017-12-28 11:41:00,49.94,49.94,49.94,49.94,200.0
2017-12-28 11:42:00,49.98,49.98,49.94,49.96,1299.0
2017-12-28 11:43:00,49.97,49.97,49.97,49.97,200.0
2017-12-28 11:44:00,49.95,49.95,49.95,49.95,100.0
2017-12-28 11:45:00,49.95,49.95,49.95,49.95,100.0
2017-12-28 11:46:00,49.95,49.95,49.95,49.95,200.0
2017-12-28 11:47:00,49.96,49.96,49.96,49.96,100.0
2017-12-28 11:48:00,49.95,49.95,49.95,49.95,200.0
2017-12-28 11:49:00,49.93,49.93,49.93,49.93,100.0
2017-12-28 11:50:00,49.93,49.95,49.93,49.95,1100.0
2017-12-28 11:52:00,49.96,49.96,49.94,49.94,200.0
2017-12-28 11:53:00,49.96,49.96,49.96,49.96,100.0
2017-12-28 11:54:00,49.94,49.95,49.94,49.95,800.0
2017-12-28 11:55:00,49.94,49.94,49.935,49.94,600.0
2017-12-28 11:56:00,49.95,49.95,49.94,49.94,300.0
2017-12-28 11:57:00,49.93,49.94,49.93,49.94,1100.0
2017-12-28 11:59:00,49.95,49.96,49.95,49.95,1500.0
2017-12-28 12:00:00,49.93,49.94,49.93,49.94,600.0
2017-12-28 12:01:00,49.93,49.93,49.93,49.93,100.0
2017-12-28 12:02:00,49.92,49.92,49.92,49.92,100.0
2017-12-28 12:03:00,49.91,49.92,49.91,49.92,800.0
2017-12-28 12:05:00,49.8948,49.9,49.89,49.9,1400.0
2017-12-28 12:06:00,49.92,49.92,49.9068,49.9068,600.0
2017-12-28 12:07:00,49.919,49.919,49.9,49.9,200.0
2017-12-28 12:08:00,49.9,49.92,49.9,49.92,200.0
2017-12-28 12:09:00,49.91,49.91,49.91,49.91,900.0
2017-12-28 12:10:00,49.92,49.92,49.9,49.9,200.0
2017-12-28 12:11:00,49.9,49.9,49.9,49.9,200.0
2017-12-28 12:12:00,49.91,49.91,49.91,49.91,1470.0
2017-12-28 12:13:00,49.92,49.93,49.9152,49.9152,1599.0
2017-12-28 12:14:00,49.91,49.91,49.91,49.91,300.0
2017-12-28 12:15:00,49.89,49.9,49.89,49.9,301.0
2017-12-28 12:16:00,49.9,49.9,49.88,49.9,300.0
2017-12-28 12:17:00,49.91,49.91,49.91,49.91,200.0
2017-12-28 12:18:00,49.92,49.92,49.9,49.9,500.0
2017-12-28 12:19:00,49.91,49.92,49.91,49.92,500.0
2017-12-28 12:20:00,49.94,49.94,49.93,49.94,700.0
2017-12-28 12:23:00,49.95,49.95,49.95,49.95,500.0
2017-12-28 12:24:00,49.92,49.94,49.92,49.94,400.0
2017-12-28 12:25:00,49.94,49.94,49.94,49.94,671.0
2017-12-28 12:27:00,49.94,49.94,49.94,49.94,259.0
2017-12-28 12:29:00,49.9371,49.94,49.93,49.94,900.0
2017-12-28 12:30:00,49.94,49.945,49.94,49.94,300.0
2017-12-28 12:32:00,49.9301,49.9301,49.9301,49.9301,192.0
2017-12-28 12:33:00,49.93,49.94,49.93,49.94,200.0
2017-12-28 12:34:00,49.91,49.93,49.91,49.93,1300.0
2017-12-28 12:35:00,49.91,49.91,49.91,49.91,100.0
2017-12-28 12:36:00,49.9221,49.9221,49.9221,49.9221,600.0
2017-12-28 12:37:00,49.92,49.93,49.92,49.93,738.0
2017-12-28 12:38:00,49.9197,49.92,49.9197,49.92,700.0
2017-12-28 12:39:00,49.925,49.925,49.925,49.925,100.0
2017-12-28 12:40:00,49.92,49.92,49.92,49.92,200.0
2017-12-28 12:41:00,49.92,49.92,49.91,49.91,500.0
2017-12-28 12:42:00,49.91,49.91,49.91,49.91,100.0
2017-12-28 12:45:00,49.91,49.91,49.91,49.91,243.0
2017-12-28 12:46:00,49.91,49.91,49.91,49.91,200.0
2017-12-28 12:47:00,49.9,49.92,49.9,49.92,200.0
2017-12-28 12:48:00,49.9,49.91,49.9,49.91,800.0
2017-12-28 12:49:00,49.89,49.89,49.89,49.89,100.0
2017-12-28 12:50:00,49.9,49.9,49.9,49.9,100.0
2017-12-28 12:51:00,49.91,49.91,49.91,49.91,100.0
2017-12-28 12:52:00,49.9,49.9,49.88,49.88,200.0
2017-12-28 12:53:00,49.88,49.89,49.88,49.89,2304.0
2017-12-28 12:55:00,49.8694,49.89,49.8694,49.89,1000.0
2017-12-28 12:56:00,49.86,49.86,49.86,49.86,100.0
2017-12-28 12:57:00,49.88,49.88,49.85,49.86,500.0
2017-12-28 12:58:00,49.85,49.85,49.85,49.85,100.0
2017-12-28 13:00:00,49.86,49.86,49.86,49.86,347.0
2017-12-28 13:01:00,49.86,49.86,49.85,49.85,400.0
2017-12-28 13:04:00,49.87,49.87,49.85,49.86,2025.0
2017-12-28 13:05:00,49.89,49.89,49.8699,49.8699,1163.0
2017-12-28 13:06:00,49.9,49.9,49.89,49.89,1009.0
2017-12-28 13:07:00,49.89,49.9,49.89,49.89,800.0
2017-12-28 13:09:00,49.91,49.91,49.9,49.91,433.0
2017-12-28 13:10:00,49.91,49.91,49.91,49.91,100.0
2017-12-28 13:11:00,49.9,49.9,49.9,49.9,200.0
2017-12-28 13:12:00,49.89,49.9,49.89,49.9,1093.0
2017-12-28 13:13:00,49.89,49.89,49.89,49.89,100.0
2017-12-28 13:14:00,49.89,49.89,49.89,49.89,100.0
2017-12-28 13:15:00,49.89,49.89,49.89,49.89,100.0
2017-12-28 13:16:00,49.89,49.89,49.89,49.89,100.0
2017-12-28 13:17:00,49.88,49.88,49.88,49.88,100.0
2017-12-28 13:18:00,49.86,49.89,49.86,49.89,929.0
2017-12-28 13:19:00,49.86,49.86,49.86,49.86,440.0
2017-12-28 13:20:00,49.86,49.8702,49.86,49.8702,1073.0
2017-12-28 13:21:00,49.88,49.88,49.87,49.87,700.0
2017-12-28 13:22:00,49.88,49.88,49.87,49.87,600.0
2017-12-28 13:23:00,49.89,49.89,49.88,49.88,300.0
2017-12-28 13:24:00,49.87,49.88,49.87,49.88,1100.0
2017-12-28 13:27:00,49.89,49.89,49.87,49.8711,400.0
2017-12-28 13:29:00,49.88,49.8801,49.88,49.8801,900.0
2017-12-28 13:30:00,49.87,49.88,49.87,49.88,720.0
2017-12-28 13:33:00,49.88,49.885,49.88,49.88,600.0
2017-12-28 13:34:00,49.87,49.88,49.87,49.88,300.0
2017-12-28 13:35:00,49.86,49.86,49.86,49.86,100.0
2017-12-28 13:36:00,49.86,49.86,49.86,49.86,100.0
2017-12-28 13:37:00,49.85,49.855,49.85,49.855,600.0
2017-12-28 13:38:00,49.87,49.87,49.84,49.85,600.0
2017-12-28 13:40:00,49.87,49.87,49.87,49.87,400.0
2017-12-28 13:41:00,49.88,49.88,49.875,49.875,472.0
2017-12-28 13:42:00,49.88,49.88,49.88,49.88,6436.0
2017-12-28 13:44:00,49.87,49.87,49.87,49.87,100.0
2017-12-28 13:45:00,49.88,49.88,49.88,49.88,400.0
2017-12-28 13:46:00,49.89,49.89,49.88,49.88,400.0
2017-12-28 13:47:00,49.89,49.9,49.89,49.89,800.0
2017-12-28 13:48:00,49.91,49.91,49.89,49.9,2597.0
2017-12-28 13:51:00,49.91,49.91,49.89,49.89,400.0
2017-12-28 13:52:00,49.89,49.89,49.89,49.89,400.0
2017-12-28 13:53:00,49.91,49.91,49.89,49.89,700.0
2017-12-28 13:56:00,49.9,49.9,49.9,49.9,500.0
2017-12-28 13:57:00,49.9,49.9,49.9,49.9,1100.0
2017-12-28 13:59:00,49.89,49.893,49.89,49.89,1000.0
2017-12-28 14:00:00,49.89,49.9,49.89,49.9,200.0
2017-12-28 14:01:00,49.89,49.89,49.89,49.89,299.0
2017-12-28 14:02:00,49.9,49.9,49.88,49.88,700.0
2017-12-28 14:03:00,49.895,49.9,49.89,49.89,1002.0
2017-12-28 14:04:00,49.94,49.95,49.8999,49.8999,7302.0
2017-12-28 14:05:00,49.98,50.0,49.94,49.94,19386.0
2017-12-28 14:06:00,49.97,50.01,49.935,49.98,13200.0
2017-12-28 14:07:00,49.98,49.98,49.97,49.98,2700.0
2017-12-28 14:08:00,49.95,49.99,49.93,49.99,4222.0
2017-12-28 14:09:00,49.96,49.96,49.945,49.945,1349.0
2017-12-28 14:10:00,49.98,49.98,49.96,49.97,1400.0
2017-12-28 14:11:00,49.98,49.98,49.96,49.96,424.0
2017-12-28 14:12:00,49.99,49.99,49.98,49.98,1400.0
2017-12-28 14:13:00,49.9565,49.98,49.9565,49.97,1627.0
2017-12-28 14:14:00,49.97,49.98,49.9699,49.9699,2598.0
2017-12-28 14:15:00,49.96,49.96,49.96,49.96,100.0
2017-12-28 14:16:00,49.97,49.99,49.97,49.99,1100.0
2017-12-28 14:17:00,49.97,49.97,49.97,49.97,500.0
2017-12-28 14:18:00,49.97,49.98,49.97,49.97,500.0
2017-12-28 14:19:00,49.97,49.98,49.97,49.98,1200.0
2017-12-28 14:20:00,49.9886,49.9886,49.9765,49.9765,304.0
2017-12-28 14:21:00,49.97,49.98,49.97,49.98,400.0
2017-12-28 14:23:00,49.97,49.9711,49.97,49.9711,1156.0
2017-12-28 14:25:00,49.97,49.97,49.97,49.97,100.0
2017-12-28 14:27:00,49.94,49.96,49.94,49.96,1300.0
2017-12-28 14:29:00,49.94,49.95,49.92,49.92,700.0
2017-12-28 14:30:00,49.95,49.95,49.935,49.935,600.0
2017-12-28 14:31:00,49.95,49.95,49.93,49.93,1032.0
2017-12-28 14:32:00,49.96,49.96,49.96,49.96,2400.0
2017-12-28 14:33:00,49.96,49.97,49.96,49.97,3801.0
2017-12-28 14:34:00,49.97,49.97,49.97,49.97,100.0
2017-12-28 14:35:00,49.97,49.97,49.96,49.96,200.0
2017-12-28 14:36:00,49.96,49.97,49.96,49.97,1400.0
2017-12-28 14:37:00,49.93,49.9507,49.93,49.93,595.0
2017-12-28 14:38:00,49.93,49.93,49.93,49.93,100.0
2017-12-28 14:39:00,49.93,49.94,49.93,49.94,700.0
2017-12-28 14:40:00,49.94,49.9554,49.94,49.95,900.0
2017-12-28 14:41:00,49.94,49.94,49.94,49.94,100.0
2017-12-28 14:42:00,49.94,49.94,49.93,49.94,400.0
2017-12-28 14:44:00,49.935,49.935,49.935,49.935,100.0
2017-12-28 14:45:00,49.94,49.94,49.92,49.92,200.0
2017-12-28 14:46:00,49.94,49.94,49.94,49.94,100.0
2017-12-28 14:47:00,49.935,49.935,49.93,49.93,309.0
2017-12-28 14:48:00,49.95,49.95,49.91,49.91,5008.0
2017-12-28 14:49:00,49.95,49.955,49.95,49.95,1000.0
2017-12-28 14:50:00,49.96,49.96,49.96,49.96,100.0
2017-12-28 14:51:00,49.97,49.97,49.9501,49.9501,300.0
2017-12-28 14:53:00,49.96,49.965,49.96,49.96,1000.0
2017-12-28 14:54:00,49.96,49.9637,49.96,49.96,700.0
2017-12-28 14:55:00,49.97,49.975,49.96,49.965,2300.0
2017-12-28 14:56:00,49.97,49.97,49.964,49.964,732.0
2017-12-28 14:58:00,49.98,49.98,49.97,49.98,1300.0
2017-12-28 14:59:00,49.97,49.9899,49.97,49.9899,1400.0
2017-12-28 15:00:00,49.99,49.99,49.98,49.98,500.0
2017-12-28 15:01:00,49.99,49.99,49.99,49.99,200.0
2017-12-28 15:02:00,49.985,49.985,49.98,49.98,200.0
2017-12-28 15:03:00,49.985,49.985,49.985,49.985,200.0
2017-12-28 15:04:00,49.985,49.99,49.985,49.985,1702.0
2017-12-28 15:05:00,49.99,49.99,49.99,49.99,200.0
2017-12-28 15:06:00,49.99,49.99,49.99,49.99,2588.0
2017-12-28 15:07:00,50.0,50.0,50.0,50.0,100.0
2017-12-28 15:08:00,49.99,50.0,49.99,50.0,2393.0
2017-12-28 15:09:00,50.01,50.01,49.99,49.99,895.0
2017-12-28 15:10:00,50.01,50.015,50.01,50.01,2200.0
2017-12-28 15:11:00,50.0101,50.03,50.01,50.01,2210.0
2017-12-28 15:12:00,50.02,50.02,50.02,50.02,200.0
2017-12-28 15:13:00,50.02,50.02,50.02,50.02,704.0
2017-12-28 15:14:00,50.02,50.02,50.02,50.02,700.0
2017-12-28 15:16:00,50.03,50.03,50.02,50.02,1422.0
2017-12-28 15:17:00,50.025,50.03,50.02,50.03,2500.0
2017-12-28 15:18:00,50.03,50.03,50.02,50.02,900.0
2017-12-28 15:19:00,50.04,50.04,50.03,50.03,1850.0
2017-12-28 15:20:00,50.03,50.038999999999994,50.03,50.038999999999994,2186.0
2017-12-28 15:21:00,50.05,50.05,50.03,50.04,1730.0
2017-12-28 15:22:00,50.04,50.045,50.04,50.045,1600.0
2017-12-28 15:23:00,50.04,50.04,50.04,50.04,300.0
2017-12-28 15:24:00,50.05,50.05,50.035,50.04,2127.0
2017-12-28 15:25:00,50.06,50.06,50.05,50.05,2721.0
2017-12-28 15:26:00,50.06,50.07,50.06,50.06,1882.0
2017-12-28 15:27:00,50.08,50.08,50.065,50.065,2674.0
2017-12-28 15:28:00,50.09,50.09,50.09,50.09,1500.0
2017-12-28 15:29:00,50.0825,50.085,50.08,50.08,2239.0
2017-12-28 15:30:00,50.09,50.09,50.08,50.08,1486.0
2017-12-28 15:31:00,50.09,50.09,50.09,50.09,300.0
2017-12-28 15:32:00,50.08,50.11,50.07,50.09,8813.0
2017-12-28 15:33:00,50.1,50.11,50.08,50.08,2908.0
2017-12-28 15:34:00,50.11,50.11,50.1,50.11,400.0
2017-12-28 15:35:00,50.1225,50.125,50.11,50.11,4020.0
2017-12-28 15:36:00,50.125,50.125,50.12,50.12,1300.0
2017-12-28 15:37:00,50.11,50.13,50.11,50.125,4314.0
2017-12-28 15:38:00,50.095,50.105,50.09,50.105,3187.0
2017-12-28 15:39:00,50.105,50.11,50.0952,50.0952,2718.0
2017-12-28 15:40:00,50.13,50.13,50.105,50.11,4100.0
2017-12-28 15:41:00,50.14,50.14,50.125,50.13,2332.0
2017-12-28 15:42:00,50.135,50.16,50.135,50.135,9644.0
2017-12-28 15:43:00,50.14,50.14,50.135,50.14,700.0
2017-12-28 15:44:00,50.145,50.15,50.14,50.14,1603.0
2017-12-28 15:45:00,50.11,50.14,50.11,50.14,7039.0
2017-12-28 15:46:00,50.11,50.12,50.11,50.11,1130.0
2017-12-28 15:47:00,50.13,50.13,50.11,50.115,2689.0
2017-12-28 15:48:00,50.11,50.13,50.11,50.13,2757.0
2017-12-28 15:49:00,50.1,50.12,50.1,50.115,3452.0
2017-12-28 15:50:00,50.105,50.105,50.09,50.1,7085.0
2017-12-28 15:51:00,50.095,50.11,50.095,50.105,5023.0
2017-12-28 15:52:00,50.085,50.095,50.08,50.095,2800.0
2017-12-28 15:53:00,50.1,50.1,50.08,50.085,7333.0
2017-12-28 15:54:00,50.1,50.11,50.095,50.095,12181.0
2017-12-28 15:55:00,50.12,50.12,50.105,50.105,5100.0
2017-12-28 15:56:00,50.11,50.12,50.11,50.12,14136.0
2017-12-28 15:57:00,50.115,50.12,50.11,50.115,8179.0
2017-12-28 15:58:00,50.115,50.12,50.11,50.1195,9745.0
2017-12-28 15:59:00,50.14,50.14,50.095,50.115,26009.0
2017-12-28 16:00:00,50.16,50.17,50.14,50.14,29555.0
2017-12-29 09:30:00,50.33,50.33,50.33,50.33,13116.0
2017-12-29 09:31:00,50.51,50.51,50.355,50.43,8234.0
2017-12-29 09:32:00,50.53,50.59,50.48,50.49,1700.0
2017-12-29 09:33:00,50.45,50.58,50.425,50.57,2500.0
2017-12-29 09:34:00,50.445,50.5,50.44,50.44,1600.0
2017-12-29 09:35:00,50.46,50.48,50.33,50.47,1860.0
2017-12-29 09:36:00,50.37,50.45,50.37,50.45,2100.0
2017-12-29 09:38:00,50.365,50.365,50.33,50.33,600.0
2017-12-29 09:39:00,50.43,50.43,50.34,50.36,1300.0
2017-12-29 09:40:00,50.355,50.4,50.34,50.4,3400.0
2017-12-29 09:41:00,50.49,50.49,50.43,50.43,305.0
2017-12-29 09:42:00,50.48,50.49,50.47,50.49,1000.0
2017-12-29 09:43:00,50.46,50.48,50.41,50.4654,1789.0
2017-12-29 09:44:00,50.44,50.46,50.4,50.46,1488.0
2017-12-29 09:46:00,50.445,50.45,50.42,50.42,800.0
2017-12-29 09:47:00,50.41,50.44,50.41,50.44,500.0
2017-12-29 09:49:00,50.36,50.38,50.35,50.38,800.0
2017-12-29 09:50:00,50.4,50.42,50.365,50.365,484.0
2017-12-29 09:51:00,50.45,50.45,50.42,50.43,600.0
2017-12-29 09:52:00,50.41,50.435,50.37,50.41,1200.0
2017-12-29 09:53:00,50.34,50.4,50.34,50.4,500.0
2017-12-29 09:54:00,50.35,50.36,50.35,50.35,700.0
2017-12-29 09:55:00,50.33,50.35,50.325,50.35,2717.0
2017-12-29 09:56:00,50.3,50.32,50.3,50.32,1500.0
2017-12-29 09:57:00,50.34,50.35,50.3097,50.3097,2600.0
2017-12-29 09:58:00,50.3,50.32,50.3,50.32,2300.0
2017-12-29 09:59:00,50.32,50.32,50.31,50.32,700.0
2017-12-29 10:00:00,50.34,50.35,50.32,50.33,3180.0
2017-12-29 10:01:00,50.34,50.35,50.34,50.34,1200.0
2017-12-29 10:02:00,50.32,50.36,50.32,50.36,1900.0
2017-12-29 10:03:00,50.32,50.32,50.32,50.32,510.0
2017-12-29 10:04:00,50.31,50.31,50.31,50.31,100.0
2017-12-29 10:05:00,50.3402,50.36,50.34,50.34,1646.0
2017-12-29 10:06:00,50.32,50.32,50.32,50.32,200.0
2017-12-29 10:07:00,50.32,50.32,50.32,50.32,880.0
2017-12-29 10:08:00,50.29,50.32,50.29,50.32,900.0
2017-12-29 10:09:00,50.29,50.31,50.29,50.31,600.0
2017-12-29 10:10:00,50.3,50.3,50.28,50.28,300.0
2017-12-29 10:11:00,50.275,50.31,50.275,50.29,900.0
2017-12-29 10:12:00,50.26,50.26,50.26,50.26,100.0
2017-12-29 10:13:00,50.3,50.3,50.27,50.27,600.0
2017-12-29 10:14:00,50.2949,50.3093,50.28,50.3093,1554.0
2017-12-29 10:15:00,50.31,50.31,50.31,50.31,400.0
2017-12-29 10:16:00,50.29,50.3,50.26,50.29,1002.0
2017-12-29 10:17:00,50.26,50.26,50.26,50.26,100.0
2017-12-29 10:18:00,50.3,50.3,50.28,50.28,2052.0
2017-12-29 10:19:00,50.305,50.305,50.29,50.29,400.0
2017-12-29 10:20:00,50.27,50.3,50.27,50.295,475.0
2017-12-29 10:21:00,50.3,50.3,50.27,50.27,2000.0
2017-12-29 10:22:00,50.3,50.3,50.28,50.29,500.0
2017-12-29 10:23:00,50.29,50.3,50.28,50.29,2700.0
2017-12-29 10:24:00,50.3,50.3,50.28,50.2876,2598.0
2017-12-29 10:25:00,50.34,50.34,50.305,50.31,2559.0
2017-12-29 10:26:00,50.32,50.32,50.32,50.32,600.0
2017-12-29 10:27:00,50.34,50.34,50.31,50.325,500.0
2017-12-29 10:28:00,50.36,50.36,50.325,50.33,2804.0
2017-12-29 10:29:00,50.37,50.38,50.36,50.37,1300.0
2017-12-29 10:30:00,50.325,50.37,50.325,50.36,1400.0
2017-12-29 10:31:00,50.33,50.33,50.33,50.33,700.0
2017-12-29 10:32:00,50.33,50.33,50.33,50.33,200.0
2017-12-29 10:33:00,50.33,50.34,50.33,50.33,1978.0
2017-12-29 10:34:00,50.33,50.34,50.33,50.33,2100.0
2017-12-29 10:35:00,50.36,50.36,50.32,50.32,900.0
2017-12-29 10:36:00,50.36,50.36,50.36,50.36,100.0
2017-12-29 10:37:00,50.38,50.38,50.35,50.35,1346.0
2017-12-29 10:38:00,50.38,50.38,50.37,50.38,400.0
2017-12-29 10:39:00,50.35,50.36,50.35,50.36,1100.0
2017-12-29 10:40:00,50.32,50.35,50.31,50.35,1000.0
2017-12-29 10:41:00,50.33,50.33,50.31,50.32,600.0
2017-12-29 10:42:00,50.335,50.335,50.33,50.33,200.0
2017-12-29 10:43:00,50.33,50.35,50.32,50.35,2234.0
2017-12-29 10:44:00,50.325,50.33,50.32,50.325,850.0
2017-12-29 10:45:00,50.33,50.33,50.3125,50.33,3000.0
2017-12-29 10:46:00,50.38,50.38,50.38,50.38,100.0
2017-12-29 10:47:00,50.37,50.37,50.37,50.37,300.0
2017-12-29 10:48:00,50.385,50.385,50.385,50.385,100.0
2017-12-29 10:49:00,50.37,50.385,50.37,50.385,316.0
2017-12-29 10:50:00,50.4,50.4,50.37,50.4,500.0
2017-12-29 10:51:00,50.38,50.4,50.38,50.4,300.0
2017-12-29 10:52:00,50.38,50.395,50.38,50.39,1000.0
2017-12-29 10:53:00,50.37,50.37,50.36,50.37,400.0
2017-12-29 10:54:00,50.38,50.4,50.38,50.38,700.0
2017-12-29 10:55:00,50.4,50.4,50.38,50.38,300.0
2017-12-29 10:56:00,50.38,50.38,50.38,50.38,200.0
2017-12-29 10:57:00,50.4,50.41,50.38,50.4,1188.0
2017-12-29 10:58:00,50.4,50.41,50.4,50.4,1800.0
2017-12-29 10:59:00,50.38,50.385,50.37,50.385,1900.0
2017-12-29 11:00:00,50.39,50.39,50.38,50.38,200.0
2017-12-29 11:01:00,50.37,50.39,50.37,50.39,900.0
2017-12-29 11:02:00,50.37,50.37,50.37,50.37,100.0
2017-12-29 11:03:00,50.36,50.37,50.36,50.37,645.0
2017-12-29 11:04:00,50.36,50.36,50.35,50.35,600.0
2017-12-29 11:05:00,50.39,50.4,50.37,50.37,1000.0
2017-12-29 11:06:00,50.38,50.39,50.38,50.39,500.0
2017-12-29 11:07:00,50.37,50.37,50.37,50.37,100.0
2017-12-29 11:08:00,50.36,50.38,50.36,50.38,1100.0
2017-12-29 11:09:00,50.37,50.39,50.37,50.39,700.0
2017-12-29 11:10:00,50.35,50.37,50.35,50.37,1180.0
2017-12-29 11:11:00,50.3588,50.37,50.35,50.36,930.0
2017-12-29 11:12:00,50.33,50.35,50.33,50.35,900.0
2017-12-29 11:13:00,50.34,50.34,50.32,50.325,1012.0
2017-12-29 11:14:00,50.33,50.33,50.33,50.33,300.0
2017-12-29 11:15:00,50.33,50.33,50.33,50.33,100.0
2017-12-29 11:16:00,50.33,50.33,50.33,50.33,200.0
2017-12-29 11:17:00,50.35,50.36,50.33,50.33,3662.0
2017-12-29 11:18:00,50.35,50.35,50.345,50.35,900.0
2017-12-29 11:19:00,50.34,50.34,50.34,50.34,599.0
2017-12-29 11:20:00,50.345,50.345,50.335,50.34,2237.0
2017-12-29 11:21:00,50.38,50.38,50.35,50.35,2600.0
2017-12-29 11:23:00,50.35,50.37,50.35,50.37,1290.0
2017-12-29 11:25:00,50.36,50.37,50.34,50.34,1430.0
2017-12-29 11:26:00,50.35,50.37,50.35,50.37,500.0
2017-12-29 11:27:00,50.355,50.355,50.355,50.355,100.0
2017-12-29 11:28:00,50.36,50.36,50.34,50.34,400.0
2017-12-29 11:29:00,50.35,50.36,50.35,50.36,200.0
2017-12-29 11:30:00,50.35,50.36,50.35,50.36,200.0
2017-12-29 11:31:00,50.35,50.355,50.33,50.35,1665.0
2017-12-29 11:32:00,50.33,50.345,50.33,50.33,1000.0
2017-12-29 11:33:00,50.3301,50.3301,50.3301,50.3301,100.0
2017-12-29 11:34:00,50.335,50.335,50.32,50.32,200.0
2017-12-29 11:35:00,50.335,50.335,50.32,50.32,300.0
2017-12-29 11:36:00,50.32,50.3275,50.32,50.3275,300.0
2017-12-29 11:37:00,50.32,50.32,50.32,50.32,100.0
2017-12-29 11:38:00,50.32,50.32,50.315,50.32,357.0
2017-12-29 11:39:00,50.315,50.315,50.315,50.315,100.0
2017-12-29 11:40:00,50.3,50.3,50.3,50.3,400.0
2017-12-29 11:41:00,50.3,50.318999999999996,50.3,50.3,1300.0
2017-12-29 11:42:00,50.31,50.31,50.31,50.31,400.0
2017-12-29 11:43:00,50.31,50.31,50.3,50.301,400.0
2017-12-29 11:44:00,50.36,50.36,50.3,50.3,4789.0
2017-12-29 11:45:00,50.35,50.36,50.35,50.36,1005.0
2017-12-29 11:46:00,50.355,50.36,50.355,50.36,700.0
2017-12-29 11:47:00,50.36,50.36,50.35,50.36,319.0
2017-12-29 11:48:00,50.3548,50.355,50.3548,50.355,306.0
2017-12-29 11:49:00,50.35,50.355,50.35,50.355,1549.0
2017-12-29 11:50:00,50.35,50.35,50.35,50.35,400.0
2017-12-29 11:51:00,50.37,50.37,50.36,50.36,1500.0
2017-12-29 11:52:00,50.36,50.38,50.36,50.38,600.0
2017-12-29 11:54:00,50.36,50.36,50.36,50.36,100.0
2017-12-29 11:56:00,50.35,50.36,50.34,50.36,600.0
2017-12-29 11:57:00,50.35,50.38,50.35,50.38,200.0
2017-12-29 11:58:00,50.36,50.36,50.36,50.36,200.0
2017-12-29 11:59:00,50.38,50.38,50.38,50.38,300.0
2017-12-29 12:00:00,50.38,50.38,50.38,50.38,200.0
2017-12-29 12:01:00,50.395,50.395,50.38,50.38,300.0
2017-12-29 12:02:00,50.39,50.39,50.39,50.39,200.0
2017-12-29 12:03:00,50.39,50.4,50.39,50.4,400.0
2017-12-29 12:04:00,50.38,50.39,50.38,50.39,1160.0
2017-12-29 12:05:00,50.39,50.39,50.39,50.39,100.0
2017-12-29 12:06:00,50.38,50.39,50.38,50.39,531.0
2017-12-29 12:07:00,50.385,50.385,50.38,50.38,200.0
2017-12-29 12:08:00,50.385,50.385,50.385,50.385,100.0
2017-12-29 12:09:00,50.38,50.39,50.375,50.38,1800.0
2017-12-29 12:11:00,50.38,50.38,50.38,50.38,100.0
2017-12-29 12:13:00,50.38,50.39,50.38,50.382,400.0
2017-12-29 12:14:00,50.36,50.38,50.36,50.38,1000.0
2017-12-29 12:16:00,50.35,50.35,50.35,50.35,300.0
2017-12-29 12:17:00,50.365,50.365,50.365,50.365,100.0
2017-12-29 12:18:00,50.36,50.37,50.36,50.37,200.0
2017-12-29 12:19:00,50.37,50.37,50.37,50.37,100.0
2017-12-29 12:20:00,50.36,50.36,50.36,50.36,100.0
2017-12-29 12:21:00,50.3703,50.3703,50.36,50.36,600.0
2017-12-29 12:22:00,50.37,50.375,50.365,50.375,800.0
2017-12-29 12:24:00,50.36,50.36,50.36,50.36,100.0
2017-12-29 12:25:00,50.37,50.37,50.37,50.37,100.0
2017-12-29 12:26:00,50.37,50.37,50.36,50.36,200.0
2017-12-29 12:27:00,50.33,50.36,50.33,50.36,1341.0
2017-12-29 12:28:00,50.335,50.335,50.33,50.33,500.0
2017-12-29 12:29:00,50.335,50.335,50.335,50.335,740.0
2017-12-29 12:30:00,50.33,50.33,50.33,50.33,200.0
2017-12-29 12:31:00,50.32,50.32,50.32,50.32,1450.0
2017-12-29 12:32:00,50.32,50.32,50.31,50.31,300.0
2017-12-29 12:33:00,50.3,50.32,50.3,50.3,1000.0
2017-12-29 12:35:00,50.28,50.29,50.28,50.29,775.0
2017-12-29 12:36:00,50.27,50.27,50.27,50.27,200.0
2017-12-29 12:37:00,50.3,50.3,50.28,50.28,1728.0
2017-12-29 12:38:00,50.32,50.32,50.31,50.31,700.0
2017-12-29 12:40:00,50.3051,50.3099,50.3,50.3,350.0
2017-12-29 12:41:00,50.31,50.31,50.305,50.305,1100.0
2017-12-29 12:42:00,50.31,50.315,50.31,50.31,300.0
2017-12-29 12:43:00,50.305,50.31,50.3003,50.31,1436.0
2017-12-29 12:44:00,50.3,50.3,50.3,50.3,100.0
2017-12-29 12:45:00,50.33,50.33,50.305,50.305,2448.0
2017-12-29 12:46:00,50.325,50.325,50.32,50.3214,600.0
2017-12-29 12:47:00,50.325,50.33,50.32,50.33,600.0
2017-12-29 12:48:00,50.3125,50.32,50.3125,50.32,1061.0
2017-12-29 12:49:00,50.315,50.315,50.315,50.315,150.0
2017-12-29 12:50:00,50.315,50.315,50.31,50.31,572.0
2017-12-29 12:51:00,50.315,50.315,50.31,50.315,2700.0
2017-12-29 12:52:00,50.31,50.315,50.31,50.315,7530.0
2017-12-29 12:53:00,50.315,50.32,50.315,50.315,450.0
2017-12-29 12:54:00,50.31,50.315,50.31,50.31,600.0
2017-12-29 12:55:00,50.31,50.315,50.31,50.315,200.0
2017-12-29 12:56:00,50.315,50.315,50.305,50.31,1832.0
2017-12-29 12:57:00,50.315,50.315,50.31,50.31,700.0
2017-12-29 12:58:00,50.315,50.315,50.31,50.315,1815.0
2017-12-29 12:59:00,50.315,50.315,50.315,50.315,100.0
2017-12-29 13:00:00,50.315,50.315,50.31,50.31,300.0
2017-12-29 13:01:00,50.305,50.315,50.3,50.315,1877.0
2017-12-29 13:02:00,50.29,50.305,50.29,50.3,2296.0
2017-12-29 13:04:00,50.29,50.2962,50.29,50.295,930.0
2017-12-29 13:05:00,50.295,50.3,50.295,50.3,500.0
2017-12-29 13:06:00,50.3,50.3,50.29,50.295,567.0
2017-12-29 13:07:00,50.295,50.295,50.29,50.295,400.0
2017-12-29 13:08:00,50.295,50.2957,50.29,50.295,846.0
2017-12-29 13:09:00,50.295,50.295,50.295,50.295,100.0
2017-12-29 13:10:00,50.295,50.3,50.29,50.295,600.0
2017-12-29 13:11:00,50.26,50.295,50.26,50.29,4748.0
2017-12-29 13:12:00,50.25,50.255,50.25,50.255,400.0
2017-12-29 13:13:00,50.27,50.27,50.25,50.25,2750.0
2017-12-29 13:14:00,50.2795,50.2795,50.275,50.277,894.0
2017-12-29 13:15:00,50.27,50.28,50.27,50.28,546.0
2017-12-29 13:16:00,50.26,50.26,50.26,50.26,100.0
2017-12-29 13:17:00,50.254,50.254,50.254,50.254,100.0
2017-12-29 13:18:00,50.26,50.265,50.26,50.26,400.0
2017-12-29 13:19:00,50.2749,50.28,50.265,50.265,1605.0
2017-12-29 13:20:00,50.29,50.29,50.275,50.275,1000.0
2017-12-29 13:21:00,50.29,50.295,50.285,50.29,1500.0
2017-12-29 13:22:00,50.29,50.295,50.29,50.295,261.0
2017-12-29 13:23:00,50.295,50.2956,50.295,50.2956,300.0
2017-12-29 13:24:00,50.29,50.3,50.29,50.3,1100.0
2017-12-29 13:25:00,50.295,50.295,50.295,50.295,100.0
2017-12-29 13:26:00,50.295,50.295,50.29,50.2946,2100.0
2017-12-29 13:27:00,50.295,50.3,50.29,50.3,1110.0
2017-12-29 13:28:00,50.305,50.31,50.29,50.2925,7963.0
2017-12-29 13:29:00,50.3051,50.3051,50.3,50.3,2574.0
2017-12-29 13:30:00,50.29,50.3,50.29,50.3,1150.0
2017-12-29 13:31:00,50.295,50.295,50.29,50.295,600.0
2017-12-29 13:32:00,50.305,50.305,50.295,50.295,1300.0
2017-12-29 13:33:00,50.29,50.3,50.29,50.3,2053.0
2017-12-29 13:34:00,50.295,50.295,50.29,50.295,900.0
2017-12-29 13:35:00,50.295,50.295,50.295,50.295,500.0
2017-12-29 13:36:00,50.295,50.295,50.29,50.295,1496.0
2017-12-29 13:37:00,50.28,50.295,50.28,50.29,1800.0
2017-12-29 13:38:00,50.285,50.285,50.28,50.285,300.0
2017-12-29 13:39:00,50.3,50.3,50.28,50.28,1400.0
2017-12-29 13:40:00,50.295,50.295,50.295,50.295,200.0
2017-12-29 13:41:00,50.295,50.295,50.29,50.29,200.0
2017-12-29 13:42:00,50.29,50.29,50.28,50.29,2413.0
2017-12-29 13:43:00,50.29,50.2952,50.29,50.2952,850.0
2017-12-29 13:44:00,50.32,50.32,50.29,50.29,4924.0
2017-12-29 13:45:00,50.31,50.32,50.3,50.31,1874.0
2017-12-29 13:46:00,50.31,50.31,50.3,50.3,1000.0
2017-12-29 13:47:00,50.3,50.31,50.3,50.31,900.0
2017-12-29 13:49:00,50.29,50.29,50.29,50.29,300.0
2017-12-29 13:50:00,50.27,50.29,50.27,50.29,600.0
2017-12-29 13:51:00,50.26,50.26,50.26,50.26,200.0
2017-12-29 13:52:00,50.25,50.26,50.25,50.26,679.0
2017-12-29 13:53:00,50.23,50.23,50.23,50.23,100.0
2017-12-29 13:54:00,50.23,50.23,50.23,50.23,100.0
2017-12-29 13:55:00,50.19,50.23,50.19,50.23,2100.0
2017-12-29 13:56:00,50.19,50.2,50.19,50.19,1771.0
2017-12-29 13:57:00,50.2,50.2,50.19,50.19,1400.0
2017-12-29 13:58:00,50.2,50.2,50.19,50.19,200.0
2017-12-29 13:59:00,50.2,50.21,50.2,50.21,200.0
2017-12-29 14:00:00,50.23,50.24,50.21,50.21,1568.0
2017-12-29 14:01:00,50.23,50.23,50.23,50.23,100.0
2017-12-29 14:02:00,50.23,50.24,50.23,50.24,400.0
2017-12-29 14:03:00,50.23,50.23,50.23,50.23,294.0
2017-12-29 14:04:00,50.24,50.245,50.24,50.24,1100.0
2017-12-29 14:05:00,50.24,50.24,50.24,50.24,200.0
2017-12-29 14:06:00,50.245,50.245,50.245,50.245,100.0
2017-12-29 14:07:00,50.24,50.24,50.24,50.24,500.0
2017-12-29 14:08:00,50.24,50.24,50.24,50.24,200.0
2017-12-29 14:09:00,50.22,50.24,50.22,50.24,2622.0
2017-12-29 14:10:00,50.21,50.226000000000006,50.21,50.226000000000006,416.0
2017-12-29 14:11:00,50.21,50.22,50.21,50.22,400.0
2017-12-29 14:12:00,50.23,50.23,50.23,50.23,100.0
2017-12-29 14:13:00,50.23,50.23,50.21,50.22,300.0
2017-12-29 14:14:00,50.21,50.23,50.21,50.23,600.0
2017-12-29 14:15:00,50.21,50.22,50.21,50.22,200.0
2017-12-29 14:16:00,50.21,50.22,50.21,50.22,200.0
2017-12-29 14:17:00,50.22,50.22,50.22,50.22,100.0
2017-12-29 14:18:00,50.21,50.22,50.21,50.22,600.0
2017-12-29 14:19:00,50.215,50.215,50.21,50.21,200.0
2017-12-29 14:20:00,50.21,50.215,50.21,50.215,200.0
2017-12-29 14:21:00,50.24,50.24,50.22,50.22,3434.0
2017-12-29 14:22:00,50.22,50.23,50.22,50.23,2100.0
2017-12-29 14:23:00,50.21,50.21,50.21,50.21,100.0
2017-12-29 14:24:00,50.2178,50.2178,50.21,50.21,306.0
2017-12-29 14:25:00,50.22,50.22,50.21,50.22,600.0
2017-12-29 14:26:00,50.2149,50.215,50.21,50.215,850.0
2017-12-29 14:27:00,50.21,50.215,50.21,50.215,700.0
2017-12-29 14:28:00,50.22,50.22,50.22,50.22,100.0
2017-12-29 14:29:00,50.215,50.22,50.21,50.215,1100.0
2017-12-29 14:30:00,50.215,50.215,50.21,50.21,200.0
2017-12-29 14:31:00,50.21,50.21,50.21,50.21,100.0
2017-12-29 14:32:00,50.215,50.215,50.215,50.215,200.0
2017-12-29 14:33:00,50.21,50.215,50.21,50.215,600.0
2017-12-29 14:34:00,50.215,50.22,50.215,50.22,200.0
2017-12-29 14:35:00,50.21,50.21,50.21,50.21,200.0
2017-12-29 14:36:00,50.225,50.225,50.215,50.215,1448.0
2017-12-29 14:37:00,50.225,50.23,50.22,50.22,600.0
2017-12-29 14:38:00,50.2,50.22,50.2,50.22,2128.0
2017-12-29 14:39:00,50.2,50.21,50.2,50.2099,615.0
2017-12-29 14:40:00,50.2,50.205,50.2,50.205,550.0
2017-12-29 14:41:00,50.2,50.2,50.2,50.2,100.0
2017-12-29 14:42:00,50.22,50.22,50.205,50.21,2100.0
2017-12-29 14:43:00,50.215,50.215,50.215,50.215,100.0
2017-12-29 14:44:00,50.22,50.22,50.21,50.215,1100.0
2017-12-29 14:46:00,50.23,50.235,50.23,50.23,1000.0
2017-12-29 14:47:00,50.23,50.235,50.23,50.23,400.0
2017-12-29 14:48:00,50.21,50.23,50.21,50.23,2200.0
2017-12-29 14:49:00,50.21,50.21,50.21,50.21,600.0
2017-12-29 14:50:00,50.19,50.21,50.19,50.21,614.0
2017-12-29 14:51:00,50.18,50.2,50.18,50.195,2554.0
2017-12-29 14:52:00,50.17,50.185,50.17,50.185,300.0
2017-12-29 14:53:00,50.18,50.18,50.18,50.18,500.0
2017-12-29 14:54:00,50.18,50.18,50.17,50.18,1714.0
2017-12-29 14:55:00,50.2,50.2,50.175,50.175,6000.0
2017-12-29 14:56:00,50.22,50.23,50.2,50.2,2667.0
2017-12-29 14:57:00,50.23,50.23,50.22,50.225,1200.0
2017-12-29 14:58:00,50.22,50.23,50.22,50.22,900.0
2017-12-29 14:59:00,50.23,50.24,50.22,50.22,3579.0
2017-12-29 15:00:00,50.23,50.23,50.225,50.23,512.0
2017-12-29 15:01:00,50.25,50.25,50.225,50.235,3584.0
2017-12-29 15:02:00,50.25,50.26,50.25,50.26,900.0
2017-12-29 15:03:00,50.24,50.26,50.235,50.26,3293.0
2017-12-29 15:04:00,50.25,50.25,50.24,50.24,600.0
2017-12-29 15:05:00,50.235,50.245,50.23,50.245,1462.0
2017-12-29 15:06:00,50.235,50.24,50.235,50.235,400.0
2017-12-29 15:07:00,50.23,50.24,50.23,50.24,1000.0
2017-12-29 15:08:00,50.235,50.235,50.235,50.235,400.0
2017-12-29 15:09:00,50.26,50.27,50.23,50.235,5342.0
2017-12-29 15:10:00,50.26,50.265,50.26,50.26,800.0
2017-12-29 15:11:00,50.26,50.27,50.26,50.27,700.0
2017-12-29 15:12:00,50.28,50.28,50.265,50.265,2000.0
2017-12-29 15:13:00,50.28,50.28,50.28,50.28,600.0
2017-12-29 15:14:00,50.285,50.29,50.28,50.28,600.0
2017-12-29 15:15:00,50.29,50.29,50.285,50.29,1300.0
2017-12-29 15:16:00,50.27,50.3,50.27,50.3,6752.0
2017-12-29 15:17:00,50.27,50.28,50.27,50.28,600.0
2017-12-29 15:18:00,50.26,50.27,50.255,50.27,2398.0
2017-12-29 15:19:00,50.28,50.28,50.25,50.25,2800.0
2017-12-29 15:20:00,50.27,50.29,50.27,50.29,800.0
2017-12-29 15:21:00,50.2825,50.29,50.28,50.28,2800.0
2017-12-29 15:22:00,50.28,50.29,50.26,50.29,10598.0
2017-12-29 15:23:00,50.31,50.32,50.28,50.28,5000.0
2017-12-29 15:24:00,50.32,50.325,50.32,50.32,500.0
2017-12-29 15:25:00,50.325,50.325,50.31,50.32,4160.0
2017-12-29 15:26:00,50.34,50.34,50.305,50.325,4098.0
2017-12-29 15:27:00,50.34,50.34,50.32,50.33,1000.0
2017-12-29 15:28:00,50.335,50.335,50.33,50.33,400.0
2017-12-29 15:29:00,50.33,50.34,50.33,50.34,400.0
2017-12-29 15:30:00,50.335,50.335,50.335,50.335,200.0
2017-12-29 15:31:00,50.35,50.355,50.34,50.34,3603.0
2017-12-29 15:32:00,50.3591,50.36,50.3591,50.36,600.0
2017-12-29 15:33:00,50.34,50.35,50.34,50.35,5243.0
2017-12-29 15:34:00,50.34,50.34,50.33,50.33,500.0
2017-12-29 15:35:00,50.355,50.36,50.33,50.34,3617.0
2017-12-29 15:36:00,50.355,50.355,50.35,50.35,200.0
2017-12-29 15:37:00,50.33,50.355,50.33,50.35,6244.0
2017-12-29 15:38:00,50.33,50.335,50.33,50.335,791.0
2017-12-29 15:39:00,50.31,50.32,50.31,50.32,400.0
2017-12-29 15:40:00,50.3,50.31,50.3,50.31,1024.0
2017-12-29 15:41:00,50.295,50.31,50.29,50.31,2149.0
2017-12-29 15:42:00,50.305,50.305,50.29,50.295,2748.0
2017-12-29 15:43:00,50.32,50.325,50.3,50.3,4000.0
2017-12-29 15:44:00,50.29,50.32,50.29,50.315,5667.0
2017-12-29 15:45:00,50.28,50.29,50.27,50.28,4631.0
2017-12-29 15:46:00,50.265,50.27,50.26,50.27,3468.0
2017-12-29 15:47:00,50.28,50.28,50.265,50.265,4100.0
2017-12-29 15:48:00,50.275,50.285,50.27,50.275,3156.0
2017-12-29 15:49:00,50.27,50.28,50.27,50.275,1300.0
2017-12-29 15:50:00,50.25,50.28,50.25,50.27,6190.0
2017-12-29 15:51:00,50.25,50.265,50.25,50.255,6758.0
2017-12-29 15:52:00,50.23,50.25,50.23,50.25,4400.0
2017-12-29 15:53:00,50.23,50.24,50.22,50.23,3600.0
2017-12-29 15:54:00,50.225,50.235,50.22,50.23,5000.0
2017-12-29 15:55:00,50.2,50.225,50.2,50.22,4634.0
2017-12-29 15:56:00,50.26,50.26,50.2,50.2,20792.0
2017-12-29 15:57:00,50.245,50.26,50.24,50.26,9500.0
2017-12-29 15:58:00,50.245,50.26,50.24,50.25,7267.0
2017-12-29 15:59:00,50.245,50.26,50.24,50.245,11301.0
2017-12-29 16:00:00,50.26,50.26,50.18,50.24,47273.0
2018-01-02 09:30:00,49.95,50.07,49.95,50.07,14462.0
2018-01-02 09:31:00,50.083999999999996,50.105,50.0201,50.105,406.0
2018-01-02 09:32:00,50.07,50.19,50.04,50.105,1650.0
2018-01-02 09:34:00,50.06,50.15,50.05,50.15,3777.0
2018-01-02 09:35:00,50.09,50.16,50.09,50.125,1800.0
2018-01-02 09:36:00,50.02,50.075,50.02,50.075,1220.0
2018-01-02 09:37:00,49.931000000000004,50.05,49.931000000000004,50.05,3260.0
2018-01-02 09:38:00,49.9,49.956,49.9,49.95,1318.0
2018-01-02 09:39:00,49.95,49.96,49.895,49.91,2748.0
2018-01-02 09:40:00,49.98,49.99,49.98,49.99,400.0
2018-01-02 09:41:00,50.0,50.03,49.985,49.985,1901.0
2018-01-02 09:42:00,49.93,50.01,49.93,50.01,1920.0
2018-01-02 09:43:00,49.8,49.9,49.8,49.9,600.0
2018-01-02 09:44:00,49.8836,49.9,49.81,49.85,4554.0
2018-01-02 09:45:00,49.85,49.875,49.85,49.85,900.0
2018-01-02 09:46:00,49.81,49.87,49.81,49.86,1746.0
2018-01-02 09:47:00,49.91,49.91,49.8,49.81,1083.0
2018-01-02 09:48:00,49.9,49.92,49.9,49.91,400.0
2018-01-02 09:49:00,49.91,49.93,49.89,49.89,1650.0
2018-01-02 09:50:00,49.88,49.9,49.88,49.9,200.0
2018-01-02 09:51:00,49.81,49.865,49.81,49.865,700.0
2018-01-02 09:52:00,49.825,49.85,49.815,49.83,13644.0
2018-01-02 09:53:00,49.721000000000004,49.84,49.72,49.825,3886.0
2018-01-02 09:54:00,49.83,49.83,49.78,49.78,900.0
2018-01-02 09:55:00,49.76,49.82,49.76,49.8,1230.0
2018-01-02 09:56:00,49.73,49.76,49.73,49.7534,1900.0
2018-01-02 09:57:00,49.67,49.73,49.67,49.73,800.0
2018-01-02 09:58:00,49.635,49.635,49.61,49.61,5800.0
2018-01-02 09:59:00,49.66,49.66,49.61,49.62,16200.0
2018-01-02 10:00:00,49.69,49.725,49.67,49.67,7100.0
2018-01-02 10:01:00,49.74,49.79,49.7115,49.7115,3264.0
2018-01-02 10:02:00,49.74,49.77,49.71,49.74,36500.0
2018-01-02 10:03:00,49.745,49.75,49.73,49.745,68600.0
2018-01-02 10:04:00,49.74,49.751000000000005,49.73,49.73,1500.0
2018-01-02 10:05:00,49.69,49.74,49.67,49.731,3472.0
2018-01-02 10:06:00,49.66,49.72,49.64,49.7,8426.0
2018-01-02 10:07:00,49.61,49.66,49.61,49.65,2151.0
2018-01-02 10:08:00,49.59,49.62,49.59,49.6021,2353.0
2018-01-02 10:09:00,49.58,49.61,49.58,49.6,3477.0
2018-01-02 10:10:00,49.61,49.6107,49.61,49.6107,707.0
2018-01-02 10:11:00,49.6,49.62,49.6,49.62,1542.0
2018-01-02 10:12:00,49.565,49.61,49.565,49.6,5401.0
2018-01-02 10:13:00,49.6,49.6,49.58,49.59,2248.0
2018-01-02 10:14:00,49.6,49.61,49.6,49.61,400.0
2018-01-02 10:15:00,49.605,49.605,49.59,49.59,3089.0
2018-01-02 10:16:00,49.72,49.72,49.61,49.61,7782.0
2018-01-02 10:17:00,49.67,49.735,49.67,49.72,2600.0
2018-01-02 10:18:00,49.67,49.68,49.65,49.67,900.0
2018-01-02 10:19:00,49.69,49.69,49.68,49.69,1400.0
2018-01-02 10:20:00,49.65,49.705,49.65,49.705,1506.0
2018-01-02 10:21:00,49.66,49.67,49.66,49.67,1776.0
2018-01-02 10:22:00,49.62,49.665,49.62,49.665,1700.0
2018-01-02 10:23:00,49.6,49.625,49.6,49.625,1400.0
2018-01-02 10:24:00,49.59,49.62,49.59,49.6,2900.0
2018-01-02 10:25:00,49.58,49.61,49.57,49.6,3704.0
2018-01-02 10:26:00,49.58,49.595,49.58,49.595,600.0
2018-01-02 10:27:00,49.57,49.58,49.56,49.58,400.0
2018-01-02 10:28:00,49.62,49.62,49.56,49.57,2500.0
2018-01-02 10:29:00,49.63,49.63,49.61,49.62,300.0
2018-01-02 10:30:00,49.7,49.7,49.61,49.61,4318.0
2018-01-02 10:31:00,49.705,49.71,49.7,49.7,600.0
2018-01-02 10:32:00,49.72,49.73,49.7,49.71,8900.0
2018-01-02 10:33:00,49.69,49.72,49.69,49.72,2446.0
2018-01-02 10:34:00,49.66,49.69,49.66,49.68,1378.0
2018-01-02 10:35:00,49.68,49.69,49.67,49.675,2504.0
2018-01-02 10:36:00,49.69,49.69,49.67,49.69,1000.0
2018-01-02 10:37:00,49.68,49.69,49.67,49.69,3709.0
2018-01-02 10:38:00,49.65,49.67,49.65,49.67,1300.0
2018-01-02 10:39:00,49.62,49.64,49.62,49.63,1600.0
2018-01-02 10:40:00,49.6,49.6,49.6,49.6,100.0
2018-01-02 10:41:00,49.64,49.65,49.62,49.63,1500.0
2018-01-02 10:42:00,49.68,49.68,49.66,49.66,600.0
2018-01-02 10:43:00,49.69,49.7,49.67,49.69,1400.0
2018-01-02 10:44:00,49.66,49.68,49.66,49.68,300.0
2018-01-02 10:45:00,49.66,49.66,49.66,49.66,100.0
2018-01-02 10:46:00,49.6605,49.67,49.66,49.67,1800.0
2018-01-02 10:47:00,49.6,49.67,49.58,49.67,4648.0
2018-01-02 10:48:00,49.66,49.66,49.62,49.62,1200.0
2018-01-02 10:49:00,49.63,49.68,49.63,49.67,1900.0
2018-01-02 10:50:00,49.62,49.62,49.62,49.62,100.0
2018-01-02 10:51:00,49.63,49.63,49.63,49.63,200.0
2018-01-02 10:52:00,49.63,49.63,49.63,49.63,500.0
2018-01-02 10:53:00,49.68,49.68,49.64,49.64,1700.0
2018-01-02 10:54:00,49.7,49.7,49.69,49.69,500.0
2018-01-02 10:55:00,49.72,49.73,49.7,49.71,700.0
2018-01-02 10:56:00,49.66,49.71,49.66,49.71,3700.0
2018-01-02 10:57:00,49.68,49.69,49.67,49.67,1914.0
2018-01-02 10:58:00,49.6512,49.68,49.6512,49.67,1963.0
2018-01-02 10:59:00,49.64,49.64,49.64,49.64,100.0
2018-01-02 11:00:00,49.69,49.69,49.64,49.64,2400.0
2018-01-02 11:01:00,49.68,49.695,49.68,49.695,1100.0
2018-01-02 11:02:00,49.67,49.68,49.67,49.68,1100.0
2018-01-02 11:03:00,49.69,49.69,49.68,49.68,1300.0
2018-01-02 11:04:00,49.67,49.7,49.67,49.7,1100.0
2018-01-02 11:05:00,49.67,49.68,49.67,49.68,1300.0
2018-01-02 11:07:00,49.65,49.67,49.65,49.65,900.0
2018-01-02 11:08:00,49.66,49.67,49.63,49.67,2103.0
2018-01-02 11:09:00,49.63,49.645,49.63,49.63,300.0
2018-01-02 11:10:00,49.61,49.65,49.61,49.64,1700.0
2018-01-02 11:11:00,49.57,49.61,49.57,49.61,500.0
2018-01-02 11:12:00,49.5976,49.61,49.59,49.59,2550.0
2018-01-02 11:13:00,49.6,49.605,49.59,49.6025,2051.0
2018-01-02 11:14:00,49.57,49.6,49.57,49.6,3281.0
2018-01-02 11:15:00,49.58,49.59,49.58,49.59,200.0
2018-01-02 11:16:00,49.57,49.62,49.57,49.59,3800.0
2018-01-02 11:17:00,49.58,49.58,49.57,49.57,695.0
2018-01-02 11:18:00,49.58,49.58,49.58,49.58,200.0
2018-01-02 11:19:00,49.56,49.59,49.56,49.59,3156.0
2018-01-02 11:20:00,49.57,49.57,49.56,49.56,200.0
2018-01-02 11:21:00,49.565,49.58,49.56,49.5693,2880.0
2018-01-02 11:22:00,49.57,49.58,49.55,49.57,3738.0
2018-01-02 11:23:00,49.55,49.58,49.55,49.57,5120.0
2018-01-02 11:24:00,49.51,49.55,49.51,49.55,2300.0
2018-01-02 11:25:00,49.53,49.53,49.52,49.52,1600.0
2018-01-02 11:26:00,49.56,49.56,49.5394,49.5394,1040.0
2018-01-02 11:27:00,49.565,49.57,49.565,49.57,304.0
2018-01-02 11:28:00,49.53,49.575,49.53,49.575,1315.0
2018-01-02 11:29:00,49.43,49.535,49.43,49.53,6139.0
2018-01-02 11:30:00,49.5,49.5,49.47,49.47,1220.0
2018-01-02 11:31:00,49.503,49.51,49.503,49.51,271.0
2018-01-02 11:32:00,49.54,49.54,49.52,49.52,1196.0
2018-01-02 11:33:00,49.5301,49.55,49.5301,49.55,1300.0
2018-01-02 11:34:00,49.54,49.57,49.53,49.54,1567.0
2018-01-02 11:35:00,49.5495,49.555,49.54,49.54,328.0
2018-01-02 11:36:00,49.5,49.555,49.5,49.555,2624.0
2018-01-02 11:37:00,49.49,49.51,49.49,49.51,700.0
2018-01-02 11:39:00,49.52,49.52,49.48,49.48,5100.0
2018-01-02 11:40:00,49.5003,49.5299,49.5003,49.5299,1621.0
2018-01-02 11:42:00,49.47,49.52,49.47,49.52,1700.0
2018-01-02 11:43:00,49.47,49.47,49.47,49.47,200.0
2018-01-02 11:44:00,49.43,49.48,49.42,49.47,4750.0
2018-01-02 11:45:00,49.46,49.46,49.43,49.44,2500.0
2018-01-02 11:46:00,49.46,49.46,49.46,49.46,100.0
2018-01-02 11:47:00,49.44,49.46,49.44,49.46,1952.0
2018-01-02 11:48:00,49.46,49.47,49.45,49.45,2880.0
2018-01-02 11:50:00,49.49,49.5,49.4532,49.4532,1733.0
2018-01-02 11:51:00,49.53,49.53,49.5,49.51,1500.0
2018-01-02 11:52:00,49.55,49.565,49.54,49.54,2100.0
2018-01-02 11:53:00,49.53,49.53,49.53,49.53,500.0
2018-01-02 11:54:00,49.53,49.53,49.53,49.53,300.0
2018-01-02 11:55:00,49.56,49.56,49.56,49.56,500.0
2018-01-02 11:56:00,49.56,49.56,49.56,49.56,300.0
2018-01-02 11:57:00,49.58,49.58,49.55,49.55,1278.0
2018-01-02 11:58:00,49.56,49.58,49.55,49.58,2300.0
2018-01-02 11:59:00,49.56,49.58,49.56,49.57,2700.0
2018-01-02 12:01:00,49.54,49.56,49.54,49.55,1130.0
2018-01-02 12:02:00,49.5628,49.5655,49.5412,49.5412,1513.0
2018-01-02 12:03:00,49.55,49.565,49.55,49.565,300.0
2018-01-02 12:04:00,49.56,49.57,49.56,49.57,1200.0
2018-01-02 12:05:00,49.55,49.565,49.55,49.565,600.0
2018-01-02 12:06:00,49.545,49.545,49.54,49.54,415.0
2018-01-02 12:07:00,49.55,49.555,49.55,49.55,1800.0
2018-01-02 12:08:00,49.56,49.57,49.55,49.555,2613.0
2018-01-02 12:09:00,49.57,49.57,49.55,49.55,2400.0
2018-01-02 12:10:00,49.57,49.57,49.55,49.56,764.0
2018-01-02 12:12:00,49.55,49.55,49.55,49.55,100.0
2018-01-02 12:13:00,49.5746,49.5746,49.565,49.57,2931.0
2018-01-02 12:14:00,49.61,49.62,49.575,49.58,3619.0
2018-01-02 12:16:00,49.61,49.61,49.61,49.61,100.0
2018-01-02 12:17:00,49.595,49.615,49.595,49.61,2560.0
2018-01-02 12:18:00,49.57,49.59,49.57,49.59,900.0
2018-01-02 12:19:00,49.58,49.59,49.58,49.58,1463.0
2018-01-02 12:20:00,49.58,49.58,49.57,49.58,1299.0
2018-01-02 12:21:00,49.55,49.56,49.55,49.56,1341.0
2018-01-02 12:22:00,49.55,49.55,49.55,49.55,100.0
2018-01-02 12:23:00,49.56,49.56,49.55,49.55,330.0
2018-01-02 12:24:00,49.56,49.56,49.55,49.56,724.0
2018-01-02 12:25:00,49.56,49.56,49.55,49.55,573.0
2018-01-02 12:26:00,49.55,49.56,49.55,49.56,900.0
2018-01-02 12:27:00,49.55,49.56,49.55,49.555,3030.0
2018-01-02 12:28:00,49.53,49.53,49.53,49.53,100.0
2018-01-02 12:29:00,49.54,49.54,49.53,49.535,1000.0
2018-01-02 12:30:00,49.53,49.53,49.53,49.53,100.0
2018-01-02 12:31:00,49.56,49.56,49.54,49.54,3717.0
2018-01-02 12:32:00,49.56,49.565,49.56,49.56,1800.0
2018-01-02 12:33:00,49.56,49.57,49.56,49.57,900.0
2018-01-02 12:34:00,49.5588,49.56,49.5588,49.56,1200.0
2018-01-02 12:35:00,49.56,49.56,49.55,49.55,200.0
2018-01-02 12:36:00,49.56,49.56,49.5576,49.5576,567.0
2018-01-02 12:38:00,49.56,49.56,49.56,49.56,300.0
2018-01-02 12:39:00,49.56,49.56,49.55,49.55,400.0
2018-01-02 12:40:00,49.56,49.56,49.55,49.55,1100.0
2018-01-02 12:41:00,49.5476,49.56,49.54,49.56,750.0
2018-01-02 12:42:00,49.55,49.56,49.54,49.54,2300.0
2018-01-02 12:43:00,49.52,49.54,49.52,49.54,700.0
2018-01-02 12:44:00,49.51,49.52,49.51,49.52,300.0
2018-01-02 12:45:00,49.53,49.53,49.52,49.52,1800.0
2018-01-02 12:46:00,49.55,49.55,49.54,49.54,1100.0
2018-01-02 12:47:00,49.54,49.55,49.54,49.55,1200.0
2018-01-02 12:48:00,49.53,49.53,49.53,49.53,100.0
2018-01-02 12:49:00,49.5,49.54,49.49,49.535,1620.0
2018-01-02 12:51:00,49.52,49.53,49.505,49.505,2060.0
2018-01-02 12:52:00,49.54,49.54,49.54,49.54,300.0
2018-01-02 12:53:00,49.535,49.535,49.535,49.535,700.0
2018-01-02 12:54:00,49.54,49.54,49.53,49.54,1160.0
2018-01-02 12:55:00,49.535,49.535,49.53,49.53,400.0
2018-01-02 12:56:00,49.54,49.54,49.53,49.53,400.0
2018-01-02 12:57:00,49.56,49.56,49.54,49.54,1900.0
2018-01-02 12:58:00,49.55,49.555,49.55,49.555,500.0
2018-01-02 12:59:00,49.545,49.555,49.54,49.555,2382.0
2018-01-02 13:00:00,49.56,49.56,49.545,49.545,1828.0
2018-01-02 13:01:00,49.565,49.565,49.565,49.565,100.0
2018-01-02 13:02:00,49.545,49.57,49.545,49.57,3680.0
2018-01-02 13:05:00,49.52,49.545,49.52,49.545,2527.0
2018-01-02 13:06:00,49.535,49.54,49.53,49.53,2244.0
2018-01-02 13:07:00,49.53,49.54,49.52,49.54,3098.0
2018-01-02 13:08:00,49.535,49.535,49.535,49.535,538.0
2018-01-02 13:09:00,49.53,49.53,49.53,49.53,200.0
2018-01-02 13:10:00,49.53,49.535,49.53,49.5344,2298.0
2018-01-02 13:11:00,49.545,49.545,49.535,49.535,1307.0
2018-01-02 13:12:00,49.55,49.55,49.55,49.55,600.0
2018-01-02 13:14:00,49.56,49.56,49.56,49.56,100.0
2018-01-02 13:15:00,49.59,49.59,49.56,49.56,2885.0
2018-01-02 13:16:00,49.59,49.6,49.59,49.59,1200.0
2018-01-02 13:17:00,49.58,49.595,49.58,49.595,1300.0
2018-01-02 13:18:00,49.6,49.6,49.58,49.585,4393.0
2018-01-02 13:19:00,49.61,49.61,49.5944,49.5944,1826.0
2018-01-02 13:20:00,49.62,49.62,49.62,49.62,300.0
2018-01-02 13:21:00,49.6153,49.62,49.61,49.62,799.0
2018-01-02 13:22:00,49.6,49.615,49.6,49.615,3895.0
2018-01-02 13:23:00,49.64,49.656000000000006,49.6002,49.61,10800.0
2018-01-02 13:24:00,49.62,49.64,49.62,49.63,900.0
2018-01-02 13:25:00,49.6,49.61,49.58,49.61,2409.0
2018-01-02 13:27:00,49.59,49.6,49.59,49.6,200.0
2018-01-02 13:28:00,49.59,49.595,49.59,49.59,1500.0
2018-01-02 13:29:00,49.57,49.58,49.57,49.57,400.0
2018-01-02 13:30:00,49.57,49.58,49.57,49.57,600.0
2018-01-02 13:31:00,49.6,49.6,49.57,49.57,3802.0
2018-01-02 13:32:00,49.62,49.62,49.61,49.61,1700.0
2018-01-02 13:33:00,49.61,49.61,49.61,49.61,115.0
2018-01-02 13:34:00,49.615,49.615,49.61,49.61,200.0
2018-01-02 13:35:00,49.6139,49.62,49.61,49.62,960.0
2018-01-02 13:36:00,49.62,49.62,49.61,49.61,303.0
2018-01-02 13:37:00,49.59,49.615,49.59,49.61,2909.0
2018-01-02 13:38:00,49.58,49.58,49.58,49.58,400.0
2018-01-02 13:39:00,49.58,49.58,49.58,49.58,200.0
2018-01-02 13:40:00,49.58,49.585,49.58,49.585,500.0
2018-01-02 13:41:00,49.57,49.585,49.5601,49.58,3300.0
2018-01-02 13:42:00,49.57,49.57,49.56,49.56,300.0
2018-01-02 13:43:00,49.56,49.5703,49.56,49.57,969.0
2018-01-02 13:44:00,49.55,49.565,49.55,49.565,700.0
2018-01-02 13:45:00,49.54,49.5532,49.54,49.5532,3280.0
2018-01-02 13:46:00,49.54,49.56,49.53,49.55,2207.0
2018-01-02 13:47:00,49.555,49.56,49.5301,49.5301,2447.0
2018-01-02 13:48:00,49.53,49.565,49.53,49.56,2174.0
2018-01-02 13:49:00,49.53,49.53,49.53,49.53,200.0
2018-01-02 13:50:00,49.53,49.54,49.53,49.54,1125.0
2018-01-02 13:51:00,49.532,49.54,49.5301,49.538999999999994,2110.0
2018-01-02 13:52:00,49.54,49.545,49.535,49.54,600.0
2018-01-02 13:53:00,49.53,49.53,49.53,49.53,100.0
2018-01-02 13:54:00,49.52,49.54,49.52,49.53,3100.0
2018-01-02 13:55:00,49.51,49.52,49.51,49.52,698.0
2018-01-02 13:56:00,49.51,49.51,49.51,49.51,200.0
2018-01-02 13:57:00,49.51,49.51,49.49,49.5,3563.0
2018-01-02 13:58:00,49.5,49.5,49.49,49.49,200.0
2018-01-02 13:59:00,49.48,49.5,49.48,49.5,1254.0
2018-01-02 14:00:00,49.48,49.49,49.48,49.48,1900.0
2018-01-02 14:01:00,49.48,49.485,49.48,49.485,1200.0
2018-01-02 14:02:00,49.5,49.5,49.485,49.49,2981.0
2018-01-02 14:03:00,49.48,49.495,49.48,49.49,600.0
2018-01-02 14:04:00,49.48,49.48,49.48,49.48,100.0
2018-01-02 14:05:00,49.48,49.48,49.48,49.48,200.0
2018-01-02 14:06:00,49.5,49.5,49.47,49.47,3000.0
2018-01-02 14:07:00,49.5,49.5,49.49,49.49,1972.0
2018-01-02 14:08:00,49.485,49.495,49.48,49.49,2400.0
2018-01-02 14:09:00,49.47,49.485,49.465,49.485,1400.0
2018-01-02 14:10:00,49.4546,49.46,49.45,49.46,1759.0
2018-01-02 14:11:00,49.45,49.46,49.45,49.46,400.0
2018-01-02 14:12:00,49.43,49.46,49.43,49.46,400.0
2018-01-02 14:13:00,49.44,49.45,49.41,49.43,2927.0
2018-01-02 14:14:00,49.44,49.455,49.44,49.44,700.0
2018-01-02 14:15:00,49.4498,49.4498,49.4438,49.4438,468.0
2018-01-02 14:16:00,49.42,49.45,49.42,49.44,1300.0
2018-01-02 14:17:00,49.44,49.44,49.42,49.43,1700.0
2018-01-02 14:18:00,49.42,49.435,49.42,49.43,685.0
2018-01-02 14:19:00,49.43,49.4403,49.42,49.435,700.0
2018-01-02 14:20:00,49.44,49.44,49.43,49.44,1200.0
2018-01-02 14:21:00,49.44,49.44,49.43,49.44,700.0
2018-01-02 14:22:00,49.43,49.44,49.43,49.44,1300.0
2018-01-02 14:23:00,49.43,49.44,49.43,49.435,1000.0
2018-01-02 14:24:00,49.44,49.4404,49.43,49.43,1400.0
2018-01-02 14:25:00,49.43,49.44,49.43,49.43,600.0
2018-01-02 14:26:00,49.43,49.44,49.43,49.43,400.0
2018-01-02 14:27:00,49.42,49.44,49.41,49.44,1300.0
2018-01-02 14:28:00,49.42,49.43,49.42,49.43,2998.0
2018-01-02 14:29:00,49.435,49.44,49.42,49.42,500.0
2018-01-02 14:30:00,49.45,49.465,49.44,49.44,5369.0
2018-01-02 14:31:00,49.46,49.4612,49.45,49.4576,1063.0
2018-01-02 14:32:00,49.465,49.465,49.46,49.46,700.0
2018-01-02 14:34:00,49.45,49.47,49.45,49.47,988.0
2018-01-02 14:35:00,49.44,49.458999999999996,49.44,49.45,3053.0
2018-01-02 14:36:00,49.45,49.45,49.45,49.45,200.0
2018-01-02 14:37:00,49.45,49.45,49.45,49.45,400.0
2018-01-02 14:38:00,49.44,49.45,49.44,49.44,300.0
2018-01-02 14:39:00,49.47,49.47,49.45,49.45,2667.0
2018-01-02 14:40:00,49.48,49.48,49.46,49.4798,2309.0
2018-01-02 14:41:00,49.5,49.5,49.481,49.481,1500.0
2018-01-02 14:42:00,49.505,49.51,49.49,49.5,6000.0
2018-01-02 14:43:00,49.51,49.51,49.51,49.51,1207.0
2018-01-02 14:44:00,49.52,49.52,49.505,49.505,700.0
2018-01-02 14:45:00,49.51,49.52,49.5,49.515,2740.0
2018-01-02 14:46:00,49.51,49.52,49.5,49.5,2826.0
2018-01-02 14:47:00,49.51,49.51,49.501000000000005,49.51,1100.0
2018-01-02 14:48:00,49.505,49.515,49.49,49.51,2038.0
2018-01-02 14:49:00,49.515,49.515,49.51,49.51,1200.0
2018-01-02 14:50:00,49.51,49.515,49.51,49.51,300.0
2018-01-02 14:51:00,49.505,49.515,49.5,49.51,1017.0
2018-01-02 14:52:00,49.505,49.505,49.5,49.5,3145.0
2018-01-02 14:53:00,49.5,49.505,49.5,49.505,400.0
2018-01-02 14:54:00,49.48,49.51,49.48,49.505,1700.0
2018-01-02 14:55:00,49.47,49.48,49.47,49.48,500.0
2018-01-02 14:56:00,49.4705,49.475,49.4701,49.475,300.0
2018-01-02 14:57:00,49.47,49.475,49.47,49.47,600.0
2018-01-02 14:58:00,49.485,49.485,49.47,49.475,3401.0
2018-01-02 14:59:00,49.46,49.485,49.45,49.485,6805.0
2018-01-02 15:00:00,49.52,49.52,49.47,49.47,4700.0
2018-01-02 15:01:00,49.52,49.53,49.51,49.53,2000.0
2018-01-02 15:02:00,49.53,49.535,49.52,49.52,1100.0
2018-01-02 15:03:00,49.5,49.53,49.5,49.52,1999.0
2018-01-02 15:04:00,49.51,49.51,49.5,49.5,1000.0
2018-01-02 15:06:00,49.515,49.515,49.51,49.515,1200.0
2018-01-02 15:07:00,49.5151,49.52,49.51,49.52,655.0
2018-01-02 15:08:00,49.5,49.515,49.5,49.515,1895.0
2018-01-02 15:09:00,49.51,49.51,49.51,49.51,300.0
2018-01-02 15:10:00,49.5,49.51,49.5,49.5,3312.0
2018-01-02 15:11:00,49.545,49.55,49.51,49.51,7478.0
2018-01-02 15:12:00,49.56,49.56,49.54,49.54,3090.0
2018-01-02 15:13:00,49.59,49.6,49.56,49.56,2310.0
2018-01-02 15:14:00,49.575,49.6,49.57,49.6,15108.0
2018-01-02 15:15:00,49.57,49.58,49.57,49.58,1500.0
2018-01-02 15:16:00,49.575,49.575,49.575,49.575,1400.0
2018-01-02 15:17:00,49.55,49.575,49.55,49.575,6008.0
2018-01-02 15:18:00,49.54,49.555,49.54,49.555,2300.0
2018-01-02 15:19:00,49.53,49.54,49.53,49.54,1531.0
2018-01-02 15:20:00,49.53,49.54,49.53,49.535,421.0
2018-01-02 15:21:00,49.56,49.56,49.53,49.53,8105.0
2018-01-02 15:22:00,49.6,49.6,49.57,49.57,1300.0
2018-01-02 15:23:00,49.525,49.605,49.525,49.605,5944.0
2018-01-02 15:24:00,49.53,49.53,49.52,49.52,5654.0
2018-01-02 15:25:00,49.54,49.54,49.525,49.53,3289.0
2018-01-02 15:26:00,49.53,49.545,49.53,49.545,3300.0
2018-01-02 15:28:00,49.53,49.545,49.53,49.53,4095.0
2018-01-02 15:29:00,49.553999999999995,49.56,49.535,49.535,5014.0
2018-01-02 15:30:00,49.55,49.555,49.545,49.555,2000.0
2018-01-02 15:31:00,49.54,49.555,49.54,49.555,900.0
2018-01-02 15:32:00,49.55,49.555,49.55,49.55,2210.0
2018-01-02 15:33:00,49.54,49.56,49.535,49.55,11169.0
2018-01-02 15:34:00,49.52,49.55,49.52,49.54,4403.0
2018-01-02 15:35:00,49.5,49.52,49.5,49.51,2400.0
2018-01-02 15:36:00,49.475,49.5,49.475,49.5,1979.0
2018-01-02 15:37:00,49.46,49.475,49.46,49.475,1700.0
2018-01-02 15:38:00,49.47,49.4751,49.46,49.46,8645.0
2018-01-02 15:39:00,49.46,49.46,49.46,49.46,200.0
2018-01-02 15:40:00,49.47,49.47,49.46,49.47,3512.0
2018-01-02 15:41:00,49.5,49.5,49.475,49.48,8067.0
2018-01-02 15:42:00,49.51,49.51,49.49,49.49,400.0
2018-01-02 15:43:00,49.495,49.51,49.49,49.51,6808.0
2018-01-02 15:44:00,49.49,49.5,49.48,49.495,2650.0
2018-01-02 15:45:00,49.475,49.495,49.475,49.48,14714.0
2018-01-02 15:46:00,49.465,49.48,49.465,49.47,2422.0
2018-01-02 15:47:00,49.46,49.47,49.46,49.46,600.0
2018-01-02 15:48:00,49.43,49.47,49.43,49.46,7409.0
2018-01-02 15:49:00,49.42,49.435,49.42,49.43,3473.0
2018-01-02 15:50:00,49.4199,49.425,49.4199,49.42,3612.0
2018-01-02 15:51:00,49.46,49.46,49.41,49.41,22769.0
2018-01-02 15:52:00,49.49,49.49,49.455,49.46,7613.0
2018-01-02 15:53:00,49.49,49.49,49.485,49.485,3662.0
2018-01-02 15:54:00,49.51,49.52,49.485,49.49,7173.0
2018-01-02 15:55:00,49.495,49.52,49.48,49.51,15667.0
2018-01-02 15:56:00,49.495,49.5,49.49,49.49,3639.0
2018-01-02 15:57:00,49.46,49.495,49.45,49.49,9104.0
2018-01-02 15:58:00,49.44,49.465,49.44,49.46,7032.0
2018-01-02 15:59:00,49.455,49.47,49.44,49.445,16445.0
2018-01-02 16:00:00,49.44,49.46,49.42,49.45,34541.0
2018-01-03 09:30:00,49.5,49.5,49.5,49.5,6636.0
2018-01-03 09:31:00,49.55,49.55,49.41,49.41,1482.0
2018-01-03 09:32:00,49.47,49.59,49.47,49.55,1900.0
2018-01-03 09:33:00,49.38,49.53,49.38,49.53,1300.0
2018-01-03 09:34:00,49.35,49.42,49.32,49.38,4688.0
2018-01-03 09:35:00,49.27,49.35,49.27,49.35,2916.0
2018-01-03 09:36:00,49.24,49.34,49.23,49.2701,3314.0
2018-01-03 09:37:00,49.37,49.37,49.24,49.24,3900.0
2018-01-03 09:38:00,49.345,49.39,49.3184,49.39,2000.0
2018-01-03 09:39:00,49.31,49.37,49.31,49.345,2167.0
2018-01-03 09:40:00,49.32,49.33,49.28,49.32,4550.0
2018-01-03 09:41:00,49.3,49.32,49.28,49.315,3504.0
2018-01-03 09:42:00,49.34,49.34,49.3,49.31,7422.0
2018-01-03 09:43:00,49.42,49.43,49.35,49.35,2200.0
2018-01-03 09:44:00,49.41,49.43,49.4,49.42,3842.0
2018-01-03 09:45:00,49.33,49.42,49.33,49.42,4022.0
2018-01-03 09:46:00,49.34,49.37,49.31,49.33,3996.0
2018-01-03 09:47:00,49.4,49.4,49.3361,49.3361,2705.0
2018-01-03 09:48:00,49.44,49.44,49.39,49.4,2978.0
2018-01-03 09:49:00,49.475,49.48,49.445,49.445,3129.0
2018-01-03 09:50:00,49.53,49.53,49.42,49.49,18936.0
2018-01-03 09:51:00,49.45,49.549,49.45,49.53,12337.0
2018-01-03 09:52:00,49.47,49.48,49.43,49.46,4338.0
2018-01-03 09:53:00,49.43,49.47,49.43,49.47,2446.0
2018-01-03 09:54:00,49.49,49.49,49.43,49.43,3857.0
2018-01-03 09:55:00,49.49,49.5,49.48,49.49,2180.0
2018-01-03 09:56:00,49.48,49.495,49.48,49.495,1220.0
2018-01-03 09:57:00,49.45,49.48,49.45,49.48,2726.0
2018-01-03 09:58:00,49.5,49.51,49.46,49.46,4131.0
2018-01-03 09:59:00,49.47,49.54,49.47,49.52,2322.0
2018-01-03 10:00:00,49.51,49.51,49.44,49.47,3400.0
2018-01-03 10:01:00,49.49,49.51,49.49,49.51,300.0
2018-01-03 10:02:00,49.46,49.49,49.45,49.49,3418.0
2018-01-03 10:03:00,49.391000000000005,49.46,49.391000000000005,49.46,4406.0
2018-01-03 10:04:00,49.46,49.46,49.39,49.3901,4708.0
2018-01-03 10:05:00,49.4,49.45,49.4,49.45,2570.0
2018-01-03 10:06:00,49.415,49.415,49.35,49.38,2476.0
2018-01-03 10:07:00,49.41,49.43,49.4,49.4,963.0
2018-01-03 10:08:00,49.38,49.42,49.36,49.41,3627.0
2018-01-03 10:09:00,49.35,49.37,49.35,49.37,940.0
2018-01-03 10:10:00,49.29,49.35,49.29,49.34,2531.0
2018-01-03 10:11:00,49.28,49.3,49.28,49.28,3058.0
2018-01-03 10:12:00,49.3,49.3,49.27,49.28,2400.0
2018-01-03 10:13:00,49.3,49.305,49.29,49.295,1500.0
2018-01-03 10:14:00,49.3,49.3,49.3,49.3,400.0
2018-01-03 10:15:00,49.27,49.3,49.26,49.3,2300.0
2018-01-03 10:16:00,49.24,49.26,49.24,49.26,1246.0
2018-01-03 10:17:00,49.265,49.27,49.24,49.24,3950.0
2018-01-03 10:18:00,49.2,49.26,49.2,49.26,3602.0
2018-01-03 10:19:00,49.22,49.23,49.2,49.2,5487.0
2018-01-03 10:20:00,49.2415,49.2415,49.22,49.22,2048.0
2018-01-03 10:21:00,49.21,49.24,49.21,49.24,2946.0
2018-01-03 10:22:00,49.28,49.29,49.21,49.21,4700.0
2018-01-03 10:23:00,49.27,49.28,49.27,49.28,1168.0
2018-01-03 10:24:00,49.24,49.26,49.24,49.26,2000.0
2018-01-03 10:25:00,49.21,49.24,49.21,49.24,2055.0
2018-01-03 10:26:00,49.19,49.21,49.19,49.21,1000.0
2018-01-03 10:27:00,49.21,49.22,49.19,49.2,5400.0
2018-01-03 10:28:00,49.22,49.23,49.21,49.22,1800.0
2018-01-03 10:29:00,49.19,49.25,49.19,49.23,4397.0
2018-01-03 10:30:00,49.22,49.22,49.19,49.19,1500.0
2018-01-03 10:31:00,49.21,49.22,49.2,49.22,900.0
2018-01-03 10:32:00,49.2,49.21,49.18,49.2,3227.0
2018-01-03 10:33:00,49.17,49.18,49.17,49.18,1000.0
2018-01-03 10:34:00,49.18,49.19,49.17,49.17,2502.0
2018-01-03 10:35:00,49.16,49.2,49.16,49.19,2926.0
2018-01-03 10:36:00,49.17,49.17,49.14,49.16,6437.0
2018-01-03 10:37:00,49.185,49.19,49.18,49.18,1856.0
2018-01-03 10:38:00,49.18,49.195,49.18,49.18,2455.0
2018-01-03 10:39:00,49.19,49.2,49.185,49.19,1600.0
2018-01-03 10:40:00,49.15,49.19,49.15,49.19,2100.0
2018-01-03 10:41:00,49.12,49.15,49.12,49.15,1400.0
2018-01-03 10:42:00,49.1,49.14,49.1,49.12,3600.0
2018-01-03 10:43:00,49.08,49.11,49.08,49.1,2720.0
2018-01-03 10:44:00,49.08,49.1,49.08,49.1,1600.0
2018-01-03 10:45:00,49.06,49.09,49.06,49.09,2200.0
2018-01-03 10:46:00,49.09,49.0967,49.06,49.06,7897.0
2018-01-03 10:47:00,49.11,49.11,49.09,49.09,1723.0
2018-01-03 10:48:00,49.085,49.1105,49.08,49.1105,4175.0
2018-01-03 10:49:00,49.06,49.08,49.06,49.08,2150.0
2018-01-03 10:50:00,49.04,49.05,49.03,49.05,2600.0
2018-01-03 10:51:00,49.01,49.05,49.01,49.04,3700.0
2018-01-03 10:52:00,48.98,49.011,48.98,49.01,4045.0
2018-01-03 10:53:00,48.97,48.99,48.96,48.99,4702.0
2018-01-03 10:54:00,49.01,49.01,48.98,48.98,3979.0
2018-01-03 10:55:00,48.99,49.03,48.99,49.01,7024.0
2018-01-03 10:56:00,48.98,48.99,48.98,48.98,1400.0
2018-01-03 10:57:00,48.98,48.98,48.94,48.98,5508.0
2018-01-03 10:58:00,48.97,48.97,48.965,48.965,500.0
2018-01-03 10:59:00,48.975,48.98,48.96,48.98,2100.0
2018-01-03 11:00:00,48.985,48.99,48.97,48.97,1019.0
2018-01-03 11:01:00,49.005,49.01,48.985,48.99,2200.0
2018-01-03 11:02:00,48.97,49.01,48.97,49.01,4373.0
2018-01-03 11:03:00,48.975,48.99,48.97,48.98,2800.0
2018-01-03 11:04:00,49.03,49.03,48.98,48.98,2383.0
2018-01-03 11:05:00,49.0,49.04,49.0,49.035,3651.0
2018-01-03 11:06:00,48.99,49.0,48.96,49.0,15900.0
2018-01-03 11:07:00,48.99,49.0,48.985,48.985,1300.0
2018-01-03 11:08:00,48.985,48.99,48.98,48.99,2000.0
2018-01-03 11:09:00,48.97,48.99,48.96,48.98,4736.0
2018-01-03 11:10:00,48.91,48.97,48.9,48.96,7821.0
2018-01-03 11:11:00,48.9,48.93,48.9,48.92,4340.0
2018-01-03 11:12:00,48.86,48.9,48.86,48.9,3097.0
2018-01-03 11:13:00,48.88,48.88,48.86,48.86,4268.0
2018-01-03 11:14:00,48.91,48.91,48.89,48.89,1900.0
2018-01-03 11:15:00,48.9,48.91,48.9,48.91,1747.0
2018-01-03 11:16:00,48.875,48.9,48.86,48.9,7761.0
2018-01-03 11:17:00,48.94,48.94,48.87,48.875,4062.0
2018-01-03 11:18:00,48.965,48.965,48.96,48.96,450.0
2018-01-03 11:19:00,48.98,48.98,48.97,48.97,1811.0
2018-01-03 11:20:00,49.01,49.01,48.97,48.97,2500.0
2018-01-03 11:21:00,49.03,49.03,49.015,49.015,801.0
2018-01-03 11:22:00,49.055,49.06,49.035,49.04,1500.0
2018-01-03 11:23:00,49.0601,49.07,49.05,49.06,3402.0
2018-01-03 11:24:00,49.0948,49.0948,49.065,49.065,1090.0
2018-01-03 11:25:00,49.08,49.11,49.08,49.09,3053.0
2018-01-03 11:26:00,49.09,49.09,49.06,49.07,2716.0
2018-01-03 11:27:00,49.08,49.0832,49.07,49.07,800.0
2018-01-03 11:28:00,49.04,49.08,49.04,49.07,1700.0
2018-01-03 11:29:00,49.04,49.05,49.02,49.04,1370.0
2018-01-03 11:30:00,49.02,49.0383,49.02,49.03,2019.0
2018-01-03 11:31:00,49.03,49.03,49.03,49.03,300.0
2018-01-03 11:32:00,49.08,49.08,49.05,49.05,2000.0
2018-01-03 11:33:00,49.13,49.13,49.09,49.09,1594.0
2018-01-03 11:34:00,49.13,49.13,49.12,49.12,300.0
2018-01-03 11:35:00,49.1334,49.1334,49.13,49.13,275.0
2018-01-03 11:36:00,49.14,49.1501,49.1341,49.1341,2778.0
2018-01-03 11:37:00,49.16,49.17,49.16,49.16,1614.0
2018-01-03 11:38:00,49.17,49.19,49.15,49.17,5531.0
2018-01-03 11:39:00,49.12,49.16,49.12,49.16,1114.0
2018-01-03 11:40:00,49.12,49.13,49.12,49.12,400.0
2018-01-03 11:41:00,49.13,49.1332,49.13,49.1332,258.0
2018-01-03 11:42:00,49.12,49.12,49.12,49.12,200.0
2018-01-03 11:43:00,49.141000000000005,49.15,49.13,49.13,1225.0
2018-01-03 11:44:00,49.14,49.14,49.14,49.14,100.0
2018-01-03 11:45:00,49.195,49.2,49.15,49.15,1776.0
2018-01-03 11:46:00,49.19,49.21,49.19,49.2,1467.0
2018-01-03 11:47:00,49.19,49.21,49.19,49.21,275.0
2018-01-03 11:48:00,49.225,49.23,49.19,49.19,2223.0
2018-01-03 11:49:00,49.25,49.25,49.225,49.225,3120.0
2018-01-03 11:50:00,49.245,49.245,49.245,49.245,100.0
2018-01-03 11:51:00,49.23,49.25,49.23,49.25,3088.0
2018-01-03 11:52:00,49.22,49.23,49.22,49.23,943.0
2018-01-03 11:54:00,49.24,49.245,49.22,49.23,2983.0
2018-01-03 11:55:00,49.24,49.2403,49.23,49.24,1061.0
2018-01-03 11:56:00,49.22,49.23,49.22,49.23,1158.0
2018-01-03 11:57:00,49.22,49.23,49.22,49.22,2178.0
2018-01-03 11:58:00,49.2,49.21,49.2,49.21,709.0
2018-01-03 11:59:00,49.2,49.2,49.2,49.2,600.0
2018-01-03 12:00:00,49.19,49.2,49.19,49.2,700.0
2018-01-03 12:01:00,49.22,49.22,49.2,49.21,2199.0
2018-01-03 12:02:00,49.23,49.24,49.22,49.22,1293.0
2018-01-03 12:03:00,49.23,49.2352,49.23,49.23,1100.0
2018-01-03 12:04:00,49.21,49.225,49.21,49.22,890.0
2018-01-03 12:05:00,49.23,49.23,49.22,49.22,200.0
2018-01-03 12:06:00,49.22,49.22,49.22,49.22,601.0
2018-01-03 12:07:00,49.21,49.21,49.21,49.21,200.0
2018-01-03 12:08:00,49.22,49.23,49.22,49.23,200.0
2018-01-03 12:09:00,49.265,49.265,49.23,49.23,1234.0
2018-01-03 12:10:00,49.27,49.27,49.27,49.27,500.0
2018-01-03 12:11:00,49.265,49.27,49.26,49.27,2147.0
2018-01-03 12:12:00,49.25,49.26,49.25,49.26,2049.0
2018-01-03 12:13:00,49.25,49.25,49.25,49.25,200.0
2018-01-03 12:14:00,49.25,49.255,49.25,49.25,400.0
2018-01-03 12:15:00,49.25,49.26,49.25,49.26,200.0
2018-01-03 12:16:00,49.255,49.255,49.25,49.25,309.0
2018-01-03 12:17:00,49.27,49.27,49.26,49.26,1000.0
2018-01-03 12:18:00,49.2566,49.26,49.2566,49.26,962.0
2018-01-03 12:19:00,49.25,49.25,49.25,49.25,300.0
2018-01-03 12:20:00,49.255,49.26,49.255,49.2552,1700.0
2018-01-03 12:21:00,49.26,49.26,49.26,49.26,300.0
2018-01-03 12:22:00,49.25,49.27,49.25,49.27,1300.0
2018-01-03 12:23:00,49.24,49.25,49.24,49.25,965.0
2018-01-03 12:24:00,49.23,49.24,49.23,49.24,839.0
2018-01-03 12:25:00,49.23,49.24,49.23,49.23,400.0
2018-01-03 12:27:00,49.23,49.23,49.23,49.23,200.0
2018-01-03 12:28:00,49.24,49.24,49.24,49.24,200.0
2018-01-03 12:29:00,49.21,49.23,49.21,49.23,1805.0
2018-01-03 12:30:00,49.19,49.21,49.19,49.21,2995.0
2018-01-03 12:31:00,49.26,49.26,49.2,49.2,15130.0
2018-01-03 12:32:00,49.25,49.27,49.25,49.27,1813.0
2018-01-03 12:33:00,49.2456,49.2456,49.2456,49.2456,160.0
2018-01-03 12:34:00,49.25,49.25,49.25,49.25,100.0
2018-01-03 12:35:00,49.26,49.26,49.255,49.255,200.0
2018-01-03 12:36:00,49.26,49.26,49.26,49.26,1659.0
2018-01-03 12:37:00,49.23,49.25,49.23,49.25,1703.0
2018-01-03 12:38:00,49.22,49.23,49.22,49.23,600.0
2018-01-03 12:39:00,49.23,49.23,49.225,49.23,500.0
2018-01-03 12:40:00,49.13,49.23,49.13,49.23,21141.0
2018-01-03 12:41:00,49.2,49.2,49.13,49.135,8010.0
2018-01-03 12:42:00,49.18,49.19,49.18,49.19,1100.0
2018-01-03 12:43:00,49.17,49.1919,49.17,49.19,1400.0
2018-01-03 12:44:00,49.145,49.16,49.14,49.16,1000.0
2018-01-03 12:46:00,49.12,49.14,49.12,49.14,2198.0
2018-01-03 12:47:00,49.14,49.14,49.12,49.12,2786.0
2018-01-03 12:48:00,49.13,49.13,49.13,49.13,655.0
2018-01-03 12:50:00,49.15,49.16,49.13,49.13,5551.0
2018-01-03 12:51:00,49.135,49.15,49.135,49.15,2241.0
2018-01-03 12:52:00,49.15,49.16,49.145,49.15,2498.0
2018-01-03 12:53:00,49.15,49.15,49.15,49.15,100.0
2018-01-03 12:54:00,49.16,49.161,49.16,49.16,2502.0
2018-01-03 12:56:00,49.17,49.17,49.17,49.17,592.0
2018-01-03 12:57:00,49.17,49.18,49.17,49.18,2360.0
2018-01-03 12:58:00,49.16,49.16,49.16,49.16,601.0
2018-01-03 12:59:00,49.195,49.2,49.1668,49.17,4800.0
2018-01-03 13:00:00,49.19,49.19,49.19,49.19,606.0
2018-01-03 13:01:00,49.18,49.19,49.18,49.19,3072.0
2018-01-03 13:02:00,49.18,49.18,49.17,49.17,2491.0
2018-01-03 13:03:00,49.18,49.19,49.18,49.185,600.0
2018-01-03 13:04:00,49.18,49.18,49.18,49.18,700.0
2018-01-03 13:05:00,49.18,49.19,49.18,49.18,693.0
2018-01-03 13:06:00,49.18,49.18,49.18,49.18,729.0
2018-01-03 13:07:00,49.18,49.19,49.18,49.19,300.0
2018-01-03 13:08:00,49.18,49.19,49.17,49.19,1540.0
2018-01-03 13:09:00,49.14,49.16,49.14,49.16,1327.0
2018-01-03 13:10:00,49.16,49.16,49.14,49.14,3600.0
2018-01-03 13:11:00,49.15,49.16,49.15,49.16,1497.0
2018-01-03 13:12:00,49.14,49.14,49.14,49.14,100.0
2018-01-03 13:13:00,49.15,49.15,49.15,49.15,1100.0
2018-01-03 13:14:00,49.15,49.15,49.15,49.15,440.0
2018-01-03 13:15:00,49.15,49.15,49.14,49.14,300.0
2018-01-03 13:16:00,49.15,49.15,49.14,49.14,1160.0
2018-01-03 13:18:00,49.15,49.15,49.14,49.14,1695.0
2018-01-03 13:19:00,49.15,49.15,49.15,49.15,300.0
2018-01-03 13:20:00,49.15,49.16,49.15,49.15,896.0
2018-01-03 13:21:00,49.17,49.17,49.155,49.16,1698.0
2018-01-03 13:23:00,49.16,49.17,49.16,49.165,670.0
2018-01-03 13:25:00,49.16,49.17,49.15,49.17,2944.0
2018-01-03 13:26:00,49.14,49.15,49.14,49.15,1500.0
2018-01-03 13:27:00,49.14,49.14,49.13,49.14,3000.0
2018-01-03 13:28:00,49.13,49.13,49.13,49.13,200.0
2018-01-03 13:29:00,49.1287,49.13,49.12,49.13,791.0
2018-01-03 13:30:00,49.11,49.11,49.11,49.11,300.0
2018-01-03 13:31:00,49.1,49.11,49.1,49.11,1022.0
2018-01-03 13:32:00,49.09,49.09,49.09,49.09,300.0
2018-01-03 13:33:00,49.11,49.11,49.09,49.1,2700.0
2018-01-03 13:34:00,49.11,49.11,49.11,49.11,100.0
2018-01-03 13:35:00,49.11,49.11,49.11,49.11,700.0
2018-01-03 13:36:00,49.13,49.14,49.11,49.11,2924.0
2018-01-03 13:37:00,49.13399999999999,49.13399999999999,49.1257,49.1257,1300.0
2018-01-03 13:38:00,49.13,49.13,49.13,49.13,100.0
2018-01-03 13:39:00,49.13,49.13,49.13,49.13,200.0
2018-01-03 13:40:00,49.13,49.14,49.13,49.13,2977.0
2018-01-03 13:42:00,49.13,49.13,49.13,49.13,100.0
2018-01-03 13:43:00,49.11,49.13,49.11,49.13,1868.0
2018-01-03 13:44:00,49.11,49.11,49.1,49.1,2700.0
2018-01-03 13:45:00,49.12,49.12,49.12,49.12,100.0
2018-01-03 13:46:00,49.11,49.115,49.11,49.11,419.0
2018-01-03 13:47:00,49.11,49.11,49.11,49.11,200.0
2018-01-03 13:48:00,49.11,49.12,49.11,49.12,200.0
2018-01-03 13:49:00,49.13,49.13,49.1,49.11,5475.0
2018-01-03 13:50:00,49.13,49.14,49.13,49.14,966.0
2018-01-03 13:51:00,49.13,49.135,49.13,49.135,1470.0
2018-01-03 13:52:00,49.11,49.13,49.11,49.13,2500.0
2018-01-03 13:53:00,49.12,49.12,49.1,49.11,2608.0
2018-01-03 13:54:00,49.1,49.1,49.1,49.1,417.0
2018-01-03 13:55:00,49.09,49.1,49.09,49.1,3299.0
2018-01-03 13:56:00,49.06,49.09,49.06,49.08,1622.0
2018-01-03 13:57:00,49.05,49.06,49.05,49.051,740.0
2018-01-03 13:58:00,49.06,49.06,49.05,49.05,400.0
2018-01-03 13:59:00,49.055,49.055,49.05,49.05,400.0
2018-01-03 14:00:00,49.08,49.08,49.05,49.052,6763.0
2018-01-03 14:01:00,49.09,49.0954,49.07,49.07,3081.0
2018-01-03 14:02:00,49.08,49.1,49.08,49.1,1423.0
2018-01-03 14:03:00,49.06,49.08,49.05,49.08,1969.0
2018-01-03 14:04:00,49.03,49.05,49.01,49.05,2865.0
2018-01-03 14:05:00,49.02,49.04,49.02,49.0348,2250.0
2018-01-03 14:06:00,49.035,49.04,49.02,49.02,3450.0
2018-01-03 14:07:00,49.04,49.04,49.04,49.04,200.0
2018-01-03 14:08:00,49.02,49.03,49.02,49.03,3012.0
2018-01-03 14:09:00,49.03,49.03,49.015,49.02,1400.0
2018-01-03 14:10:00,49.04,49.04,49.025,49.025,1800.0
2018-01-03 14:11:00,49.04,49.04,49.04,49.04,400.0
2018-01-03 14:12:00,49.03,49.05,49.03,49.05,2627.0
2018-01-03 14:13:00,49.03,49.04,49.03,49.04,705.0
2018-01-03 14:14:00,49.04,49.04,49.03,49.03,1993.0
2018-01-03 14:15:00,49.03,49.04,49.03,49.04,1300.0
2018-01-03 14:16:00,49.04,49.04,49.0301,49.0301,300.0
2018-01-03 14:17:00,49.02,49.03,49.02,49.03,2721.0
2018-01-03 14:18:00,49.02,49.02,49.02,49.02,100.0
2018-01-03 14:19:00,49.02,49.02,49.02,49.02,1200.0
2018-01-03 14:20:00,49.02,49.02,49.02,49.02,300.0
2018-01-03 14:21:00,49.02,49.035,49.02,49.03,3406.0
2018-01-03 14:23:00,49.03,49.03,49.02,49.0261,653.0
2018-01-03 14:24:00,49.0201,49.03,49.02,49.03,800.0
2018-01-03 14:25:00,49.0,49.02,48.99,49.02,7725.0
2018-01-03 14:26:00,49.0,49.005,49.0,49.005,3764.0
2018-01-03 14:27:00,48.98,48.995,48.98,48.995,2100.0
2018-01-03 14:28:00,49.01,49.01,48.98,48.98,7381.0
2018-01-03 14:29:00,49.0,49.005,49.0,49.0,800.0
2018-01-03 14:30:00,49.0,49.0072,49.0,49.0069,3899.0
2018-01-03 14:31:00,49.005,49.01,49.0,49.0026,1657.0
2018-01-03 14:32:00,49.0,49.01,49.0,49.0031,2500.0
2018-01-03 14:33:00,48.99,49.01,48.99,49.0026,7343.0
2018-01-03 14:34:00,48.9901,49.0,48.99,48.99,3864.0
2018-01-03 14:35:00,48.99,49.0,48.99,49.0,8651.0
2018-01-03 14:36:00,49.015,49.02,48.985,48.99,8624.0
2018-01-03 14:37:00,49.04,49.05,49.02,49.02,5240.0
2018-01-03 14:38:00,49.0326,49.0326,49.025,49.03,2943.0
2018-01-03 14:39:00,49.02,49.03,49.02,49.03,1709.0
2018-01-03 14:40:00,49.02,49.02,49.02,49.02,400.0
2018-01-03 14:41:00,49.03,49.04,49.025,49.03,7850.0
2018-01-03 14:42:00,49.01,49.03,49.01,49.03,4966.0
2018-01-03 14:43:00,49.0326,49.04,49.0001,49.01,9841.0
2018-01-03 14:44:00,49.02,49.03,49.02,49.03,1087.0
2018-01-03 14:45:00,49.03,49.03,49.025,49.025,600.0
2018-01-03 14:46:00,49.03,49.04,49.025,49.03,6601.0
2018-01-03 14:47:00,49.03,49.03,49.03,49.03,2500.0
2018-01-03 14:48:00,49.04,49.045,49.025,49.03,5351.0
2018-01-03 14:49:00,49.0603,49.0603,49.0364,49.0364,2408.0
2018-01-03 14:50:00,49.05,49.07,49.05,49.065,3960.0
2018-01-03 14:51:00,49.035,49.0464,49.035,49.04,2203.0
2018-01-03 14:52:00,49.03,49.035,49.03,49.035,2000.0
2018-01-03 14:53:00,49.025,49.025,49.02,49.0239,920.0
2018-01-03 14:54:00,49.03,49.04,49.02,49.02,6638.0
2018-01-03 14:55:00,49.04,49.04,49.04,49.04,600.0
2018-01-03 14:56:00,49.04,49.04,49.03,49.04,800.0
2018-01-03 14:57:00,49.06,49.06,49.035,49.04,7149.0
2018-01-03 14:58:00,49.0401,49.055,49.0401,49.055,2890.0
2018-01-03 14:59:00,49.05,49.05,49.045,49.05,8619.0
2018-01-03 15:00:00,49.04,49.05,49.04,49.05,3144.0
2018-01-03 15:01:00,49.0331,49.04,49.0331,49.04,1581.0
2018-01-03 15:02:00,49.04,49.05,49.04,49.04,1900.0
2018-01-03 15:03:00,49.04,49.05,49.04,49.04,2831.0
2018-01-03 15:04:00,49.05,49.05,49.03,49.04,2971.0
2018-01-03 15:05:00,49.05,49.06,49.05,49.05,2285.0
2018-01-03 15:06:00,49.055,49.055,49.05,49.05,400.0
2018-01-03 15:07:00,49.045,49.05,49.04,49.05,1809.0
2018-01-03 15:08:00,49.04,49.04,49.04,49.04,400.0
2018-01-03 15:09:00,49.04,49.045,49.04,49.04,1460.0
2018-01-03 15:10:00,49.03,49.05,49.03,49.05,4136.0
2018-01-03 15:11:00,49.03,49.035,49.03,49.03,900.0
2018-01-03 15:12:00,48.99,49.0346,48.99,49.03,11524.0
2018-01-03 15:13:00,48.98,48.99,48.98,48.985,4219.0
2018-01-03 15:14:00,48.98,48.985,48.98,48.98,300.0
2018-01-03 15:15:00,48.98,48.99,48.98,48.99,2940.0
2018-01-03 15:16:00,48.98,48.99,48.98,48.98,600.0
2018-01-03 15:17:00,48.96,48.98,48.96,48.98,4949.0
2018-01-03 15:18:00,49.0,49.0,48.95,48.955,14181.0
2018-01-03 15:19:00,48.99,48.99,48.99,48.99,100.0
2018-01-03 15:20:00,49.0,49.0,48.99,48.99,500.0
2018-01-03 15:21:00,49.0,49.0,48.99,48.99,600.0
2018-01-03 15:22:00,48.99,49.0,48.98,49.0,4310.0
2018-01-03 15:23:00,48.995,48.995,48.99,48.99,1482.0
2018-01-03 15:24:00,48.995,48.995,48.99,48.995,700.0
2018-01-03 15:25:00,48.995,48.995,48.99,48.99,1794.0
2018-01-03 15:26:00,48.995,49.0,48.99,48.99,2030.0
2018-01-03 15:27:00,49.09,49.09,49.0,49.0,12275.0
2018-01-03 15:28:00,49.1,49.1,49.08,49.08,2051.0
2018-01-03 15:29:00,49.09,49.09,49.09,49.09,200.0
2018-01-03 15:30:00,49.085,49.09,49.085,49.09,2958.0
2018-01-03 15:31:00,49.09,49.09,49.09,49.09,1104.0
2018-01-03 15:32:00,49.11,49.11,49.09,49.09,1681.0
2018-01-03 15:33:00,49.135,49.135,49.11,49.11,1800.0
2018-01-03 15:34:00,49.12,49.13,49.12,49.13,2215.0
2018-01-03 15:35:00,49.115,49.12,49.115,49.12,1900.0
2018-01-03 15:36:00,49.1,49.125,49.1,49.12,4330.0
2018-01-03 15:37:00,49.09,49.105,49.09,49.1,1700.0
2018-01-03 15:38:00,49.09,49.09,49.09,49.09,480.0
2018-01-03 15:39:00,49.085,49.085,49.085,49.085,100.0
2018-01-03 15:40:00,49.11,49.115,49.085,49.09,4400.0
2018-01-03 15:41:00,49.1156,49.1156,49.11,49.11,605.0
2018-01-03 15:42:00,49.14,49.14,49.12,49.12,2931.0
2018-01-03 15:43:00,49.12,49.15,49.12,49.145,8017.0
2018-01-03 15:44:00,49.11,49.12,49.11,49.12,2699.0
2018-01-03 15:45:00,49.1,49.11,49.09,49.1,9354.0
2018-01-03 15:46:00,49.14,49.155,49.11,49.11,9471.0
2018-01-03 15:47:00,49.14,49.14,49.12,49.14,12253.0
2018-01-03 15:48:00,49.1599,49.16,49.15,49.15,3853.0
2018-01-03 15:49:00,49.14,49.15,49.14,49.15,10881.0
2018-01-03 15:50:00,49.11,49.14,49.11,49.14,5639.0
2018-01-03 15:51:00,49.08,49.105,49.08,49.1,3533.0
2018-01-03 15:52:00,49.085,49.1,49.08,49.08,13976.0
2018-01-03 15:53:00,49.09,49.1,49.08,49.08,10784.0
2018-01-03 15:54:00,49.095,49.1,49.09,49.1,3153.0
2018-01-03 15:55:00,49.09,49.1,49.09,49.09,7872.0
2018-01-03 15:56:00,49.06,49.09,49.06,49.09,12220.0
2018-01-03 15:57:00,49.055,49.0699,49.05,49.06,8565.0
2018-01-03 15:58:00,49.08,49.08,49.05,49.055,15289.0
2018-01-03 15:59:00,49.08,49.08,49.07,49.075,7328.0
2018-01-03 16:00:00,49.095,49.13,49.07,49.07,49228.0
2018-01-04 09:30:00,49.26,49.26,49.26,49.26,18332.0
2018-01-04 09:31:00,49.23,49.33,49.23,49.3,928.0
2018-01-04 09:32:00,49.3005,49.32,49.29,49.32,2400.0
2018-01-04 09:33:00,49.4,49.4,49.34,49.34,4204.0
2018-01-04 09:34:00,49.38,49.43,49.38,49.4,800.0
2018-01-04 09:35:00,49.37,49.38,49.35,49.38,3015.0
2018-01-04 09:36:00,49.38,49.39,49.34,49.36,2100.0
2018-01-04 09:37:00,49.46,49.46,49.37,49.37,1700.0
2018-01-04 09:38:00,49.5,49.5,49.45,49.5,550.0
2018-01-04 09:39:00,49.6,49.6,49.48,49.5,8334.0
2018-01-04 09:40:00,49.665,49.665,49.5838,49.5838,2838.0
2018-01-04 09:41:00,49.52,49.638000000000005,49.51,49.638000000000005,4500.0
2018-01-04 09:42:00,49.6,49.6,49.56,49.56,5318.0
2018-01-04 09:43:00,49.61,49.61,49.55,49.6,1706.0
2018-01-04 09:44:00,49.66,49.7,49.63,49.63,2037.0
2018-01-04 09:45:00,49.69,49.69,49.65,49.65,4698.0
2018-01-04 09:46:00,49.73,49.78,49.7,49.7,6000.0
2018-01-04 09:47:00,49.76,49.78,49.74,49.74,1590.0
2018-01-04 09:48:00,49.67,49.74,49.66,49.74,7603.0
2018-01-04 09:49:00,49.61,49.68,49.6,49.67,3056.0
2018-01-04 09:50:00,49.6,49.62,49.59,49.6,3700.0
2018-01-04 09:51:00,49.66,49.66,49.61,49.62,2328.0
2018-01-04 09:52:00,49.59,49.66,49.59,49.65,4815.0
2018-01-04 09:53:00,49.6,49.6,49.57,49.59,3624.0
2018-01-04 09:54:00,49.59,49.62,49.59,49.62,988.0
2018-01-04 09:55:00,49.57,49.57,49.57,49.57,200.0
2018-01-04 09:56:00,49.59,49.6,49.56,49.6,3416.0
2018-01-04 09:57:00,49.57,49.59,49.57,49.59,300.0
2018-01-04 09:58:00,49.5912,49.5912,49.54,49.56,1422.0
2018-01-04 09:59:00,49.61,49.63,49.6,49.6,1000.0
2018-01-04 10:00:00,49.62,49.62,49.62,49.62,300.0
2018-01-04 10:01:00,49.6,49.62,49.6,49.62,1300.0
2018-01-04 10:02:00,49.55,49.58,49.55,49.58,1650.0
2018-01-04 10:03:00,49.59,49.59,49.56,49.56,1638.0
2018-01-04 10:04:00,49.63,49.65,49.6,49.6,3126.0
2018-01-04 10:05:00,49.6,49.62,49.6,49.62,1166.0
2018-01-04 10:06:00,49.6456,49.66,49.61,49.62,2006.0
2018-01-04 10:07:00,49.66,49.66,49.66,49.66,1200.0
2018-01-04 10:08:00,49.65,49.66,49.65,49.65,17110.0
2018-01-04 10:09:00,49.67,49.67,49.64,49.64,4067.0
2018-01-04 10:11:00,49.65,49.68,49.65,49.65,3345.0
2018-01-04 10:12:00,49.6703,49.73,49.66,49.66,9799.0
2018-01-04 10:13:00,49.64,49.7,49.64,49.68,5968.0
2018-01-04 10:14:00,49.67,49.67,49.67,49.67,1800.0
2018-01-04 10:15:00,49.63,49.66,49.63,49.66,2306.0
2018-01-04 10:16:00,49.59,49.62,49.59,49.62,500.0
2018-01-04 10:17:00,49.61,49.61,49.565,49.565,1387.0
2018-01-04 10:18:00,49.6076,49.62,49.6076,49.62,700.0
2018-01-04 10:19:00,49.6,49.615,49.6,49.6,809.0
2018-01-04 10:20:00,49.595,49.61,49.58,49.59,1371.0
2018-01-04 10:21:00,49.64,49.64,49.61,49.61,1784.0
2018-01-04 10:22:00,49.66,49.66,49.63,49.63,3100.0
2018-01-04 10:23:00,49.68,49.69,49.67,49.67,700.0
2018-01-04 10:24:00,49.7,49.72,49.68,49.72,12105.0
2018-01-04 10:25:00,49.68,49.7068,49.68,49.69,2203.0
2018-01-04 10:26:00,49.7,49.7,49.65,49.68,4630.0
2018-01-04 10:27:00,49.68,49.6959,49.67,49.6959,1220.0
2018-01-04 10:28:00,49.675,49.68,49.66,49.68,1200.0
2018-01-04 10:29:00,49.64,49.665,49.63,49.665,42000.0
2018-01-04 10:30:00,49.59,49.63,49.58,49.63,10361.0
2018-01-04 10:31:00,49.54,49.6,49.54,49.6,1499.0
2018-01-04 10:32:00,49.56,49.57,49.54,49.54,3220.0
2018-01-04 10:33:00,49.59,49.63,49.5668,49.5668,3298.0
2018-01-04 10:34:00,49.6018,49.6018,49.6018,49.6018,124.0
2018-01-04 10:35:00,49.56,49.59,49.56,49.59,1420.0
2018-01-04 10:36:00,49.57,49.58,49.56,49.58,330.0
2018-01-04 10:37:00,49.5714,49.58,49.56,49.5601,2859.0
2018-01-04 10:38:00,49.63,49.63,49.58,49.585,3893.0
2018-01-04 10:39:00,49.62,49.63,49.62,49.63,900.0
2018-01-04 10:40:00,49.61,49.63,49.61,49.63,1642.0
2018-01-04 10:41:00,49.59,49.6001,49.59,49.6,1220.0
2018-01-04 10:42:00,49.62,49.62,49.58,49.59,5169.0
2018-01-04 10:43:00,49.6,49.63,49.6,49.62,2145.0
2018-01-04 10:44:00,49.58,49.6,49.58,49.6,917.0
2018-01-04 10:45:00,49.58,49.59,49.58,49.59,385.0
2018-01-04 10:46:00,49.6,49.63,49.59,49.6,11651.0
2018-01-04 10:47:00,49.614,49.614,49.59,49.59,200.0
2018-01-04 10:48:00,49.615,49.62,49.6099,49.62,1000.0
2018-01-04 10:49:00,49.6,49.61,49.6,49.61,1200.0
2018-01-04 10:50:00,49.61,49.625,49.6001,49.6001,4267.0
2018-01-04 10:51:00,49.61,49.62,49.6,49.62,3659.0
2018-01-04 10:52:00,49.6,49.61,49.6,49.61,900.0
2018-01-04 10:53:00,49.6,49.6,49.59,49.59,1988.0
2018-01-04 10:54:00,49.58,49.59,49.58,49.59,1994.0
2018-01-04 10:55:00,49.6,49.6,49.57,49.5701,2240.0
2018-01-04 10:56:00,49.58,49.6,49.58,49.6,1386.0
2018-01-04 10:57:00,49.575,49.58,49.5701,49.57899999999999,5111.0
2018-01-04 10:58:00,49.5701,49.5701,49.57,49.57,300.0
2018-01-04 10:59:00,49.61,49.61,49.57,49.57,7835.0
2018-01-04 11:00:00,49.61,49.62,49.61,49.61,1665.0
2018-01-04 11:02:00,49.63,49.63,49.6001,49.61,1800.0
2018-01-04 11:03:00,49.64,49.64,49.63,49.64,1000.0
2018-01-04 11:04:00,49.65,49.6525,49.64,49.64,2937.0
2018-01-04 11:05:00,49.67,49.67,49.65,49.65,1085.0
2018-01-04 11:06:00,49.67,49.68,49.66,49.6675,823.0
2018-01-04 11:07:00,49.65,49.66,49.64,49.66,3766.0
2018-01-04 11:08:00,49.62,49.635,49.62,49.6301,4406.0
2018-01-04 11:09:00,49.6,49.62,49.6,49.62,3349.0
2018-01-04 11:10:00,49.64,49.64,49.61,49.61,3058.0
2018-01-04 11:11:00,49.65,49.665,49.64,49.65,5645.0
2018-01-04 11:12:00,49.6542,49.67,49.65,49.66,933.0
2018-01-04 11:13:00,49.65,49.65,49.65,49.65,600.0
2018-01-04 11:15:00,49.68,49.68,49.65,49.65,4986.0
2018-01-04 11:16:00,49.67,49.67,49.6638,49.67,1410.0
2018-01-04 11:17:00,49.69,49.705,49.67,49.67,6480.0
2018-01-04 11:18:00,49.66,49.68,49.65,49.67,696.0
2018-01-04 11:19:00,49.64,49.66,49.63,49.65,1700.0
2018-01-04 11:20:00,49.645,49.65,49.63,49.64,3143.0
2018-01-04 11:21:00,49.64,49.64,49.64,49.64,100.0
2018-01-04 11:22:00,49.64,49.64,49.6376,49.6376,1287.0
2018-01-04 11:23:00,49.64,49.645,49.635,49.64,3269.0
2018-01-04 11:24:00,49.62,49.64,49.62,49.63,2068.0
2018-01-04 11:25:00,49.63,49.63,49.61,49.61,401.0
2018-01-04 11:26:00,49.64,49.64,49.64,49.64,3772.0
2018-01-04 11:27:00,49.63,49.645,49.63,49.63,3468.0
2018-01-04 11:28:00,49.63,49.63,49.63,49.63,700.0
2018-01-04 11:29:00,49.62,49.63,49.62,49.63,400.0
2018-01-04 11:30:00,49.63,49.63,49.62,49.63,600.0
2018-01-04 11:31:00,49.635,49.65,49.635,49.64,8314.0
2018-01-04 11:32:00,49.63,49.635,49.62,49.635,2748.0
2018-01-04 11:33:00,49.625,49.625,49.625,49.625,100.0
2018-01-04 11:34:00,49.6295,49.6295,49.62,49.62,1628.0
2018-01-04 11:35:00,49.62,49.62,49.61,49.61,200.0
2018-01-04 11:36:00,49.59,49.62,49.59,49.62,5602.0
2018-01-04 11:37:00,49.62,49.6244,49.59,49.59,2466.0
2018-01-04 11:39:00,49.63,49.64,49.61,49.61,3194.0
2018-01-04 11:40:00,49.62,49.625,49.62,49.625,1116.0
2018-01-04 11:41:00,49.62,49.62,49.62,49.62,294.0
2018-01-04 11:42:00,49.61,49.62,49.61,49.6186,400.0
2018-01-04 11:43:00,49.6,49.62,49.6,49.6156,3450.0
2018-01-04 11:44:00,49.6,49.61,49.6,49.6,500.0
2018-01-04 11:45:00,49.6,49.6,49.6,49.6,200.0
2018-01-04 11:46:00,49.62,49.62,49.6,49.6,1580.0
2018-01-04 11:47:00,49.6028,49.62,49.6028,49.62,2160.0
2018-01-04 11:48:00,49.6128,49.6128,49.61,49.61,328.0
2018-01-04 11:49:00,49.62,49.63,49.61,49.61,2309.0
2018-01-04 11:50:00,49.64,49.64,49.63,49.63,1300.0
2018-01-04 11:51:00,49.625,49.65,49.625,49.64,2225.0
2018-01-04 11:52:00,49.635,49.635,49.625,49.625,700.0
2018-01-04 11:53:00,49.64,49.64,49.635,49.635,300.0
2018-01-04 11:54:00,49.64,49.65,49.635,49.635,4162.0
2018-01-04 11:55:00,49.64,49.64,49.64,49.64,300.0
2018-01-04 11:57:00,49.64,49.65,49.63,49.63,800.0
2018-01-04 11:58:00,49.64,49.65,49.63,49.64,3239.0
2018-01-04 11:59:00,49.65,49.65,49.64,49.64,1300.0
2018-01-04 12:00:00,49.64,49.645,49.64,49.64,400.0
2018-01-04 12:01:00,49.64,49.65,49.64,49.65,200.0
2018-01-04 12:02:00,49.67,49.6798,49.65,49.65,2781.0
2018-01-04 12:03:00,49.67,49.67,49.66,49.66,1100.0
2018-01-04 12:04:00,49.66,49.67,49.66,49.67,2101.0
2018-01-04 12:05:00,49.67,49.67,49.65,49.66,1332.0
2018-01-04 12:06:00,49.665,49.67,49.66,49.67,2100.0
2018-01-04 12:07:00,49.65,49.67,49.65,49.67,10262.0
2018-01-04 12:08:00,49.655,49.66,49.64,49.65,2400.0
2018-01-04 12:09:00,49.64,49.65,49.64,49.65,793.0
2018-01-04 12:10:00,49.656000000000006,49.66,49.65,49.65,1880.0
2018-01-04 12:11:00,49.67,49.67,49.66,49.66,2491.0
2018-01-04 12:12:00,49.675,49.675,49.66,49.67,1675.0
2018-01-04 12:13:00,49.65,49.67,49.65,49.67,36855.0
2018-01-04 12:14:00,49.69,49.69,49.67,49.67,2192.0
2018-01-04 12:15:00,49.67,49.68,49.67,49.68,540.0
2018-01-04 12:16:00,49.71,49.71,49.68,49.68,2300.0
2018-01-04 12:17:00,49.7,49.72,49.7,49.72,1213.0
2018-01-04 12:18:00,49.72,49.72,49.71,49.71,400.0
2018-01-04 12:19:00,49.74,49.74,49.735,49.74,1217.0
2018-01-04 12:20:00,49.73,49.73,49.73,49.73,100.0
2018-01-04 12:21:00,49.73,49.74,49.73,49.73,300.0
2018-01-04 12:22:00,49.73,49.73,49.73,49.73,600.0
2018-01-04 12:23:00,49.73,49.74,49.72,49.72,1400.0
2018-01-04 12:25:00,49.73,49.74,49.73,49.74,300.0
2018-01-04 12:27:00,49.72,49.7338,49.72,49.7335,1911.0
2018-01-04 12:28:00,49.72,49.72,49.72,49.72,100.0
2018-01-04 12:29:00,49.745,49.75,49.71,49.71,4398.0
2018-01-04 12:30:00,49.76,49.76,49.74,49.74,900.0
2018-01-04 12:31:00,49.77,49.77,49.77,49.77,300.0
2018-01-04 12:32:00,49.77,49.77,49.76,49.76,200.0
2018-01-04 12:33:00,49.81,49.81,49.77,49.77,2858.0
2018-01-04 12:34:00,49.81,49.82,49.81,49.82,500.0
2018-01-04 12:35:00,49.84,49.84,49.82,49.82,3594.0
2018-01-04 12:36:00,49.845,49.8456,49.8405,49.8405,578.0
2018-01-04 12:37:00,49.86,49.86,49.85,49.85,1404.0
2018-01-04 12:38:00,49.86,49.86,49.85,49.86,16006.0
2018-01-04 12:39:00,49.89,49.89,49.87,49.87,2625.0
2018-01-04 12:40:00,49.89,49.89,49.89,49.89,100.0
2018-01-04 12:42:00,49.9,49.9,49.89,49.89,1320.0
2018-01-04 12:43:00,49.92,49.92,49.8968,49.9,1516.0
2018-01-04 12:44:00,49.91,49.93,49.91,49.91,1201.0
2018-01-04 12:45:00,49.91,49.92,49.91,49.91,2100.0
2018-01-04 12:46:00,49.92,49.92,49.92,49.92,500.0
2018-01-04 12:47:00,49.92,49.9323,49.92,49.92,1000.0
2018-01-04 12:48:00,49.91,49.94,49.91,49.92,1914.0
2018-01-04 12:49:00,49.92,49.92,49.91,49.91,1200.0
2018-01-04 12:50:00,49.92,49.93,49.92,49.92,800.0
2018-01-04 12:51:00,49.94,49.94,49.94,49.94,600.0
2018-01-04 12:52:00,49.95,49.95,49.95,49.95,600.0
2018-01-04 12:53:00,49.95,49.95,49.95,49.95,601.0
2018-01-04 12:54:00,49.94,49.95,49.94,49.95,1327.0
2018-01-04 12:55:00,49.95,49.95,49.93,49.94,1874.0
2018-01-04 12:56:00,49.95,49.955,49.95,49.955,1300.0
2018-01-04 12:57:00,49.97,49.975,49.95,49.95,1712.0
2018-01-04 12:58:00,49.96,49.98,49.96,49.98,1891.0
2018-01-04 12:59:00,49.96,49.96,49.96,49.96,100.0
2018-01-04 13:00:00,49.96,49.97,49.96,49.97,200.0
2018-01-04 13:01:00,49.97,49.97,49.96,49.96,1712.0
2018-01-04 13:02:00,49.97,49.973,49.97,49.97,8800.0
2018-01-04 13:03:00,49.96,49.965,49.96,49.96,1281.0
2018-01-04 13:04:00,49.94,49.955,49.94,49.95,2200.0
2018-01-04 13:05:00,49.94,49.94,49.94,49.94,100.0
2018-01-04 13:06:00,49.94,49.94,49.94,49.94,300.0
2018-01-04 13:07:00,49.94,49.95,49.94,49.95,2252.0
2018-01-04 13:08:00,49.93,49.935,49.92,49.93,3326.0
2018-01-04 13:09:00,49.94,49.94,49.94,49.94,200.0
2018-01-04 13:10:00,49.94,49.94,49.93,49.93,500.0
2018-01-04 13:11:00,49.95,49.95,49.93,49.93,1549.0
2018-01-04 13:12:00,49.95,49.96,49.95,49.96,1222.0
2018-01-04 13:13:00,49.95,49.95,49.95,49.95,200.0
2018-01-04 13:14:00,49.95,49.95,49.95,49.95,820.0
2018-01-04 13:15:00,49.95,49.95,49.95,49.95,400.0
2018-01-04 13:16:00,49.94,49.94,49.94,49.94,100.0
2018-01-04 13:17:00,49.95,49.95,49.94,49.95,1000.0
2018-01-04 13:18:00,49.96,49.97,49.95,49.95,2287.0
2018-01-04 13:19:00,49.95,49.9577,49.95,49.9577,3870.0
2018-01-04 13:21:00,49.96,49.96,49.95,49.95,1408.0
2018-01-04 13:22:00,49.96,49.98,49.96,49.97,3901.0
2018-01-04 13:23:00,49.97,49.97,49.97,49.97,100.0
2018-01-04 13:24:00,49.97,49.97,49.97,49.97,1100.0
2018-01-04 13:25:00,49.97,49.97,49.97,49.97,100.0
2018-01-04 13:26:00,49.99,49.99,49.99,49.99,200.0
2018-01-04 13:27:00,49.98,49.99,49.98,49.99,200.0
2018-01-04 13:28:00,49.99,49.99,49.98,49.98,200.0
2018-01-04 13:29:00,49.97,49.98,49.97,49.97,400.0
2018-01-04 13:31:00,49.97,49.98,49.97,49.98,300.0
2018-01-04 13:32:00,49.98,49.98,49.98,49.98,100.0
2018-01-04 13:34:00,49.98,49.99,49.98,49.99,200.0
2018-01-04 13:35:00,49.98,49.99,49.97,49.99,3808.0
2018-01-04 13:36:00,49.98,49.98,49.97,49.97,1214.0
2018-01-04 13:37:00,49.99,49.99,49.98,49.98,500.0
2018-01-04 13:38:00,49.99,49.99,49.99,49.99,1640.0
2018-01-04 13:39:00,49.99,49.99,49.99,49.99,100.0
2018-01-04 13:40:00,49.98,49.995,49.98,49.99,5637.0
2018-01-04 13:41:00,49.975,49.98,49.975,49.98,1418.0
2018-01-04 13:43:00,49.99,49.99,49.97,49.97,1600.0
2018-01-04 13:44:00,49.99,49.99,49.98,49.98,975.0
2018-01-04 13:45:00,49.99,49.99,49.98,49.98,788.0
2018-01-04 13:46:00,49.99,49.99,49.99,49.99,100.0
2018-01-04 13:47:00,49.98,49.99,49.98,49.99,1652.0
2018-01-04 13:48:00,49.99,49.99,49.975,49.975,1100.0
2018-01-04 13:49:00,49.99,49.99,49.98,49.98,708.0
2018-01-04 13:50:00,49.9838,49.985,49.9838,49.985,300.0
2018-01-04 13:51:00,49.99,49.99,49.99,49.99,100.0
2018-01-04 13:52:00,49.98,49.99,49.98,49.99,2821.0
2018-01-04 13:53:00,49.975,49.975,49.97,49.97,500.0
2018-01-04 13:54:00,49.96,49.97,49.95,49.97,3548.0
2018-01-04 13:55:00,49.95,49.96,49.95,49.95,600.0
2018-01-04 13:56:00,49.9644,49.9644,49.96,49.96,210.0
2018-01-04 13:57:00,49.95,49.96,49.94,49.96,4300.0
2018-01-04 13:58:00,49.945,49.945,49.94,49.94,2294.0
2018-01-04 13:59:00,49.95,49.96,49.94,49.94,1947.0
2018-01-04 14:00:00,49.95,49.95,49.95,49.95,100.0
2018-01-04 14:01:00,49.94,49.96,49.94,49.96,11282.0
2018-01-04 14:02:00,49.95,49.95,49.93,49.93,1103.0
2018-01-04 14:03:00,49.94,49.96,49.94,49.96,200.0
2018-01-04 14:04:00,49.94,49.95,49.94,49.95,1700.0
2018-01-04 14:05:00,49.96,49.96,49.95399999999999,49.96,3369.0
2018-01-04 14:06:00,49.97,49.97,49.97,49.97,100.0
2018-01-04 14:07:00,49.97,49.97,49.95,49.968,4143.0
2018-01-04 14:08:00,49.98,49.98,49.96,49.97,1510.0
2018-01-04 14:09:00,49.96,49.97,49.96,49.96,1900.0
2018-01-04 14:10:00,49.96,49.96,49.96,49.96,1300.0
2018-01-04 14:11:00,49.95,49.955,49.95,49.95,1400.0
2018-01-04 14:12:00,49.92,49.96,49.92,49.95,4832.0
2018-01-04 14:13:00,49.94,49.94,49.92,49.92,2113.0
2018-01-04 14:14:00,49.93,49.93,49.92,49.93,1640.0
2018-01-04 14:15:00,49.935,49.94,49.93,49.93,1488.0
2018-01-04 14:16:00,49.92,49.94,49.92,49.935,1700.0
2018-01-04 14:17:00,49.96,49.96,49.94,49.94,4360.0
2018-01-04 14:18:00,49.97,49.97,49.95,49.96,2903.0
2018-01-04 14:19:00,49.97,49.975,49.965,49.97,2400.0
2018-01-04 14:20:00,49.98,49.98,49.98,49.98,400.0
2018-01-04 14:21:00,49.98,49.98,49.97,49.98,600.0
2018-01-04 14:22:00,49.98,49.98,49.97,49.98,600.0
2018-01-04 14:23:00,49.985,49.99,49.98,49.98,4478.0
2018-01-04 14:24:00,49.98,49.98,49.98,49.98,100.0
2018-01-04 14:25:00,49.98,49.985,49.98,49.98,300.0
2018-01-04 14:26:00,49.985,49.99,49.9839,49.99,302.0
2018-01-04 14:27:00,49.9847,49.99,49.98,49.98,400.0
2018-01-04 14:28:00,49.985,49.99,49.98,49.98,430.0
2018-01-04 14:29:00,49.99,49.99,49.98,49.98,500.0
2018-01-04 14:30:00,49.99,49.99,49.98,49.99,500.0
2018-01-04 14:31:00,49.985,49.99,49.98,49.99,1418.0
2018-01-04 14:32:00,49.99,49.99,49.98,49.99,2349.0
2018-01-04 14:33:00,49.975,49.99,49.975,49.985,7855.0
2018-01-04 14:34:00,50.0,50.0,49.975,49.98,5718.0
2018-01-04 14:35:00,49.995,50.0,49.995,50.0,618.0
2018-01-04 14:36:00,49.985,50.02,49.98,50.0,21493.0
2018-01-04 14:37:00,49.985,49.99,49.985,49.985,3504.0
2018-01-04 14:38:00,49.92,49.985,49.92,49.985,4483.0
2018-01-04 14:39:00,49.95,49.95,49.92,49.92,3004.0
2018-01-04 14:40:00,49.925,49.94,49.925,49.94,3586.0
2018-01-04 14:41:00,49.93,49.93,49.92,49.92,1009.0
2018-01-04 14:42:00,49.92,49.95,49.92,49.94,5000.0
2018-01-04 14:43:00,49.9,49.935,49.9,49.935,3601.0
2018-01-04 14:44:00,49.89,49.89,49.89,49.89,400.0
2018-01-04 14:45:00,49.87,49.89,49.87,49.89,5185.0
2018-01-04 14:46:00,49.89,49.89,49.87,49.87,900.0
2018-01-04 14:47:00,49.9,49.9,49.89,49.89,2692.0
2018-01-04 14:48:00,49.905,49.91,49.89,49.9,1501.0
2018-01-04 14:49:00,49.9,49.91,49.895,49.91,4270.0
2018-01-04 14:50:00,49.88,49.895,49.88,49.895,2316.0
2018-01-04 14:51:00,49.9,49.9,49.88,49.88,2366.0
2018-01-04 14:52:00,49.89,49.905,49.89,49.905,1784.0
2018-01-04 14:53:00,49.89,49.9,49.88,49.895,1951.0
2018-01-04 14:55:00,49.88,49.9,49.88,49.9,800.0
2018-01-04 14:56:00,49.895,49.9,49.89,49.89,1400.0
2018-01-04 14:57:00,49.89,49.9,49.88,49.895,2770.0
2018-01-04 14:58:00,49.88,49.89,49.88,49.885,1800.0
2018-01-04 14:59:00,49.9,49.9,49.88,49.9,300.0
2018-01-04 15:00:00,49.89,49.9,49.88,49.9,500.0
2018-01-04 15:01:00,49.88,49.88,49.87,49.88,2871.0
2018-01-04 15:02:00,49.885,49.885,49.88,49.88,800.0
2018-01-04 15:03:00,49.9,49.9,49.88,49.88,3720.0
2018-01-04 15:04:00,49.89,49.9,49.89,49.9,500.0
2018-01-04 15:05:00,49.895,49.895,49.89,49.89,500.0
2018-01-04 15:06:00,49.855,49.8925,49.855,49.8925,7991.0
2018-01-04 15:07:00,49.865,49.865,49.86,49.86,2360.0
2018-01-04 15:08:00,49.86,49.865,49.8513,49.865,3370.0
2018-01-04 15:09:00,49.855,49.86,49.85,49.86,909.0
2018-01-04 15:10:00,49.85,49.86,49.84,49.855,2919.0
2018-01-04 15:11:00,49.855,49.86,49.845,49.85,1655.0
2018-01-04 15:12:00,49.84,49.85,49.84,49.85,1373.0
2018-01-04 15:13:00,49.845,49.845,49.845,49.845,100.0
2018-01-04 15:14:00,49.84,49.85,49.84,49.85,1403.0
2018-01-04 15:15:00,49.8345,49.85,49.8325,49.85,3339.0
2018-01-04 15:16:00,49.84,49.85,49.835,49.835,2700.0
2018-01-04 15:17:00,49.85,49.8548,49.8409,49.8409,2000.0
2018-01-04 15:18:00,49.86,49.86,49.85,49.86,500.0
2018-01-04 15:19:00,49.85,49.855,49.85,49.85,1338.0
2018-01-04 15:20:00,49.855,49.855,49.85,49.855,4685.0
2018-01-04 15:21:00,49.855,49.855,49.85,49.85,600.0
2018-01-04 15:22:00,49.855,49.86,49.85,49.855,900.0
2018-01-04 15:23:00,49.835,49.855,49.835,49.85,4854.0
2018-01-04 15:24:00,49.835,49.835,49.825,49.835,1500.0
2018-01-04 15:25:00,49.84,49.85,49.835,49.84,4614.0
2018-01-04 15:26:00,49.835,49.845,49.835,49.84,4900.0
2018-01-04 15:27:00,49.93,49.93,49.835,49.84,7706.0
2018-01-04 15:28:00,49.9,49.92,49.895,49.91,6130.0
2018-01-04 15:29:00,49.92,49.92,49.91,49.91,300.0
2018-01-04 15:30:00,49.93,49.93,49.91,49.91,600.0
2018-01-04 15:31:00,49.91,49.925,49.91,49.925,3374.0
2018-01-04 15:32:00,49.905,49.915,49.9,49.91,7545.0
2018-01-04 15:33:00,49.915,49.915,49.91,49.91,1533.0
2018-01-04 15:34:00,49.915,49.92,49.91,49.915,2114.0
2018-01-04 15:35:00,49.91,49.91,49.91,49.91,600.0
2018-01-04 15:36:00,49.9,49.915,49.9,49.915,2788.0
2018-01-04 15:37:00,49.89,49.9056,49.89,49.9,3310.0
2018-01-04 15:38:00,49.885,49.895,49.88,49.89,4740.0
2018-01-04 15:39:00,49.87,49.88,49.87,49.88,3044.0
2018-01-04 15:40:00,49.865,49.875,49.86,49.87,2812.0
2018-01-04 15:41:00,49.89,49.89,49.865,49.865,8279.0
2018-01-04 15:42:00,49.87,49.89,49.87,49.89,2800.0
2018-01-04 15:43:00,49.87,49.875,49.87,49.87,600.0
2018-01-04 15:44:00,49.89,49.89,49.875,49.875,7746.0
2018-01-04 15:45:00,49.895,49.895,49.88,49.895,8226.0
2018-01-04 15:46:00,49.9461,49.95,49.89,49.89,7980.0
2018-01-04 15:47:00,49.94,49.95,49.93,49.95,21682.0
2018-01-04 15:48:00,49.95,49.96,49.935,49.945,16841.0
2018-01-04 15:49:00,49.91,49.955,49.91,49.955,5430.0
2018-01-04 15:50:00,49.91,49.92,49.9001,49.91,3602.0
2018-01-04 15:51:00,49.91,49.91,49.9,49.905,7183.0
2018-01-04 15:52:00,49.915,49.92,49.91,49.915,1807.0
2018-01-04 15:53:00,49.9101,49.915,49.91,49.915,1918.0
2018-01-04 15:54:00,49.915,49.92,49.91,49.915,4366.0
2018-01-04 15:55:00,49.94,49.94,49.915,49.915,10798.0
2018-01-04 15:56:00,49.96,49.96,49.935,49.935,8975.0
2018-01-04 15:57:00,49.945,49.96,49.94,49.95,24941.0
2018-01-04 15:58:00,49.9,49.95,49.9,49.945,14483.0
2018-01-04 15:59:00,49.9,49.91,49.9,49.905,6569.0
2018-01-04 16:00:00,49.94,49.94,49.89,49.9,25125.0
2018-01-05 09:30:00,50.08,50.08,50.08,50.08,7950.0
2018-01-05 09:31:00,49.96,49.98,49.96,49.98,300.0
2018-01-05 09:32:00,49.95,50.07,49.87,50.0,3164.0
2018-01-05 09:33:00,49.98,49.98,49.81,49.81,2100.0
2018-01-05 09:34:00,49.935,49.97,49.935,49.97,400.0
2018-01-05 09:35:00,49.86,49.96,49.85,49.91,7923.0
2018-01-05 09:36:00,49.83,49.92,49.8,49.91,3893.0
2018-01-05 09:37:00,49.89,49.89,49.87,49.87,400.0
2018-01-05 09:38:00,49.92,49.92,49.91,49.91,500.0
2018-01-05 09:39:00,49.93,49.97,49.93,49.97,1400.0
2018-01-05 09:40:00,49.945,49.945,49.92,49.93,1750.0
2018-01-05 09:41:00,49.92,49.93,49.92,49.93,700.0
2018-01-05 09:42:00,49.93,49.93,49.93,49.93,100.0
2018-01-05 09:43:00,49.97,49.97,49.91,49.91,3046.0
2018-01-05 09:44:00,50.08,50.08,49.95,49.9899,4823.0
2018-01-05 09:45:00,49.93,50.03,49.91,50.03,2684.0
2018-01-05 09:46:00,49.89,49.96,49.89,49.96,2073.0
2018-01-05 09:47:00,49.99,49.99,49.92,49.93,4105.0
2018-01-05 09:48:00,49.96,49.96,49.96,49.96,100.0
2018-01-05 09:49:00,49.98,50.0,49.97,49.97,1700.0
2018-01-05 09:50:00,49.95,49.99,49.95,49.99,3791.0
2018-01-05 09:51:00,49.935,49.965,49.93,49.96,1700.0
2018-01-05 09:52:00,49.9,49.92,49.9,49.92,400.0
2018-01-05 09:53:00,49.885,49.9289,49.87,49.925,1800.0
2018-01-05 09:54:00,49.91,49.937,49.9,49.9,2050.0
2018-01-05 09:55:00,49.94,49.94,49.91,49.91,500.0
2018-01-05 09:56:00,49.98,49.99,49.94,49.95,2111.0
2018-01-05 09:57:00,50.005,50.005,50.0,50.0,300.0
2018-01-05 09:58:00,50.02,50.02,50.02,50.02,100.0
2018-01-05 09:59:00,49.96,49.99,49.96,49.99,1587.0
2018-01-05 10:00:00,49.99,49.99,49.96,49.96,2100.0
2018-01-05 10:01:00,49.98,49.99,49.96,49.98,5653.0
2018-01-05 10:02:00,49.97,49.98,49.9668,49.9668,775.0
2018-01-05 10:03:00,50.0,50.04,49.97,49.975,2871.0
2018-01-05 10:04:00,49.9925,50.005,49.99,50.005,1197.0
2018-01-05 10:05:00,49.95,49.99,49.95,49.99,1041.0
2018-01-05 10:06:00,49.98,49.98,49.96,49.96,1100.0
2018-01-05 10:07:00,49.99,50.01,49.99,49.99,2700.0
2018-01-05 10:09:00,50.05,50.05,50.0,50.01,1700.0
2018-01-05 10:11:00,50.035,50.04,50.01,50.04,3252.0
2018-01-05 10:12:00,50.09,50.09,50.025,50.03,1885.0
2018-01-05 10:13:00,50.09,50.09,50.09,50.09,1006.0
2018-01-05 10:14:00,50.05,50.06,50.05,50.06,1500.0
2018-01-05 10:15:00,50.04,50.055,50.04,50.05,2042.0
2018-01-05 10:16:00,50.03,50.04,50.03,50.04,800.0
2018-01-05 10:17:00,50.05,50.06,50.03,50.04,2316.0
2018-01-05 10:18:00,49.99,50.05,49.99,50.05,3998.0
2018-01-05 10:19:00,50.0,50.015,49.98,50.0,5639.0
2018-01-05 10:21:00,50.03,50.04,50.01,50.01,4441.0
2018-01-05 10:22:00,50.03,50.03,50.03,50.03,100.0
2018-01-05 10:23:00,50.04,50.06,50.04,50.04,2969.0
2018-01-05 10:24:00,50.07,50.07,50.03,50.06,800.0
2018-01-05 10:25:00,50.07,50.07,50.05,50.06,2470.0
2018-01-05 10:26:00,50.05,50.07,50.05,50.07,597.0
2018-01-05 10:27:00,50.045,50.06,50.045,50.05,600.0
2018-01-05 10:28:00,50.03,50.05,50.03,50.05,1187.0
2018-01-05 10:29:00,50.03,50.03,50.02,50.02,1000.0
2018-01-05 10:30:00,50.02,50.035,50.02,50.03,1992.0
2018-01-05 10:31:00,50.07,50.07,50.01,50.01,4705.0
2018-01-05 10:32:00,50.03,50.06,50.03,50.06,2250.0
2018-01-05 10:33:00,50.04,50.04,50.04,50.04,200.0
2018-01-05 10:34:00,50.05,50.05,50.05,50.05,1022.0
2018-01-05 10:35:00,50.04,50.06,50.03,50.03,2775.0
2018-01-05 10:36:00,50.04,50.04,50.04,50.04,200.0
2018-01-05 10:38:00,50.03,50.045,50.03,50.04,2152.0
2018-01-05 10:39:00,50.05,50.05,50.04,50.04,2152.0
2018-01-05 10:40:00,50.05,50.05,50.05,50.05,300.0
2018-01-05 10:41:00,50.05,50.05,50.05,50.05,100.0
2018-01-05 10:42:00,50.1,50.1,50.06,50.06,6345.0
2018-01-05 10:43:00,50.09,50.12,50.08,50.095,4005.0
2018-01-05 10:44:00,50.0947,50.095,50.09,50.09,2234.0
2018-01-05 10:45:00,50.12,50.12,50.1,50.1,1716.0
2018-01-05 10:46:00,50.095,50.12,50.09,50.12,1141.0
2018-01-05 10:47:00,50.08,50.09,50.08,50.09,501.0
2018-01-05 10:49:00,50.06,50.065,50.05,50.06,2500.0
2018-01-05 10:50:00,50.05,50.08,50.05,50.06,7153.0
2018-01-05 10:51:00,50.038999999999994,50.04,50.03,50.04,810.0
2018-01-05 10:52:00,50.03,50.035,50.03,50.035,830.0
2018-01-05 10:53:00,50.05,50.05,50.035,50.04,2100.0
2018-01-05 10:54:00,50.055,50.055,50.055,50.055,100.0
2018-01-05 10:55:00,50.05,50.065,50.05,50.055,2640.0
2018-01-05 10:56:00,50.05,50.0501,50.05,50.05,400.0
2018-01-05 10:57:00,50.03,50.0599,50.03,50.0599,1798.0
2018-01-05 10:58:00,50.0507,50.0511,50.04,50.04,1316.0
2018-01-05 10:59:00,50.04,50.05,50.04,50.05,1188.0
2018-01-05 11:00:00,50.02,50.03,50.02,50.03,600.0
2018-01-05 11:01:00,50.0,50.015,50.0,50.015,1269.0
2018-01-05 11:02:00,50.02,50.02,50.005,50.01,3641.0
2018-01-05 11:03:00,50.02,50.02,50.02,50.02,203.0
2018-01-05 11:04:00,50.02,50.02,50.0101,50.0101,2749.0
2018-01-05 11:05:00,50.04,50.04,50.03,50.03,717.0
2018-01-05 11:06:00,50.0466,50.05,50.0466,50.05,2017.0
2018-01-05 11:07:00,50.045,50.0452,50.0418,50.0452,391.0
2018-01-05 11:08:00,50.035,50.04,50.035,50.04,1800.0
2018-01-05 11:09:00,50.06,50.06,50.035,50.035,2848.0
2018-01-05 11:10:00,50.06,50.07,50.05,50.07,2694.0
2018-01-05 11:11:00,50.065,50.065,50.055,50.055,2135.0
2018-01-05 11:12:00,50.0745,50.0745,50.06,50.06,1080.0
2018-01-05 11:13:00,50.08,50.08,50.07,50.08,600.0
2018-01-05 11:14:00,50.09,50.09,50.07,50.08,3730.0
2018-01-05 11:15:00,50.1,50.1,50.09,50.09,2600.0
2018-01-05 11:16:00,50.14,50.14,50.1,50.1,1901.0
2018-01-05 11:17:00,50.16,50.16,50.15,50.15,1878.0
2018-01-05 11:18:00,50.16,50.17,50.16,50.17,4534.0
2018-01-05 11:19:00,50.15,50.15,50.15,50.15,875.0
2018-01-05 11:20:00,50.14,50.15,50.14,50.15,1960.0
2018-01-05 11:21:00,50.145,50.17,50.135,50.14,4575.0
2018-01-05 11:22:00,50.13,50.16,50.13,50.15,2440.0
2018-01-05 11:23:00,50.1,50.12,50.08,50.12,2856.0
2018-01-05 11:25:00,50.11,50.11,50.09,50.09,5483.0
2018-01-05 11:27:00,50.1,50.13,50.1,50.12,4894.0
2018-01-05 11:28:00,50.1,50.1042,50.1,50.1042,310.0
2018-01-05 11:29:00,50.105,50.105,50.08,50.1,2547.0
2018-01-05 11:30:00,50.102,50.1023,50.1,50.1,700.0
2018-01-05 11:31:00,50.105,50.105,50.105,50.105,1000.0
2018-01-05 11:32:00,50.1,50.105,50.1,50.105,1400.0
2018-01-05 11:34:00,50.105,50.105,50.1,50.105,2318.0
2018-01-05 11:35:00,50.095,50.095,50.09,50.095,600.0
2018-01-05 11:36:00,50.08,50.09,50.07,50.09,2341.0
2018-01-05 11:37:00,50.06,50.08,50.06,50.08,700.0
2018-01-05 11:38:00,50.065,50.065,50.065,50.065,900.0
2018-01-05 11:39:00,50.07,50.07,50.06,50.06,500.0
2018-01-05 11:40:00,50.06,50.065,50.06,50.065,300.0
2018-01-05 11:41:00,50.0934,50.095,50.065,50.07,5065.0
2018-01-05 11:42:00,50.095,50.1,50.095,50.095,300.0
2018-01-05 11:43:00,50.09,50.0952,50.09,50.0952,1940.0
2018-01-05 11:45:00,50.075,50.09,50.07,50.09,5497.0
2018-01-05 11:46:00,50.11,50.13,50.07,50.075,9854.0
2018-01-05 11:47:00,50.1048,50.105,50.1048,50.105,1500.0
2018-01-05 11:48:00,50.1,50.105,50.1,50.105,300.0
2018-01-05 11:49:00,50.09,50.1,50.09,50.1,900.0
2018-01-05 11:50:00,50.08,50.09,50.08,50.09,300.0
2018-01-05 11:51:00,50.085,50.09,50.075,50.08,2894.0
2018-01-05 11:53:00,50.08,50.085,50.08,50.085,985.0
2018-01-05 11:54:00,50.075,50.075,50.07,50.07,400.0
2018-01-05 11:55:00,50.07,50.08,50.07,50.07,800.0
2018-01-05 11:56:00,50.0675,50.07,50.065,50.07,3017.0
2018-01-05 11:57:00,50.08,50.08,50.07,50.07,380.0
2018-01-05 11:58:00,50.075,50.075,50.075,50.075,115.0
2018-01-05 11:59:00,50.075,50.08,50.06,50.07,2600.0
2018-01-05 12:00:00,50.07,50.08,50.07,50.08,200.0
2018-01-05 12:02:00,50.075,50.08,50.07,50.075,4880.0
2018-01-05 12:03:00,50.08,50.0875,50.07,50.07,4470.0
2018-01-05 12:04:00,50.13,50.13,50.075,50.08,6136.0
2018-01-05 12:05:00,50.09,50.13,50.09,50.13,10983.0
2018-01-05 12:06:00,50.1,50.11,50.07,50.08,5881.0
2018-01-05 12:07:00,50.11,50.11,50.07,50.1,3256.0
2018-01-05 12:08:00,50.11,50.12,50.1,50.105,3458.0
2018-01-05 12:09:00,50.14,50.14,50.108999999999995,50.115,4000.0
2018-01-05 12:10:00,50.16,50.16,50.125,50.13,5493.0
2018-01-05 12:11:00,50.17,50.18,50.17,50.18,2797.0
2018-01-05 12:12:00,50.18,50.2,50.17,50.17,13766.0
2018-01-05 12:13:00,50.185,50.185,50.18,50.18,1800.0
2018-01-05 12:14:00,50.16,50.195,50.16,50.19,9033.0
2018-01-05 12:15:00,50.215,50.23,50.15,50.16,5795.0
2018-01-05 12:16:00,50.22,50.23,50.215,50.22,758.0
2018-01-05 12:17:00,50.18,50.21,50.18,50.21,3450.0
2018-01-05 12:18:00,50.17,50.18,50.15,50.18,4740.0
2018-01-05 12:19:00,50.17,50.2,50.16,50.16,10365.0
2018-01-05 12:20:00,50.2,50.21,50.18,50.18,2078.0
2018-01-05 12:21:00,50.21,50.21,50.18,50.205,1805.0
2018-01-05 12:22:00,50.2,50.2,50.2,50.2,2320.0
2018-01-05 12:23:00,50.2,50.2038,50.2,50.2,2615.0
2018-01-05 12:24:00,50.21,50.22,50.205,50.205,1800.0
2018-01-05 12:25:00,50.21,50.228,50.21,50.228,533.0
2018-01-05 12:26:00,50.195,50.2,50.195,50.2,1000.0
2018-01-05 12:27:00,50.21,50.21,50.195,50.195,2924.0
2018-01-05 12:28:00,50.22,50.22,50.22,50.22,800.0
2018-01-05 12:29:00,50.25,50.25,50.22,50.22,3379.0
2018-01-05 12:30:00,50.26,50.28,50.24,50.26,21040.0
2018-01-05 12:31:00,50.27,50.29,50.26,50.27,15179.0
2018-01-05 12:32:00,50.26,50.27,50.26,50.27,4131.0
2018-01-05 12:33:00,50.29,50.29,50.26,50.26,5100.0
2018-01-05 12:34:00,50.28,50.3,50.27,50.29,9372.0
2018-01-05 12:35:00,50.27,50.27,50.27,50.27,1300.0
2018-01-05 12:36:00,50.12,50.3,50.08,50.27,33651.0
2018-01-05 12:37:00,50.105,50.14,50.105,50.13,2046.0
2018-01-05 12:38:00,50.09,50.13,50.09,50.12,3647.0
2018-01-05 12:39:00,50.08,50.1002,50.08,50.09,2436.0
2018-01-05 12:40:00,50.08,50.1,50.08,50.09,1300.0
2018-01-05 12:41:00,50.06,50.08,50.06,50.08,2520.0
2018-01-05 12:42:00,50.04,50.07,50.04,50.06,1793.0
2018-01-05 12:43:00,50.07,50.07,50.03,50.04,2287.0
2018-01-05 12:44:00,50.04,50.065,50.04,50.065,1720.0
2018-01-05 12:45:00,50.045,50.045,50.045,50.045,200.0
2018-01-05 12:46:00,50.07,50.08,50.04,50.045,2976.0
2018-01-05 12:47:00,50.05,50.075,50.05,50.075,1204.0
2018-01-05 12:48:00,50.04,50.05,50.04,50.045,6950.0
2018-01-05 12:49:00,50.01,50.04,50.01,50.04,1771.0
2018-01-05 12:50:00,50.02,50.0225,50.01,50.02,2465.0
2018-01-05 12:51:00,50.03,50.03,50.01,50.01,300.0
2018-01-05 12:52:00,50.04,50.05,50.02,50.025,3940.0
2018-01-05 12:53:00,50.025,50.04,50.02,50.04,3004.0
2018-01-05 12:54:00,50.02,50.03,50.01,50.02,3596.0
2018-01-05 12:55:00,50.01,50.02,50.01,50.02,483.0
2018-01-05 12:56:00,49.99,50.0,49.99,50.0,697.0
2018-01-05 12:57:00,50.0,50.005,49.97,49.98,4013.0
2018-01-05 12:58:00,49.995,50.01,49.99,50.0,3356.0
2018-01-05 12:59:00,50.0,50.0,49.99,50.0,1700.0
2018-01-05 13:00:00,50.02,50.04,50.01,50.01,6295.0
2018-01-05 13:01:00,50.0,50.04,50.0,50.02,3798.0
2018-01-05 13:02:00,49.99,49.99,49.98,49.99,1100.0
2018-01-05 13:04:00,49.99,49.99,49.99,49.99,500.0
2018-01-05 13:05:00,49.99,49.995,49.99,49.99,909.0
2018-01-05 13:06:00,49.99,49.99,49.98,49.98,901.0
2018-01-05 13:09:00,49.995,49.995,49.995,49.995,1000.0
2018-01-05 13:10:00,49.995,49.995,49.995,49.995,300.0
2018-01-05 13:11:00,50.02,50.02,49.99,49.99,5439.0
2018-01-05 13:12:00,50.01,50.02,50.01,50.02,300.0
2018-01-05 13:13:00,50.0101,50.0136,50.0,50.0136,6133.0
2018-01-05 13:14:00,50.01,50.02,50.01,50.02,300.0
2018-01-05 13:15:00,50.02,50.02,50.01,50.01,670.0
2018-01-05 13:16:00,50.01,50.01,50.01,50.01,2430.0
2018-01-05 13:17:00,50.02,50.02,50.01,50.01,1000.0
2018-01-05 13:18:00,50.03,50.03,50.01,50.01,1700.0
2018-01-05 13:20:00,50.02,50.02,50.02,50.02,100.0
2018-01-05 13:21:00,50.03,50.03,50.0244,50.0244,570.0
2018-01-05 13:22:00,50.01,50.02,50.0,50.02,4544.0
2018-01-05 13:23:00,50.01,50.015,50.01,50.01,1301.0
2018-01-05 13:24:00,50.005,50.005,49.99,49.99,400.0
2018-01-05 13:25:00,50.0,50.02,50.0,50.01,2758.0
2018-01-05 13:26:00,49.995,49.995,49.995,49.995,208.0
2018-01-05 13:27:00,49.99,50.0,49.99,50.0,300.0
2018-01-05 13:28:00,50.0,50.0,49.99,49.99,805.0
2018-01-05 13:29:00,50.0,50.01,50.0,50.01,1098.0
2018-01-05 13:31:00,50.0,50.0,50.0,50.0,100.0
2018-01-05 13:32:00,50.0,50.0,50.0,50.0,100.0
2018-01-05 13:33:00,49.995,49.995,49.995,49.995,100.0
2018-01-05 13:34:00,50.01,50.01,49.99,49.99,1240.0
2018-01-05 13:35:00,50.005,50.005,50.0,50.0,9000.0
2018-01-05 13:36:00,50.005,50.01,50.0,50.005,2000.0
2018-01-05 13:37:00,50.005,50.01,50.0,50.01,2197.0
2018-01-05 13:38:00,49.98,50.0,49.98,50.0,3276.0
2018-01-05 13:39:00,49.98,49.98,49.98,49.98,100.0
2018-01-05 13:40:00,49.99,50.0,49.985,49.99,3903.0
2018-01-05 13:42:00,50.0,50.0,49.99,49.99,700.0
2018-01-05 13:43:00,49.99,49.99,49.99,49.99,800.0
2018-01-05 13:44:00,49.99,49.99,49.98,49.99,700.0
2018-01-05 13:45:00,49.995,49.995,49.99,49.99,500.0
2018-01-05 13:46:00,49.99,50.0,49.99,49.99,4604.0
2018-01-05 13:48:00,49.985,49.995,49.985,49.99,1100.0
2018-01-05 13:49:00,49.98,49.99,49.97,49.99,2766.0
2018-01-05 13:50:00,49.97,49.97,49.97,49.97,600.0
2018-01-05 13:51:00,49.96,49.96,49.96,49.96,100.0
2018-01-05 13:52:00,49.97,49.97,49.96,49.96,200.0
2018-01-05 13:53:00,49.96,49.97,49.95,49.97,4374.0
2018-01-05 13:54:00,49.955,49.96,49.95,49.95,1315.0
2018-01-05 13:55:00,49.96,49.96,49.95,49.95,338.0
2018-01-05 13:56:00,49.96,49.96,49.96,49.96,200.0
2018-01-05 13:57:00,49.96,49.97,49.96,49.965,1700.0
2018-01-05 13:58:00,49.965,49.965,49.96,49.96,500.0
2018-01-05 13:59:00,49.945,49.96,49.945,49.96,1704.0
2018-01-05 14:00:00,49.94,49.945,49.94,49.94,1197.0
2018-01-05 14:01:00,49.93,49.93,49.92,49.93,300.0
2018-01-05 14:02:00,49.935,49.935,49.92,49.93,700.0
2018-01-05 14:03:00,49.93,49.935,49.93,49.935,400.0
2018-01-05 14:04:00,49.925,49.93,49.92,49.93,1095.0
2018-01-05 14:05:00,49.9101,49.925,49.91,49.925,2606.0
2018-01-05 14:06:00,49.915,49.915,49.91,49.91,2500.0
2018-01-05 14:07:00,49.93,49.93,49.91,49.91,4750.0
2018-01-05 14:08:00,49.935,49.935,49.93,49.93,500.0
2018-01-05 14:09:00,49.93,49.93,49.925,49.93,2376.0
2018-01-05 14:10:00,49.94,49.94,49.9341,49.935,4084.0
2018-01-05 14:11:00,49.96,49.96,49.945,49.945,2331.0
2018-01-05 14:12:00,49.93,49.97,49.93,49.97,5928.0
2018-01-05 14:13:00,49.935,49.94,49.93,49.93,1092.0
2018-01-05 14:14:00,49.925,49.94,49.92,49.935,3603.0
2018-01-05 14:15:00,49.935,49.935,49.925,49.925,651.0
2018-01-05 14:16:00,49.94,49.945,49.935,49.935,1447.0
2018-01-05 14:17:00,49.95,49.95,49.945,49.945,300.0
2018-01-05 14:18:00,49.955,49.955,49.9549,49.955,700.0
2018-01-05 14:19:00,49.97,49.97,49.96,49.96,1300.0
2018-01-05 14:20:00,49.96,49.9701,49.96,49.9701,18535.0
2018-01-05 14:21:00,49.955,49.96,49.95,49.95,2461.0
2018-01-05 14:22:00,49.95,49.95,49.945,49.95,1055.0
2018-01-05 14:23:00,49.94,49.945,49.94,49.945,557.0
2018-01-05 14:24:00,49.95,49.95,49.95,49.95,200.0
2018-01-05 14:25:00,49.96,49.96,49.945,49.95,3324.0
2018-01-05 14:28:00,49.99,49.99,49.965,49.97,3198.0
2018-01-05 14:30:00,49.98,49.98,49.98,49.98,551.0
2018-01-05 14:31:00,49.98,49.99,49.98,49.99,1722.0
2018-01-05 14:32:00,49.98,49.98,49.98,49.98,1211.0
2018-01-05 14:33:00,49.9899,49.9899,49.97,49.98,1927.0
2018-01-05 14:34:00,49.97,49.98,49.97,49.98,3154.0
2018-01-05 14:35:00,49.97,49.97,49.9607,49.9607,2397.0
2018-01-05 14:37:00,49.975,49.975,49.955,49.975,14175.0
2018-01-05 14:38:00,49.975,49.975,49.97,49.975,500.0
2018-01-05 14:39:00,49.965,49.9756,49.96,49.9756,1413.0
2018-01-05 14:40:00,49.975,49.975,49.96,49.96,1200.0
2018-01-05 14:41:00,50.0,50.02,49.975,49.975,8849.0
2018-01-05 14:42:00,49.99,49.99,49.99,49.99,418.0
2018-01-05 14:43:00,49.995,50.0,49.995,49.995,400.0
2018-01-05 14:44:00,49.99,50.0,49.98,49.995,1452.0
2018-01-05 14:45:00,49.995,49.995,49.99,49.99,400.0
2018-01-05 14:46:00,50.0,50.0,49.995,50.0,1400.0
2018-01-05 14:47:00,50.005,50.005,50.0,50.005,1372.0
2018-01-05 14:49:00,49.99,50.0,49.99,50.0,2289.0
2018-01-05 14:50:00,49.995,49.995,49.98,49.99,7650.0
2018-01-05 14:51:00,49.995,49.995,49.995,49.995,200.0
2018-01-05 14:52:00,49.995,49.995,49.99,49.99,700.0
2018-01-05 14:53:00,50.01,50.01,49.99,49.995,3005.0
2018-01-05 14:54:00,50.005,50.01,50.0,50.0,400.0
2018-01-05 14:55:00,50.005,50.005,50.005,50.005,780.0
2018-01-05 14:56:00,49.995,50.0,49.985,50.0,5450.0
2018-01-05 14:57:00,49.995,49.995,49.995,49.995,400.0
2018-01-05 14:58:00,49.985,50.005,49.985,50.0,6250.0
2018-01-05 14:59:00,49.985,49.985,49.985,49.985,200.0
2018-01-05 15:00:00,49.99,49.99,49.985,49.99,800.0
2018-01-05 15:01:00,49.975,49.985,49.975,49.98,9452.0
2018-01-05 15:02:00,49.96,49.975,49.96,49.975,5307.0
2018-01-05 15:03:00,49.965,49.965,49.965,49.965,100.0
2018-01-05 15:04:00,49.965,49.97,49.96,49.96,300.0
2018-01-05 15:05:00,49.96,49.965,49.955,49.965,4227.0
2018-01-05 15:06:00,49.975,49.975,49.965,49.97,2574.0
2018-01-05 15:07:00,50.0,50.0,49.97,49.975,1804.0
2018-01-05 15:08:00,49.99,50.005,49.99,50.0,4100.0
2018-01-05 15:09:00,49.98,49.985,49.98,49.985,341.0
2018-01-05 15:10:00,49.98,49.98,49.9749,49.98,2000.0
2018-01-05 15:11:00,49.98,49.98,49.975,49.975,1615.0
2018-01-05 15:12:00,49.995,49.995,49.9722,49.98,2770.0
2018-01-05 15:13:00,49.99,49.998999999999995,49.99,49.998999999999995,625.0
2018-01-05 15:14:00,49.995,49.995,49.99,49.99,300.0
2018-01-05 15:15:00,49.995,50.0,49.99,49.995,900.0
2018-01-05 15:16:00,50.005,50.005,49.99,49.99,6370.0
2018-01-05 15:17:00,50.0066,50.0066,50.0,50.005,610.0
2018-01-05 15:18:00,50.005,50.005,50.0015,50.005,462.0
2018-01-05 15:19:00,50.005,50.005,50.0,50.005,4428.0
2018-01-05 15:20:00,49.995,50.005,49.99,50.0,2278.0
2018-01-05 15:21:00,49.995,50.0,49.99,49.99,1100.0
2018-01-05 15:22:00,49.99,49.995,49.99,49.99,300.0
2018-01-05 15:23:00,49.995,49.995,49.99,49.995,1100.0
2018-01-05 15:24:00,49.995,50.0,49.99,49.995,1321.0
2018-01-05 15:25:00,50.025,50.025,49.99,50.0,9998.0
2018-01-05 15:26:00,50.005,50.025,50.0,50.025,18015.0
2018-01-05 15:27:00,50.01,50.01,50.0,50.01,1953.0
2018-01-05 15:28:00,50.01,50.01,50.0,50.0,1000.0
2018-01-05 15:29:00,50.005,50.01,50.005,50.005,300.0
2018-01-05 15:30:00,50.005,50.005,50.005,50.005,200.0
2018-01-05 15:31:00,50.0,50.01,49.99,50.01,5771.0
2018-01-05 15:32:00,49.995,50.0,49.99,49.995,2000.0
2018-01-05 15:33:00,49.99,49.995,49.99,49.99,2300.0
2018-01-05 15:34:00,49.995,49.995,49.99,49.995,1164.0
2018-01-05 15:35:00,49.99,50.0,49.99,49.995,900.0
2018-01-05 15:36:00,50.01,50.01,49.99,49.99,6655.0
2018-01-05 15:37:00,50.005,50.01,50.0,50.01,1367.0
2018-01-05 15:38:00,50.01,50.01,50.0048,50.005,450.0
2018-01-05 15:39:00,49.99,50.005,49.99,50.005,5460.0
2018-01-05 15:40:00,50.0,50.0,49.99,49.99,3600.0
2018-01-05 15:41:00,50.015,50.015,50.005,50.01,3772.0
2018-01-05 15:42:00,50.015,50.02,50.015,50.02,7025.0
2018-01-05 15:43:00,50.02,50.02,50.015,50.015,700.0
2018-01-05 15:44:00,50.015,50.02,50.01,50.01,3364.0
2018-01-05 15:45:00,50.02,50.03,50.01,50.015,8845.0
2018-01-05 15:46:00,50.08,50.085,50.04,50.04,6535.0
2018-01-05 15:47:00,50.085,50.1,50.08,50.085,6471.0
2018-01-05 15:48:00,50.1,50.11,50.08,50.09,8801.0
2018-01-05 15:49:00,50.14,50.14,50.1,50.11,4073.0
2018-01-05 15:50:00,50.15,50.16,50.14,50.14,7049.0
2018-01-05 15:51:00,50.13,50.14,50.13,50.14,3393.0
2018-01-05 15:52:00,50.1101,50.12,50.11,50.12,3058.0
2018-01-05 15:53:00,50.12,50.12,50.11,50.117,1695.0
2018-01-05 15:54:00,50.08,50.11,50.07,50.11,17997.0
2018-01-05 15:55:00,50.075,50.085,50.075,50.08,7938.0
2018-01-05 15:56:00,50.075,50.08,50.07,50.07,5131.0
2018-01-05 15:57:00,50.08,50.08,50.06,50.07,10421.0
2018-01-05 15:58:00,50.085,50.095,50.08,50.08,9112.0
2018-01-05 15:59:00,50.08,50.1,50.08,50.08,8888.0
2018-01-05 16:00:00,50.14,50.14,50.07,50.09,23341.0
2018-01-08 09:30:00,50.11,50.11,50.05,50.05,11184.0
2018-01-08 09:31:00,50.13,50.155,50.05,50.155,300.0
2018-01-08 09:32:00,50.16,50.16,50.13,50.13,900.0
2018-01-08 09:33:00,50.2,50.22,50.16,50.16,1200.0
2018-01-08 09:34:00,50.25,50.25,50.16,50.18,2601.0
2018-01-08 09:35:00,50.46,50.46,50.25,50.26,18014.0
2018-01-08 09:36:00,50.39,50.5,50.39,50.45,5588.0
2018-01-08 09:37:00,50.35,50.37,50.35,50.37,200.0
2018-01-08 09:38:00,50.39,50.39,50.37,50.37,700.0
2018-01-08 09:39:00,50.44,50.44,50.38,50.39,5701.0
2018-01-08 09:40:00,50.42,50.46,50.4,50.46,2500.0
2018-01-08 09:41:00,50.45,50.5,50.44,50.44,3005.0
2018-01-08 09:42:00,50.49,50.49,50.49,50.49,200.0
2018-01-08 09:43:00,50.5,50.5,50.47,50.48,1100.0
2018-01-08 09:44:00,50.55,50.56,50.49,50.5,1700.0
2018-01-08 09:45:00,50.4571,50.57,50.45,50.52,3200.0
2018-01-08 09:46:00,50.455,50.47,50.44,50.47,500.0
2018-01-08 09:47:00,50.48,50.49,50.455,50.455,1439.0
2018-01-08 09:48:00,50.53,50.57,50.51,50.51,2267.0
2018-01-08 09:49:00,50.54,50.54,50.51,50.52,1850.0
2018-01-08 09:50:00,50.53,50.55,50.51,50.52,700.0
2018-01-08 09:51:00,50.55,50.55,50.52,50.52,812.0
2018-01-08 09:52:00,50.56,50.57,50.55,50.55,2700.0
2018-01-08 09:53:00,50.62,50.62,50.56,50.56,3102.0
2018-01-08 09:54:00,50.56,50.61,50.56,50.61,2967.0
2018-01-08 09:55:00,50.58,50.58,50.55,50.55,2360.0
2018-01-08 09:56:00,50.565,50.565,50.565,50.565,800.0
2018-01-08 09:57:00,50.56,50.58,50.52,50.55,3417.0
2018-01-08 09:58:00,50.72,50.72,50.56,50.56,6144.0
2018-01-08 09:59:00,50.69,50.7,50.63,50.68,6343.0
2018-01-08 10:00:00,50.71,50.76,50.68,50.69,3626.0
2018-01-08 10:01:00,50.72,50.72,50.7,50.71,3973.0
2018-01-08 10:02:00,50.73,50.73,50.68,50.7,5326.0
2018-01-08 10:03:00,50.76,50.76,50.72,50.74,2600.0
2018-01-08 10:04:00,50.7,50.75,50.7,50.75,3141.0
2018-01-08 10:05:00,50.68,50.71,50.68,50.71,1663.0
2018-01-08 10:06:00,50.68,50.7,50.67,50.7,1916.0
2018-01-08 10:07:00,50.6929,50.71,50.68,50.69,2692.0
2018-01-08 10:08:00,50.67,50.7,50.67,50.7,2900.0
2018-01-08 10:09:00,50.68,50.6801,50.68,50.6801,1040.0
2018-01-08 10:10:00,50.68,50.69,50.66,50.68,4460.0
2018-01-08 10:11:00,50.66,50.675,50.66,50.675,2187.0
2018-01-08 10:12:00,50.66,50.67,50.66,50.67,610.0
2018-01-08 10:13:00,50.65,50.65,50.65,50.65,100.0
2018-01-08 10:14:00,50.63,50.65,50.62,50.65,1794.0
2018-01-08 10:15:00,50.63,50.66,50.59,50.605,5141.0
2018-01-08 10:16:00,50.625,50.65,50.62,50.65,1718.0
2018-01-08 10:17:00,50.62,50.635,50.62,50.63,3071.0
2018-01-08 10:18:00,50.62,50.62,50.62,50.62,300.0
2018-01-08 10:19:00,50.65,50.65,50.63,50.64,622.0
2018-01-08 10:20:00,50.57,50.631,50.57,50.6301,2625.0
2018-01-08 10:21:00,50.57,50.57,50.57,50.57,200.0
2018-01-08 10:22:00,50.56,50.56,50.56,50.56,100.0
2018-01-08 10:23:00,50.5825,50.585,50.55,50.58,3064.0
2018-01-08 10:24:00,50.56,50.58,50.555,50.555,1734.0
2018-01-08 10:25:00,50.58,50.58,50.57,50.57,1440.0
2018-01-08 10:26:00,50.56,50.575,50.53,50.575,4159.0
2018-01-08 10:27:00,50.53,50.54,50.53,50.54,1280.0
2018-01-08 10:28:00,50.555,50.56,50.53,50.54,3972.0
2018-01-08 10:29:00,50.53,50.57,50.53,50.55,3552.0
2018-01-08 10:30:00,50.55,50.55,50.54,50.55,800.0
2018-01-08 10:31:00,50.56,50.56,50.55,50.56,1597.0
2018-01-08 10:32:00,50.55,50.59,50.55,50.57,2548.0
2018-01-08 10:33:00,50.53,50.555,50.53,50.555,1750.0
2018-01-08 10:34:00,50.52,50.55,50.52,50.54,2219.0
2018-01-08 10:35:00,50.52,50.5201,50.49,50.5201,2449.0
2018-01-08 10:36:00,50.51,50.53,50.48,50.52,3857.0
2018-01-08 10:37:00,50.52,50.53,50.51,50.53,2283.0
2018-01-08 10:38:00,50.49,50.53,50.48,50.53,14867.0
2018-01-08 10:39:00,50.43,50.49,50.43,50.48,16619.0
2018-01-08 10:40:00,50.49,50.49,50.45,50.45,8971.0
2018-01-08 10:41:00,50.46,50.49,50.44,50.48,5872.0
2018-01-08 10:42:00,50.38,50.44,50.38,50.44,1900.0
2018-01-08 10:44:00,50.42,50.42,50.37,50.37,4416.0
2018-01-08 10:45:00,50.46,50.46,50.44,50.44,400.0
2018-01-08 10:46:00,50.5,50.5,50.46,50.46,1000.0
2018-01-08 10:47:00,50.51,50.51,50.48,50.48,500.0
2018-01-08 10:48:00,50.51,50.51,50.48,50.51,400.0
2018-01-08 10:49:00,50.44,50.48,50.44,50.48,5239.0
2018-01-08 10:50:00,50.44,50.47,50.44,50.45,2600.0
2018-01-08 10:51:00,50.43,50.4525,50.415,50.45,6048.0
2018-01-08 10:52:00,50.42,50.46,50.39,50.43,11783.0
2018-01-08 10:53:00,50.46,50.46,50.42,50.44,2860.0
2018-01-08 10:54:00,50.43,50.44,50.42,50.44,1500.0
2018-01-08 10:55:00,50.41,50.43,50.41,50.43,1393.0
2018-01-08 10:56:00,50.44,50.44,50.41,50.42,1385.0
2018-01-08 10:57:00,50.48,50.48,50.42,50.45,2095.0
2018-01-08 10:59:00,50.41,50.47,50.41,50.44,3344.0
2018-01-08 11:00:00,50.41,50.41,50.41,50.41,700.0
2018-01-08 11:01:00,50.39,50.41,50.38,50.41,4643.0
2018-01-08 11:02:00,50.4,50.44,50.38,50.4,6614.0
2018-01-08 11:03:00,50.42,50.42,50.38,50.38,1600.0
2018-01-08 11:04:00,50.38,50.448,50.38,50.43,6632.0
2018-01-08 11:05:00,50.4,50.4293,50.4,50.42,3400.0
2018-01-08 11:06:00,50.44,50.44,50.39,50.4,6036.0
2018-01-08 11:07:00,50.46,50.46,50.43,50.45,1135.0
2018-01-08 11:08:00,50.45,50.46,50.44,50.44,1313.0
2018-01-08 11:09:00,50.46,50.47,50.46,50.47,400.0
2018-01-08 11:10:00,50.45,50.48,50.45,50.47,2850.0
2018-01-08 11:11:00,50.47,50.49,50.47,50.47,1521.0
2018-01-08 11:12:00,50.48,50.49,50.47,50.489,2250.0
2018-01-08 11:13:00,50.47,50.48,50.47,50.48,1010.0
2018-01-08 11:14:00,50.47,50.49,50.47,50.49,600.0
2018-01-08 11:15:00,50.49,50.49,50.47,50.47,500.0
2018-01-08 11:16:00,50.47,50.48,50.46,50.48,1805.0
2018-01-08 11:17:00,50.43,50.47,50.43,50.47,1400.0
2018-01-08 11:18:00,50.45,50.45,50.45,50.45,300.0
2018-01-08 11:19:00,50.47,50.47,50.43,50.45,1319.0
2018-01-08 11:20:00,50.47,50.47,50.47,50.47,200.0
2018-01-08 11:21:00,50.46,50.47,50.46,50.47,632.0
2018-01-08 11:22:00,50.46,50.47,50.46,50.47,400.0
2018-01-08 11:23:00,50.46,50.46,50.46,50.46,500.0
2018-01-08 11:24:00,50.44,50.465,50.44,50.46,1823.0
2018-01-08 11:25:00,50.45,50.46,50.44,50.44,700.0
2018-01-08 11:26:00,50.43,50.46,50.43,50.46,3300.0
2018-01-08 11:27:00,50.48,50.48,50.43,50.43,4671.0
2018-01-08 11:28:00,50.48,50.48,50.47,50.47,1800.0
2018-01-08 11:29:00,50.48,50.48,50.46,50.47,824.0
2018-01-08 11:30:00,50.46,50.46,50.46,50.46,100.0
2018-01-08 11:33:00,50.49,50.49,50.47,50.48,3312.0
2018-01-08 11:34:00,50.49,50.49,50.47,50.47,400.0
2018-01-08 11:35:00,50.47,50.47,50.47,50.47,300.0
2018-01-08 11:36:00,50.47,50.49,50.47,50.49,200.0
2018-01-08 11:37:00,50.47,50.47,50.46,50.47,1185.0
2018-01-08 11:39:00,50.45,50.46,50.45,50.45,700.0
2018-01-08 11:40:00,50.47,50.47,50.46,50.46,1860.0
2018-01-08 11:41:00,50.46,50.46,50.46,50.46,200.0
2018-01-08 11:42:00,50.45,50.45,50.45,50.45,200.0
2018-01-08 11:43:00,50.46,50.47,50.46,50.47,1200.0
2018-01-08 11:44:00,50.47,50.47,50.47,50.47,100.0
2018-01-08 11:45:00,50.46,50.46,50.46,50.46,100.0
2018-01-08 11:46:00,50.47,50.47,50.47,50.47,100.0
2018-01-08 11:47:00,50.4,50.46,50.4,50.46,3855.0
2018-01-08 11:48:00,50.4205,50.425,50.4,50.4079,2498.0
2018-01-08 11:49:00,50.39,50.41,50.39,50.41,2203.0
2018-01-08 11:50:00,50.39,50.4,50.39,50.4,300.0
2018-01-08 11:51:00,50.38,50.4,50.37,50.4,1201.0
2018-01-08 11:52:00,50.36,50.37,50.36,50.37,200.0
2018-01-08 11:53:00,50.35,50.3748,50.35,50.3748,400.0
2018-01-08 11:54:00,50.36,50.365,50.35,50.35,550.0
2018-01-08 11:55:00,50.37,50.38,50.36,50.36,2065.0
2018-01-08 11:56:00,50.38,50.4,50.38,50.4,696.0
2018-01-08 11:57:00,50.38,50.39,50.38,50.39,700.0
2018-01-08 11:58:00,50.36,50.38,50.36,50.38,4700.0
2018-01-08 11:59:00,50.39,50.39,50.36,50.38,600.0
2018-01-08 12:00:00,50.37,50.39,50.36,50.3899,1969.0
2018-01-08 12:01:00,50.37,50.3753,50.37,50.3753,213.0
2018-01-08 12:04:00,50.46,50.46,50.39,50.39,5119.0
2018-01-08 12:05:00,50.44,50.45,50.44,50.45,400.0
2018-01-08 12:06:00,50.44,50.445,50.43,50.445,1505.0
2018-01-08 12:07:00,50.43,50.44,50.42,50.44,1792.0
2018-01-08 12:10:00,50.42,50.43,50.41,50.43,779.0
2018-01-08 12:13:00,50.41,50.42,50.41,50.42,500.0
2018-01-08 12:14:00,50.37,50.41,50.37,50.41,1175.0
2018-01-08 12:15:00,50.39,50.39,50.39,50.39,1000.0
2018-01-08 12:16:00,50.41,50.41,50.4,50.4,1500.0
2018-01-08 12:18:00,50.4,50.405,50.4,50.4,1175.0
2018-01-08 12:19:00,50.44,50.44,50.41,50.41,2350.0
2018-01-08 12:20:00,50.4356,50.4356,50.43,50.4351,467.0
2018-01-08 12:21:00,50.45,50.45,50.42,50.43,2280.0
2018-01-08 12:22:00,50.4452,50.4452,50.445,50.445,214.0
2018-01-08 12:25:00,50.47,50.47,50.44,50.44,1800.0
2018-01-08 12:26:00,50.43,50.47,50.43,50.45,2487.0
2018-01-08 12:27:00,50.44,50.44,50.44,50.44,100.0
2018-01-08 12:28:00,50.45,50.45,50.44,50.44,400.0
2018-01-08 12:29:00,50.45,50.46,50.43,50.45,1219.0
2018-01-08 12:30:00,50.46,50.46,50.46,50.46,1322.0
2018-01-08 12:31:00,50.44,50.46,50.44,50.46,1429.0
2018-01-08 12:32:00,50.45,50.46,50.45,50.45,531.0
2018-01-08 12:33:00,50.45,50.45,50.45,50.45,300.0
2018-01-08 12:35:00,50.43,50.455,50.43,50.455,1809.0
2018-01-08 12:36:00,50.42,50.4333,50.42,50.4333,2049.0
2018-01-08 12:37:00,50.4157,50.42,50.4157,50.42,497.0
2018-01-08 12:38:00,50.42,50.42,50.42,50.42,520.0
2018-01-08 12:39:00,50.42,50.43,50.42,50.43,200.0
2018-01-08 12:41:00,50.43,50.44,50.42,50.44,3099.0
2018-01-08 12:42:00,50.43,50.43,50.43,50.43,100.0
2018-01-08 12:43:00,50.42,50.44,50.42,50.44,900.0
2018-01-08 12:45:00,50.43,50.435,50.42,50.435,1529.0
2018-01-08 12:46:00,50.42,50.42,50.42,50.42,200.0
2018-01-08 12:48:00,50.43,50.43,50.42,50.42,300.0
2018-01-08 12:49:00,50.42,50.42,50.42,50.42,100.0
2018-01-08 12:50:00,50.42,50.42,50.42,50.42,200.0
2018-01-08 12:51:00,50.44,50.44,50.44,50.44,1202.0
2018-01-08 12:52:00,50.43,50.445,50.43,50.44,2627.0
2018-01-08 12:54:00,50.44,50.44,50.43,50.43,923.0
2018-01-08 12:56:00,50.44,50.45,50.43,50.44,2600.0
2018-01-08 12:57:00,50.47,50.47,50.44,50.44,2600.0
2018-01-08 12:58:00,50.46,50.47,50.46,50.47,1500.0
2018-01-08 12:59:00,50.45,50.46,50.45,50.46,1996.0
2018-01-08 13:00:00,50.45,50.47,50.45,50.47,400.0
2018-01-08 13:01:00,50.47,50.47,50.47,50.47,100.0
2018-01-08 13:02:00,50.47,50.48,50.47,50.48,1553.0
2018-01-08 13:03:00,50.46,50.48,50.46,50.47,1455.0
2018-01-08 13:05:00,50.46,50.4701,50.46,50.4701,671.0
2018-01-08 13:06:00,50.46,50.47,50.46,50.47,300.0
2018-01-08 13:07:00,50.46,50.46,50.46,50.46,100.0
2018-01-08 13:08:00,50.4634,50.47,50.46,50.46,665.0
2018-01-08 13:09:00,50.46,50.46,50.43,50.46,5224.0
2018-01-08 13:10:00,50.47,50.47,50.47,50.47,300.0
2018-01-08 13:11:00,50.44,50.47,50.43,50.47,2700.0
2018-01-08 13:12:00,50.47,50.47,50.45,50.45,800.0
2018-01-08 13:13:00,50.47,50.47,50.47,50.47,400.0
2018-01-08 13:14:00,50.46,50.47,50.46,50.47,1040.0
2018-01-08 13:15:00,50.46,50.46,50.46,50.46,100.0
2018-01-08 13:16:00,50.46,50.46,50.46,50.46,100.0
2018-01-08 13:17:00,50.46,50.46,50.46,50.46,424.0
2018-01-08 13:18:00,50.4714,50.4714,50.46,50.46,1431.0
2018-01-08 13:19:00,50.48,50.49,50.48,50.48,1280.0
2018-01-08 13:21:00,50.49,50.51,50.48,50.49,4125.0
2018-01-08 13:23:00,50.48,50.5,50.48,50.5,1563.0
2018-01-08 13:24:00,50.49,50.49,50.49,50.49,100.0
2018-01-08 13:25:00,50.49,50.49,50.49,50.49,300.0
2018-01-08 13:27:00,50.49,50.49,50.48,50.48,400.0
2018-01-08 13:28:00,50.48,50.48,50.48,50.48,300.0
2018-01-08 13:29:00,50.49,50.49,50.48,50.48,800.0
2018-01-08 13:30:00,50.495,50.495,50.49,50.49,400.0
2018-01-08 13:31:00,50.5,50.5,50.495,50.495,500.0
2018-01-08 13:32:00,50.49,50.505,50.49,50.505,2410.0
2018-01-08 13:33:00,50.5,50.5,50.49,50.49,1100.0
2018-01-08 13:34:00,50.48,50.49,50.48,50.49,1569.0
2018-01-08 13:35:00,50.48,50.485,50.47,50.48,1212.0
2018-01-08 13:36:00,50.48,50.49,50.47,50.47,1022.0
2018-01-08 13:37:00,50.48,50.48,50.48,50.48,200.0
2018-01-08 13:38:00,50.51,50.51,50.48,50.48,3762.0
2018-01-08 13:39:00,50.525,50.525,50.49,50.5,1850.0
2018-01-08 13:40:00,50.51,50.52,50.51,50.52,605.0
2018-01-08 13:41:00,50.5,50.51,50.5,50.506,1800.0
2018-01-08 13:44:00,50.5,50.51,50.5,50.51,400.0
2018-01-08 13:45:00,50.5,50.515,50.5,50.51,1495.0
2018-01-08 13:46:00,50.5168,50.52,50.5,50.5,1435.0
2018-01-08 13:47:00,50.52,50.52,50.52,50.52,100.0
2018-01-08 13:48:00,50.51,50.53,50.51,50.5225,2159.0
2018-01-08 13:49:00,50.51,50.51,50.51,50.51,400.0
2018-01-08 13:50:00,50.5,50.52,50.5,50.5,450.0
2018-01-08 13:51:00,50.5,50.51,50.5,50.5,535.0
2018-01-08 13:53:00,50.515,50.525,50.51,50.51,2898.0
2018-01-08 13:54:00,50.515,50.515,50.51,50.51,250.0
2018-01-08 13:55:00,50.515,50.515,50.51,50.51,200.0
2018-01-08 13:56:00,50.5,50.51,50.49,50.51,1191.0
2018-01-08 13:57:00,50.49,50.49,50.49,50.49,700.0
2018-01-08 13:58:00,50.485,50.49,50.485,50.49,2600.0
2018-01-08 13:59:00,50.49,50.5,50.49,50.49,1784.0
2018-01-08 14:00:00,50.5,50.5025,50.49,50.5,1172.0
2018-01-08 14:01:00,50.49,50.5,50.49,50.5,700.0
2018-01-08 14:02:00,50.49,50.50899999999999,50.49,50.50899999999999,217.0
2018-01-08 14:04:00,50.49,50.5037,50.49,50.5037,583.0
2018-01-08 14:06:00,50.49,50.495,50.49,50.495,300.0
2018-01-08 14:07:00,50.49,50.49,50.49,50.49,211.0
2018-01-08 14:08:00,50.495,50.495,50.495,50.495,100.0
2018-01-08 14:09:00,50.52,50.52,50.495,50.495,2207.0
2018-01-08 14:10:00,50.51,50.516999999999996,50.51,50.51,1110.0
2018-01-08 14:11:00,50.515,50.515,50.51,50.513000000000005,991.0
2018-01-08 14:12:00,50.5101,50.515,50.5,50.515,6325.0
2018-01-08 14:13:00,50.51,50.515,50.51,50.51,2115.0
2018-01-08 14:14:00,50.51,50.5103,50.51,50.51,500.0
2018-01-08 14:15:00,50.54,50.5439,50.515,50.52,7736.0
2018-01-08 14:16:00,50.53,50.55,50.53,50.54,1419.0
2018-01-08 14:17:00,50.53,50.5325,50.53,50.5325,300.0
2018-01-08 14:19:00,50.53,50.535,50.53,50.5334,1100.0
2018-01-08 14:20:00,50.5342,50.5342,50.53,50.53,275.0
2018-01-08 14:21:00,50.53,50.53,50.53,50.53,100.0
2018-01-08 14:22:00,50.53,50.53,50.53,50.53,1349.0
2018-01-08 14:23:00,50.5425,50.545,50.54,50.54,1563.0
2018-01-08 14:24:00,50.55,50.55,50.54,50.54,200.0
2018-01-08 14:25:00,50.54,50.54,50.54,50.54,200.0
2018-01-08 14:26:00,50.535,50.545,50.53,50.54,2300.0
2018-01-08 14:27:00,50.53,50.53,50.53,50.53,200.0
2018-01-08 14:28:00,50.53,50.53,50.53,50.53,222.0
2018-01-08 14:30:00,50.52,50.53,50.52,50.53,200.0
2018-01-08 14:31:00,50.51,50.525,50.51,50.525,2040.0
2018-01-08 14:32:00,50.5199,50.5199,50.51,50.51,312.0
2018-01-08 14:33:00,50.53,50.53,50.52,50.52,1694.0
2018-01-08 14:34:00,50.515,50.535,50.51,50.535,3353.0
2018-01-08 14:35:00,50.51,50.51,50.51,50.51,100.0
2018-01-08 14:36:00,50.5,50.505,50.5,50.5,300.0
2018-01-08 14:37:00,50.5,50.5,50.5,50.5,200.0
2018-01-08 14:38:00,50.51,50.52,50.51,50.51,2511.0
2018-01-08 14:39:00,50.51,50.53,50.5,50.515,4550.0
2018-01-08 14:40:00,50.5,50.5,50.5,50.5,200.0
2018-01-08 14:41:00,50.5,50.504,50.5,50.5,1629.0
2018-01-08 14:42:00,50.5,50.5,50.5,50.5,664.0
2018-01-08 14:43:00,50.5,50.505,50.5,50.505,200.0
2018-01-08 14:44:00,50.5,50.505,50.5,50.505,1967.0
2018-01-08 14:45:00,50.51,50.515,50.51,50.51,1733.0
2018-01-08 14:46:00,50.51,50.515,50.51,50.515,600.0
2018-01-08 14:47:00,50.485,50.51,50.485,50.51,6143.0
2018-01-08 14:48:00,50.49,50.49,50.48,50.49,2240.0
2018-01-08 14:49:00,50.495,50.495,50.49,50.495,400.0
2018-01-08 14:50:00,50.51,50.51,50.495,50.495,1600.0
2018-01-08 14:51:00,50.5,50.515,50.5,50.515,4257.0
2018-01-08 14:52:00,50.5028,50.5028,50.5,50.5,250.0
2018-01-08 14:53:00,50.53,50.53,50.51,50.52,1246.0
2018-01-08 14:54:00,50.5201,50.53,50.515,50.53,1858.0
2018-01-08 14:55:00,50.535,50.535,50.53,50.53,429.0
2018-01-08 14:56:00,50.52,50.53,50.52,50.53,3166.0
2018-01-08 14:57:00,50.53,50.53,50.52,50.52,1000.0
2018-01-08 14:58:00,50.53,50.5304,50.53,50.53,625.0
2018-01-08 14:59:00,50.54,50.54,50.53,50.53,500.0
2018-01-08 15:00:00,50.53,50.53,50.53,50.53,500.0
2018-01-08 15:01:00,50.53,50.535,50.53,50.53,424.0
2018-01-08 15:02:00,50.54,50.545,50.535,50.535,1332.0
2018-01-08 15:03:00,50.54,50.545,50.54,50.545,627.0
2018-01-08 15:04:00,50.545,50.545,50.545,50.545,100.0
2018-01-08 15:05:00,50.545,50.549,50.54,50.54,1854.0
2018-01-08 15:06:00,50.55,50.55,50.53,50.55,4402.0
2018-01-08 15:07:00,50.545,50.545,50.54,50.54,500.0
2018-01-08 15:08:00,50.54,50.545,50.54,50.545,500.0
2018-01-08 15:09:00,50.555,50.555,50.545,50.545,2481.0
2018-01-08 15:10:00,50.5538,50.56,50.55,50.55,980.0
2018-01-08 15:11:00,50.53,50.555,50.53,50.55,3001.0
2018-01-08 15:12:00,50.54,50.54,50.54,50.54,100.0
2018-01-08 15:13:00,50.54,50.54,50.53,50.54,1750.0
2018-01-08 15:14:00,50.53,50.54,50.53,50.54,1100.0
2018-01-08 15:16:00,50.53,50.535,50.53,50.5334,570.0
2018-01-08 15:18:00,50.5334,50.535,50.53,50.53,1080.0
2018-01-08 15:19:00,50.53,50.54,50.53,50.53,300.0
2018-01-08 15:20:00,50.535,50.54,50.53,50.53,779.0
2018-01-08 15:21:00,50.52,50.53,50.52,50.53,5022.0
2018-01-08 15:22:00,50.515,50.515,50.51,50.5103,1190.0
2018-01-08 15:23:00,50.51,50.515,50.51,50.515,500.0
2018-01-08 15:24:00,50.49,50.515,50.49,50.515,2685.0
2018-01-08 15:25:00,50.49,50.495,50.49,50.495,600.0
2018-01-08 15:26:00,50.4934,50.4934,50.49,50.49,500.0
2018-01-08 15:27:00,50.49,50.495,50.49,50.495,400.0
2018-01-08 15:28:00,50.47,50.495,50.47,50.495,4878.0
2018-01-08 15:29:00,50.46,50.4634,50.46,50.4634,475.0
2018-01-08 15:30:00,50.45,50.46,50.45,50.46,1300.0
2018-01-08 15:31:00,50.45,50.45,50.45,50.45,600.0
2018-01-08 15:32:00,50.45,50.46,50.45,50.45,5521.0
2018-01-08 15:33:00,50.405,50.45,50.39,50.45,10268.0
2018-01-08 15:34:00,50.39,50.41,50.385,50.41,5655.0
2018-01-08 15:35:00,50.4,50.41,50.4,50.41,2455.0
2018-01-08 15:36:00,50.41,50.41,50.4,50.4,300.0
2018-01-08 15:37:00,50.4039,50.41,50.4,50.405,1165.0
2018-01-08 15:38:00,50.425,50.425,50.405,50.41,5201.0
2018-01-08 15:39:00,50.42,50.43,50.42,50.42,1200.0
2018-01-08 15:40:00,50.4256,50.43,50.41,50.42,10679.0
2018-01-08 15:41:00,50.44,50.45,50.425,50.425,8336.0
2018-01-08 15:42:00,50.45,50.45,50.44,50.44,3699.0
2018-01-08 15:43:00,50.45,50.46,50.45,50.45,1600.0
2018-01-08 15:44:00,50.465,50.47,50.455,50.46,1700.0
2018-01-08 15:45:00,50.48,50.49,50.46,50.46,6453.0
2018-01-08 15:46:00,50.49,50.5,50.48,50.49,4220.0
2018-01-08 15:47:00,50.49,50.4964,50.49,50.49,1005.0
2018-01-08 15:48:00,50.495,50.5,50.4901,50.5,1629.0
2018-01-08 15:49:00,50.4701,50.49,50.46,50.49,7025.0
2018-01-08 15:50:00,50.475,50.48,50.47,50.475,3612.0
2018-01-08 15:51:00,50.45,50.48,50.44,50.48,7163.0
2018-01-08 15:52:00,50.455,50.46,50.44,50.44,6062.0
2018-01-08 15:53:00,50.46,50.46,50.45,50.46,1334.0
2018-01-08 15:54:00,50.5,50.5,50.455,50.46,3805.0
2018-01-08 15:55:00,50.455,50.48,50.45,50.48,5807.0
2018-01-08 15:56:00,50.455,50.46,50.45,50.455,693.0
2018-01-08 15:57:00,50.455,50.46,50.45,50.455,2112.0
2018-01-08 15:58:00,50.44,50.46,50.435,50.45,11389.0
2018-01-08 15:59:00,50.465,50.47,50.44,50.4401,10845.0
2018-01-08 16:00:00,50.45,50.495,50.45,50.465,22663.0
2018-01-09 09:31:00,50.48,50.52,50.44,50.46,23159.0
2018-01-09 09:32:00,50.56,50.56,50.435,50.435,6775.0
2018-01-09 09:33:00,50.56,50.56,50.56,50.56,100.0
2018-01-09 09:34:00,50.52,50.54,50.495,50.515,700.0
2018-01-09 09:35:00,50.49,50.52,50.48,50.5,6183.0
2018-01-09 09:36:00,50.52,50.52,50.495,50.495,300.0
2018-01-09 09:37:00,50.48,50.505,50.48,50.505,6391.0
2018-01-09 09:38:00,50.485,50.485,50.485,50.485,100.0
2018-01-09 09:39:00,50.48,50.51,50.48,50.485,5035.0
2018-01-09 09:40:00,50.485,50.49,50.46,50.48,6412.0
2018-01-09 09:41:00,50.5,50.52,50.48,50.5,1017.0
2018-01-09 09:42:00,50.47,50.5,50.47,50.5,1850.0
2018-01-09 09:43:00,50.5,50.51,50.4775,50.4775,3300.0
2018-01-09 09:44:00,50.53,50.53,50.48,50.5,6520.0
2018-01-09 09:45:00,50.54,50.55,50.54,50.55,900.0
2018-01-09 09:46:00,50.51,50.545,50.49,50.545,3200.0
2018-01-09 09:47:00,50.63,50.63,50.53,50.53,4730.0
2018-01-09 09:48:00,50.59,50.63,50.58,50.63,5706.0
2018-01-09 09:49:00,50.58,50.6,50.58,50.6,1947.0
2018-01-09 09:50:00,50.55,50.58,50.55,50.58,2870.0
2018-01-09 09:51:00,50.53,50.53,50.53,50.53,100.0
2018-01-09 09:52:00,50.47,50.54,50.47,50.53,5047.0
2018-01-09 09:53:00,50.44,50.47,50.44,50.47,1758.0
2018-01-09 09:54:00,50.4,50.45,50.361000000000004,50.45,3911.0
2018-01-09 09:55:00,50.39,50.401,50.36,50.36,4155.0
2018-01-09 09:56:00,50.38,50.395,50.38,50.38,4800.0
2018-01-09 09:57:00,50.45,50.45,50.39,50.39,3012.0
2018-01-09 09:58:00,50.465,50.465,50.44,50.44,300.0
2018-01-09 09:59:00,50.46,50.49,50.44,50.45,9609.0
2018-01-09 10:00:00,50.44,50.46,50.42,50.44,1877.0
2018-01-09 10:01:00,50.46,50.46,50.41,50.43,3113.0
2018-01-09 10:02:00,50.49,50.49,50.47,50.47,7807.0
2018-01-09 10:03:00,50.46,50.51,50.46,50.5,5457.0
2018-01-09 10:04:00,50.42,50.45,50.4001,50.45,1471.0
2018-01-09 10:05:00,50.475,50.475,50.415,50.43,5400.0
2018-01-09 10:06:00,50.45,50.4761,50.45,50.47,3764.0
2018-01-09 10:07:00,50.425,50.425,50.42,50.42,300.0
2018-01-09 10:08:00,50.52,50.55,50.425,50.44,8848.0
2018-01-09 10:09:00,50.5,50.5,50.49,50.49,1400.0
2018-01-09 10:10:00,50.57,50.59,50.51,50.51,5443.0
2018-01-09 10:11:00,50.57,50.57,50.56,50.57,1999.0
2018-01-09 10:12:00,50.56,50.58,50.56,50.56,5069.0
2018-01-09 10:13:00,50.55,50.56,50.54,50.56,2346.0
2018-01-09 10:14:00,50.52,50.55,50.52,50.55,500.0
2018-01-09 10:15:00,50.535,50.535,50.53,50.53,303.0
2018-01-09 10:16:00,50.55,50.55,50.53,50.53,2108.0
2018-01-09 10:17:00,50.54,50.54,50.54,50.54,100.0
2018-01-09 10:18:00,50.54,50.55,50.54,50.545,3935.0
2018-01-09 10:19:00,50.51,50.54,50.51,50.54,4382.0
2018-01-09 10:20:00,50.5,50.5,50.5,50.5,1800.0
2018-01-09 10:21:00,50.48,50.495,50.48,50.495,2971.0
2018-01-09 10:22:00,50.47,50.47,50.47,50.47,500.0
2018-01-09 10:23:00,50.5,50.51,50.48,50.48,4040.0
2018-01-09 10:24:00,50.525,50.525,50.51,50.51,1599.0
2018-01-09 10:25:00,50.52,50.52,50.52,50.52,600.0
2018-01-09 10:26:00,50.52,50.525,50.51,50.525,2268.0
2018-01-09 10:27:00,50.52,50.52,50.5,50.51,2728.0
2018-01-09 10:29:00,50.55,50.55,50.52,50.52,5200.0
2018-01-09 10:30:00,50.52,50.54,50.51,50.54,3110.0
2018-01-09 10:31:00,50.51,50.5168,50.5,50.5168,500.0
2018-01-09 10:32:00,50.51,50.51,50.51,50.51,300.0
2018-01-09 10:33:00,50.5332,50.54,50.515,50.52,3037.0
2018-01-09 10:34:00,50.52,50.54,50.52,50.54,2838.0
2018-01-09 10:35:00,50.5,50.5,50.5,50.5,100.0
2018-01-09 10:36:00,50.5,50.51,50.49,50.5,4969.0
2018-01-09 10:37:00,50.48,50.495,50.48,50.495,1500.0
2018-01-09 10:38:00,50.5,50.515,50.48,50.48,2244.0
2018-01-09 10:39:00,50.53,50.55,50.52,50.52,4017.0
2018-01-09 10:40:00,50.51,50.52,50.51,50.52,1863.0
2018-01-09 10:41:00,50.5,50.5,50.5,50.5,100.0
2018-01-09 10:42:00,50.5,50.5,50.5,50.5,100.0
2018-01-09 10:43:00,50.5119,50.5119,50.5,50.5,300.0
2018-01-09 10:44:00,50.5,50.51,50.5,50.51,200.0
2018-01-09 10:45:00,50.52,50.52,50.51,50.51,1498.0
2018-01-09 10:46:00,50.49,50.52,50.4899,50.52,5376.0
2018-01-09 10:48:00,50.5,50.5,50.493,50.5,1999.0
2018-01-09 10:49:00,50.49,50.49,50.49,50.49,100.0
2018-01-09 10:50:00,50.495,50.495,50.49,50.4949,863.0
2018-01-09 10:51:00,50.48,50.5,50.48,50.495,3027.0
2018-01-09 10:52:00,50.48,50.49,50.48,50.485,500.0
2018-01-09 10:53:00,50.51,50.52,50.48,50.48,4292.0
2018-01-09 10:54:00,50.535,50.535,50.505,50.51,5004.0
2018-01-09 10:55:00,50.5599,50.5599,50.54,50.54,800.0
2018-01-09 10:56:00,50.55,50.56,50.54,50.56,1801.0
2018-01-09 10:57:00,50.54,50.54,50.53,50.54,3992.0
2018-01-09 10:58:00,50.56,50.56,50.55,50.55,2348.0
2018-01-09 10:59:00,50.55,50.558,50.55,50.558,1614.0
2018-01-09 11:00:00,50.53,50.5301,50.53,50.5301,362.0
2018-01-09 11:01:00,50.515,50.54,50.515,50.54,2074.0
2018-01-09 11:02:00,50.52,50.52,50.515,50.52,817.0
2018-01-09 11:03:00,50.53,50.53,50.52,50.525,1363.0
2018-01-09 11:04:00,50.555,50.56,50.53,50.53,3800.0
2018-01-09 11:05:00,50.56,50.56,50.55,50.555,3600.0
2018-01-09 11:06:00,50.55,50.56,50.55,50.56,300.0
2018-01-09 11:07:00,50.555,50.555,50.55,50.55,1100.0
2018-01-09 11:08:00,50.555,50.56,50.55,50.5525,1605.0
2018-01-09 11:09:00,50.545,50.555,50.545,50.55,2335.0
2018-01-09 11:10:00,50.545,50.545,50.54,50.54,300.0
2018-01-09 11:11:00,50.545,50.545,50.545,50.545,500.0
2018-01-09 11:12:00,50.52,50.55,50.52,50.545,7490.0
2018-01-09 11:13:00,50.51,50.52,50.51,50.515,2958.0
2018-01-09 11:14:00,50.5,50.5,50.5,50.5,200.0
2018-01-09 11:15:00,50.5,50.505,50.5,50.505,1789.0
2018-01-09 11:16:00,50.49,50.49,50.49,50.49,300.0
2018-01-09 11:17:00,50.4901,50.4999,50.4901,50.495,620.0
2018-01-09 11:18:00,50.52,50.52,50.49,50.49,5454.0
2018-01-09 11:19:00,50.52,50.52,50.51,50.51,1471.0
2018-01-09 11:20:00,50.53,50.53,50.52,50.52,2791.0
2018-01-09 11:21:00,50.54,50.54,50.53,50.535,1671.0
2018-01-09 11:22:00,50.53,50.53,50.52,50.53,1000.0
2018-01-09 11:23:00,50.525,50.525,50.52,50.52,1300.0
2018-01-09 11:24:00,50.53,50.53,50.52,50.52,1300.0
2018-01-09 11:25:00,50.51,50.53,50.51,50.53,2600.0
2018-01-09 11:26:00,50.53,50.53,50.515,50.515,2200.0
2018-01-09 11:27:00,50.6,50.6,50.53,50.538999999999994,4292.0
2018-01-09 11:28:00,50.56,50.58,50.56,50.58,4098.0
2018-01-09 11:29:00,50.56,50.5635,50.56,50.5635,325.0
2018-01-09 11:30:00,50.57,50.57,50.57,50.57,1500.0
2018-01-09 11:31:00,50.57,50.57,50.57,50.57,168.0
2018-01-09 11:32:00,50.575,50.58,50.575,50.58,700.0
2018-01-09 11:33:00,50.5799,50.58,50.57,50.575,2593.0
2018-01-09 11:34:00,50.575,50.58,50.575,50.58,1000.0
2018-01-09 11:35:00,50.595,50.595,50.58,50.58,900.0
2018-01-09 11:36:00,50.5899,50.59,50.5899,50.59,1419.0
2018-01-09 11:37:00,50.6,50.6,50.585,50.59,1800.0
2018-01-09 11:38:00,50.59,50.6086,50.59,50.6086,2802.0
2018-01-09 11:39:00,50.6,50.6,50.59,50.6,300.0
2018-01-09 11:40:00,50.59,50.5925,50.59,50.5925,300.0
2018-01-09 11:41:00,50.6099,50.6099,50.58,50.59,4500.0
2018-01-09 11:42:00,50.59,50.605,50.59,50.605,1795.0
2018-01-09 11:43:00,50.59,50.59,50.59,50.59,737.0
2018-01-09 11:44:00,50.58,50.59,50.58,50.59,600.0
2018-01-09 11:45:00,50.59,50.59,50.59,50.59,700.0
2018-01-09 11:46:00,50.58,50.5899,50.58,50.58,1572.0
2018-01-09 11:47:00,50.585,50.5864,50.58,50.5864,570.0
2018-01-09 11:48:00,50.595,50.6,50.58,50.58,2118.0
2018-01-09 11:49:00,50.6,50.6,50.595,50.6,500.0
2018-01-09 11:50:00,50.6,50.6,50.6,50.6,500.0
2018-01-09 11:51:00,50.605,50.605,50.6,50.6,500.0
2018-01-09 11:53:00,50.6,50.61,50.6,50.605,500.0
2018-01-09 11:54:00,50.605,50.605,50.6,50.6,311.0
2018-01-09 11:55:00,50.6,50.6099,50.6,50.6048,2754.0
2018-01-09 11:56:00,50.615,50.615,50.6,50.6,3299.0
2018-01-09 11:57:00,50.57,50.615,50.57,50.61,7276.0
2018-01-09 11:58:00,50.54,50.56,50.54,50.56,1400.0
2018-01-09 11:59:00,50.56,50.56,50.54,50.54,3600.0
2018-01-09 12:00:00,50.54,50.56,50.54,50.56,1600.0
2018-01-09 12:01:00,50.545,50.55,50.54,50.55,3417.0
2018-01-09 12:02:00,50.54600000000001,50.54600000000001,50.535,50.54,1782.0
2018-01-09 12:03:00,50.505,50.53,50.5,50.53,3615.0
2018-01-09 12:04:00,50.5,50.515,50.5,50.51,2537.0
2018-01-09 12:05:00,50.49,50.5,50.48,50.5,2000.0
2018-01-09 12:06:00,50.48,50.48,50.48,50.48,180.0
2018-01-09 12:07:00,50.47,50.48,50.47,50.48,1300.0
2018-01-09 12:08:00,50.48,50.48,50.47,50.47,800.0
2018-01-09 12:09:00,50.47,50.47,50.47,50.47,100.0
2018-01-09 12:10:00,50.46,50.47,50.46,50.47,2051.0
2018-01-09 12:11:00,50.45,50.46,50.45,50.46,630.0
2018-01-09 12:12:00,50.44,50.45,50.44,50.45,1239.0
2018-01-09 12:13:00,50.45,50.455,50.44,50.44,2884.0
2018-01-09 12:14:00,50.45,50.45,50.45,50.45,798.0
2018-01-09 12:15:00,50.45,50.45,50.45,50.45,300.0
2018-01-09 12:16:00,50.43,50.44,50.43,50.44,2100.0
2018-01-09 12:17:00,50.435,50.435,50.43,50.43,801.0
2018-01-09 12:18:00,50.4068,50.43,50.4068,50.43,1100.0
2018-01-09 12:19:00,50.44,50.44,50.4,50.4,2850.0
2018-01-09 12:20:00,50.395,50.43,50.395,50.43,1820.0
2018-01-09 12:21:00,50.4,50.4,50.39,50.39,200.0
2018-01-09 12:22:00,50.4,50.41,50.38,50.38,4035.0
2018-01-09 12:23:00,50.4,50.4,50.4,50.4,900.0
2018-01-09 12:24:00,50.4,50.4,50.395,50.4,1100.0
2018-01-09 12:25:00,50.3935,50.405,50.3935,50.405,1550.0
2018-01-09 12:27:00,50.4049,50.4049,50.39,50.39,3128.0
2018-01-09 12:28:00,50.4,50.405,50.3801,50.4,7007.0
2018-01-09 12:29:00,50.41,50.41,50.4,50.4,1200.0
2018-01-09 12:30:00,50.4,50.43,50.395,50.42,3061.0
2018-01-09 12:31:00,50.37,50.38,50.37,50.38,460.0
2018-01-09 12:32:00,50.35,50.36,50.35,50.36,300.0
2018-01-09 12:33:00,50.36,50.37,50.355,50.355,1504.0
2018-01-09 12:34:00,50.35,50.35,50.35,50.35,200.0
2018-01-09 12:35:00,50.36,50.36,50.35,50.35,410.0
2018-01-09 12:36:00,50.36,50.36,50.36,50.36,100.0
2018-01-09 12:37:00,50.35,50.3566,50.35,50.3566,1372.0
2018-01-09 12:38:00,50.35,50.36,50.35,50.36,1000.0
2018-01-09 12:39:00,50.37,50.37,50.36,50.37,1246.0
2018-01-09 12:40:00,50.37,50.37,50.37,50.37,100.0
2018-01-09 12:41:00,50.37,50.37,50.36,50.36,1852.0
2018-01-09 12:42:00,50.365,50.365,50.365,50.365,100.0
2018-01-09 12:43:00,50.39,50.39,50.37,50.37,2872.0
2018-01-09 12:44:00,50.39,50.395,50.38,50.39,2447.0
2018-01-09 12:45:00,50.39,50.395,50.39,50.395,300.0
2018-01-09 12:46:00,50.39,50.39,50.39,50.39,1000.0
2018-01-09 12:47:00,50.41,50.41,50.4,50.4,2000.0
2018-01-09 12:48:00,50.41,50.42,50.41,50.42,300.0
2018-01-09 12:49:00,50.43,50.43,50.42,50.42,2368.0
2018-01-09 12:50:00,50.4301,50.4329,50.43,50.4329,400.0
2018-01-09 12:51:00,50.44,50.44,50.435,50.435,1000.0
2018-01-09 12:52:00,50.44,50.44,50.44,50.44,450.0
2018-01-09 12:53:00,50.4445,50.4445,50.4445,50.4445,100.0
2018-01-09 12:54:00,50.43,50.44,50.43,50.44,2748.0
2018-01-09 12:55:00,50.42,50.425,50.42,50.42,300.0
2018-01-09 12:56:00,50.42,50.42,50.42,50.42,100.0
2018-01-09 12:57:00,50.445,50.445,50.425,50.425,1500.0
2018-01-09 12:58:00,50.44,50.44,50.44,50.44,100.0
2018-01-09 12:59:00,50.435,50.44,50.435,50.44,1791.0
2018-01-09 13:00:00,50.44,50.445,50.44,50.44,1644.0
2018-01-09 13:03:00,50.44,50.445,50.44,50.445,400.0
2018-01-09 13:04:00,50.445,50.445,50.445,50.445,100.0
2018-01-09 13:05:00,50.44,50.44,50.44,50.44,200.0
2018-01-09 13:06:00,50.445,50.445,50.44,50.445,400.0
2018-01-09 13:07:00,50.44,50.44,50.44,50.44,1191.0
2018-01-09 13:08:00,50.44,50.445,50.44,50.445,1120.0
2018-01-09 13:09:00,50.445,50.445,50.445,50.445,300.0
2018-01-09 13:10:00,50.47,50.47,50.445,50.45,3704.0
2018-01-09 13:11:00,50.47,50.47,50.465,50.465,200.0
2018-01-09 13:12:00,50.41,50.465,50.41,50.465,3560.0
2018-01-09 13:13:00,50.4097,50.4097,50.4097,50.4097,100.0
2018-01-09 13:14:00,50.38,50.4076,50.38,50.4076,1615.0
2018-01-09 13:15:00,50.39,50.39,50.38,50.38,1300.0
2018-01-09 13:16:00,50.395,50.395,50.395,50.395,500.0
2018-01-09 13:17:00,50.395,50.395,50.395,50.395,689.0
2018-01-09 13:18:00,50.4,50.4,50.4,50.4,100.0
2018-01-09 13:19:00,50.37,50.4,50.36,50.4,3410.0
2018-01-09 13:20:00,50.375,50.375,50.375,50.375,100.0
2018-01-09 13:21:00,50.37,50.38,50.37,50.38,1684.0
2018-01-09 13:22:00,50.38,50.38,50.375,50.375,300.0
2018-01-09 13:23:00,50.41,50.41,50.38,50.38,2619.0
2018-01-09 13:24:00,50.41,50.41,50.41,50.41,800.0
2018-01-09 13:25:00,50.403,50.405,50.403,50.405,300.0
2018-01-09 13:26:00,50.41,50.41,50.41,50.41,100.0
2018-01-09 13:27:00,50.4099,50.41,50.4,50.4075,6201.0
2018-01-09 13:28:00,50.415,50.42,50.4,50.4,7685.0
2018-01-09 13:29:00,50.435,50.435,50.41,50.41,1300.0
2018-01-09 13:30:00,50.47,50.48,50.44,50.44,2001.0
2018-01-09 13:31:00,50.47,50.49,50.47,50.48,2544.0
2018-01-09 13:32:00,50.49,50.49,50.48,50.48,301.0
2018-01-09 13:33:00,50.4899,50.49,50.47,50.48,1606.0
2018-01-09 13:34:00,50.49,50.49,50.48,50.49,1000.0
2018-01-09 13:35:00,50.49,50.51,50.49,50.49,1208.0
2018-01-09 13:36:00,50.51,50.51,50.49,50.49,400.0
2018-01-09 13:37:00,50.4999,50.5,50.49,50.49,1667.0
2018-01-09 13:38:00,50.51,50.51,50.49,50.49,700.0
2018-01-09 13:39:00,50.51,50.51,50.49,50.49,200.0
2018-01-09 13:40:00,50.505,50.505,50.5,50.5,2589.0
2018-01-09 13:41:00,50.52,50.53,50.5055,50.5055,2100.0
2018-01-09 13:42:00,50.53,50.53,50.52,50.53,700.0
2018-01-09 13:43:00,50.53,50.53,50.52,50.525,983.0
2018-01-09 13:44:00,50.51,50.52,50.51,50.52,1154.0
2018-01-09 13:45:00,50.5,50.5,50.5,50.5,202.0
2018-01-09 13:46:00,50.5,50.5,50.485,50.49,2882.0
2018-01-09 13:47:00,50.5,50.5,50.481,50.5,1861.0
2018-01-09 13:48:00,50.5,50.5,50.48,50.48,300.0
2018-01-09 13:49:00,50.51,50.51,50.49,50.5,2100.0
2018-01-09 13:50:00,50.49,50.51,50.4899,50.51,2511.0
2018-01-09 13:51:00,50.5,50.5,50.5,50.5,200.0
2018-01-09 13:52:00,50.49,50.49,50.49,50.49,300.0
2018-01-09 13:53:00,50.5,50.51,50.48,50.48,3441.0
2018-01-09 13:54:00,50.51,50.52,50.51,50.51,1000.0
2018-01-09 13:55:00,50.53,50.53,50.51,50.52,1100.0
2018-01-09 13:56:00,50.49,50.53,50.49,50.53,2343.0
2018-01-09 13:57:00,50.52,50.52,50.5,50.51,2200.0
2018-01-09 13:58:00,50.525,50.53,50.52,50.53,600.0
2018-01-09 13:59:00,50.525,50.53,50.525,50.53,500.0
2018-01-09 14:00:00,50.53,50.54,50.52,50.52,1918.0
2018-01-09 14:01:00,50.55,50.55,50.5356,50.54,2915.0
2018-01-09 14:02:00,50.53,50.55,50.5299,50.55,1305.0
2018-01-09 14:03:00,50.538999999999994,50.538999999999994,50.53,50.53,299.0
2018-01-09 14:04:00,50.535,50.54,50.53,50.53,500.0
2018-01-09 14:05:00,50.53,50.538999999999994,50.53,50.53,1792.0
2018-01-09 14:06:00,50.525,50.53,50.525,50.53,300.0
2018-01-09 14:07:00,50.525,50.525,50.52,50.52,1401.0
2018-01-09 14:08:00,50.515,50.525,50.51,50.52,3510.0
2018-01-09 14:09:00,50.535,50.535,50.51,50.51,4498.0
2018-01-09 14:10:00,50.5,50.53,50.5,50.53,3934.0
2018-01-09 14:11:00,50.49,50.49,50.49,50.49,500.0
2018-01-09 14:12:00,50.5,50.5,50.498000000000005,50.498000000000005,420.0
2018-01-09 14:13:00,50.46,50.4942,50.46,50.49,2600.0
2018-01-09 14:14:00,50.46,50.48,50.46,50.48,700.0
2018-01-09 14:15:00,50.48,50.485,50.46,50.46,4012.0
2018-01-09 14:16:00,50.48,50.49,50.47,50.48,2102.0
2018-01-09 14:17:00,50.46,50.47,50.46,50.47,1729.0
2018-01-09 14:18:00,50.47,50.47,50.46,50.46,1200.0
2018-01-09 14:20:00,50.46,50.46,50.455,50.46,1415.0
2018-01-09 14:21:00,50.45,50.46,50.45,50.45,600.0
2018-01-09 14:22:00,50.45,50.46,50.45,50.45,800.0
2018-01-09 14:23:00,50.45,50.46,50.45,50.45,2024.0
2018-01-09 14:24:00,50.46,50.47,50.45,50.45,4841.0
2018-01-09 14:25:00,50.46,50.47,50.46,50.46,1300.0
2018-01-09 14:26:00,50.4648,50.47,50.46,50.47,950.0
2018-01-09 14:28:00,50.46,50.465,50.45,50.46,3785.0
2018-01-09 14:29:00,50.46,50.47,50.46,50.4612,947.0
2018-01-09 14:30:00,50.455,50.46,50.45,50.4501,1161.0
2018-01-09 14:31:00,50.446999999999996,50.455,50.445,50.45,1946.0
2018-01-09 14:32:00,50.44,50.45,50.44,50.445,1685.0
2018-01-09 14:33:00,50.4475,50.45,50.44,50.445,1677.0
2018-01-09 14:34:00,50.455,50.46,50.44,50.44,8386.0
2018-01-09 14:35:00,50.45,50.4575,50.45,50.455,600.0
2018-01-09 14:36:00,50.46,50.47,50.45,50.45,8501.0
2018-01-09 14:37:00,50.4552,50.465,50.45,50.465,4416.0
2018-01-09 14:38:00,50.455,50.46,50.455,50.455,400.0
2018-01-09 14:39:00,50.46,50.46,50.455,50.46,2406.0
2018-01-09 14:40:00,50.46,50.46,50.4538,50.4538,201.0
2018-01-09 14:41:00,50.455,50.46,50.455,50.455,450.0
2018-01-09 14:42:00,50.46,50.46,50.45,50.46,1000.0
2018-01-09 14:43:00,50.4599,50.46,50.45,50.45399999999999,3633.0
2018-01-09 14:44:00,50.455,50.46,50.45,50.455,500.0
2018-01-09 14:45:00,50.46,50.46,50.45,50.45,3163.0
2018-01-09 14:46:00,50.47,50.47,50.45,50.45,4400.0
2018-01-09 14:47:00,50.47,50.475,50.46,50.47,1402.0
2018-01-09 14:48:00,50.51,50.51,50.47,50.47,9397.0
2018-01-09 14:49:00,50.5,50.515,50.48,50.51,12635.0
2018-01-09 14:50:00,50.5,50.5,50.48,50.5,4850.0
2018-01-09 14:51:00,50.48,50.5,50.47,50.5,6959.0
2018-01-09 14:52:00,50.4801,50.49,50.4801,50.49,200.0
2018-01-09 14:53:00,50.48,50.49,50.48,50.485,1560.0
2018-01-09 14:54:00,50.48,50.485,50.48,50.48,500.0
2018-01-09 14:55:00,50.49,50.49,50.48,50.485,821.0
2018-01-09 14:56:00,50.485,50.485,50.485,50.485,300.0
2018-01-09 14:57:00,50.47,50.48,50.47,50.48,1600.0
2018-01-09 14:58:00,50.475,50.475,50.47,50.47,700.0
2018-01-09 14:59:00,50.48,50.48,50.47,50.47,800.0
2018-01-09 15:00:00,50.475,50.48,50.47,50.475,800.0
2018-01-09 15:01:00,50.47,50.48,50.47,50.475,1750.0
2018-01-09 15:02:00,50.47,50.47,50.46,50.47,2695.0
2018-01-09 15:03:00,50.46,50.47,50.46,50.47,1400.0
2018-01-09 15:04:00,50.4661,50.4675,50.46,50.465,458.0
2018-01-09 15:05:00,50.465,50.465,50.46,50.46,300.0
2018-01-09 15:06:00,50.47,50.47,50.465,50.47,4024.0
2018-01-09 15:07:00,50.48,50.48,50.47,50.47,2225.0
2018-01-09 15:08:00,50.475,50.48,50.475,50.48,728.0
2018-01-09 15:09:00,50.475,50.475,50.47,50.475,600.0
2018-01-09 15:10:00,50.47,50.48,50.47,50.48,4269.0
2018-01-09 15:11:00,50.46,50.47,50.46,50.46,1300.0
2018-01-09 15:12:00,50.46,50.47,50.46,50.465,1500.0
2018-01-09 15:13:00,50.4675,50.47,50.465,50.47,600.0
2018-01-09 15:14:00,50.465,50.47,50.465,50.47,500.0
2018-01-09 15:15:00,50.46,50.48,50.46,50.47,10856.0
2018-01-09 15:16:00,50.45,50.47,50.44,50.46,5101.0
2018-01-09 15:17:00,50.445,50.445,50.445,50.445,300.0
2018-01-09 15:18:00,50.4451,50.45,50.44,50.445,1584.0
2018-01-09 15:19:00,50.43,50.45,50.42,50.45,6114.0
2018-01-09 15:20:00,50.4251,50.43,50.42,50.425,1672.0
2018-01-09 15:21:00,50.42,50.43,50.42,50.425,1001.0
2018-01-09 15:22:00,50.43,50.43,50.42,50.43,1000.0
2018-01-09 15:23:00,50.43,50.43,50.42,50.42,1800.0
2018-01-09 15:24:00,50.455,50.46,50.42,50.43,10200.0
2018-01-09 15:25:00,50.415,50.45,50.415,50.45,7224.0
2018-01-09 15:26:00,50.415,50.42,50.415,50.42,900.0
2018-01-09 15:27:00,50.415,50.42,50.41,50.42,1000.0
2018-01-09 15:28:00,50.4075,50.42,50.4,50.4175,2709.0
2018-01-09 15:29:00,50.4,50.41,50.4,50.41,1400.0
2018-01-09 15:30:00,50.38,50.41,50.38,50.41,5046.0
2018-01-09 15:31:00,50.4,50.4,50.38,50.38,14111.0
2018-01-09 15:32:00,50.4,50.4,50.39,50.4,2300.0
2018-01-09 15:33:00,50.395,50.4,50.39,50.395,3670.0
2018-01-09 15:34:00,50.3975,50.4,50.3949,50.4,683.0
2018-01-09 15:35:00,50.41,50.41,50.395,50.4,6636.0
2018-01-09 15:36:00,50.4,50.405,50.3939,50.4,2818.0
2018-01-09 15:37:00,50.395,50.4,50.39,50.395,700.0
2018-01-09 15:38:00,50.395,50.4,50.39,50.395,3963.0
2018-01-09 15:39:00,50.4,50.41,50.39,50.39,5149.0
2018-01-09 15:40:00,50.4,50.41,50.4,50.4,5100.0
2018-01-09 15:41:00,50.42,50.42,50.4,50.41,6465.0
2018-01-09 15:42:00,50.415,50.42,50.405,50.41,12059.0
2018-01-09 15:43:00,50.42,50.42,50.41,50.42,1500.0
2018-01-09 15:44:00,50.42,50.42,50.41,50.415,3101.0
2018-01-09 15:45:00,50.4025,50.42,50.4,50.415,19829.0
2018-01-09 15:46:00,50.41,50.42,50.4,50.415,19939.0
2018-01-09 15:47:00,50.4114,50.42,50.4,50.42,19214.0
2018-01-09 15:48:00,50.415,50.42,50.41,50.41,6415.0
2018-01-09 15:49:00,50.45,50.46,50.41,50.41,15669.0
2018-01-09 15:50:00,50.45,50.46,50.45,50.46,6860.0
2018-01-09 15:51:00,50.455,50.4675,50.45,50.46,11157.0
2018-01-09 15:52:00,50.47,50.48,50.455,50.455,9259.0
2018-01-09 15:53:00,50.49,50.49,50.46,50.46,10563.0
2018-01-09 15:54:00,50.48,50.49,50.47,50.48,7535.0
2018-01-09 15:55:00,50.475,50.48,50.47,50.475,7966.0
2018-01-09 15:56:00,50.47,50.47,50.46,50.47,15777.0
2018-01-09 15:57:00,50.44,50.47,50.44,50.46,10200.0
2018-01-09 15:58:00,50.41,50.45,50.41,50.445,16081.0
2018-01-09 15:59:00,50.44,50.45,50.41,50.42,27591.0
2018-01-09 16:00:00,50.36,50.43,50.36,50.43,39523.0
2018-01-10 09:30:00,49.95,50.19,49.95,50.09,14588.0
2018-01-10 09:31:00,49.92,50.17,49.86,50.16,8370.0
2018-01-10 09:32:00,49.79,49.96,49.79,49.95,2382.0
2018-01-10 09:33:00,49.925,49.93,49.78,49.78,4840.0
2018-01-10 09:34:00,49.87,49.9,49.8,49.9,3400.0
2018-01-10 09:35:00,49.79,49.84,49.75,49.84,2529.0
2018-01-10 09:36:00,49.64,49.76,49.64,49.76,7259.0
2018-01-10 09:37:00,49.55,49.64,49.54,49.64,3800.0
2018-01-10 09:38:00,49.52,49.5802,49.52,49.5802,500.0
2018-01-10 09:39:00,49.57,49.6,49.53,49.54,1565.0
2018-01-10 09:40:00,49.5,49.57,49.45,49.57,7661.0
2018-01-10 09:41:00,49.5,49.51,49.45,49.49,3200.0
2018-01-10 09:42:00,49.38,49.41,49.31,49.41,1300.0
2018-01-10 09:43:00,49.47,49.49,49.38,49.38,4242.0
2018-01-10 09:44:00,49.42,49.46,49.4,49.4,1750.0
2018-01-10 09:45:00,49.37,49.45,49.37,49.44,6027.0
2018-01-10 09:46:00,49.305,49.385,49.29,49.37,6066.0
2018-01-10 09:47:00,49.29,49.36,49.28,49.31,7118.0
2018-01-10 09:48:00,49.3,49.31,49.26,49.29,5627.0
2018-01-10 09:49:00,49.31,49.31,49.28,49.3,2477.0
2018-01-10 09:50:00,49.29,49.31,49.29,49.3,2315.0
2018-01-10 09:51:00,49.22,49.275,49.21,49.275,1308.0
2018-01-10 09:52:00,49.17,49.21,49.17,49.21,1200.0
2018-01-10 09:53:00,49.22,49.23,49.17,49.17,5337.0
2018-01-10 09:54:00,49.18,49.18,49.11,49.18,3236.0
2018-01-10 09:55:00,49.17,49.2,49.17,49.2,1950.0
2018-01-10 09:56:00,49.0482,49.11,49.0482,49.1,1015.0
2018-01-10 09:57:00,49.1,49.1,49.07,49.07,2271.0
2018-01-10 09:58:00,49.17,49.17,49.1,49.1,1481.0
2018-01-10 09:59:00,49.12,49.15,49.11,49.12,2832.0
2018-01-10 10:00:00,49.15,49.15,49.11,49.11,2270.0
2018-01-10 10:01:00,49.16,49.16,49.14,49.14,1300.0
2018-01-10 10:02:00,49.195,49.195,49.16,49.16,700.0
2018-01-10 10:03:00,49.25,49.27,49.205,49.21,4758.0
2018-01-10 10:04:00,49.295,49.3,49.28,49.3,3199.0
2018-01-10 10:05:00,49.33,49.36,49.31,49.31,4872.0
2018-01-10 10:06:00,49.33,49.35,49.32,49.35,1895.0
2018-01-10 10:07:00,49.3375,49.34,49.3375,49.34,1715.0
2018-01-10 10:08:00,49.26,49.33,49.26,49.33,2100.0
2018-01-10 10:10:00,49.23,49.26,49.23,49.26,4000.0
2018-01-10 10:11:00,49.23,49.25,49.23,49.23,3910.0
2018-01-10 10:12:00,49.26,49.27,49.245,49.25,2063.0
2018-01-10 10:13:00,49.29,49.29,49.25,49.25,2300.0
2018-01-10 10:14:00,49.31,49.3232,49.3,49.3,1827.0
2018-01-10 10:15:00,49.32,49.34,49.31,49.34,5186.0
2018-01-10 10:16:00,49.42,49.42,49.33,49.33,4700.0
2018-01-10 10:17:00,49.44,49.44,49.42,49.43,4377.0
2018-01-10 10:18:00,49.42,49.43,49.41,49.43,3845.0
2018-01-10 10:19:00,49.405,49.41,49.38,49.4,900.0
2018-01-10 10:20:00,49.42,49.43,49.41,49.41,1913.0
2018-01-10 10:21:00,49.45,49.46,49.43,49.43,6354.0
2018-01-10 10:22:00,49.4484,49.45,49.4484,49.45,900.0
2018-01-10 10:23:00,49.475,49.475,49.42,49.44,3898.0
2018-01-10 10:24:00,49.44,49.49,49.44,49.485,1982.0
2018-01-10 10:25:00,49.44,49.44,49.42,49.42,1173.0
2018-01-10 10:26:00,49.46,49.465,49.42,49.42,2471.0
2018-01-10 10:27:00,49.46,49.46,49.46,49.46,100.0
2018-01-10 10:28:00,49.46,49.465,49.45,49.465,2127.0
2018-01-10 10:29:00,49.45,49.46,49.45,49.46,1687.0
2018-01-10 10:30:00,49.52,49.53,49.45,49.45,7071.0
2018-01-10 10:31:00,49.5,49.54,49.5,49.54,1743.0
2018-01-10 10:32:00,49.495,49.495,49.48,49.495,500.0
2018-01-10 10:33:00,49.49,49.49,49.48,49.49,1389.0
2018-01-10 10:34:00,49.48,49.5,49.48,49.5,1980.0
2018-01-10 10:35:00,49.48,49.4801,49.47,49.48,800.0
2018-01-10 10:36:00,49.54,49.54,49.49,49.49,2633.0
2018-01-10 10:37:00,49.52,49.55,49.52,49.5414,3534.0
2018-01-10 10:38:00,49.56,49.57,49.525,49.525,2230.0
2018-01-10 10:39:00,49.54,49.57,49.54,49.56,2070.0
2018-01-10 10:40:00,49.525,49.53,49.51,49.53,1400.0
2018-01-10 10:41:00,49.53,49.56,49.53,49.53,4213.0
2018-01-10 10:42:00,49.52,49.54,49.52,49.53,5322.0
2018-01-10 10:43:00,49.55,49.56,49.52,49.52,10886.0
2018-01-10 10:44:00,49.56,49.58,49.56,49.56,10082.0
2018-01-10 10:45:00,49.57,49.585,49.56,49.56,8437.0
2018-01-10 10:46:00,49.6,49.6,49.57,49.57,6141.0
2018-01-10 10:47:00,49.61,49.62,49.61,49.61,1997.0
2018-01-10 10:48:00,49.6,49.615,49.6,49.6,1594.0
2018-01-10 10:49:00,49.61,49.61,49.6,49.6,1440.0
2018-01-10 10:50:00,49.5675,49.62,49.5675,49.62,4520.0
2018-01-10 10:51:00,49.59,49.59,49.56,49.57,1320.0
2018-01-10 10:52:00,49.6,49.6,49.59,49.59,300.0
2018-01-10 10:53:00,49.61,49.61,49.595,49.6,2700.0
2018-01-10 10:54:00,49.61,49.61,49.6,49.605,900.0
2018-01-10 10:55:00,49.6,49.62,49.59,49.61,5400.0
2018-01-10 10:56:00,49.59,49.61,49.59,49.605,674.0
2018-01-10 10:57:00,49.663999999999994,49.67,49.6,49.6,4771.0
2018-01-10 10:58:00,49.69,49.69,49.66,49.665,4900.0
2018-01-10 10:59:00,49.74,49.74,49.685,49.69,2500.0
2018-01-10 11:00:00,49.71,49.75,49.69,49.73,5080.0
2018-01-10 11:02:00,49.69,49.71,49.69,49.71,200.0
2018-01-10 11:03:00,49.695,49.7,49.69,49.7,5172.0
2018-01-10 11:04:00,49.665,49.695,49.665,49.69,2680.0
2018-01-10 11:05:00,49.685,49.685,49.675,49.675,800.0
2018-01-10 11:06:00,49.69,49.69,49.675,49.685,3251.0
2018-01-10 11:07:00,49.69,49.69,49.69,49.69,200.0
2018-01-10 11:08:00,49.7,49.7,49.68,49.69,1900.0
2018-01-10 11:09:00,49.675,49.69,49.67,49.68,1400.0
2018-01-10 11:10:00,49.685,49.685,49.67,49.68,1800.0
2018-01-10 11:11:00,49.685,49.69,49.68,49.69,13123.0
2018-01-10 11:12:00,49.685,49.685,49.68,49.685,900.0
2018-01-10 11:13:00,49.7,49.7,49.68,49.685,3600.0
2018-01-10 11:14:00,49.705,49.705,49.705,49.705,300.0
2018-01-10 11:15:00,49.71,49.71,49.705,49.71,500.0
2018-01-10 11:16:00,49.7,49.71,49.7,49.7,10350.0
2018-01-10 11:17:00,49.675,49.695,49.675,49.695,2765.0
2018-01-10 11:18:00,49.69,49.69,49.67,49.67,4431.0
2018-01-10 11:19:00,49.7,49.7,49.6906,49.6906,500.0
2018-01-10 11:20:00,49.68,49.7,49.68,49.69,400.0
2018-01-10 11:21:00,49.69,49.7,49.6898,49.69,600.0
2018-01-10 11:22:00,49.69,49.69,49.69,49.69,100.0
2018-01-10 11:23:00,49.7,49.7,49.69,49.69,750.0
2018-01-10 11:24:00,49.71,49.7201,49.69,49.69,6073.0
2018-01-10 11:25:00,49.715,49.715,49.715,49.715,500.0
2018-01-10 11:26:00,49.715,49.72,49.71,49.72,5681.0
2018-01-10 11:27:00,49.725,49.725,49.71,49.71,2614.0
2018-01-10 11:28:00,49.715,49.72,49.71,49.72,4928.0
2018-01-10 11:29:00,49.71,49.715,49.7,49.71,7060.0
2018-01-10 11:30:00,49.71,49.71,49.71,49.71,100.0
2018-01-10 11:31:00,49.69,49.69,49.68,49.69,1055.0
2018-01-10 11:32:00,49.69,49.69,49.68,49.69,400.0
2018-01-10 11:33:00,49.69,49.69,49.69,49.69,200.0
2018-01-10 11:34:00,49.69,49.69,49.69,49.69,100.0
2018-01-10 11:35:00,49.73,49.73,49.69,49.69,4710.0
2018-01-10 11:36:00,49.71,49.72,49.71,49.72,2880.0
2018-01-10 11:37:00,49.715,49.715,49.71,49.71,300.0
2018-01-10 11:38:00,49.7,49.7,49.7,49.7,200.0
2018-01-10 11:39:00,49.725,49.725,49.71,49.71,2376.0
2018-01-10 11:40:00,49.73,49.73,49.73,49.73,300.0
2018-01-10 11:41:00,49.725,49.725,49.725,49.725,1000.0
2018-01-10 11:42:00,49.73,49.73,49.725,49.725,491.0
2018-01-10 11:43:00,49.73,49.73,49.72,49.73,800.0
2018-01-10 11:44:00,49.72,49.73,49.72,49.73,300.0
2018-01-10 11:45:00,49.725,49.73,49.725,49.73,9400.0
2018-01-10 11:46:00,49.72,49.73,49.72,49.73,600.0
2018-01-10 11:47:00,49.73,49.74,49.725,49.725,5609.0
2018-01-10 11:48:00,49.74,49.74,49.735,49.74,3202.0
2018-01-10 11:49:00,49.75,49.78,49.735,49.735,16546.0
2018-01-10 11:50:00,49.74,49.74,49.74,49.74,100.0
2018-01-10 11:51:00,49.71,49.73,49.7,49.73,7449.0
2018-01-10 11:52:00,49.715,49.72,49.715,49.715,1014.0
2018-01-10 11:53:00,49.72,49.72,49.715,49.715,3711.0
2018-01-10 11:54:00,49.74,49.74,49.72,49.73,2148.0
2018-01-10 11:55:00,49.72,49.74,49.72,49.74,2441.0
2018-01-10 11:56:00,49.715,49.73,49.715,49.715,400.0
2018-01-10 11:57:00,49.71,49.71,49.71,49.71,700.0
2018-01-10 11:58:00,49.66,49.7,49.66,49.7,1484.0
2018-01-10 11:59:00,49.68,49.68,49.67,49.67,1705.0
2018-01-10 12:00:00,49.66,49.68,49.66,49.675,3300.0
2018-01-10 12:01:00,49.635,49.65,49.635,49.65,520.0
2018-01-10 12:02:00,49.64,49.64,49.62,49.62,200.0
2018-01-10 12:03:00,49.635,49.635,49.635,49.635,100.0
2018-01-10 12:04:00,49.655,49.655,49.64,49.64,1904.0
2018-01-10 12:05:00,49.66,49.66,49.655,49.655,1100.0
2018-01-10 12:06:00,49.64,49.655,49.64,49.655,2000.0
2018-01-10 12:07:00,49.625,49.635,49.62,49.635,2400.0
2018-01-10 12:08:00,49.62,49.625,49.62,49.625,797.0
2018-01-10 12:09:00,49.63,49.63,49.62,49.62,1900.0
2018-01-10 12:10:00,49.63,49.63,49.61,49.62,3813.0
2018-01-10 12:11:00,49.63,49.63,49.63,49.63,100.0
2018-01-10 12:12:00,49.615,49.62,49.61,49.62,3316.0
2018-01-10 12:13:00,49.615,49.6175,49.6134,49.6175,418.0
2018-01-10 12:14:00,49.615,49.6175,49.61,49.6175,2110.0
2018-01-10 12:15:00,49.6061,49.61,49.6,49.61,3331.0
2018-01-10 12:16:00,49.6158,49.6158,49.61,49.61,941.0
2018-01-10 12:17:00,49.6,49.615,49.6,49.615,1038.0
2018-01-10 12:18:00,49.6,49.61,49.6,49.6001,400.0
2018-01-10 12:19:00,49.6,49.615,49.6,49.61,3580.0
2018-01-10 12:20:00,49.59,49.6,49.59,49.6,1608.0
2018-01-10 12:21:00,49.585,49.59,49.585,49.59,3375.0
2018-01-10 12:22:00,49.58,49.585,49.58,49.585,500.0
2018-01-10 12:23:00,49.585,49.585,49.585,49.585,100.0
2018-01-10 12:24:00,49.585,49.59,49.585,49.59,300.0
2018-01-10 12:25:00,49.59,49.6,49.585,49.59,2656.0
2018-01-10 12:26:00,49.595,49.6,49.595,49.6,200.0
2018-01-10 12:27:00,49.6,49.6,49.595,49.595,398.0
2018-01-10 12:28:00,49.59,49.59,49.59,49.59,200.0
2018-01-10 12:29:00,49.605,49.605,49.591,49.595,1951.0
2018-01-10 12:30:00,49.585,49.6,49.585,49.6,3223.0
2018-01-10 12:31:00,49.585,49.585,49.585,49.585,100.0
2018-01-10 12:32:00,49.5879,49.59,49.585,49.585,513.0
2018-01-10 12:33:00,49.6,49.6,49.59,49.59,1400.0
2018-01-10 12:34:00,49.6,49.6,49.59,49.5953,4019.0
2018-01-10 12:35:00,49.6,49.6,49.6,49.6,100.0
2018-01-10 12:36:00,49.59,49.595,49.59,49.5947,400.0
2018-01-10 12:37:00,49.595,49.595,49.59,49.59,1100.0
2018-01-10 12:38:00,49.595,49.6,49.595,49.6,302.0
2018-01-10 12:39:00,49.605,49.605,49.6,49.6,2300.0
2018-01-10 12:40:00,49.605,49.61,49.605,49.61,317.0
2018-01-10 12:41:00,49.605,49.605,49.6,49.6,352.0
2018-01-10 12:42:00,49.575,49.6,49.575,49.6,2341.0
2018-01-10 12:43:00,49.585,49.585,49.57,49.57,1921.0
2018-01-10 12:44:00,49.55,49.58,49.55,49.58,1780.0
2018-01-10 12:45:00,49.56,49.56,49.555,49.56,1000.0
2018-01-10 12:46:00,49.555,49.56,49.555,49.56,200.0
2018-01-10 12:47:00,49.56,49.56,49.555,49.555,800.0
2018-01-10 12:48:00,49.56,49.57,49.56,49.57,1540.0
2018-01-10 12:49:00,49.56,49.56,49.56,49.56,200.0
2018-01-10 12:50:00,49.57,49.58,49.57,49.57,3490.0
2018-01-10 12:51:00,49.57,49.575,49.57,49.57,1312.0
2018-01-10 12:52:00,49.59,49.59,49.575,49.575,1270.0
2018-01-10 12:53:00,49.58,49.595,49.58,49.595,1994.0
2018-01-10 12:54:00,49.57,49.58,49.55,49.58,1800.0
2018-01-10 12:55:00,49.57,49.57,49.57,49.57,200.0
2018-01-10 12:56:00,49.57,49.58,49.57,49.57,2500.0
2018-01-10 12:57:00,49.57,49.575,49.57,49.575,1298.0
2018-01-10 12:58:00,49.56,49.5718,49.56,49.5718,571.0
2018-01-10 12:59:00,49.56,49.57,49.56,49.57,3900.0
2018-01-10 13:00:00,49.55,49.55,49.55,49.55,200.0
2018-01-10 13:01:00,49.55,49.56,49.55,49.56,2530.0
2018-01-10 13:02:00,49.5358,49.55,49.5358,49.55,994.0
2018-01-10 13:03:00,49.54,49.54,49.535,49.535,1000.0
2018-01-10 13:04:00,49.56,49.56,49.54,49.54,3300.0
2018-01-10 13:05:00,49.55,49.56,49.55,49.56,2064.0
2018-01-10 13:06:00,49.55,49.55,49.54,49.54,200.0
2018-01-10 13:07:00,49.54,49.55,49.54,49.55,200.0
2018-01-10 13:08:00,49.55,49.55,49.5431,49.5431,2560.0
2018-01-10 13:09:00,49.54,49.55,49.54,49.55,1380.0
2018-01-10 13:10:00,49.53,49.54,49.53,49.54,700.0
2018-01-10 13:12:00,49.535,49.535,49.535,49.535,200.0
2018-01-10 13:13:00,49.54,49.54,49.535,49.535,2476.0
2018-01-10 13:14:00,49.54,49.5499,49.54,49.5499,1897.0
2018-01-10 13:15:00,49.5168,49.535,49.5168,49.53,1300.0
2018-01-10 13:16:00,49.51,49.51,49.51,49.51,100.0
2018-01-10 13:17:00,49.51,49.51,49.51,49.51,100.0
2018-01-10 13:18:00,49.52,49.52,49.51,49.51,200.0
2018-01-10 13:19:00,49.5,49.525,49.48,49.52,5215.0
2018-01-10 13:20:00,49.508,49.508,49.49,49.5,500.0
2018-01-10 13:21:00,49.5103,49.52,49.5,49.51,3500.0
2018-01-10 13:22:00,49.52,49.53,49.52,49.53,200.0
2018-01-10 13:23:00,49.54,49.54,49.525,49.53,1276.0
2018-01-10 13:24:00,49.535,49.54,49.53,49.535,540.0
2018-01-10 13:25:00,49.54,49.54,49.53,49.54,1010.0
2018-01-10 13:26:00,49.54,49.54,49.54,49.54,100.0
2018-01-10 13:27:00,49.535,49.535,49.53,49.535,300.0
2018-01-10 13:28:00,49.55,49.55,49.54,49.54,2300.0
2018-01-10 13:29:00,49.54,49.555,49.53,49.55,4101.0
2018-01-10 13:30:00,49.55,49.55,49.54,49.54,2200.0
2018-01-10 13:31:00,49.53,49.55,49.53,49.55,1225.0
2018-01-10 13:32:00,49.53,49.54,49.53,49.5384,846.0
2018-01-10 13:33:00,49.535,49.54,49.52,49.53,1672.0
2018-01-10 13:34:00,49.55,49.55,49.54,49.54,5100.0
2018-01-10 13:36:00,49.55,49.555,49.55,49.555,800.0
2018-01-10 13:37:00,49.56,49.56,49.55,49.55,200.0
2018-01-10 13:38:00,49.55,49.56,49.53,49.56,14500.0
2018-01-10 13:39:00,49.545,49.545,49.545,49.545,112.0
2018-01-10 13:40:00,49.55,49.55,49.55,49.55,100.0
2018-01-10 13:41:00,49.57,49.57,49.55,49.55,1100.0
2018-01-10 13:44:00,49.565,49.58,49.56,49.57,2500.0
2018-01-10 13:45:00,49.56,49.56,49.56,49.56,100.0
2018-01-10 13:47:00,49.56,49.57,49.55,49.57,3794.0
2018-01-10 13:48:00,49.56,49.56,49.56,49.56,200.0
2018-01-10 13:49:00,49.55,49.57,49.54,49.565,4700.0
2018-01-10 13:50:00,49.555,49.555,49.555,49.555,100.0
2018-01-10 13:51:00,49.56,49.56,49.56,49.56,800.0
2018-01-10 13:52:00,49.55,49.56,49.55,49.55,500.0
2018-01-10 13:53:00,49.55,49.56,49.55,49.55,513.0
2018-01-10 13:54:00,49.55,49.56,49.55,49.55,2022.0
2018-01-10 13:55:00,49.55,49.57,49.54,49.5675,3434.0
2018-01-10 13:56:00,49.55,49.55,49.53,49.55,4834.0
2018-01-10 13:57:00,49.55,49.55,49.54,49.54,300.0
2018-01-10 13:58:00,49.54,49.56,49.54,49.555,2000.0
2018-01-10 13:59:00,49.56,49.56,49.54,49.54,300.0
2018-01-10 14:00:00,49.55,49.56,49.54,49.56,3809.0
2018-01-10 14:01:00,49.56,49.565,49.56,49.56,3596.0
2018-01-10 14:02:00,49.56,49.56,49.55,49.555,300.0
2018-01-10 14:03:00,49.56,49.56,49.56,49.56,300.0
2018-01-10 14:04:00,49.56,49.56,49.55,49.56,400.0
2018-01-10 14:05:00,49.56,49.57,49.56,49.56,2671.0
2018-01-10 14:06:00,49.56,49.565,49.56,49.56,3215.0
2018-01-10 14:07:00,49.55,49.56,49.55,49.55,600.0
2018-01-10 14:08:00,49.55,49.56,49.55,49.56,500.0
2018-01-10 14:09:00,49.55,49.55,49.53,49.55,7790.0
2018-01-10 14:10:00,49.54,49.56,49.52,49.55,10152.0
2018-01-10 14:11:00,49.51,49.52,49.5,49.5,1200.0
2018-01-10 14:12:00,49.51,49.52,49.5086,49.52,2639.0
2018-01-10 14:13:00,49.5,49.51,49.5,49.51,300.0
2018-01-10 14:14:00,49.47,49.51,49.47,49.51,1500.0
2018-01-10 14:15:00,49.46,49.47,49.455,49.47,1757.0
2018-01-10 14:16:00,49.45,49.47,49.45,49.47,1100.0
2018-01-10 14:17:00,49.48,49.48,49.45,49.45,2660.0
2018-01-10 14:18:00,49.47,49.495,49.47,49.48,1573.0
2018-01-10 14:19:00,49.485,49.485,49.485,49.485,200.0
2018-01-10 14:20:00,49.47,49.47,49.47,49.47,100.0
2018-01-10 14:21:00,49.48,49.48,49.47,49.47,656.0
2018-01-10 14:22:00,49.47,49.47,49.47,49.47,400.0
2018-01-10 14:24:00,49.45,49.48,49.45,49.47,2644.0
2018-01-10 14:25:00,49.465,49.47,49.45,49.4575,800.0
2018-01-10 14:26:00,49.46,49.47,49.46,49.47,500.0
2018-01-10 14:27:00,49.5,49.5,49.465,49.465,5572.0
2018-01-10 14:28:00,49.5,49.5,49.48,49.5,3725.0
2018-01-10 14:29:00,49.51,49.51,49.5,49.5,1418.0
2018-01-10 14:30:00,49.55,49.55,49.52,49.52,1865.0
2018-01-10 14:31:00,49.57,49.58,49.5515,49.58,808.0
2018-01-10 14:32:00,49.57,49.58,49.57,49.58,430.0
2018-01-10 14:33:00,49.6,49.6,49.58,49.58,1307.0
2018-01-10 14:34:00,49.5834,49.59,49.58,49.58,4939.0
2018-01-10 14:35:00,49.595,49.595,49.585,49.585,838.0
2018-01-10 14:36:00,49.59,49.6,49.59,49.6,2429.0
2018-01-10 14:37:00,49.59,49.595,49.59,49.595,1119.0
2018-01-10 14:39:00,49.58,49.59,49.575,49.59,500.0
2018-01-10 14:40:00,49.5923,49.595,49.58,49.58,1828.0
2018-01-10 14:41:00,49.605,49.61,49.59,49.595,6551.0
2018-01-10 14:42:00,49.59,49.605,49.59,49.605,3294.0
2018-01-10 14:43:00,49.59,49.59,49.58,49.59,1199.0
2018-01-10 14:44:00,49.59,49.595,49.59,49.595,900.0
2018-01-10 14:45:00,49.58,49.6,49.58,49.59,1318.0
2018-01-10 14:46:00,49.59,49.59,49.585,49.585,200.0
2018-01-10 14:47:00,49.5901,49.5901,49.585,49.585,1836.0
2018-01-10 14:48:00,49.605,49.61,49.595,49.6,2233.0
2018-01-10 14:49:00,49.595,49.605,49.59,49.605,4200.0
2018-01-10 14:50:00,49.595,49.6,49.595,49.6,200.0
2018-01-10 14:51:00,49.605,49.61,49.595,49.6,2644.0
2018-01-10 14:52:00,49.615,49.62,49.605,49.61,2313.0
2018-01-10 14:53:00,49.61,49.61,49.59,49.61,4800.0
2018-01-10 14:54:00,49.61,49.61,49.61,49.61,400.0
2018-01-10 14:55:00,49.6,49.6,49.6,49.6,1100.0
2018-01-10 14:56:00,49.585,49.5953,49.58,49.595,1516.0
2018-01-10 14:57:00,49.575,49.59,49.575,49.58,4951.0
2018-01-10 14:58:00,49.58,49.59,49.575,49.575,1025.0
2018-01-10 14:59:00,49.595,49.595,49.59,49.59,1009.0
2018-01-10 15:00:00,49.6,49.6,49.595,49.595,500.0
2018-01-10 15:01:00,49.6,49.605,49.59,49.59,8156.0
2018-01-10 15:02:00,49.59,49.5982,49.59,49.5982,3817.0
2018-01-10 15:03:00,49.575,49.58,49.57,49.58,1199.0
2018-01-10 15:04:00,49.595,49.6,49.5747,49.5747,3921.0
2018-01-10 15:05:00,49.58,49.595,49.58,49.595,3242.0
2018-01-10 15:06:00,49.57,49.585,49.57,49.585,2164.0
2018-01-10 15:07:00,49.595,49.6001,49.58,49.59,6916.0
2018-01-10 15:08:00,49.58,49.59,49.5798,49.59,3222.0
2018-01-10 15:09:00,49.575,49.58,49.56,49.58,800.0
2018-01-10 15:10:00,49.585,49.585,49.58,49.58,300.0
2018-01-10 15:11:00,49.5847,49.59,49.58,49.585,1639.0
2018-01-10 15:12:00,49.57,49.585,49.57,49.585,2242.0
2018-01-10 15:13:00,49.575,49.575,49.57,49.575,1800.0
2018-01-10 15:14:00,49.59,49.59,49.575,49.58,3098.0
2018-01-10 15:15:00,49.585,49.585,49.58,49.58,500.0
2018-01-10 15:16:00,49.58,49.585,49.58,49.585,200.0
2018-01-10 15:17:00,49.56,49.58,49.56,49.58,6319.0
2018-01-10 15:18:00,49.56,49.565,49.55,49.56,3683.0
2018-01-10 15:19:00,49.57,49.58,49.565,49.565,4149.0
2018-01-10 15:20:00,49.58,49.58,49.57,49.575,300.0
2018-01-10 15:21:00,49.5764,49.58,49.57,49.58,1999.0
2018-01-10 15:22:00,49.575,49.58,49.575,49.575,2700.0
2018-01-10 15:23:00,49.575,49.58,49.57,49.575,1300.0
2018-01-10 15:24:00,49.615,49.625,49.58,49.58,11543.0
2018-01-10 15:25:00,49.64,49.64,49.615,49.62,8777.0
2018-01-10 15:26:00,49.64,49.64,49.63,49.64,2100.0
2018-01-10 15:27:00,49.635,49.65,49.63,49.64,11776.0
2018-01-10 15:28:00,49.63,49.635,49.62,49.635,4743.0
2018-01-10 15:29:00,49.625,49.63,49.625,49.63,622.0
2018-01-10 15:30:00,49.625,49.63,49.625,49.625,1900.0
2018-01-10 15:31:00,49.63,49.63,49.625,49.625,6963.0
2018-01-10 15:32:00,49.64,49.65,49.635,49.635,2806.0
2018-01-10 15:33:00,49.65,49.65,49.645,49.65,3511.0
2018-01-10 15:34:00,49.67,49.67,49.65,49.65,6811.0
2018-01-10 15:35:00,49.67,49.67,49.66,49.67,1513.0
2018-01-10 15:36:00,49.66,49.6648,49.65,49.6648,4182.0
2018-01-10 15:37:00,49.655,49.66,49.65,49.655,500.0
2018-01-10 15:38:00,49.65,49.66,49.64,49.65,5189.0
2018-01-10 15:39:00,49.66,49.66,49.64,49.645,13215.0
2018-01-10 15:40:00,49.695,49.695,49.66,49.66,7261.0
2018-01-10 15:41:00,49.7,49.71,49.7,49.7,6296.0
2018-01-10 15:42:00,49.7,49.7,49.695,49.695,1000.0
2018-01-10 15:43:00,49.73,49.74,49.7,49.7,5485.0
2018-01-10 15:44:00,49.74,49.74,49.73,49.735,6365.0
2018-01-10 15:45:00,49.735,49.74,49.73,49.735,3000.0
2018-01-10 15:46:00,49.7474,49.75,49.73,49.74,6591.0
2018-01-10 15:47:00,49.775,49.775,49.745,49.745,6527.0
2018-01-10 15:48:00,49.78,49.78,49.77,49.78,2500.0
2018-01-10 15:49:00,49.78,49.78,49.77,49.775,2550.0
2018-01-10 15:50:00,49.73,49.78,49.72,49.7725,13330.0
2018-01-10 15:51:00,49.76,49.76,49.73,49.73,8141.0
2018-01-10 15:52:00,49.765,49.765,49.75,49.76,5936.0
2018-01-10 15:53:00,49.78,49.78,49.76,49.765,7557.0
2018-01-10 15:54:00,49.79,49.79,49.775,49.78,4150.0
2018-01-10 15:55:00,49.77,49.79,49.765,49.79,10607.0
2018-01-10 15:56:00,49.785,49.79,49.7625,49.77,14577.0
2018-01-10 15:57:00,49.79,49.79,49.77,49.785,9814.0
2018-01-10 15:58:00,49.785,49.79,49.785,49.79,8234.0
2018-01-10 15:59:00,49.79,49.8,49.78,49.79,16351.0
2018-01-10 16:00:00,49.78,49.81,49.775,49.78,35871.0
2018-01-11 09:30:00,49.72,49.72,49.72,49.72,10343.0
2018-01-11 09:31:00,49.75,49.9,49.68,49.9,3594.0
2018-01-11 09:32:00,49.65,49.72,49.63,49.69,9120.0
2018-01-11 09:33:00,49.64,49.68,49.59,49.66,7690.0
2018-01-11 09:34:00,49.53,49.67,49.49,49.67,18422.0
2018-01-11 09:35:00,49.53,49.6,49.44,49.53,7468.0
2018-01-11 09:36:00,49.47,49.55,49.47,49.5,2200.0
2018-01-11 09:37:00,49.44,49.55,49.44,49.52,9341.0
2018-01-11 09:38:00,49.45,49.51,49.45,49.47,6772.0
2018-01-11 09:39:00,49.48,49.53,49.43,49.43,8558.0
2018-01-11 09:40:00,49.58,49.58,49.45,49.48,15024.0
2018-01-11 09:41:00,49.5,49.7,49.46,49.58,44200.0
2018-01-11 09:42:00,49.43,49.57,49.4,49.54,4100.0
2018-01-11 09:43:00,49.42,49.48,49.4,49.45,7500.0
2018-01-11 09:44:00,49.48,49.56,49.37,49.42,23587.0
2018-01-11 09:45:00,49.47,49.55,49.39,49.4466,19105.0
2018-01-11 09:46:00,49.42,49.54,49.36,49.42,20192.0
2018-01-11 09:47:00,49.42,49.48,49.42,49.45,1931.0
2018-01-11 09:48:00,49.43,49.47,49.43,49.47,500.0
2018-01-11 09:49:00,49.42,49.46,49.4,49.42,3700.0
2018-01-11 09:50:00,49.35,49.45,49.35,49.45,5938.0
2018-01-11 09:51:00,49.41,49.5,49.35,49.35,8608.0
2018-01-11 09:52:00,49.48,49.48,49.42,49.42,2407.0
2018-01-11 09:53:00,49.45,49.53,49.45,49.49,2912.0
2018-01-11 09:54:00,49.43,49.48,49.43,49.465,1900.0
2018-01-11 09:55:00,49.42,49.46,49.42,49.43,5100.0
2018-01-11 09:56:00,49.47,49.47,49.43,49.44,3819.0
2018-01-11 09:57:00,49.485,49.49,49.45,49.48,1100.0
2018-01-11 09:58:00,49.42,49.47,49.42,49.47,1900.0
2018-01-11 09:59:00,49.43,49.45,49.41,49.42,4535.0
2018-01-11 10:00:00,49.4449,49.4449,49.41,49.44,2705.0
2018-01-11 10:01:00,49.44,49.44,49.43,49.43,2918.0
2018-01-11 10:02:00,49.48,49.49,49.43,49.43,4341.0
2018-01-11 10:03:00,49.5,49.51,49.47,49.47,2595.0
2018-01-11 10:04:00,49.48,49.53,49.48,49.53,6806.0
2018-01-11 10:05:00,49.45,49.47,49.41,49.47,9388.0
2018-01-11 10:06:00,49.39,49.41,49.39,49.41,5555.0
2018-01-11 10:07:00,49.44,49.44,49.39,49.39,25196.0
2018-01-11 10:08:00,49.45,49.48,49.38,49.45,37248.0
2018-01-11 10:09:00,49.39,49.49,49.39,49.48,18590.0
2018-01-11 10:10:00,49.39,49.4269,49.39,49.42,2712.0
2018-01-11 10:11:00,49.38,49.4,49.37,49.39,11068.0
2018-01-11 10:12:00,49.3,49.43,49.3,49.38,9679.0
2018-01-11 10:13:00,49.27,49.31,49.25,49.31,5888.0
2018-01-11 10:14:00,49.32,49.33,49.285,49.285,7898.0
2018-01-11 10:15:00,49.31,49.33,49.31,49.31,1000.0
2018-01-11 10:16:00,49.29,49.32,49.28,49.31,4497.0
2018-01-11 10:17:00,49.316,49.316,49.29,49.29,2229.0
2018-01-11 10:18:00,49.3,49.3098,49.28,49.3098,6252.0
2018-01-11 10:19:00,49.26,49.31,49.26,49.31,10378.0
2018-01-11 10:20:00,49.3,49.3,49.275,49.275,1927.0
2018-01-11 10:21:00,49.32,49.37,49.295,49.31,9400.0
2018-01-11 10:22:00,49.33,49.34,49.31,49.31,3101.0
2018-01-11 10:23:00,49.355,49.37,49.33,49.335,5947.0
2018-01-11 10:24:00,49.28,49.35,49.28,49.35,6506.0
2018-01-11 10:25:00,49.26,49.29,49.26,49.29,10478.0
2018-01-11 10:26:00,49.33,49.33,49.26,49.28,4041.0
2018-01-11 10:27:00,49.32,49.33,49.32,49.33,2100.0
2018-01-11 10:28:00,49.3,49.33,49.28,49.32,5643.0
2018-01-11 10:29:00,49.39,49.39,49.29,49.29,6843.0
2018-01-11 10:30:00,49.34,49.4,49.34,49.39,2906.0
2018-01-11 10:31:00,49.39,49.39,49.34,49.34,5450.0
2018-01-11 10:32:00,49.37,49.405,49.37,49.4,3983.0
2018-01-11 10:33:00,49.355,49.3656,49.35,49.35,1200.0
2018-01-11 10:34:00,49.36,49.36,49.33,49.355,3423.0
2018-01-11 10:35:00,49.33,49.39,49.33,49.37,15000.0
2018-01-11 10:36:00,49.32,49.335,49.3,49.3301,2405.0
2018-01-11 10:37:00,49.3056,49.3056,49.3056,49.3056,100.0
2018-01-11 10:38:00,49.33,49.33,49.31,49.32,2802.0
2018-01-11 10:39:00,49.34,49.34,49.32,49.32,200.0
2018-01-11 10:40:00,49.3,49.32,49.27,49.32,3174.0
2018-01-11 10:41:00,49.31,49.31,49.3,49.3,1100.0
2018-01-11 10:42:00,49.33,49.35,49.33,49.35,200.0
2018-01-11 10:43:00,49.3484,49.3484,49.32,49.32,500.0
2018-01-11 10:44:00,49.3425,49.3425,49.335,49.335,200.0
2018-01-11 10:45:00,49.32,49.35,49.32,49.335,800.0
2018-01-11 10:47:00,49.33,49.33,49.33,49.33,800.0
2018-01-11 10:48:00,49.38,49.38,49.33,49.34,2055.0
2018-01-11 10:49:00,49.3706,49.38,49.36,49.37,4242.0
2018-01-11 10:50:00,49.37,49.37,49.37,49.37,600.0
2018-01-11 10:51:00,49.38,49.39,49.37,49.38,2403.0
2018-01-11 10:52:00,49.4,49.4,49.37,49.39,3732.0
2018-01-11 10:53:00,49.44,49.45,49.4,49.4,4956.0
2018-01-11 10:54:00,49.46,49.46,49.45,49.45,979.0
2018-01-11 10:55:00,49.45,49.47,49.45,49.47,2983.0
2018-01-11 10:56:00,49.49,49.49,49.42,49.45,3743.0
2018-01-11 10:57:00,49.45,49.49,49.45,49.49,1600.0
2018-01-11 10:58:00,49.44,49.46,49.44,49.46,640.0
2018-01-11 10:59:00,49.46,49.46,49.45,49.45,400.0
2018-01-11 11:00:00,49.43,49.45,49.42,49.45,2148.0
2018-01-11 11:01:00,49.48,49.49,49.43,49.43,5468.0
2018-01-11 11:02:00,49.47,49.49,49.47,49.48,1799.0
2018-01-11 11:03:00,49.48,49.48,49.47,49.47,1121.0
2018-01-11 11:04:00,49.42100000000001,49.46,49.42100000000001,49.46,1281.0
2018-01-11 11:05:00,49.43,49.43,49.42,49.42,600.0
2018-01-11 11:06:00,49.45,49.45,49.435,49.435,1295.0
2018-01-11 11:07:00,49.46,49.46,49.44,49.44,1107.0
2018-01-11 11:08:00,49.48,49.49,49.45,49.45,1800.0
2018-01-11 11:09:00,49.47,49.48,49.47,49.48,1180.0
2018-01-11 11:10:00,49.4503,49.48,49.4503,49.48,994.0
2018-01-11 11:11:00,49.46,49.46,49.46,49.46,400.0
2018-01-11 11:12:00,49.49,49.5,49.48,49.48,2207.0
2018-01-11 11:13:00,49.5,49.5,49.49,49.5,1071.0
2018-01-11 11:14:00,49.49,49.49,49.48,49.49,680.0
2018-01-11 11:15:00,49.48,49.5,49.48,49.5,1025.0
2018-01-11 11:16:00,49.51,49.51,49.5,49.5,2300.0
2018-01-11 11:17:00,49.49,49.49,49.49,49.49,100.0
2018-01-11 11:18:00,49.5,49.525,49.49,49.49,3367.0
2018-01-11 11:19:00,49.4901,49.51,49.49,49.49,450.0
2018-01-11 11:20:00,49.49,49.56,49.49,49.5,4296.0
2018-01-11 11:21:00,49.49,49.49,49.49,49.49,1163.0
2018-01-11 11:22:00,49.4875,49.49,49.4875,49.49,800.0
2018-01-11 11:23:00,49.525,49.53,49.495,49.4971,2730.0
2018-01-11 11:24:00,49.51,49.53,49.5,49.53,1602.0
2018-01-11 11:25:00,49.52,49.52,49.51,49.51,500.0
2018-01-11 11:26:00,49.5352,49.54,49.51,49.51,1080.0
2018-01-11 11:27:00,49.52,49.535,49.515,49.535,2670.0
2018-01-11 11:28:00,49.52,49.525,49.5101,49.52,3052.0
2018-01-11 11:29:00,49.515,49.515,49.51,49.515,400.0
2018-01-11 11:30:00,49.525,49.53,49.515,49.515,2796.0
2018-01-11 11:31:00,49.55,49.55,49.5276,49.5276,2454.0
2018-01-11 11:32:00,49.555,49.5552,49.53,49.54,2443.0
2018-01-11 11:33:00,49.55,49.555,49.55,49.55,1355.0
2018-01-11 11:34:00,49.555,49.555,49.555,49.555,200.0
2018-01-11 11:35:00,49.56100000000001,49.58,49.56,49.56,3498.0
2018-01-11 11:36:00,49.58,49.58,49.565,49.565,1366.0
2018-01-11 11:38:00,49.57,49.58,49.57,49.58,300.0
2018-01-11 11:39:00,49.5816,49.5816,49.58,49.58,1310.0
2018-01-11 11:40:00,49.59,49.59,49.57,49.59,300.0
2018-01-11 11:41:00,49.58,49.58,49.58,49.58,100.0
2018-01-11 11:42:00,49.58,49.59,49.5771,49.5777,913.0
2018-01-11 11:43:00,49.585,49.585,49.57,49.57,200.0
2018-01-11 11:44:00,49.575,49.58,49.57,49.58,8180.0
2018-01-11 11:45:00,49.565,49.575,49.565,49.57,2320.0
2018-01-11 11:46:00,49.58,49.58,49.565,49.565,2879.0
2018-01-11 11:47:00,49.58,49.58,49.57,49.58,800.0
2018-01-11 11:48:00,49.5702,49.59,49.5702,49.59,500.0
2018-01-11 11:50:00,49.57,49.58,49.56,49.58,2877.0
2018-01-11 11:51:00,49.565,49.57,49.5603,49.57,1399.0
2018-01-11 11:52:00,49.6,49.6,49.56,49.57,3954.0
2018-01-11 11:53:00,49.6,49.6,49.59,49.595,2270.0
2018-01-11 11:54:00,49.65,49.65,49.61,49.61,1918.0
2018-01-11 11:55:00,49.63,49.63,49.63,49.63,2002.0
2018-01-11 11:56:00,49.64,49.65,49.635,49.635,2467.0
2018-01-11 11:57:00,49.625,49.64,49.625,49.64,600.0
2018-01-11 11:58:00,49.635,49.65,49.625,49.625,1940.0
2018-01-11 11:59:00,49.62,49.635,49.62,49.63,1100.0
2018-01-11 12:00:00,49.62,49.6275,49.62,49.6275,200.0
2018-01-11 12:01:00,49.63,49.63,49.61,49.625,1817.0
2018-01-11 12:03:00,49.635,49.635,49.63,49.635,1183.0
2018-01-11 12:04:00,49.6581,49.66,49.64,49.64,5273.0
2018-01-11 12:05:00,49.63,49.65,49.63,49.6425,1769.0
2018-01-11 12:07:00,49.64,49.64,49.64,49.64,600.0
2018-01-11 12:08:00,49.645,49.645,49.6434,49.6434,400.0
2018-01-11 12:09:00,49.65,49.65,49.645,49.645,700.0
2018-01-11 12:10:00,49.64,49.645,49.635,49.645,3233.0
2018-01-11 12:11:00,49.64,49.64,49.64,49.64,100.0
2018-01-11 12:12:00,49.644,49.644,49.64,49.64,400.0
2018-01-11 12:13:00,49.645,49.65,49.64,49.64,300.0
2018-01-11 12:14:00,49.66,49.66,49.64,49.64,1989.0
2018-01-11 12:15:00,49.65,49.65,49.65,49.65,100.0
2018-01-11 12:16:00,49.66,49.66,49.66,49.66,1099.0
2018-01-11 12:17:00,49.65,49.65,49.65,49.65,100.0
2018-01-11 12:18:00,49.655,49.655,49.655,49.655,100.0
2018-01-11 12:19:00,49.655,49.655,49.655,49.655,100.0
2018-01-11 12:20:00,49.65,49.655,49.64,49.655,3093.0
2018-01-11 12:21:00,49.645,49.65,49.6405,49.65,1280.0
2018-01-11 12:22:00,49.625,49.645,49.625,49.64,1990.0
2018-01-11 12:23:00,49.635,49.635,49.63,49.63,1338.0
2018-01-11 12:24:00,49.655,49.655,49.635,49.64,2454.0
2018-01-11 12:25:00,49.65,49.659,49.65,49.659,2030.0
2018-01-11 12:26:00,49.66,49.66,49.66,49.66,100.0
2018-01-11 12:27:00,49.65,49.65,49.65,49.65,200.0
2018-01-11 12:28:00,49.645,49.65,49.64,49.645,846.0
2018-01-11 12:29:00,49.66,49.66,49.65,49.65,2687.0
2018-01-11 12:30:00,49.665,49.67,49.66,49.66,800.0
2018-01-11 12:31:00,49.66,49.66,49.66,49.66,100.0
2018-01-11 12:32:00,49.645,49.66,49.64,49.66,3917.0
2018-01-11 12:33:00,49.66,49.66,49.64,49.645,3757.0
2018-01-11 12:34:00,49.66,49.665,49.66,49.665,200.0
2018-01-11 12:35:00,49.66,49.6662,49.66,49.6662,1015.0
2018-01-11 12:36:00,49.66,49.665,49.66,49.66,502.0
2018-01-11 12:37:00,49.685,49.685,49.67,49.67,7458.0
2018-01-11 12:38:00,49.69,49.69,49.69,49.69,213.0
2018-01-11 12:39:00,49.685,49.69,49.68,49.69,4782.0
2018-01-11 12:40:00,49.715,49.72,49.685,49.69,1743.0
2018-01-11 12:41:00,49.705,49.71,49.705,49.71,1200.0
2018-01-11 12:42:00,49.705,49.71,49.7,49.705,1100.0
2018-01-11 12:43:00,49.69,49.7,49.69,49.7,1090.0
2018-01-11 12:44:00,49.7,49.7,49.69,49.69,2284.0
2018-01-11 12:45:00,49.67,49.7,49.67,49.7,4820.0
2018-01-11 12:46:00,49.685,49.69,49.665,49.67,2812.0
2018-01-11 12:47:00,49.68,49.69,49.675,49.69,1141.0
2018-01-11 12:48:00,49.69,49.7,49.68,49.68,1575.0
2018-01-11 12:49:00,49.6875,49.695,49.6875,49.695,1900.0
2018-01-11 12:50:00,49.69,49.7,49.685,49.69,866.0
2018-01-11 12:51:00,49.69,49.695,49.69,49.695,300.0
2018-01-11 12:52:00,49.71,49.71,49.695,49.7,1221.0
2018-01-11 12:53:00,49.69,49.7,49.69,49.7,1601.0
2018-01-11 12:54:00,49.695,49.695,49.695,49.695,100.0
2018-01-11 12:55:00,49.7,49.705,49.69,49.695,4505.0
2018-01-11 12:56:00,49.68,49.695,49.68,49.695,1000.0
2018-01-11 12:57:00,49.685,49.685,49.685,49.685,100.0
2018-01-11 12:58:00,49.64,49.68,49.64,49.68,8233.0
2018-01-11 12:59:00,49.64,49.64,49.64,49.64,300.0
2018-01-11 13:00:00,49.63,49.65,49.63,49.65,790.0
2018-01-11 13:01:00,49.63,49.63,49.63,49.63,600.0
2018-01-11 13:02:00,49.65,49.66,49.62,49.62,5914.0
2018-01-11 13:03:00,49.65,49.65,49.64,49.65,1100.0
2018-01-11 13:04:00,49.63,49.645,49.63,49.645,1100.0
2018-01-11 13:05:00,49.63,49.63,49.6284,49.63,400.0
2018-01-11 13:06:00,49.63,49.63,49.6228,49.6228,300.0
2018-01-11 13:07:00,49.64,49.65,49.63,49.63,2048.0
2018-01-11 13:08:00,49.64,49.64,49.635,49.635,200.0
2018-01-11 13:09:00,49.64,49.64,49.635,49.64,2208.0
2018-01-11 13:10:00,49.65,49.65,49.64,49.64,680.0
2018-01-11 13:11:00,49.65,49.65,49.64,49.64,690.0
2018-01-11 13:12:00,49.65,49.66,49.65,49.65,2307.0
2018-01-11 13:13:00,49.63,49.65,49.63,49.65,1890.0
2018-01-11 13:14:00,49.635,49.635,49.63,49.63,300.0
2018-01-11 13:15:00,49.625,49.64,49.62,49.63,1550.0
2018-01-11 13:16:00,49.63,49.635,49.63,49.63,1516.0
2018-01-11 13:17:00,49.625,49.63,49.625,49.63,830.0
2018-01-11 13:18:00,49.63,49.64,49.62,49.63,9435.0
2018-01-11 13:19:00,49.635,49.635,49.63,49.63,300.0
2018-01-11 13:20:00,49.635,49.64,49.635,49.64,700.0
2018-01-11 13:21:00,49.665,49.67,49.65,49.65,2246.0
2018-01-11 13:22:00,49.68,49.68,49.68,49.68,100.0
2018-01-11 13:23:00,49.675,49.675,49.67,49.675,485.0
2018-01-11 13:24:00,49.66,49.67,49.66,49.67,915.0
2018-01-11 13:25:00,49.66,49.66,49.66,49.66,200.0
2018-01-11 13:26:00,49.66,49.66,49.65,49.66,300.0
2018-01-11 13:27:00,49.67,49.67,49.66,49.66,4676.0
2018-01-11 13:28:00,49.66,49.67,49.6594,49.66,1209.0
2018-01-11 13:29:00,49.65,49.66,49.65,49.655,500.0
2018-01-11 13:30:00,49.655,49.66,49.655,49.66,200.0
2018-01-11 13:31:00,49.63,49.65,49.62,49.65,2050.0
2018-01-11 13:33:00,49.595,49.62,49.59,49.62,1420.0
2018-01-11 13:34:00,49.58,49.59,49.58,49.59,889.0
2018-01-11 13:35:00,49.58,49.59,49.56,49.58,5459.0
2018-01-11 13:36:00,49.59,49.59,49.59,49.59,700.0
2018-01-11 13:37:00,49.57,49.59,49.56,49.59,2909.0
2018-01-11 13:38:00,49.585,49.585,49.571000000000005,49.571000000000005,2396.0
2018-01-11 13:39:00,49.57,49.57,49.57,49.57,105.0
2018-01-11 13:40:00,49.56,49.56,49.56,49.56,600.0
2018-01-11 13:41:00,49.56,49.56,49.55,49.56,1432.0
2018-01-11 13:42:00,49.55,49.56,49.55,49.56,1140.0
2018-01-11 13:43:00,49.555,49.56,49.55,49.55,2840.0
2018-01-11 13:44:00,49.54,49.55,49.54,49.55,2126.0
2018-01-11 13:45:00,49.54,49.55,49.54,49.55,1750.0
2018-01-11 13:46:00,49.56,49.56,49.545,49.55,2424.0
2018-01-11 13:47:00,49.53,49.5447,49.53,49.5447,1056.0
2018-01-11 13:48:00,49.5318,49.5318,49.53,49.53,1045.0
2018-01-11 13:49:00,49.53,49.535,49.53,49.53,600.0
2018-01-11 13:50:00,49.505,49.54,49.5,49.53,5533.0
2018-01-11 13:51:00,49.49,49.505,49.49,49.5,681.0
2018-01-11 13:52:00,49.495,49.495,49.49,49.495,930.0
2018-01-11 13:53:00,49.49,49.49,49.49,49.49,294.0
2018-01-11 13:54:00,49.4751,49.495,49.4751,49.49,2725.0
2018-01-11 13:55:00,49.47,49.47,49.455,49.47,5359.0
2018-01-11 13:56:00,49.47,49.48,49.47,49.48,300.0
2018-01-11 13:57:00,49.5,49.5,49.48,49.48,2690.0
2018-01-11 13:58:00,49.49,49.49,49.49,49.49,100.0
2018-01-11 13:59:00,49.48,49.51,49.47,49.48,2151.0
2018-01-11 14:00:00,49.465,49.48,49.465,49.48,369.0
2018-01-11 14:01:00,49.465,49.465,49.465,49.465,400.0
2018-01-11 14:02:00,49.425,49.47,49.425,49.46,5414.0
2018-01-11 14:03:00,49.44,49.44,49.425,49.425,1317.0
2018-01-11 14:04:00,49.42,49.44,49.42,49.44,1561.0
2018-01-11 14:05:00,49.425,49.425,49.4101,49.4101,400.0
2018-01-11 14:06:00,49.41,49.425,49.41,49.425,473.0
2018-01-11 14:07:00,49.36,49.41,49.36,49.41,3141.0
2018-01-11 14:08:00,49.38,49.385,49.37,49.38,1600.0
2018-01-11 14:09:00,49.39,49.39,49.36,49.37,3729.0
2018-01-11 14:10:00,49.385,49.4,49.385,49.39,2331.0
2018-01-11 14:11:00,49.4,49.4,49.385,49.39,1947.0
2018-01-11 14:12:00,49.38,49.4,49.38,49.39,2373.0
2018-01-11 14:13:00,49.39,49.39,49.38,49.3831,1885.0
2018-01-11 14:14:00,49.38,49.38,49.38,49.38,100.0
2018-01-11 14:15:00,49.37,49.39,49.37,49.39,1200.0
2018-01-11 14:16:00,49.37,49.37,49.365,49.365,1850.0
2018-01-11 14:17:00,49.33,49.3601,49.33,49.36,7360.0
2018-01-11 14:18:00,49.34,49.35,49.3299,49.33,4874.0
2018-01-11 14:20:00,49.34,49.34,49.34,49.34,200.0
2018-01-11 14:21:00,49.34,49.34,49.33,49.33,1209.0
2018-01-11 14:22:00,49.325,49.335,49.32,49.335,1388.0
2018-01-11 14:23:00,49.32,49.35,49.32,49.32,11537.0
2018-01-11 14:24:00,49.32,49.34,49.32,49.32,2681.0
2018-01-11 14:25:00,49.3234,49.325,49.32,49.325,400.0
2018-01-11 14:26:00,49.335,49.34,49.325,49.33,4865.0
2018-01-11 14:27:00,49.33,49.34,49.33,49.33,2646.0
2018-01-11 14:28:00,49.345,49.345,49.32,49.32,2812.0
2018-01-11 14:29:00,49.34,49.345,49.34,49.345,400.0
2018-01-11 14:30:00,49.33,49.34,49.325,49.34,2802.0
2018-01-11 14:31:00,49.34,49.34,49.33,49.33,800.0
2018-01-11 14:32:00,49.345,49.35,49.34,49.34,1778.0
2018-01-11 14:33:00,49.345,49.35,49.345,49.35,2529.0
2018-01-11 14:34:00,49.33,49.34,49.33,49.34,1523.0
2018-01-11 14:35:00,49.325,49.325,49.32,49.32,200.0
2018-01-11 14:36:00,49.335,49.34,49.325,49.33,1377.0
2018-01-11 14:37:00,49.32,49.33,49.315,49.33,2326.0
2018-01-11 14:38:00,49.32,49.32,49.31,49.3101,1493.0
2018-01-11 14:39:00,49.315,49.315,49.315,49.315,200.0
2018-01-11 14:40:00,49.3169,49.3169,49.315,49.315,669.0
2018-01-11 14:41:00,49.32,49.32,49.31,49.31,4119.0
2018-01-11 14:42:00,49.325,49.33,49.325,49.33,1136.0
2018-01-11 14:43:00,49.35,49.35,49.325,49.33,12769.0
2018-01-11 14:44:00,49.35,49.35,49.34,49.34,300.0
2018-01-11 14:45:00,49.33,49.35,49.33,49.35,2900.0
2018-01-11 14:46:00,49.33,49.33,49.33,49.33,100.0
2018-01-11 14:47:00,49.33,49.34,49.33,49.33,501.0
2018-01-11 14:48:00,49.35,49.35,49.33,49.34,3793.0
2018-01-11 14:49:00,49.355,49.36,49.35,49.3555,1358.0
2018-01-11 14:50:00,49.345,49.3534,49.34,49.3534,1750.0
2018-01-11 14:51:00,49.345,49.35,49.345,49.345,300.0
2018-01-11 14:52:00,49.34,49.35,49.33,49.34,6455.0
2018-01-11 14:53:00,49.34,49.35,49.34,49.35,722.0
2018-01-11 14:54:00,49.35,49.35,49.35,49.35,200.0
2018-01-11 14:55:00,49.345,49.345,49.34,49.34,488.0
2018-01-11 14:56:00,49.35,49.36,49.34,49.345,2389.0
2018-01-11 14:57:00,49.37,49.37,49.35,49.35,2118.0
2018-01-11 14:58:00,49.37,49.38,49.37,49.37,1994.0
2018-01-11 14:59:00,49.39,49.39,49.39,49.39,100.0
2018-01-11 15:00:00,49.37,49.38,49.37,49.37,650.0
2018-01-11 15:01:00,49.365,49.37,49.36,49.37,1861.0
2018-01-11 15:02:00,49.34,49.37,49.34,49.365,6533.0
2018-01-11 15:03:00,49.35,49.35,49.34,49.35,2400.0
2018-01-11 15:04:00,49.345,49.35,49.345,49.35,800.0
2018-01-11 15:05:00,49.345,49.35,49.345,49.345,1307.0
2018-01-11 15:06:00,49.35,49.36,49.345,49.345,12862.0
2018-01-11 15:07:00,49.34,49.35,49.34,49.34,1158.0
2018-01-11 15:08:00,49.31,49.34,49.31,49.34,1350.0
2018-01-11 15:09:00,49.3,49.31,49.27,49.31,6438.0
2018-01-11 15:10:00,49.28,49.31,49.28,49.31,1871.0
2018-01-11 15:11:00,49.28,49.29,49.28,49.28,1400.0
2018-01-11 15:12:00,49.27,49.28,49.27,49.27,1123.0
2018-01-11 15:13:00,49.27,49.27,49.26,49.26,3437.0
2018-01-11 15:14:00,49.29,49.29,49.27,49.27,2500.0
2018-01-11 15:15:00,49.27,49.285,49.27,49.28,2039.0
2018-01-11 15:16:00,49.28,49.28,49.27,49.28,1900.0
2018-01-11 15:17:00,49.275,49.28,49.275,49.28,1202.0
2018-01-11 15:18:00,49.28,49.28,49.27,49.27,1000.0
2018-01-11 15:19:00,49.29,49.3033,49.275,49.275,6649.0
2018-01-11 15:20:00,49.31,49.31,49.29,49.295,2322.0
2018-01-11 15:21:00,49.305,49.305,49.3,49.3,503.0
2018-01-11 15:22:00,49.3,49.305,49.3,49.3,792.0
2018-01-11 15:23:00,49.285,49.3,49.27,49.3,7590.0
2018-01-11 15:24:00,49.295,49.295,49.29,49.29,2400.0
2018-01-11 15:25:00,49.305,49.305,49.3,49.3,3107.0
2018-01-11 15:26:00,49.295,49.305,49.29,49.303999999999995,2533.0
2018-01-11 15:27:00,49.29,49.295,49.29,49.29,901.0
2018-01-11 15:28:00,49.29,49.29,49.29,49.29,900.0
2018-01-11 15:29:00,49.31,49.31,49.29,49.29,3746.0
2018-01-11 15:30:00,49.31,49.315,49.3,49.31,4301.0
2018-01-11 15:31:00,49.305,49.305,49.305,49.305,763.0
2018-01-11 15:32:00,49.3,49.31,49.3,49.3,1400.0
2018-01-11 15:33:00,49.27,49.31,49.255,49.3,14026.0
2018-01-11 15:34:00,49.265,49.27,49.26,49.27,1752.0
2018-01-11 15:35:00,49.285,49.285,49.265,49.27,6098.0
2018-01-11 15:36:00,49.26,49.28,49.26,49.28,3000.0
2018-01-11 15:37:00,49.27,49.28,49.27,49.27,3500.0
2018-01-11 15:38:00,49.3,49.3,49.275,49.275,8700.0
2018-01-11 15:39:00,49.293,49.3,49.29,49.29,1239.0
2018-01-11 15:40:00,49.3,49.31,49.285,49.29,9111.0
2018-01-11 15:41:00,49.305,49.31,49.295,49.31,4202.0
2018-01-11 15:42:00,49.315,49.32,49.3,49.31,3600.0
2018-01-11 15:43:00,49.32,49.32,49.31,49.31,3131.0
2018-01-11 15:44:00,49.34,49.34,49.325,49.33,6430.0
2018-01-11 15:45:00,49.36,49.36,49.34,49.34,4835.0
2018-01-11 15:46:00,49.35,49.36,49.34,49.355,14897.0
2018-01-11 15:47:00,49.35,49.36,49.35,49.355,2132.0
2018-01-11 15:48:00,49.35,49.355,49.345,49.35,7293.0
2018-01-11 15:49:00,49.36,49.37,49.35,49.35,5205.0
2018-01-11 15:50:00,49.36,49.37,49.33,49.36,10731.0
2018-01-11 15:51:00,49.38,49.38,49.345,49.365,10820.0
2018-01-11 15:52:00,49.375,49.38,49.37,49.37,2554.0
2018-01-11 15:53:00,49.35,49.38,49.35,49.37,7066.0
2018-01-11 15:54:00,49.35,49.36,49.34,49.355,8803.0
2018-01-11 15:55:00,49.365,49.365,49.35,49.355,7060.0
2018-01-11 15:56:00,49.375,49.38,49.3699,49.3699,10650.0
2018-01-11 15:57:00,49.355,49.38,49.35,49.375,9331.0
2018-01-11 15:58:00,49.355,49.36,49.345,49.35,12528.0
2018-01-11 15:59:00,49.36,49.36,49.34,49.35,18847.0
2018-01-11 16:00:00,49.36,49.3799,49.35,49.355,23672.0
2018-01-12 09:30:00,49.49,49.49,49.49,49.49,14546.0
2018-01-12 09:31:00,49.45,49.54,49.45,49.5,1100.0
2018-01-12 09:32:00,49.38,49.475,49.38,49.475,1500.0
2018-01-12 09:33:00,49.29,49.38,49.29,49.38,1759.0
2018-01-12 09:34:00,49.24,49.29,49.24,49.29,1620.0
2018-01-12 09:35:00,49.25,49.3299,49.24,49.24,530.0
2018-01-12 09:36:00,49.263999999999996,49.34,49.2601,49.34,670.0
2018-01-12 09:37:00,49.27,49.3,49.24,49.25,1089.0
2018-01-12 09:38:00,49.27,49.27,49.27,49.27,100.0
2018-01-12 09:39:00,49.27,49.29,49.26,49.29,2500.0
2018-01-12 09:40:00,49.2,49.26,49.2,49.25,600.0
2018-01-12 09:41:00,49.22,49.26,49.21,49.21,300.0
2018-01-12 09:42:00,49.24,49.24,49.21,49.21,400.0
2018-01-12 09:43:00,49.34,49.35,49.22,49.24,2985.0
2018-01-12 09:44:00,49.34,49.38,49.34,49.37,1592.0
2018-01-12 09:45:00,49.41,49.41,49.35,49.35,2361.0
2018-01-12 09:46:00,49.3,49.41,49.3,49.41,4128.0
2018-01-12 09:47:00,49.3,49.31,49.255,49.31,4357.0
2018-01-12 09:48:00,49.3,49.32,49.3,49.3,2611.0
2018-01-12 09:49:00,49.27,49.28,49.24,49.28,1258.0
2018-01-12 09:50:00,49.26,49.26,49.26,49.26,300.0
2018-01-12 09:51:00,49.26,49.28,49.26,49.28,200.0
2018-01-12 09:52:00,49.28,49.2837,49.26,49.275,1108.0
2018-01-12 09:53:00,49.355,49.3575,49.27,49.27,3110.0
2018-01-12 09:54:00,49.36,49.36,49.33,49.34,2311.0
2018-01-12 09:55:00,49.37,49.37,49.35,49.37,1400.0
2018-01-12 09:56:00,49.4,49.4,49.36,49.36,1561.0
2018-01-12 09:57:00,49.39,49.41,49.39,49.41,1400.0
2018-01-12 09:58:00,49.41,49.41,49.39,49.39,300.0
2018-01-12 09:59:00,49.43,49.43,49.41,49.41,1455.0
2018-01-12 10:00:00,49.4,49.4,49.38,49.4,1400.0
2018-01-12 10:01:00,49.395,49.4,49.395,49.4,850.0
2018-01-12 10:02:00,49.43,49.43,49.39,49.39,1700.0
2018-01-12 10:03:00,49.41,49.46,49.41,49.43,1689.0
2018-01-12 10:04:00,49.44,49.48,49.44,49.45,1943.0
2018-01-12 10:05:00,49.44,49.46,49.41,49.44,2106.0
2018-01-12 10:06:00,49.45,49.45,49.44,49.44,600.0
2018-01-12 10:07:00,49.42,49.45,49.42,49.45,991.0
2018-01-12 10:08:00,49.34,49.39,49.34,49.38,600.0
2018-01-12 10:09:00,49.3,49.3,49.3,49.3,100.0
2018-01-12 10:10:00,49.31,49.3184,49.31,49.3184,1100.0
2018-01-12 10:11:00,49.32,49.34,49.32,49.32,4909.0
2018-01-12 10:12:00,49.37,49.37,49.34,49.34,785.0
2018-01-12 10:13:00,49.37,49.37,49.355,49.355,200.0
2018-01-12 10:14:00,49.35,49.355,49.35,49.355,300.0
2018-01-12 10:15:00,49.35,49.35,49.35,49.35,580.0
2018-01-12 10:16:00,49.3597,49.36,49.34,49.34,300.0
2018-01-12 10:17:00,49.35,49.35,49.35,49.35,100.0
2018-01-12 10:18:00,49.29,49.35,49.29,49.35,5504.0
2018-01-12 10:19:00,49.31,49.31,49.295,49.3,3978.0
2018-01-12 10:20:00,49.31,49.32,49.29,49.3,1290.0
2018-01-12 10:21:00,49.38,49.38,49.32,49.32,6249.0
2018-01-12 10:22:00,49.4,49.41,49.35,49.36,4345.0
2018-01-12 10:23:00,49.43,49.47,49.4,49.4,2551.0
2018-01-12 10:24:00,49.41,49.45,49.41,49.45,1990.0
2018-01-12 10:25:00,49.39,49.405,49.375,49.405,1881.0
2018-01-12 10:26:00,49.36,49.395,49.34,49.395,10760.0
2018-01-12 10:27:00,49.42,49.42,49.34,49.36,1600.0
2018-01-12 10:28:00,49.37,49.39,49.37,49.39,1300.0
2018-01-12 10:29:00,49.37,49.37,49.37,49.37,200.0
2018-01-12 10:30:00,49.34,49.35,49.33,49.35,3010.0
2018-01-12 10:31:00,49.3,49.325,49.3,49.325,300.0
2018-01-12 10:32:00,49.355,49.36,49.325,49.34,9564.0
2018-01-12 10:33:00,49.36,49.36,49.35,49.35,898.0
2018-01-12 10:34:00,49.345,49.37,49.345,49.36,4370.0
2018-01-12 10:35:00,49.33,49.35,49.325,49.3378,6079.0
2018-01-12 10:36:00,49.31,49.32,49.31,49.32,2240.0
2018-01-12 10:37:00,49.32,49.32,49.31,49.32,1500.0
2018-01-12 10:38:00,49.31,49.33,49.31,49.33,300.0
2018-01-12 10:39:00,49.32,49.32,49.31,49.31,1600.0
2018-01-12 10:40:00,49.29,49.33,49.29,49.32,2957.0
2018-01-12 10:41:00,49.23,49.29,49.23,49.29,6149.0
2018-01-12 10:42:00,49.22,49.26,49.22,49.24,1702.0
2018-01-12 10:43:00,49.21,49.235,49.2,49.235,2761.0
2018-01-12 10:44:00,49.21,49.22,49.21,49.21,2674.0
2018-01-12 10:45:00,49.22,49.24,49.22,49.24,200.0
2018-01-12 10:46:00,49.22,49.23,49.22,49.22,800.0
2018-01-12 10:47:00,49.225,49.225,49.22,49.22,365.0
2018-01-12 10:48:00,49.24,49.24,49.225,49.23,4675.0
2018-01-12 10:49:00,49.23,49.24,49.23,49.24,2049.0
2018-01-12 10:50:00,49.23,49.24,49.23,49.2381,346.0
2018-01-12 10:51:00,49.25,49.25,49.23,49.23,6449.0
2018-01-12 10:52:00,49.24,49.25,49.24,49.245,3397.0
2018-01-12 10:53:00,49.24,49.2484,49.24,49.2484,800.0
2018-01-12 10:54:00,49.2,49.23,49.2,49.23,1938.0
2018-01-12 10:55:00,49.21,49.22,49.2,49.21,5297.0
2018-01-12 10:56:00,49.21,49.22,49.21,49.22,1200.0
2018-01-12 10:57:00,49.195,49.21,49.195,49.21,1022.0
2018-01-12 10:58:00,49.2,49.2,49.2,49.2,100.0
2018-01-12 10:59:00,49.18,49.19,49.18,49.19,2258.0
2018-01-12 11:00:00,49.15,49.18,49.15,49.16,9307.0
2018-01-12 11:01:00,49.14,49.14,49.14,49.14,528.0
2018-01-12 11:02:00,49.16,49.16,49.13,49.13,4280.0
2018-01-12 11:03:00,49.15,49.155,49.15,49.15,562.0
2018-01-12 11:04:00,49.12,49.155,49.12,49.15,2354.0
2018-01-12 11:05:00,49.13,49.13,49.11,49.11,2452.0
2018-01-12 11:06:00,49.11,49.11,49.11,49.11,502.0
2018-01-12 11:07:00,49.1,49.1,49.1,49.1,1500.0
2018-01-12 11:08:00,49.09,49.1,49.09,49.0994,940.0
2018-01-12 11:09:00,49.1,49.1,49.1,49.1,100.0
2018-01-12 11:10:00,49.1,49.12,49.095,49.11,4425.0
2018-01-12 11:11:00,49.12,49.12,49.1,49.1,300.0
2018-01-12 11:12:00,49.07,49.1,49.07,49.1,3308.0
2018-01-12 11:13:00,49.08,49.1,49.08,49.1,400.0
2018-01-12 11:14:00,49.06,49.08,49.06,49.08,1400.0
2018-01-12 11:15:00,49.07,49.07,49.06,49.0635,1040.0
2018-01-12 11:16:00,49.11,49.11,49.065,49.07,2822.0
2018-01-12 11:17:00,49.09,49.12,49.09,49.11,3966.0
2018-01-12 11:18:00,49.1,49.1,49.09,49.0901,4345.0
2018-01-12 11:19:00,49.1,49.11,49.1,49.11,2457.0
2018-01-12 11:20:00,49.08,49.1,49.08,49.095,2500.0
2018-01-12 11:21:00,49.08,49.08,49.07,49.07,1100.0
2018-01-12 11:22:00,49.0729,49.08,49.07,49.07,920.0
2018-01-12 11:23:00,49.11,49.11,49.06,49.06,2270.0
2018-01-12 11:24:00,49.11,49.12,49.11,49.11,2056.0
2018-01-12 11:25:00,49.09,49.13,49.09,49.13,1200.0
2018-01-12 11:26:00,49.0803,49.11,49.08,49.105,3233.0
2018-01-12 11:27:00,49.09,49.09,49.09,49.09,500.0
2018-01-12 11:28:00,49.08,49.1,49.08,49.1,600.0
2018-01-12 11:29:00,49.1,49.1,49.09,49.1,2330.0
2018-01-12 11:30:00,49.11,49.11,49.09,49.09,300.0
2018-01-12 11:31:00,49.09,49.11,49.09,49.11,300.0
2018-01-12 11:32:00,49.11,49.11,49.0984,49.1,400.0
2018-01-12 11:33:00,49.1,49.11,49.08,49.11,3522.0
2018-01-12 11:34:00,49.09,49.1048,49.09,49.095,1732.0
2018-01-12 11:35:00,49.11,49.11,49.08,49.08,700.0
2018-01-12 11:36:00,49.12,49.14,49.11,49.11,3605.0
2018-01-12 11:37:00,49.14,49.145,49.13,49.13,2570.0
2018-01-12 11:38:00,49.13,49.14,49.12,49.12,1500.0
2018-01-12 11:39:00,49.125,49.125,49.125,49.125,100.0
2018-01-12 11:40:00,49.13,49.13,49.12,49.13,945.0
2018-01-12 11:41:00,49.09,49.11,49.09,49.11,400.0
2018-01-12 11:42:00,49.12,49.12,49.1,49.11,1584.0
2018-01-12 11:43:00,49.11,49.12,49.11,49.12,400.0
2018-01-12 11:44:00,49.11,49.13,49.11,49.115,942.0
2018-01-12 11:45:00,49.1,49.12,49.1,49.11,1831.0
2018-01-12 11:46:00,49.1,49.12,49.1,49.12,300.0
2018-01-12 11:47:00,49.12,49.12,49.1,49.12,400.0
2018-01-12 11:48:00,49.1,49.11,49.1,49.1,665.0
2018-01-12 11:49:00,49.1,49.12,49.09,49.11,7737.0
2018-01-12 11:50:00,49.09,49.09,49.08,49.09,400.0
2018-01-12 11:51:00,49.09,49.1,49.08,49.1,900.0
2018-01-12 11:52:00,49.1,49.11,49.09,49.1,854.0
2018-01-12 11:53:00,49.09,49.09,49.09,49.09,900.0
2018-01-12 11:54:00,49.09,49.1,49.09,49.1,1000.0
2018-01-12 11:55:00,49.09,49.11,49.09,49.11,300.0
2018-01-12 11:56:00,49.09,49.11,49.09,49.1,800.0
2018-01-12 11:57:00,49.1048,49.11,49.09,49.11,1250.0
2018-01-12 11:58:00,49.12,49.12,49.105,49.11,2230.0
2018-01-12 11:59:00,49.13,49.13,49.12,49.12,1623.0
2018-01-12 12:00:00,49.13,49.14,49.13,49.14,585.0
2018-01-12 12:01:00,49.17,49.17,49.1375,49.14,3685.0
2018-01-12 12:02:00,49.15,49.17,49.15,49.17,2125.0
2018-01-12 12:03:00,49.16,49.16,49.16,49.16,100.0
2018-01-12 12:04:00,49.12,49.1462,49.12,49.1462,2213.0
2018-01-12 12:05:00,49.13,49.15,49.13,49.13,4753.0
2018-01-12 12:06:00,49.1368,49.14,49.1368,49.14,544.0
2018-01-12 12:07:00,49.145,49.145,49.1325,49.1325,2242.0
2018-01-12 12:08:00,49.145,49.145,49.145,49.145,576.0
2018-01-12 12:09:00,49.15,49.15,49.145,49.15,500.0
2018-01-12 12:10:00,49.1,49.15,49.1,49.14,5999.0
2018-01-12 12:11:00,49.11,49.11,49.1,49.11,3306.0
2018-01-12 12:12:00,49.1,49.12,49.1,49.11,3399.0
2018-01-12 12:13:00,49.105,49.11,49.1,49.1,2105.0
2018-01-12 12:14:00,49.11,49.11,49.11,49.11,100.0
2018-01-12 12:15:00,49.08,49.1,49.08,49.1,1610.0
2018-01-12 12:16:00,49.085,49.085,49.085,49.085,300.0
2018-01-12 12:17:00,49.09,49.09,49.09,49.09,700.0
2018-01-12 12:18:00,49.09,49.1,49.09,49.1,1300.0
2018-01-12 12:19:00,49.1,49.1,49.08,49.1,478.0
2018-01-12 12:20:00,49.11,49.11,49.1,49.1,1234.0
2018-01-12 12:21:00,49.11,49.11,49.11,49.11,100.0
2018-01-12 12:22:00,49.13,49.13,49.1,49.105,5800.0
2018-01-12 12:23:00,49.115,49.125,49.11,49.123999999999995,5636.0
2018-01-12 12:24:00,49.12,49.13,49.11,49.11,6665.0
2018-01-12 12:25:00,49.115,49.12,49.115,49.12,1099.0
2018-01-12 12:26:00,49.11,49.115,49.105,49.11,1339.0
2018-01-12 12:27:00,49.12,49.12,49.11,49.11,2239.0
2018-01-12 12:28:00,49.0984,49.1166,49.0984,49.115,1291.0
2018-01-12 12:29:00,49.11,49.11,49.1,49.11,1800.0
2018-01-12 12:30:00,49.1,49.12,49.1,49.1,1712.0
2018-01-12 12:31:00,49.095,49.1,49.095,49.1,600.0
2018-01-12 12:32:00,49.095,49.1,49.08,49.09,2364.0
2018-01-12 12:33:00,49.1,49.11,49.1,49.1,900.0
2018-01-12 12:34:00,49.1,49.1,49.08,49.1,1103.0
2018-01-12 12:35:00,49.1,49.1,49.09,49.09,200.0
2018-01-12 12:36:00,49.08,49.08,49.08,49.08,799.0
2018-01-12 12:37:00,49.09,49.09,49.08,49.08,1305.0
2018-01-12 12:38:00,49.09,49.11,49.09,49.1,3200.0
2018-01-12 12:39:00,49.09,49.09,49.09,49.09,100.0
2018-01-12 12:40:00,49.09,49.1,49.08,49.08,500.0
2018-01-12 12:41:00,49.09,49.1,49.08,49.08,300.0
2018-01-12 12:42:00,49.075,49.085,49.07,49.085,1496.0
2018-01-12 12:43:00,49.08,49.09,49.08,49.08,2064.0
2018-01-12 12:44:00,49.09,49.09,49.08,49.08,600.0
2018-01-12 12:45:00,49.09,49.09,49.09,49.09,100.0
2018-01-12 12:46:00,49.09,49.1,49.09,49.09,900.0
2018-01-12 12:47:00,49.08,49.1,49.08,49.1,1660.0
2018-01-12 12:48:00,49.07,49.09,49.07,49.09,1102.0
2018-01-12 12:49:00,49.09,49.09,49.08,49.08,916.0
2018-01-12 12:50:00,49.1,49.1,49.08,49.08,1100.0
2018-01-12 12:51:00,49.08,49.1,49.08,49.1,1480.0
2018-01-12 12:52:00,49.11,49.11,49.08,49.08,975.0
2018-01-12 12:53:00,49.1,49.11,49.09,49.1002,525.0
2018-01-12 12:54:00,49.095,49.11,49.09,49.11,1511.0
2018-01-12 12:55:00,49.08,49.08,49.08,49.08,100.0
2018-01-12 12:56:00,49.11,49.11,49.11,49.11,600.0
2018-01-12 12:57:00,49.09,49.09,49.09,49.09,900.0
2018-01-12 12:58:00,49.09,49.095,49.08,49.09,3128.0
2018-01-12 12:59:00,49.07,49.09,49.06,49.09,3801.0
2018-01-12 13:00:00,49.07,49.07,49.06,49.07,1495.0
2018-01-12 13:01:00,49.06,49.08,49.06,49.07,1491.0
2018-01-12 13:02:00,49.06,49.06,49.05,49.06,791.0
2018-01-12 13:03:00,49.05,49.07,49.05,49.07,990.0
2018-01-12 13:04:00,49.05,49.05,49.05,49.05,400.0
2018-01-12 13:05:00,49.05,49.06,49.05,49.05,800.0
2018-01-12 13:06:00,49.05,49.07,49.04,49.05,1510.0
2018-01-12 13:07:00,49.035,49.045,49.035,49.04,1400.0
2018-01-12 13:08:00,49.04,49.04,49.03,49.03,1763.0
2018-01-12 13:09:00,49.05,49.05,49.03,49.03,1504.0
2018-01-12 13:10:00,49.05,49.06,49.05,49.06,300.0
2018-01-12 13:11:00,49.06,49.06,49.05,49.05,400.0
2018-01-12 13:12:00,49.04,49.06,49.03,49.06,4200.0
2018-01-12 13:13:00,49.04,49.05,49.04,49.05,400.0
2018-01-12 13:14:00,49.05,49.06,49.04,49.06,1000.0
2018-01-12 13:15:00,49.05,49.05,49.05,49.05,300.0
2018-01-12 13:16:00,49.04,49.05,49.04,49.05,1498.0
2018-01-12 13:17:00,49.04,49.04,49.04,49.04,100.0
2018-01-12 13:18:00,49.08,49.08,49.06,49.07,1106.0
2018-01-12 13:19:00,49.09,49.1,49.08,49.08,400.0
2018-01-12 13:20:00,49.1,49.1,49.09,49.09,200.0
2018-01-12 13:21:00,49.11,49.11,49.09,49.09,800.0
2018-01-12 13:22:00,49.0784,49.1,49.07,49.1,3559.0
2018-01-12 13:23:00,49.07,49.08,49.07,49.08,200.0
2018-01-12 13:24:00,49.07,49.0843,49.07,49.0843,400.0
2018-01-12 13:25:00,49.0725,49.09,49.07,49.07,600.0
2018-01-12 13:26:00,49.09,49.09,49.0701,49.078,1318.0
2018-01-12 13:27:00,49.07,49.08,49.07,49.08,2100.0
2018-01-12 13:28:00,49.07,49.08,49.07,49.07,400.0
2018-01-12 13:29:00,49.08,49.08,49.06,49.07,619.0
2018-01-12 13:30:00,49.07,49.08,49.0668,49.07,1573.0
2018-01-12 13:32:00,49.05,49.06,49.05,49.06,200.0
2018-01-12 13:33:00,49.07,49.07,49.05,49.05,500.0
2018-01-12 13:34:00,49.09,49.09,49.06,49.07,3388.0
2018-01-12 13:35:00,49.11,49.11,49.08,49.08,700.0
2018-01-12 13:36:00,49.09,49.11,49.09,49.09,1200.0
2018-01-12 13:37:00,49.09,49.11,49.08,49.11,3434.0
2018-01-12 13:38:00,49.09,49.09,49.09,49.09,500.0
2018-01-12 13:39:00,49.1,49.1,49.085,49.09,1900.0
2018-01-12 13:40:00,49.0901,49.1,49.09,49.095,5293.0
2018-01-12 13:41:00,49.09,49.11,49.09,49.1,5576.0
2018-01-12 13:42:00,49.09,49.1,49.09,49.1,3236.0
2018-01-12 13:43:00,49.09,49.11,49.09,49.09,3798.0
2018-01-12 13:44:00,49.11,49.11,49.095,49.1,1100.0
2018-01-12 13:45:00,49.1,49.1,49.1,49.1,613.0
2018-01-12 13:46:00,49.093,49.1,49.093,49.1,400.0
2018-01-12 13:47:00,49.07,49.08,49.06,49.08,2001.0
2018-01-12 13:48:00,49.08,49.08,49.06,49.06,500.0
2018-01-12 13:49:00,49.065,49.09,49.065,49.08,2502.0
2018-01-12 13:50:00,49.08,49.08,49.07,49.07,1260.0
2018-01-12 13:51:00,49.08,49.08,49.08,49.08,100.0
2018-01-12 13:52:00,49.0976,49.11,49.09,49.09,901.0
2018-01-12 13:53:00,49.08,49.1,49.08,49.1,1689.0
2018-01-12 13:54:00,49.04,49.08,49.04,49.08,3324.0
2018-01-12 13:55:00,49.06,49.07,49.06,49.06,700.0
2018-01-12 13:56:00,49.06,49.07,49.06,49.07,924.0
2018-01-12 13:58:00,49.08,49.08,49.06,49.06,2233.0
2018-01-12 13:59:00,49.1,49.1,49.09,49.09,903.0
2018-01-12 14:00:00,49.09,49.11,49.09,49.1,6002.0
2018-01-12 14:01:00,49.11,49.13,49.1,49.11,3381.0
2018-01-12 14:02:00,49.1,49.11,49.095,49.11,3496.0
2018-01-12 14:03:00,49.12,49.12,49.095,49.095,1948.0
2018-01-12 14:04:00,49.12,49.12,49.12,49.12,600.0
2018-01-12 14:05:00,49.12,49.13,49.12,49.12,850.0
2018-01-12 14:06:00,49.11,49.13,49.11,49.12,2696.0
2018-01-12 14:07:00,49.12,49.12,49.1,49.1,400.0
2018-01-12 14:08:00,49.07,49.1125,49.07,49.1125,5520.0
2018-01-12 14:09:00,49.08,49.09,49.07,49.07,1405.0
2018-01-12 14:11:00,49.0801,49.1,49.08,49.09,3340.0
2018-01-12 14:12:00,49.08,49.09,49.08,49.09,2465.0
2018-01-12 14:13:00,49.1,49.1,49.1,49.1,100.0
2018-01-12 14:14:00,49.1,49.1,49.09,49.09,400.0
2018-01-12 14:15:00,49.09,49.1,49.08,49.08,400.0
2018-01-12 14:16:00,49.085,49.1,49.08,49.1,1981.0
2018-01-12 14:17:00,49.09,49.09,49.07,49.08,3093.0
2018-01-12 14:18:00,49.08,49.1,49.08,49.1,1300.0
2018-01-12 14:19:00,49.09,49.1,49.08,49.08,1581.0
2018-01-12 14:20:00,49.1,49.11,49.09,49.11,1700.0
2018-01-12 14:21:00,49.12,49.12,49.1,49.1,1581.0
2018-01-12 14:22:00,49.115,49.13,49.115,49.12,4233.0
2018-01-12 14:23:00,49.12,49.13,49.115,49.12,2282.0
2018-01-12 14:24:00,49.12,49.123999999999995,49.12,49.123999999999995,1317.0
2018-01-12 14:25:00,49.13,49.13,49.11,49.12,1399.0
2018-01-12 14:26:00,49.09,49.12,49.09,49.12,4326.0
2018-01-12 14:27:00,49.125,49.125,49.11,49.11,2879.0
2018-01-12 14:28:00,49.125,49.125,49.12,49.12,600.0
2018-01-12 14:29:00,49.1375,49.14,49.13,49.13,3379.0
2018-01-12 14:30:00,49.12,49.15,49.12,49.15,4001.0
2018-01-12 14:31:00,49.15,49.15,49.12,49.12,2801.0
2018-01-12 14:32:00,49.18,49.18,49.155,49.16,5788.0
2018-01-12 14:33:00,49.1701,49.18,49.1701,49.18,500.0
2018-01-12 14:34:00,49.15,49.17,49.145,49.17,4203.0
2018-01-12 14:35:00,49.15,49.15,49.15,49.15,100.0
2018-01-12 14:36:00,49.145,49.16,49.14,49.15,3774.0
2018-01-12 14:37:00,49.12,49.14,49.105,49.14,10598.0
2018-01-12 14:38:00,49.115,49.115,49.105,49.1131,5802.0
2018-01-12 14:39:00,49.105,49.11,49.1,49.11,2760.0
2018-01-12 14:40:00,49.1,49.11,49.09,49.1,3011.0
2018-01-12 14:41:00,49.06,49.09,49.06,49.09,1159.0
2018-01-12 14:42:00,49.06,49.07,49.06,49.06,600.0
2018-01-12 14:43:00,49.06,49.07,49.06,49.06,400.0
2018-01-12 14:44:00,49.09,49.09,49.06,49.06,5206.0
2018-01-12 14:45:00,49.08,49.09,49.07,49.09,2180.0
2018-01-12 14:46:00,49.09,49.09,49.07,49.075,1073.0
2018-01-12 14:47:00,49.085,49.09,49.08,49.09,1905.0
2018-01-12 14:48:00,49.08,49.09,49.08,49.09,1042.0
2018-01-12 14:49:00,49.07,49.08,49.07,49.08,1102.0
2018-01-12 14:50:00,49.09,49.09,49.07,49.07,2651.0
2018-01-12 14:51:00,49.085,49.09,49.085,49.09,600.0
2018-01-12 14:52:00,49.085,49.085,49.085,49.085,500.0
2018-01-12 14:53:00,49.1,49.1,49.09,49.09,1784.0
2018-01-12 14:54:00,49.095,49.1,49.09,49.095,2775.0
2018-01-12 14:55:00,49.095,49.1,49.09,49.09,929.0
2018-01-12 14:56:00,49.1,49.1,49.0942,49.0942,605.0
2018-01-12 14:57:00,49.1,49.11,49.1,49.1,3316.0
2018-01-12 14:58:00,49.09,49.1,49.07,49.1,5140.0
2018-01-12 14:59:00,49.11,49.11,49.09,49.1,1462.0
2018-01-12 15:00:00,49.095,49.11,49.09,49.11,4920.0
2018-01-12 15:01:00,49.095,49.095,49.095,49.095,800.0
2018-01-12 15:02:00,49.105,49.11,49.095,49.095,7412.0
2018-01-12 15:03:00,49.09,49.1,49.09,49.1,1332.0
2018-01-12 15:04:00,49.095,49.1,49.09,49.09,1200.0
2018-01-12 15:05:00,49.1,49.1,49.09,49.09,600.0
2018-01-12 15:06:00,49.095,49.11,49.095,49.095,5845.0
2018-01-12 15:07:00,49.09,49.105,49.09,49.095,3684.0
2018-01-12 15:08:00,49.09,49.095,49.09,49.0901,1500.0
2018-01-12 15:09:00,49.0901,49.1,49.09,49.095,4288.0
2018-01-12 15:10:00,49.065,49.09,49.055,49.09,8810.0
2018-01-12 15:11:00,49.05,49.065,49.04,49.0601,6275.0
2018-01-12 15:12:00,49.045,49.05,49.04,49.04,1495.0
2018-01-12 15:13:00,49.01,49.0401,49.01,49.0401,8699.0
2018-01-12 15:14:00,49.0,49.02,49.0,49.02,4122.0
2018-01-12 15:15:00,49.01,49.01,48.99,49.0,10351.0
2018-01-12 15:16:00,49.015,49.03,49.015,49.02,3860.0
2018-01-12 15:17:00,49.055,49.06,49.03,49.03,3543.0
2018-01-12 15:18:00,49.035,49.06,49.035,49.06,4200.0
2018-01-12 15:19:00,49.05,49.05,49.035,49.035,1845.0
2018-01-12 15:20:00,49.03,49.045,49.03,49.045,3538.0
2018-01-12 15:21:00,49.025,49.04,49.025,49.034,3706.0
2018-01-12 15:22:00,49.035,49.04,49.02,49.02,2558.0
2018-01-12 15:23:00,49.07,49.07,49.04,49.04,3051.0
2018-01-12 15:24:00,49.05,49.07,49.05,49.07,1028.0
2018-01-12 15:25:00,49.07,49.07,49.055,49.06,1841.0
2018-01-12 15:26:00,49.08,49.08,49.065,49.07,1300.0
2018-01-12 15:27:00,49.09,49.1,49.06,49.07,15879.0
2018-01-12 15:28:00,49.12,49.12,49.095,49.1016,4596.0
2018-01-12 15:29:00,49.1,49.12,49.085,49.12,7898.0
2018-01-12 15:30:00,49.095,49.1,49.09,49.1,5008.0
2018-01-12 15:31:00,49.11,49.11,49.09,49.095,1085.0
2018-01-12 15:32:00,49.12,49.12,49.09,49.1,5175.0
2018-01-12 15:33:00,49.12,49.12,49.11,49.12,6413.0
2018-01-12 15:34:00,49.1,49.12,49.095,49.115,11616.0
2018-01-12 15:35:00,49.1,49.12,49.1,49.11,6698.0
2018-01-12 15:36:00,49.09,49.1,49.08,49.1,7842.0
2018-01-12 15:37:00,49.1,49.1,49.08,49.08,2099.0
2018-01-12 15:38:00,49.09,49.095,49.08,49.095,3800.0
2018-01-12 15:39:00,49.07,49.09,49.07,49.09,1688.0
2018-01-12 15:40:00,49.1,49.1,49.07,49.07,7819.0
2018-01-12 15:41:00,49.09,49.11,49.09,49.1,1845.0
2018-01-12 15:42:00,49.09,49.1,49.09,49.09,1700.0
2018-01-12 15:43:00,49.09,49.1,49.09,49.09,2546.0
2018-01-12 15:44:00,49.09,49.1,49.09,49.09,1939.0
2018-01-12 15:45:00,49.11,49.12,49.09,49.09,22348.0
2018-01-12 15:46:00,49.11,49.12,49.1,49.12,13050.0
2018-01-12 15:47:00,49.1,49.11,49.1,49.1063,9747.0
2018-01-12 15:48:00,49.0999,49.11,49.09,49.1,3880.0
2018-01-12 15:49:00,49.095,49.1,49.09,49.095,3400.0
2018-01-12 15:50:00,49.09,49.11,49.09,49.09,21348.0
2018-01-12 15:51:00,49.095,49.1,49.09,49.095,3131.0
2018-01-12 15:52:00,49.1,49.1,49.09,49.095,2935.0
2018-01-12 15:53:00,49.08,49.11,49.08,49.1,13619.0
2018-01-12 15:54:00,49.045,49.08,49.04,49.08,6320.0
2018-01-12 15:55:00,49.045,49.05,49.025,49.04,10116.0
2018-01-12 15:56:00,49.02,49.06,49.01,49.045,15556.0
2018-01-12 15:57:00,49.005,49.03,49.0,49.025,9458.0
2018-01-12 15:58:00,48.97,49.0,48.97,49.0,16842.0
2018-01-12 15:59:00,48.98,48.99,48.965,48.98,19074.0
2018-01-12 16:00:00,49.03,49.04,48.985,48.985,55177.0
2018-01-16 09:30:00,49.38,49.45,49.38,49.45,28881.0
2018-01-16 09:31:00,49.31,49.4,49.285,49.38,5114.0
2018-01-16 09:32:00,49.42,49.42,49.29,49.31,11829.0
2018-01-16 09:33:00,49.51,49.51,49.41,49.41,2252.0
2018-01-16 09:34:00,49.66,49.66,49.48,49.49,3900.0
2018-01-16 09:35:00,49.71,49.71,49.56,49.61,3200.0
2018-01-16 09:36:00,49.61,49.71,49.6,49.7,3815.0
2018-01-16 09:37:00,49.6506,49.68,49.62,49.62,2252.0
2018-01-16 09:38:00,49.74,49.76,49.64,49.64,3067.0
2018-01-16 09:39:00,49.82,49.86,49.74,49.74,2057.0
2018-01-16 09:40:00,49.9,49.92,49.83,49.83,1200.0
2018-01-16 09:41:00,49.88,49.9198,49.86,49.9198,2682.0
2018-01-16 09:42:00,49.81,49.86,49.79,49.86,1300.0
2018-01-16 09:43:00,49.8,49.83,49.8,49.83,2300.0
2018-01-16 09:44:00,49.78,49.83,49.77,49.81,8619.0
2018-01-16 09:45:00,49.75,49.77,49.67,49.77,3699.0
2018-01-16 09:46:00,49.71,49.78,49.71,49.76,3235.0
2018-01-16 09:47:00,49.71,49.71,49.7,49.7,200.0
2018-01-16 09:48:00,49.7,49.73,49.69,49.7,3400.0
2018-01-16 09:49:00,49.7174,49.73,49.7,49.71,3189.0
2018-01-16 09:50:00,49.73,49.76,49.71,49.71,2770.0
2018-01-16 09:51:00,49.6944,49.73,49.69,49.73,2119.0
2018-01-16 09:52:00,49.69,49.73,49.69,49.705,3810.0
2018-01-16 09:53:00,49.75,49.75,49.715,49.715,800.0
2018-01-16 09:54:00,49.72,49.735,49.7,49.72,2099.0
2018-01-16 09:55:00,49.64,49.71,49.63,49.71,2500.0
2018-01-16 09:56:00,49.65,49.65,49.63,49.63,600.0
2018-01-16 09:57:00,49.6,49.68,49.58,49.68,5300.0
2018-01-16 09:58:00,49.6,49.62,49.6,49.61,2250.0
2018-01-16 09:59:00,49.61,49.61,49.59,49.61,500.0
2018-01-16 10:00:00,49.54,49.58,49.54,49.58,1277.0
2018-01-16 10:01:00,49.59,49.605,49.545,49.55,2100.0
2018-01-16 10:02:00,49.6,49.61,49.59,49.61,700.0
2018-01-16 10:03:00,49.58,49.61,49.558,49.61,4844.0
2018-01-16 10:04:00,49.615,49.63,49.59,49.59,4475.0
2018-01-16 10:05:00,49.57,49.63,49.57,49.62,4500.0
2018-01-16 10:06:00,49.55,49.57,49.55,49.56,1800.0
2018-01-16 10:07:00,49.525,49.59,49.525,49.56,5700.0
2018-01-16 10:08:00,49.51,49.53,49.51,49.53,1470.0
2018-01-16 10:09:00,49.53,49.53,49.5,49.505,6470.0
2018-01-16 10:10:00,49.49,49.52,49.49,49.52,3200.0
2018-01-16 10:11:00,49.48,49.48,49.48,49.48,100.0
2018-01-16 10:12:00,49.46,49.48,49.44,49.48,3693.0
2018-01-16 10:13:00,49.46,49.47,49.45,49.45,1300.0
2018-01-16 10:14:00,49.43,49.47,49.43,49.465,7230.0
2018-01-16 10:15:00,49.455,49.46,49.43,49.43,5050.0
2018-01-16 10:16:00,49.505,49.515,49.45,49.455,9095.0
2018-01-16 10:17:00,49.49,49.505,49.48,49.49,8384.0
2018-01-16 10:18:00,49.465,49.49,49.465,49.49,3450.0
2018-01-16 10:19:00,49.46,49.48,49.46,49.47,5320.0
2018-01-16 10:20:00,49.52,49.52,49.46,49.46,6788.0
2018-01-16 10:21:00,49.465,49.51,49.465,49.51,2250.0
2018-01-16 10:22:00,49.485,49.49,49.47,49.47,6198.0
2018-01-16 10:23:00,49.48,49.49,49.48,49.49,200.0
2018-01-16 10:24:00,49.49,49.49,49.49,49.49,200.0
2018-01-16 10:25:00,49.47,49.49,49.46,49.49,8513.0
2018-01-16 10:26:00,49.47,49.485,49.47,49.47,3400.0
2018-01-16 10:27:00,49.47,49.47,49.45,49.45,4600.0
2018-01-16 10:28:00,49.47,49.47,49.46,49.46,300.0
2018-01-16 10:29:00,49.48,49.48,49.47,49.47,1000.0
2018-01-16 10:30:00,49.47,49.47,49.47,49.47,400.0
2018-01-16 10:31:00,49.48,49.485,49.47,49.48,5160.0
2018-01-16 10:32:00,49.48,49.49,49.48,49.48,406.0
2018-01-16 10:33:00,49.47,49.47,49.47,49.47,100.0
2018-01-16 10:34:00,49.42,49.47,49.42,49.47,9540.0
2018-01-16 10:35:00,49.415,49.43,49.41,49.42,2178.0
2018-01-16 10:36:00,49.4,49.41,49.3873,49.41,4933.0
2018-01-16 10:37:00,49.42,49.42,49.41,49.41,1877.0
2018-01-16 10:38:00,49.4,49.44,49.4,49.43,4324.0
2018-01-16 10:39:00,49.41,49.41,49.4,49.41,1800.0
2018-01-16 10:40:00,49.45,49.45,49.4,49.4,2277.0
2018-01-16 10:41:00,49.445,49.445,49.445,49.445,1507.0
2018-01-16 10:42:00,49.44,49.44,49.425,49.44,3300.0
2018-01-16 10:43:00,49.465,49.47,49.435,49.44,8235.0
2018-01-16 10:44:00,49.56,49.585,49.465,49.465,23888.0
2018-01-16 10:45:00,49.58,49.58,49.57,49.57,2840.0
2018-01-16 10:46:00,49.61,49.62,49.58,49.58,5419.0
2018-01-16 10:47:00,49.63,49.64,49.62,49.62,2979.0
2018-01-16 10:48:00,49.635,49.65,49.635,49.64,5339.0
2018-01-16 10:49:00,49.6434,49.65,49.64,49.64,1874.0
2018-01-16 10:50:00,49.63,49.65,49.62,49.645,4601.0
2018-01-16 10:51:00,49.62,49.62,49.6,49.6,1762.0
2018-01-16 10:52:00,49.595,49.62,49.585,49.62,3500.0
2018-01-16 10:53:00,49.59,49.59,49.58,49.58,300.0
2018-01-16 10:54:00,49.585,49.595,49.58,49.595,1984.0
2018-01-16 10:55:00,49.5823,49.5823,49.57,49.58,557.0
2018-01-16 10:56:00,49.54,49.57,49.54,49.57,3100.0
2018-01-16 10:57:00,49.51,49.54,49.51,49.54,2925.0
2018-01-16 10:58:00,49.48,49.54,49.48,49.5239,8553.0
2018-01-16 10:59:00,49.49,49.49,49.49,49.49,1300.0
2018-01-16 11:00:00,49.47,49.48,49.45,49.48,2683.0
2018-01-16 11:01:00,49.49,49.49,49.48,49.48,653.0
2018-01-16 11:02:00,49.47,49.505,49.47,49.5,8957.0
2018-01-16 11:03:00,49.44,49.47,49.44,49.47,2053.0
2018-01-16 11:04:00,49.485,49.485,49.44,49.44,3675.0
2018-01-16 11:05:00,49.48,49.48,49.48,49.48,600.0
2018-01-16 11:06:00,49.49,49.49,49.47,49.48,3634.0
2018-01-16 11:07:00,49.49,49.51,49.49,49.5,5570.0
2018-01-16 11:08:00,49.46,49.49,49.46,49.48,1336.0
2018-01-16 11:09:00,49.46,49.47,49.4516,49.47,1217.0
2018-01-16 11:10:00,49.44,49.465,49.44,49.465,4013.0
2018-01-16 11:11:00,49.46,49.47,49.46,49.46,769.0
2018-01-16 11:12:00,49.47,49.4728,49.47,49.4728,812.0
2018-01-16 11:13:00,49.445,49.46,49.445,49.46,2800.0
2018-01-16 11:14:00,49.43,49.43,49.43,49.43,400.0
2018-01-16 11:16:00,49.44,49.46,49.44,49.44,9000.0
2018-01-16 11:17:00,49.47,49.5,49.46,49.46,9809.0
2018-01-16 11:18:00,49.46,49.481,49.46,49.47,9303.0
2018-01-16 11:19:00,49.47,49.48,49.465,49.465,4831.0
2018-01-16 11:20:00,49.475,49.475,49.47,49.47,1362.0
2018-01-16 11:21:00,49.48,49.485,49.47,49.475,5099.0
2018-01-16 11:22:00,49.45,49.48,49.45,49.48,5096.0
2018-01-16 11:23:00,49.45,49.45,49.44,49.45,1000.0
2018-01-16 11:24:00,49.45,49.45,49.45,49.45,200.0
2018-01-16 11:25:00,49.45,49.47,49.44,49.46,4521.0
2018-01-16 11:26:00,49.43,49.46,49.43,49.46,4397.0
2018-01-16 11:27:00,49.4,49.43,49.4,49.43,2147.0
2018-01-16 11:28:00,49.425,49.43,49.41,49.41,3638.0
2018-01-16 11:29:00,49.45,49.45,49.4201,49.4201,1700.0
2018-01-16 11:30:00,49.42,49.455,49.42,49.45,5854.0
2018-01-16 11:31:00,49.41,49.43,49.41,49.425,3600.0
2018-01-16 11:32:00,49.42,49.42,49.4,49.41,6442.0
2018-01-16 11:33:00,49.4,49.4,49.4,49.4,262.0
2018-01-16 11:34:00,49.38,49.402,49.38,49.402,2040.0
2018-01-16 11:35:00,49.425,49.43,49.38,49.38,5599.0
2018-01-16 11:36:00,49.41,49.425,49.41,49.42,9776.0
2018-01-16 11:37:00,49.39,49.39,49.39,49.39,300.0
2018-01-16 11:38:00,49.37,49.38,49.37,49.38,1500.0
2018-01-16 11:39:00,49.38,49.39,49.38,49.39,1600.0
2018-01-16 11:40:00,49.38,49.38,49.38,49.38,200.0
2018-01-16 11:41:00,49.38,49.38,49.38,49.38,1505.0
2018-01-16 11:42:00,49.38,49.38,49.38,49.38,1300.0
2018-01-16 11:43:00,49.36,49.38,49.36,49.38,1662.0
2018-01-16 11:44:00,49.385,49.385,49.365,49.37,5462.0
2018-01-16 11:45:00,49.38,49.39,49.38,49.39,3899.0
2018-01-16 11:46:00,49.355,49.39,49.32,49.39,9739.0
2018-01-16 11:47:00,49.38,49.39,49.36,49.36,4661.0
2018-01-16 11:48:00,49.37,49.39,49.37,49.39,1763.0
2018-01-16 11:49:00,49.37,49.39,49.37,49.375,4530.0
2018-01-16 11:50:00,49.435,49.435,49.38,49.38,4400.0
2018-01-16 11:51:00,49.395,49.43,49.38,49.43,4971.0
2018-01-16 11:52:00,49.39,49.4,49.39,49.39,1957.0
2018-01-16 11:53:00,49.39,49.4,49.39,49.4,2884.0
2018-01-16 11:54:00,49.395,49.395,49.38,49.3811,4630.0
2018-01-16 11:55:00,49.455,49.455,49.39,49.39,11872.0
2018-01-16 11:56:00,49.46,49.47,49.45,49.45,2008.0
2018-01-16 11:57:00,49.455,49.46,49.45,49.45,7461.0
2018-01-16 11:58:00,49.455,49.46,49.45,49.46,300.0
2018-01-16 11:59:00,49.455,49.455,49.45,49.45,600.0
2018-01-16 12:00:00,49.455,49.47,49.4525,49.4525,10703.0
2018-01-16 12:01:00,49.56,49.56,49.46,49.47,12277.0
2018-01-16 12:02:00,49.545,49.55,49.54,49.55,6200.0
2018-01-16 12:03:00,49.51,49.55,49.51,49.545,5401.0
2018-01-16 12:04:00,49.505,49.52,49.5,49.51,5837.0
2018-01-16 12:05:00,49.52,49.52,49.5,49.5,5795.0
2018-01-16 12:06:00,49.515,49.52,49.515,49.52,5001.0
2018-01-16 12:07:00,49.465,49.515,49.455,49.515,9769.0
2018-01-16 12:08:00,49.47,49.475,49.46,49.46,13700.0
2018-01-16 12:09:00,49.49,49.495,49.47,49.47,9937.0
2018-01-16 12:10:00,49.49,49.51,49.48,49.49,10832.0
2018-01-16 12:11:00,49.53,49.54,49.48,49.49,21100.0
2018-01-16 12:12:00,49.55,49.56,49.535,49.535,9724.0
2018-01-16 12:13:00,49.55,49.55,49.53,49.543,6539.0
2018-01-16 12:14:00,49.57,49.57,49.54,49.54,6100.0
2018-01-16 12:15:00,49.49,49.55,49.49,49.55,18772.0
2018-01-16 12:16:00,49.525,49.525,49.49,49.5,5200.0
2018-01-16 12:17:00,49.52,49.54,49.52,49.525,3922.0
2018-01-16 12:18:00,49.51,49.55,49.51,49.52,3141.0
2018-01-16 12:19:00,49.495,49.53,49.495,49.53,7650.0
2018-01-16 12:20:00,49.5,49.51,49.49,49.5,6909.0
2018-01-16 12:21:00,49.495,49.5,49.49,49.495,2000.0
2018-01-16 12:22:00,49.46,49.495,49.44,49.495,11440.0
2018-01-16 12:23:00,49.43,49.47,49.43,49.47,2599.0
2018-01-16 12:24:00,49.41,49.45,49.41,49.44,2660.0
2018-01-16 12:25:00,49.45,49.455,49.42,49.42,3665.0
2018-01-16 12:27:00,49.435,49.44,49.43,49.44,549.0
2018-01-16 12:28:00,49.47,49.49,49.44,49.45,3900.0
2018-01-16 12:29:00,49.48,49.495,49.48,49.495,3300.0
2018-01-16 12:30:00,49.47,49.48,49.455,49.47,2699.0
2018-01-16 12:31:00,49.465,49.48,49.465,49.48,1800.0
2018-01-16 12:32:00,49.455,49.47,49.45,49.47,1100.0
2018-01-16 12:33:00,49.455,49.46,49.45,49.455,500.0
2018-01-16 12:34:00,49.44,49.45,49.42,49.45,2441.0
2018-01-16 12:35:00,49.45,49.45,49.42,49.42,4438.0
2018-01-16 12:36:00,49.47,49.47,49.455,49.455,1210.0
2018-01-16 12:37:00,49.475,49.48,49.45,49.475,3700.0
2018-01-16 12:38:00,49.475,49.485,49.475,49.48,2803.0
2018-01-16 12:39:00,49.45,49.475,49.45,49.475,4160.0
2018-01-16 12:40:00,49.48,49.48,49.455,49.455,9500.0
2018-01-16 12:41:00,49.47,49.5,49.47,49.48,5470.0
2018-01-16 12:42:00,49.47,49.49,49.46,49.46,6604.0
2018-01-16 12:43:00,49.46,49.47,49.45,49.47,4412.0
2018-01-16 12:44:00,49.46,49.475,49.46,49.47,2014.0
2018-01-16 12:45:00,49.48,49.48,49.45,49.46,5700.0
2018-01-16 12:46:00,49.48,49.48,49.4752,49.48,1386.0
2018-01-16 12:47:00,49.51,49.51,49.48,49.48,2962.0
2018-01-16 12:48:00,49.5,49.51,49.495,49.51,2960.0
2018-01-16 12:49:00,49.47,49.5,49.46,49.5,5457.0
2018-01-16 12:50:00,49.4766,49.4766,49.47,49.47,478.0
2018-01-16 12:51:00,49.475,49.48,49.475,49.475,500.0
2018-01-16 12:52:00,49.49,49.5,49.48,49.48,3645.0
2018-01-16 12:53:00,49.475,49.49,49.475,49.49,1331.0
2018-01-16 12:54:00,49.49,49.49,49.475,49.48,2024.0
2018-01-16 12:55:00,49.48,49.49,49.48,49.48,4450.0
2018-01-16 12:56:00,49.485,49.49,49.48,49.485,5249.0
2018-01-16 12:57:00,49.49,49.49,49.45,49.485,12022.0
2018-01-16 12:58:00,49.48,49.495,49.48,49.495,2412.0
2018-01-16 12:59:00,49.49,49.49,49.485,49.49,1644.0
2018-01-16 13:00:00,49.49,49.49,49.49,49.49,700.0
2018-01-16 13:01:00,49.495,49.5,49.49,49.5,1202.0
2018-01-16 13:02:00,49.5,49.5,49.465,49.49,17535.0
2018-01-16 13:03:00,49.5,49.525,49.5,49.52,3718.0
2018-01-16 13:04:00,49.5,49.52,49.5,49.5,1400.0
2018-01-16 13:05:00,49.48,49.515,49.48,49.51,4361.0
2018-01-16 13:06:00,49.51,49.525,49.48,49.48,7449.0
2018-01-16 13:07:00,49.5101,49.54,49.5,49.52,9936.0
2018-01-16 13:08:00,49.52,49.53,49.5,49.5,13392.0
2018-01-16 13:09:00,49.56,49.575,49.5,49.52,20289.0
2018-01-16 13:10:00,49.61,49.61,49.55,49.56,4859.0
2018-01-16 13:11:00,49.61,49.61,49.61,49.61,2200.0
2018-01-16 13:12:00,49.61,49.62,49.595,49.6,2994.0
2018-01-16 13:13:00,49.63,49.63,49.62,49.62,700.0
2018-01-16 13:14:00,49.63,49.63,49.6,49.62,1300.0
2018-01-16 13:15:00,49.625,49.63,49.61,49.62,801.0
2018-01-16 13:16:00,49.6401,49.6401,49.64,49.64,488.0
2018-01-16 13:17:00,49.63,49.66,49.62,49.65,6161.0
2018-01-16 13:18:00,49.63,49.63,49.63,49.63,100.0
2018-01-16 13:19:00,49.62,49.63,49.62,49.62,400.0
2018-01-16 13:20:00,49.63,49.64,49.62,49.62,3135.0
2018-01-16 13:21:00,49.6202,49.63,49.62,49.63,1165.0
2018-01-16 13:22:00,49.625,49.625,49.625,49.625,100.0
2018-01-16 13:23:00,49.61,49.625,49.61,49.625,1800.0
2018-01-16 13:24:00,49.59,49.61,49.585,49.61,6405.0
2018-01-16 13:25:00,49.59,49.6,49.5841,49.59,5600.0
2018-01-16 13:26:00,49.58,49.6,49.58,49.6,300.0
2018-01-16 13:27:00,49.59,49.6,49.58,49.59,2385.0
2018-01-16 13:28:00,49.59,49.59,49.59,49.59,500.0
2018-01-16 13:29:00,49.5793,49.5793,49.5793,49.5793,228.0
2018-01-16 13:30:00,49.55,49.58,49.55,49.57,8812.0
2018-01-16 13:31:00,49.57,49.57,49.55,49.55,2720.0
2018-01-16 13:32:00,49.56,49.57,49.56,49.57,1097.0
2018-01-16 13:33:00,49.56,49.56,49.55,49.555,4000.0
2018-01-16 13:34:00,49.55,49.5552,49.55,49.555,1700.0
2018-01-16 13:35:00,49.54,49.54,49.54,49.54,619.0
2018-01-16 13:36:00,49.52,49.53,49.52,49.53,1620.0
2018-01-16 13:37:00,49.5038,49.51,49.501000000000005,49.51,829.0
2018-01-16 13:38:00,49.51,49.51,49.5,49.5,300.0
2018-01-16 13:39:00,49.48,49.5,49.47,49.5,5437.0
2018-01-16 13:41:00,49.49,49.49,49.48,49.49,2235.0
2018-01-16 13:42:00,49.475,49.48,49.465,49.48,2700.0
2018-01-16 13:43:00,49.48,49.48,49.475,49.48,1900.0
2018-01-16 13:44:00,49.47,49.47,49.47,49.47,2000.0
2018-01-16 13:45:00,49.48,49.48,49.47,49.48,300.0
2018-01-16 13:46:00,49.49100000000001,49.5,49.48,49.48,7074.0
2018-01-16 13:47:00,49.5,49.5,49.5,49.5,632.0
2018-01-16 13:48:00,49.485,49.49,49.48,49.49,5219.0
2018-01-16 13:49:00,49.48,49.505,49.48,49.48,6827.0
2018-01-16 13:50:00,49.48,49.49,49.47,49.49,5590.0
2018-01-16 13:52:00,49.47,49.47,49.47,49.47,100.0
2018-01-16 13:53:00,49.46,49.47,49.46,49.47,2071.0
2018-01-16 13:54:00,49.4742,49.49,49.47,49.47,3847.0
2018-01-16 13:56:00,49.48,49.48,49.48,49.48,500.0
2018-01-16 13:57:00,49.48,49.49,49.48,49.49,2078.0
2018-01-16 13:58:00,49.47,49.48,49.45,49.48,3814.0
2018-01-16 13:59:00,49.46,49.48,49.46,49.4799,1700.0
2018-01-16 14:00:00,49.46,49.46,49.45,49.46,300.0
2018-01-16 14:01:00,49.46,49.46,49.455,49.46,2332.0
2018-01-16 14:02:00,49.45,49.46,49.44,49.45,4737.0
2018-01-16 14:03:00,49.44,49.45,49.43,49.44,2176.0
2018-01-16 14:04:00,49.4595,49.46,49.4595,49.46,710.0
2018-01-16 14:05:00,49.45,49.47,49.45,49.46,699.0
2018-01-16 14:06:00,49.47,49.48,49.47,49.47,1710.0
2018-01-16 14:07:00,49.43,49.485,49.43,49.485,5013.0
2018-01-16 14:08:00,49.44,49.46,49.435,49.45,2878.0
2018-01-16 14:09:00,49.4442,49.45,49.44,49.45,780.0
2018-01-16 14:10:00,49.43,49.44,49.43,49.44,800.0
2018-01-16 14:11:00,49.435,49.44,49.42,49.44,2365.0
2018-01-16 14:12:00,49.45,49.46,49.43,49.43,2406.0
2018-01-16 14:13:00,49.44,49.44,49.44,49.44,610.0
2018-01-16 14:14:00,49.45,49.45,49.445,49.45,2065.0
2018-01-16 14:15:00,49.42,49.45,49.42,49.45,3540.0
2018-01-16 14:16:00,49.455,49.46,49.44,49.44,1400.0
2018-01-16 14:17:00,49.45,49.45,49.45,49.45,100.0
2018-01-16 14:18:00,49.42,49.4476,49.42,49.4476,1627.0
2018-01-16 14:19:00,49.395,49.4138,49.38,49.4,3528.0
2018-01-16 14:20:00,49.38,49.41,49.36,49.41,4784.0
2018-01-16 14:21:00,49.37,49.38,49.37,49.38,1000.0
2018-01-16 14:22:00,49.39,49.4,49.37,49.38,3916.0
2018-01-16 14:23:00,49.39,49.39,49.37,49.37,700.0
2018-01-16 14:24:00,49.37,49.37,49.36,49.37,1613.0
2018-01-16 14:25:00,49.36,49.4,49.36,49.38,2873.0
2018-01-16 14:26:00,49.375,49.395,49.36,49.36,1400.0
2018-01-16 14:27:00,49.37,49.405,49.37,49.39,1885.0
2018-01-16 14:28:00,49.4,49.4,49.38,49.395,900.0
2018-01-16 14:29:00,49.41,49.435,49.4,49.41,4252.0
2018-01-16 14:30:00,49.39,49.41,49.39,49.41,1192.0
2018-01-16 14:31:00,49.4,49.41,49.4,49.41,1100.0
2018-01-16 14:32:00,49.4,49.43,49.385,49.42,6286.0
2018-01-16 14:33:00,49.41,49.41,49.39,49.4,1448.0
2018-01-16 14:34:00,49.4,49.425,49.39,49.41,3723.0
2018-01-16 14:35:00,49.39,49.4,49.39,49.4,678.0
2018-01-16 14:36:00,49.38,49.4,49.37,49.38,1972.0
2018-01-16 14:37:00,49.34,49.38,49.34,49.38,1600.0
2018-01-16 14:38:00,49.365,49.365,49.35,49.35,300.0
2018-01-16 14:39:00,49.31,49.36,49.31,49.36,4145.0
2018-01-16 14:40:00,49.33,49.36,49.325,49.33,4000.0
2018-01-16 14:41:00,49.35,49.35,49.345,49.345,600.0
2018-01-16 14:42:00,49.33,49.36,49.32,49.35,4000.0
2018-01-16 14:43:00,49.34,49.35,49.33,49.33,1200.0
2018-01-16 14:44:00,49.3,49.34,49.3,49.34,5171.0
2018-01-16 14:45:00,49.29,49.31,49.29,49.31,2200.0
2018-01-16 14:46:00,49.3,49.31,49.28,49.28,2400.0
2018-01-16 14:47:00,49.26,49.31,49.26,49.2902,1778.0
2018-01-16 14:48:00,49.29,49.29,49.27,49.28,2375.0
2018-01-16 14:49:00,49.33,49.33,49.3,49.3,2025.0
2018-01-16 14:50:00,49.33,49.34,49.31,49.32,1718.0
2018-01-16 14:51:00,49.32,49.34,49.32,49.34,400.0
2018-01-16 14:52:00,49.3424,49.35,49.32,49.32,6004.0
2018-01-16 14:53:00,49.3,49.34,49.3,49.34,2079.0
2018-01-16 14:54:00,49.3,49.3,49.3,49.3,507.0
2018-01-16 14:55:00,49.34,49.34,49.3,49.3,2300.0
2018-01-16 14:56:00,49.34,49.35,49.34,49.35,200.0
2018-01-16 14:57:00,49.35,49.36,49.33,49.34,3555.0
2018-01-16 14:58:00,49.34,49.35,49.33,49.35,2000.0
2018-01-16 14:59:00,49.345,49.36,49.34,49.35,3588.0
2018-01-16 15:00:00,49.35,49.36,49.34,49.34,2500.0
2018-01-16 15:01:00,49.36,49.36,49.34,49.34,770.0
2018-01-16 15:02:00,49.38,49.39,49.37,49.37,3980.0
2018-01-16 15:03:00,49.4,49.4,49.38,49.38,2379.0
2018-01-16 15:04:00,49.41,49.41,49.4,49.4,4209.0
2018-01-16 15:05:00,49.39,49.41,49.37,49.405,6451.0
2018-01-16 15:06:00,49.38,49.395,49.37,49.39,1620.0
2018-01-16 15:07:00,49.37,49.38,49.35,49.37,2605.0
2018-01-16 15:08:00,49.38,49.38,49.36,49.38,2023.0
2018-01-16 15:09:00,49.4,49.4,49.36,49.36,4807.0
2018-01-16 15:10:00,49.42,49.425,49.38,49.385,4987.0
2018-01-16 15:11:00,49.43,49.43,49.39,49.42,3000.0
2018-01-16 15:12:00,49.405,49.44,49.405,49.43,5569.0
2018-01-16 15:13:00,49.42,49.425,49.405,49.405,2987.0
2018-01-16 15:14:00,49.4,49.43,49.4,49.42,4172.0
2018-01-16 15:15:00,49.41,49.41,49.4,49.4,700.0
2018-01-16 15:16:00,49.3746,49.41,49.37,49.4,4124.0
2018-01-16 15:17:00,49.375,49.38,49.37,49.38,2400.0
2018-01-16 15:18:00,49.39,49.39,49.37,49.37,2100.0
2018-01-16 15:19:00,49.38,49.38,49.38,49.38,100.0
2018-01-16 15:20:00,49.405,49.41,49.38,49.38,1115.0
2018-01-16 15:21:00,49.43,49.43,49.405,49.405,7662.0
2018-01-16 15:22:00,49.42,49.435,49.41,49.435,6647.0
2018-01-16 15:23:00,49.39,49.42,49.39,49.42,3603.0
2018-01-16 15:24:00,49.395,49.4,49.39,49.3999,3629.0
2018-01-16 15:25:00,49.38,49.405,49.38,49.39,5527.0
2018-01-16 15:26:00,49.37,49.3768,49.36,49.3768,3659.0
2018-01-16 15:27:00,49.38,49.4,49.365,49.365,8527.0
2018-01-16 15:28:00,49.385,49.39,49.375,49.38,1103.0
2018-01-16 15:29:00,49.4,49.4,49.385,49.39,4642.0
2018-01-16 15:30:00,49.38,49.405,49.38,49.39,5413.0
2018-01-16 15:31:00,49.35,49.38,49.35,49.38,5034.0
2018-01-16 15:32:00,49.34,49.36,49.34,49.36,3200.0
2018-01-16 15:33:00,49.34,49.35,49.33,49.3401,7615.0
2018-01-16 15:34:00,49.33,49.35,49.33,49.345,4630.0
2018-01-16 15:35:00,49.32,49.325,49.295,49.32,11343.0
2018-01-16 15:36:00,49.34,49.37,49.335,49.34,9567.0
2018-01-16 15:37:00,49.35,49.36,49.34,49.34,5057.0
2018-01-16 15:38:00,49.34,49.345,49.34,49.34,1800.0
2018-01-16 15:39:00,49.32,49.35,49.32,49.34,5521.0
2018-01-16 15:40:00,49.33,49.35,49.32,49.32,7105.0
2018-01-16 15:41:00,49.325,49.335,49.3,49.33,12655.0
2018-01-16 15:42:00,49.37,49.37,49.33,49.33,6562.0
2018-01-16 15:43:00,49.33,49.37,49.33,49.37,4528.0
2018-01-16 15:44:00,49.34,49.35,49.335,49.335,4124.0
2018-01-16 15:45:00,49.32,49.345,49.32,49.34,7208.0
2018-01-16 15:46:00,49.33,49.34,49.31,49.32,9291.0
2018-01-16 15:47:00,49.31,49.33,49.3,49.32,4711.0
2018-01-16 15:48:00,49.3,49.31,49.28,49.3,8234.0
2018-01-16 15:49:00,49.28,49.31,49.28,49.29,7135.0
2018-01-16 15:50:00,49.33,49.33,49.28,49.28,6537.0
2018-01-16 15:51:00,49.31,49.34,49.3,49.32,11834.0
2018-01-16 15:52:00,49.34,49.34,49.315,49.32,9304.0
2018-01-16 15:53:00,49.31,49.34,49.3,49.34,8205.0
2018-01-16 15:54:00,49.285,49.315,49.28,49.315,7010.0
2018-01-16 15:55:00,49.27,49.31,49.27,49.28,11679.0
2018-01-16 15:56:00,49.25,49.295,49.25,49.27,20405.0
2018-01-16 15:57:00,49.23,49.27,49.23,49.25,24346.0
2018-01-16 15:58:00,49.27,49.29,49.23,49.23,19147.0
2018-01-16 15:59:00,49.24,49.275,49.24,49.27,15547.0
2018-01-16 16:00:00,49.25,49.26,49.21,49.245,54535.0
2018-01-17 09:30:00,49.55,49.55,49.55,49.55,13385.0
2018-01-17 09:31:00,49.53,49.54,49.5,49.525,1347.0
2018-01-17 09:32:00,49.54,49.58,49.53,49.54,5350.0
2018-01-17 09:33:00,49.55,49.585,49.54,49.57,2600.0
2018-01-17 09:34:00,49.49,49.57,49.49,49.56,2300.0
2018-01-17 09:35:00,49.51,49.54,49.49,49.5,3218.0
2018-01-17 09:36:00,49.59,49.59,49.505,49.52,3850.0
2018-01-17 09:37:00,49.52,49.57,49.52,49.57,1456.0
2018-01-17 09:38:00,49.57,49.57,49.53,49.53,800.0
2018-01-17 09:39:00,49.58,49.61,49.55,49.55,1700.0
2018-01-17 09:40:00,49.53,49.59,49.52,49.59,4061.0
2018-01-17 09:41:00,49.56,49.56,49.48,49.5,4250.0
2018-01-17 09:43:00,49.52,49.57,49.52,49.57,2822.0
2018-01-17 09:44:00,49.56,49.56,49.52,49.54,3055.0
2018-01-17 09:45:00,49.5875,49.59,49.58,49.58,400.0
2018-01-17 09:46:00,49.6945,49.7,49.59,49.59,7988.0
2018-01-17 09:47:00,49.67,49.68,49.67,49.68,2652.0
2018-01-17 09:48:00,49.69,49.69,49.63,49.67,2545.0
2018-01-17 09:49:00,49.76,49.76,49.68,49.69,11340.0
2018-01-17 09:50:00,49.75,49.75,49.73,49.75,3063.0
2018-01-17 09:51:00,49.77,49.77,49.75,49.75,2908.0
2018-01-17 09:52:00,49.785,49.785,49.76,49.775,6905.0
2018-01-17 09:53:00,49.74,49.78,49.74,49.78,1371.0
2018-01-17 09:54:00,49.73,49.75,49.73,49.75,900.0
2018-01-17 09:55:00,49.72,49.75,49.72,49.75,1865.0
2018-01-17 09:56:00,49.67,49.71,49.67,49.71,1831.0
2018-01-17 09:57:00,49.73,49.7398,49.67,49.68,3581.0
2018-01-17 09:58:00,49.73,49.75,49.73,49.735,300.0
2018-01-17 09:59:00,49.76,49.76,49.74,49.74,1500.0
2018-01-17 10:00:00,49.72,49.76,49.705,49.75,14066.0
2018-01-17 10:01:00,49.8,49.81,49.79,49.79,1450.0
2018-01-17 10:02:00,49.77,49.79,49.77,49.79,2503.0
2018-01-17 10:03:00,49.82,49.83,49.78,49.78,3350.0
2018-01-17 10:04:00,49.82,49.82,49.81,49.81,500.0
2018-01-17 10:05:00,49.81,49.82,49.8,49.82,1705.0
2018-01-17 10:07:00,49.725,49.78,49.72,49.78,4450.0
2018-01-17 10:08:00,49.78,49.78,49.72,49.72,10600.0
2018-01-17 10:09:00,49.78,49.81,49.78,49.785,3748.0
2018-01-17 10:10:00,49.77,49.78,49.77,49.78,700.0
2018-01-17 10:11:00,49.76,49.77,49.75,49.77,2537.0
2018-01-17 10:12:00,49.795,49.8,49.77,49.77,2573.0
2018-01-17 10:13:00,49.82,49.82,49.8,49.8,799.0
2018-01-17 10:14:00,49.87,49.87,49.83,49.83,3210.0
2018-01-17 10:15:00,49.86,49.865,49.86,49.861000000000004,1732.0
2018-01-17 10:16:00,49.9,49.905,49.87,49.87,15879.0
2018-01-17 10:17:00,49.85,49.89,49.85,49.89,3679.0
2018-01-17 10:18:00,49.83,49.845,49.81,49.845,10893.0
2018-01-17 10:19:00,49.82,49.85,49.82,49.84,4108.0
2018-01-17 10:20:00,49.83,49.83,49.82,49.83,943.0
2018-01-17 10:21:00,49.82,49.825,49.82,49.82,1094.0
2018-01-17 10:22:00,49.81,49.825,49.8,49.82,7625.0
2018-01-17 10:23:00,49.8,49.81,49.795,49.81,2535.0
2018-01-17 10:24:00,49.81,49.82,49.79,49.82,4198.0
2018-01-17 10:25:00,49.79,49.8,49.78,49.8,3671.0
2018-01-17 10:26:00,49.81,49.81,49.79,49.79,2992.0
2018-01-17 10:27:00,49.8,49.81,49.795,49.806000000000004,7850.0
2018-01-17 10:28:00,49.77,49.81,49.77,49.81,2564.0
2018-01-17 10:29:00,49.77,49.78,49.75,49.77,2800.0
2018-01-17 10:30:00,49.77,49.7803,49.76,49.76,3700.0
2018-01-17 10:31:00,49.79,49.8,49.785,49.79,2840.0
2018-01-17 10:32:00,49.84,49.84,49.8,49.81,3382.0
2018-01-17 10:33:00,49.82,49.841,49.82,49.841,2120.0
2018-01-17 10:34:00,49.81,49.83,49.81,49.82,2900.0
2018-01-17 10:35:00,49.83,49.83,49.83,49.83,121.0
2018-01-17 10:36:00,49.83,49.84,49.825,49.83,3071.0
2018-01-17 10:37:00,49.83,49.83,49.8201,49.83,300.0
2018-01-17 10:38:00,49.82,49.83,49.805,49.83,1520.0
2018-01-17 10:39:00,49.815,49.815,49.8148,49.8148,3190.0
2018-01-17 10:40:00,49.81,49.815,49.795,49.81,6795.0
2018-01-17 10:41:00,49.8,49.81,49.8,49.81,1700.0
2018-01-17 10:42:00,49.79,49.8,49.79,49.8,800.0
2018-01-17 10:43:00,49.79,49.79,49.78,49.78,575.0
2018-01-17 10:44:00,49.78,49.79,49.78,49.79,11752.0
2018-01-17 10:46:00,49.77,49.79,49.77,49.785,4725.0
2018-01-17 10:47:00,49.74,49.78,49.74,49.77,2800.0
2018-01-17 10:48:00,49.73,49.745,49.73,49.745,2167.0
2018-01-17 10:49:00,49.73,49.73,49.73,49.73,100.0
2018-01-17 10:50:00,49.71,49.735,49.71,49.735,8236.0
2018-01-17 10:51:00,49.6997,49.71,49.695,49.705,4544.0
2018-01-17 10:52:00,49.71,49.71,49.695,49.7,1658.0
2018-01-17 10:53:00,49.68,49.71,49.68,49.71,2600.0
2018-01-17 10:54:00,49.65,49.68,49.65,49.68,3250.0
2018-01-17 10:55:00,49.67,49.67,49.65,49.65,7308.0
2018-01-17 10:56:00,49.69,49.69,49.65,49.66,5678.0
2018-01-17 10:57:00,49.73,49.73,49.695,49.7,2140.0
2018-01-17 10:58:00,49.7298,49.74,49.72,49.72,1535.0
2018-01-17 10:59:00,49.75,49.75,49.73,49.73,1100.0
2018-01-17 11:00:00,49.765,49.77,49.745,49.75,1938.0
2018-01-17 11:01:00,49.74,49.76,49.73,49.76,3810.0
2018-01-17 11:02:00,49.7,49.74,49.7,49.74,3712.0
2018-01-17 11:03:00,49.7,49.71,49.7,49.7,803.0
2018-01-17 11:04:00,49.72,49.72,49.7,49.71,1166.0
2018-01-17 11:05:00,49.7153,49.72,49.71,49.72,1185.0
2018-01-17 11:06:00,49.7,49.7153,49.7,49.7153,2450.0
2018-01-17 11:07:00,49.69,49.7,49.685,49.6958,1700.0
2018-01-17 11:08:00,49.7,49.7,49.685,49.69,10592.0
2018-01-17 11:09:00,49.7,49.71,49.69,49.691,1810.0
2018-01-17 11:10:00,49.705,49.71,49.69,49.7,5149.0
2018-01-17 11:11:00,49.71,49.72,49.71,49.71,4929.0
2018-01-17 11:12:00,49.69,49.71,49.69,49.7,1812.0
2018-01-17 11:13:00,49.62,49.7,49.61,49.695,18448.0
2018-01-17 11:14:00,49.6,49.63,49.6,49.61,2725.0
2018-01-17 11:15:00,49.57,49.6,49.57,49.6,2675.0
2018-01-17 11:16:00,49.54,49.57,49.53,49.57,5175.0
2018-01-17 11:17:00,49.55,49.56,49.55,49.55,3059.0
2018-01-17 11:18:00,49.6,49.6,49.55,49.56,3206.0
2018-01-17 11:19:00,49.57,49.6,49.57,49.59,3812.0
2018-01-17 11:20:00,49.59,49.59,49.575,49.575,2200.0
2018-01-17 11:21:00,49.57,49.59,49.57,49.59,3130.0
2018-01-17 11:22:00,49.61,49.615,49.585,49.59,8050.0
2018-01-17 11:23:00,49.6,49.61,49.6,49.61,400.0
2018-01-17 11:24:00,49.64,49.64,49.605,49.61,5562.0
2018-01-17 11:25:00,49.63,49.655,49.63,49.65,7420.0
2018-01-17 11:26:00,49.64,49.64,49.64,49.64,600.0
2018-01-17 11:27:00,49.64,49.64,49.63,49.63,1928.0
2018-01-17 11:28:00,49.62,49.635,49.595,49.635,9480.0
2018-01-17 11:29:00,49.61,49.62,49.61,49.62,1024.0
2018-01-17 11:30:00,49.645,49.645,49.615,49.62,4380.0
2018-01-17 11:31:00,49.66,49.66,49.645,49.65,2488.0
2018-01-17 11:32:00,49.66,49.66,49.64,49.65,1900.0
2018-01-17 11:33:00,49.665,49.67,49.65,49.65,2610.0
2018-01-17 11:34:00,49.69,49.695,49.665,49.665,5931.0
2018-01-17 11:35:00,49.6998,49.71,49.69,49.7,2900.0
2018-01-17 11:36:00,49.7,49.7,49.7,49.7,1250.0
2018-01-17 11:37:00,49.71,49.71,49.695,49.7,2654.0
2018-01-17 11:38:00,49.705,49.72,49.7,49.72,2675.0
2018-01-17 11:39:00,49.71,49.71,49.71,49.71,200.0
2018-01-17 11:40:00,49.69,49.7,49.68,49.7,7362.0
2018-01-17 11:41:00,49.685,49.69,49.685,49.69,1360.0
2018-01-17 11:42:00,49.68,49.68,49.68,49.68,1200.0
2018-01-17 11:43:00,49.7,49.7,49.67,49.68,2417.0
2018-01-17 11:44:00,49.69,49.7,49.69,49.7,3598.0
2018-01-17 11:45:00,49.71,49.71,49.69,49.69,1200.0
2018-01-17 11:46:00,49.71,49.72,49.705,49.71,2682.0
2018-01-17 11:47:00,49.72,49.73,49.71,49.715,13828.0
2018-01-17 11:48:00,49.73,49.74,49.725,49.725,2795.0
2018-01-17 11:49:00,49.745,49.75,49.73,49.73,6010.0
2018-01-17 11:50:00,49.78,49.78,49.75,49.75,4100.0
2018-01-17 11:51:00,49.82,49.82,49.79,49.79,1500.0
2018-01-17 11:52:00,49.81,49.84,49.81,49.8175,17058.0
2018-01-17 11:53:00,49.81,49.82,49.79,49.815,6117.0
2018-01-17 11:54:00,49.83,49.83,49.79,49.8,3699.0
2018-01-17 11:55:00,49.8236,49.84,49.815,49.82,6300.0
2018-01-17 11:56:00,49.82,49.8246,49.81,49.821000000000005,1800.0
2018-01-17 11:57:00,49.8,49.82,49.8,49.815,2362.0
2018-01-17 11:58:00,49.78,49.78,49.78,49.78,100.0
2018-01-17 11:59:00,49.78,49.78,49.78,49.78,300.0
2018-01-17 12:00:00,49.79,49.81,49.79,49.79,6881.0
2018-01-17 12:01:00,49.77,49.8,49.77,49.8,6583.0
2018-01-17 12:02:00,49.78,49.78,49.73,49.76,11799.0
2018-01-17 12:03:00,49.795,49.81,49.79,49.79,6771.0
2018-01-17 12:04:00,49.79,49.8,49.79,49.795,2109.0
2018-01-17 12:05:00,49.78,49.8,49.78,49.795,4679.0
2018-01-17 12:06:00,49.74,49.785,49.73,49.785,7800.0
2018-01-17 12:07:00,49.805,49.8095,49.73,49.73,15367.0
2018-01-17 12:08:00,49.76,49.8075,49.76,49.8,5600.0
2018-01-17 12:09:00,49.76,49.78,49.75,49.7528,4852.0
2018-01-17 12:10:00,49.76,49.78,49.76,49.76,1037.0
2018-01-17 12:11:00,49.77,49.78,49.77,49.77,1500.0
2018-01-17 12:13:00,49.75,49.77,49.75,49.77,4538.0
2018-01-17 12:14:00,49.735,49.75,49.735,49.75,3526.0
2018-01-17 12:15:00,49.75,49.75,49.74,49.74,2543.0
2018-01-17 12:16:00,49.74,49.75,49.74,49.75,2700.0
2018-01-17 12:17:00,49.77,49.78,49.75,49.75,5717.0
2018-01-17 12:18:00,49.79,49.79,49.765,49.765,8934.0
2018-01-17 12:19:00,49.8,49.81,49.79,49.79,3583.0
2018-01-17 12:20:00,49.8,49.805,49.7902,49.8,12000.0
2018-01-17 12:21:00,49.8,49.8,49.79,49.79,2199.0
2018-01-17 12:22:00,49.8053,49.815,49.8,49.81,3812.0
2018-01-17 12:23:00,49.81,49.81,49.81,49.81,200.0
2018-01-17 12:24:00,49.81,49.83,49.805,49.81,7175.0
2018-01-17 12:25:00,49.8,49.81,49.795,49.81,8503.0
2018-01-17 12:26:00,49.8036,49.81,49.79,49.8,7208.0
2018-01-17 12:27:00,49.81,49.81,49.81,49.81,464.0
2018-01-17 12:28:00,49.8,49.81,49.8,49.81,1500.0
2018-01-17 12:29:00,49.81,49.82,49.8,49.8,3068.0
2018-01-17 12:30:00,49.79,49.81100000000001,49.78,49.81,6553.0
2018-01-17 12:31:00,49.8,49.8,49.79,49.79,3000.0
2018-01-17 12:32:00,49.81,49.81,49.8,49.8,1532.0
2018-01-17 12:33:00,49.81,49.81,49.805,49.805,283.0
2018-01-17 12:34:00,49.8,49.81,49.8,49.81,2100.0
2018-01-17 12:35:00,49.805,49.81,49.805,49.81,2187.0
2018-01-17 12:36:00,49.82,49.82,49.8,49.8,4797.0
2018-01-17 12:37:00,49.83,49.83,49.8139,49.82,6173.0
2018-01-17 12:38:00,49.835,49.84,49.82,49.83,6979.0
2018-01-17 12:39:00,49.85,49.86,49.83,49.835,20415.0
2018-01-17 12:40:00,49.85,49.85,49.84,49.85,5115.0
2018-01-17 12:41:00,49.85,49.86,49.84,49.85,7605.0
2018-01-17 12:42:00,49.85,49.85,49.84,49.85,800.0
2018-01-17 12:43:00,49.85,49.85,49.84,49.85,2033.0
2018-01-17 12:44:00,49.85,49.86,49.85,49.86,8205.0
2018-01-17 12:45:00,49.85,49.86,49.85,49.85,6051.0
2018-01-17 12:46:00,49.85,49.86,49.85,49.86,1200.0
2018-01-17 12:47:00,49.85,49.86,49.84,49.85,600.0
2018-01-17 12:48:00,49.85,49.86,49.84,49.85,4054.0
2018-01-17 12:49:00,49.845,49.86,49.845,49.85,3000.0
2018-01-17 12:50:00,49.83,49.84,49.83,49.84,3179.0
2018-01-17 12:51:00,49.84,49.84,49.835,49.835,1500.0
2018-01-17 12:52:00,49.85,49.86,49.85,49.85,6206.0
2018-01-17 12:53:00,49.84,49.85,49.84,49.845,4465.0
2018-01-17 12:54:00,49.85,49.86,49.84,49.86,2634.0
2018-01-17 12:55:00,49.85,49.85,49.84,49.85,3990.0
2018-01-17 12:56:00,49.85,49.86,49.85,49.85,7626.0
2018-01-17 12:57:00,49.84,49.84,49.84,49.84,100.0
2018-01-17 12:58:00,49.85,49.86,49.84,49.86,3826.0
2018-01-17 12:59:00,49.86,49.86,49.8494,49.86,2881.0
2018-01-17 13:00:00,49.878,49.88,49.87,49.87,922.0
2018-01-17 13:01:00,49.9,49.9,49.89,49.89,400.0
2018-01-17 13:02:00,49.94,49.94,49.91,49.91,1945.0
2018-01-17 13:03:00,49.96,49.96,49.95,49.95,6901.0
2018-01-17 13:04:00,49.946000000000005,49.96,49.946000000000005,49.95,2255.0
2018-01-17 13:05:00,49.95,49.96,49.94,49.96,4428.0
2018-01-17 13:06:00,49.96,49.96,49.96,49.96,400.0
2018-01-17 13:07:00,49.9438,49.96,49.94,49.95,4796.0
2018-01-17 13:08:00,49.95,49.95,49.93,49.94,3056.0
2018-01-17 13:09:00,49.95,49.95,49.95,49.95,801.0
2018-01-17 13:10:00,49.94,49.95,49.94,49.95,300.0
2018-01-17 13:11:00,49.95,49.96,49.94,49.95,5074.0
2018-01-17 13:12:00,49.95,49.95,49.95,49.95,1900.0
2018-01-17 13:13:00,49.95,49.95,49.94,49.94,1907.0
2018-01-17 13:14:00,49.96,49.96,49.945,49.95,2002.0
2018-01-17 13:15:00,49.94,49.95,49.93,49.94,2100.0
2018-01-17 13:16:00,49.934,49.95,49.93,49.94,4023.0
2018-01-17 13:17:00,49.94,49.94,49.93,49.93,1200.0
2018-01-17 13:18:00,49.93,49.93,49.93,49.93,1700.0
2018-01-17 13:19:00,49.94,49.94,49.92,49.925,1400.0
2018-01-17 13:20:00,49.92,49.94,49.91,49.94,2900.0
2018-01-17 13:21:00,49.91,49.91,49.9,49.9,1000.0
2018-01-17 13:22:00,49.9,49.9,49.8915,49.9,2121.0
2018-01-17 13:23:00,49.905,49.91,49.9,49.9,1826.0
2018-01-17 13:24:00,49.93,49.93,49.91,49.91,1416.0
2018-01-17 13:25:00,49.93,49.935,49.93,49.93,1403.0
2018-01-17 13:26:00,49.89,49.93,49.89,49.93,3248.0
2018-01-17 13:27:00,49.8938,49.8938,49.89,49.89,800.0
2018-01-17 13:29:00,49.9,49.9,49.9,49.9,1390.0
2018-01-17 13:30:00,49.89,49.9,49.89,49.9,2602.0
2018-01-17 13:31:00,49.92,49.92,49.895,49.895,4643.0
2018-01-17 13:32:00,49.9,49.92,49.9,49.91,5800.0
2018-01-17 13:33:00,49.91,49.91,49.91,49.91,100.0
2018-01-17 13:34:00,49.895,49.9,49.89,49.9,5300.0
2018-01-17 13:36:00,49.9,49.905,49.89,49.89,4486.0
2018-01-17 13:37:00,49.91,49.92,49.9,49.9,1500.0
2018-01-17 13:38:00,49.91,49.915,49.91,49.915,200.0
2018-01-17 13:39:00,49.91,49.91,49.91,49.91,1455.0
2018-01-17 13:40:00,49.93,49.93,49.91,49.91,1448.0
2018-01-17 13:42:00,49.94,49.94,49.94,49.94,800.0
2018-01-17 13:43:00,49.94,49.94,49.94,49.94,3883.0
2018-01-17 13:44:00,49.95,49.95,49.94,49.94,1100.0
2018-01-17 13:45:00,49.95,49.95,49.94,49.95,5599.0
2018-01-17 13:46:00,49.96,49.97,49.96,49.96,2350.0
2018-01-17 13:47:00,49.97,49.97,49.96,49.97,400.0
2018-01-17 13:48:00,49.97,49.97,49.96,49.97,1000.0
2018-01-17 13:49:00,49.94,49.96,49.94,49.96,6599.0
2018-01-17 13:50:00,49.945,49.945,49.935,49.935,2281.0
2018-01-17 13:51:00,49.95,49.95,49.945,49.945,200.0
2018-01-17 13:52:00,49.95,49.95,49.94,49.94,2800.0
2018-01-17 13:53:00,49.97,49.97,49.95,49.96,1800.0
2018-01-17 13:54:00,49.97,49.97,49.9617,49.97,6300.0
2018-01-17 13:55:00,49.96,49.96,49.95,49.96,6020.0
2018-01-17 13:56:00,49.97,49.97,49.95,49.95,1200.0
2018-01-17 13:57:00,49.97,49.975,49.95,49.97,2364.0
2018-01-17 13:58:00,49.97,49.97,49.97,49.97,314.0
2018-01-17 13:59:00,49.98,49.98,49.97,49.97,2152.0
2018-01-17 14:00:00,49.98,49.98,49.97,49.98,1132.0
2018-01-17 14:01:00,49.98,49.98,49.98,49.98,1100.0
2018-01-17 14:02:00,49.97,49.97,49.97,49.97,5117.0
2018-01-17 14:03:00,49.96,49.965,49.96,49.965,2500.0
2018-01-17 14:04:00,50.03,50.04,49.96,49.96,22349.0
2018-01-17 14:05:00,50.05,50.05,50.01,50.03,11976.0
2018-01-17 14:06:00,50.04,50.04,50.01,50.04,6798.0
2018-01-17 14:07:00,50.05,50.07,50.04,50.04,4250.0
2018-01-17 14:08:00,50.04,50.05,50.01,50.04,7571.0
2018-01-17 14:09:00,50.05,50.07,50.04,50.04,3911.0
2018-01-17 14:10:00,50.04,50.07,50.04,50.07,5000.0
2018-01-17 14:11:00,50.05,50.055,50.05,50.05,1800.0
2018-01-17 14:12:00,50.04,50.07,50.04,50.06,5600.0
2018-01-17 14:13:00,50.05,50.05,50.045,50.045,1021.0
2018-01-17 14:14:00,50.08,50.09,50.05,50.05,3500.0
2018-01-17 14:15:00,50.09,50.09,50.08,50.08,1382.0
2018-01-17 14:16:00,50.075,50.09,50.07,50.09,2855.0
2018-01-17 14:17:00,50.09,50.09,50.08,50.08,2700.0
2018-01-17 14:18:00,50.11,50.11,50.09,50.09,3419.0
2018-01-17 14:19:00,50.1,50.11,50.1,50.1,3700.0
2018-01-17 14:20:00,50.1,50.11,50.1,50.11,200.0
2018-01-17 14:21:00,50.095,50.1,50.09,50.1,5327.0
2018-01-17 14:22:00,50.09,50.09,50.08,50.08,4925.0
2018-01-17 14:23:00,50.07,50.1,50.07,50.09,4300.0
2018-01-17 14:24:00,50.03,50.065,50.01,50.06,7572.0
2018-01-17 14:25:00,50.07,50.09,50.03,50.03,7154.0
2018-01-17 14:26:00,50.04,50.06,50.04,50.06,800.0
2018-01-17 14:27:00,50.06,50.06,50.06,50.06,300.0
2018-01-17 14:28:00,50.06,50.06,50.06,50.06,500.0
2018-01-17 14:29:00,50.09,50.09,50.07,50.07,3305.0
2018-01-17 14:30:00,50.085,50.085,50.085,50.085,800.0
2018-01-17 14:31:00,50.08,50.09,50.08,50.09,5136.0
2018-01-17 14:32:00,50.07,50.085,50.07,50.08,3094.0
2018-01-17 14:33:00,50.04,50.07,50.04,50.07,5285.0
2018-01-17 14:34:00,50.03,50.03,50.02,50.03,9795.0
2018-01-17 14:35:00,50.05,50.05,50.02,50.02,2199.0
2018-01-17 14:36:00,50.045,50.05,50.04,50.045,1543.0
2018-01-17 14:37:00,50.05,50.05,50.045,50.05,1949.0
2018-01-17 14:38:00,50.0,50.045,50.0,50.045,11500.0
2018-01-17 14:39:00,50.01,50.01,49.99,50.01,6285.0
2018-01-17 14:40:00,50.015,50.02,50.005,50.01,3184.0
2018-01-17 14:41:00,50.015,50.02,50.015,50.02,700.0
2018-01-17 14:42:00,50.0,50.015,50.0,50.015,4300.0
2018-01-17 14:43:00,50.0,50.01,49.99,49.99,4135.0
2018-01-17 14:44:00,50.0,50.01,49.99,49.99,5950.0
2018-01-17 14:45:00,50.0,50.01,49.995,49.995,5188.0
2018-01-17 14:46:00,50.0,50.005,49.995,50.0,3100.0
2018-01-17 14:47:00,49.995,50.005,49.995,50.0,3400.0
2018-01-17 14:48:00,49.99,50.005,49.98,49.9942,7817.0
2018-01-17 14:49:00,50.0,50.005,49.99,49.99,3592.0
2018-01-17 14:50:00,50.01,50.01,50.0,50.0,5521.0
2018-01-17 14:51:00,50.03,50.03,50.02,50.02,800.0
2018-01-17 14:52:00,50.01,50.02,50.0,50.01,4360.0
2018-01-17 14:53:00,50.03,50.03,50.0,50.02,3135.0
2018-01-17 14:54:00,50.1,50.1,50.025,50.0253,8307.0
2018-01-17 14:55:00,50.07,50.09,50.07,50.09,5173.0
2018-01-17 14:56:00,50.1,50.11,50.09,50.09,6229.0
2018-01-17 14:57:00,50.091,50.091,50.091,50.091,200.0
2018-01-17 14:58:00,50.09,50.11,50.08,50.1,5989.0
2018-01-17 14:59:00,50.08,50.1,50.08,50.09,4662.0
2018-01-17 15:00:00,50.07,50.08,50.07,50.08,732.0
2018-01-17 15:01:00,50.0763,50.08,50.07,50.0722,1450.0
2018-01-17 15:02:00,50.1,50.105,50.08,50.08,5566.0
2018-01-17 15:03:00,50.07,50.1025,50.07,50.1025,5408.0
2018-01-17 15:04:00,50.08,50.08,50.07,50.07,3300.0
2018-01-17 15:05:00,50.06,50.09,50.06,50.0724,2580.0
2018-01-17 15:06:00,50.1,50.1,50.06,50.06,5651.0
2018-01-17 15:07:00,50.08,50.105,50.08,50.095,5960.0
2018-01-17 15:08:00,50.08,50.08,50.07,50.07,2300.0
2018-01-17 15:09:00,50.1,50.1,50.08,50.08,2100.0
2018-01-17 15:10:00,50.05,50.095,50.04,50.095,10708.0
2018-01-17 15:11:00,50.06,50.06,50.05,50.05,1700.0
2018-01-17 15:12:00,50.06,50.06,50.06,50.06,447.0
2018-01-17 15:13:00,50.04,50.06,50.04,50.04,600.0
2018-01-17 15:14:00,50.04,50.05,50.02,50.05,6398.0
2018-01-17 15:15:00,50.02,50.04,50.02,50.04,400.0
2018-01-17 15:16:00,50.035,50.04,50.03,50.03,2000.0
2018-01-17 15:17:00,50.04,50.04,50.03,50.035,4324.0
2018-01-17 15:18:00,50.0446,50.05,50.0315,50.035,1510.0
2018-01-17 15:19:00,50.03,50.055,50.03,50.045,6905.0
2018-01-17 15:20:00,50.03,50.05,50.03,50.05,1523.0
2018-01-17 15:21:00,50.03,50.03,50.02,50.02,998.0
2018-01-17 15:22:00,50.025,50.0258,50.025,50.025,500.0
2018-01-17 15:23:00,50.01,50.02,50.005,50.02,5200.0
2018-01-17 15:24:00,50.02,50.02,50.01,50.01,2000.0
2018-01-17 15:25:00,50.02,50.03,50.01,50.01,5150.0
2018-01-17 15:26:00,50.0,50.01,49.99,50.01,8389.0
2018-01-17 15:27:00,49.97,50.0,49.97,50.0,2606.0
2018-01-17 15:28:00,50.0,50.0,49.975,49.98,5512.0
2018-01-17 15:29:00,49.99,50.0,49.99,49.995,600.0
2018-01-17 15:30:00,49.97,50.0,49.97,50.0,3939.0
2018-01-17 15:31:00,49.96,49.97,49.96,49.97,2900.0
2018-01-17 15:32:00,49.93,49.98,49.93,49.97,9400.0
2018-01-17 15:33:00,49.92,49.95,49.92,49.95,4285.0
2018-01-17 15:34:00,49.92,49.935,49.92,49.93,4600.0
2018-01-17 15:35:00,49.94,49.94,49.92,49.925,3550.0
2018-01-17 15:36:00,49.94,49.94,49.93,49.93,200.0
2018-01-17 15:37:00,49.935,49.94,49.93,49.935,5812.0
2018-01-17 15:38:00,49.95,49.985,49.93,49.93,18921.0
2018-01-17 15:39:00,49.935,49.96,49.935,49.95,4970.0
2018-01-17 15:40:00,49.91,49.93,49.905,49.93,4300.0
2018-01-17 15:41:00,49.93,49.93,49.91,49.915,6660.0
2018-01-17 15:42:00,49.925,49.93,49.92,49.92,1618.0
2018-01-17 15:43:00,49.91,49.925,49.91,49.92,8982.0
2018-01-17 15:44:00,49.88,49.915,49.87,49.91,8949.0
2018-01-17 15:45:00,49.9,49.9,49.88,49.88,8079.0
2018-01-17 15:46:00,49.885,49.91,49.88,49.905,6219.0
2018-01-17 15:47:00,49.85,49.89,49.83,49.89,8413.0
2018-01-17 15:48:00,49.865,49.87,49.84,49.845,7588.0
2018-01-17 15:49:00,49.86,49.87,49.86,49.865,3786.0
2018-01-17 15:50:00,49.83,49.865,49.8,49.86,20515.0
2018-01-17 15:51:00,49.82,49.84,49.82,49.83,5962.0
2018-01-17 15:52:00,49.825,49.84,49.825,49.83,4730.0
2018-01-17 15:53:00,49.83,49.83,49.82,49.825,3663.0
2018-01-17 15:54:00,49.795,49.825,49.78,49.825,16211.0
2018-01-17 15:55:00,49.8,49.81,49.79,49.795,8119.0
2018-01-17 15:56:00,49.81,49.81,49.8,49.805,10653.0
2018-01-17 15:57:00,49.815,49.82,49.8,49.81,21633.0
2018-01-17 15:58:00,49.835,49.84,49.81,49.815,10208.0
2018-01-17 15:59:00,49.835,49.84,49.83,49.835,14644.0
2018-01-17 16:00:00,49.86,49.87,49.8301,49.84,50632.0
2018-01-18 09:30:00,49.82,49.82,49.82,49.82,13145.0
2018-01-18 09:31:00,49.8,49.81,49.8,49.81,400.0
2018-01-18 09:32:00,49.8,49.8,49.72,49.72,824.0
2018-01-18 09:33:00,49.6,49.7,49.6,49.7,3150.0
2018-01-18 09:35:00,49.77,49.77,49.69,49.69,1600.0
2018-01-18 09:36:00,49.78,49.79,49.78,49.79,489.0
2018-01-18 09:37:00,49.78,49.82,49.78,49.81,3000.0
2018-01-18 09:38:00,49.78,49.78,49.78,49.78,100.0
2018-01-18 09:39:00,49.78,49.79,49.78,49.79,300.0
2018-01-18 09:40:00,49.81,49.82,49.77,49.78,5000.0
2018-01-18 09:41:00,49.84,49.85,49.81,49.82,1600.0
2018-01-18 09:42:00,49.85,49.85,49.83,49.83,600.0
2018-01-18 09:43:00,49.84,49.845,49.83,49.84,1593.0
2018-01-18 09:44:00,49.87,49.91,49.84,49.84,2977.0
2018-01-18 09:45:00,49.9,49.9,49.9,49.9,340.0
2018-01-18 09:46:00,49.89,49.92,49.87,49.87,1600.0
2018-01-18 09:47:00,49.92,49.96,49.91,49.91,1600.0
2018-01-18 09:49:00,49.91,49.91,49.86,49.91,1515.0
2018-01-18 09:50:00,49.94,49.95,49.94,49.94,1843.0
2018-01-18 09:51:00,49.95,49.96,49.935,49.935,890.0
2018-01-18 09:52:00,49.98,49.98,49.96,49.96,500.0
2018-01-18 09:53:00,50.0,50.0,49.95,49.98,2125.0
2018-01-18 09:54:00,49.99,50.01,49.98,50.01,1450.0
2018-01-18 09:55:00,49.98,49.99,49.98,49.99,1048.0
2018-01-18 09:56:00,50.02,50.02,49.98,49.98,2357.0
2018-01-18 09:57:00,50.03,50.03,50.03,50.03,100.0
2018-01-18 09:58:00,50.02,50.04,50.02,50.03,1996.0
2018-01-18 09:59:00,50.0,50.04,50.0,50.02,8233.0
2018-01-18 10:00:00,49.96,49.9872,49.94,49.98,3656.0
2018-01-18 10:01:00,49.93,49.9678,49.93,49.9678,500.0
2018-01-18 10:02:00,49.87,49.96,49.87,49.96,3785.0
2018-01-18 10:03:00,49.905,49.905,49.9,49.9,700.0
2018-01-18 10:04:00,49.893,49.92,49.89,49.89,685.0
2018-01-18 10:05:00,49.9,49.905,49.9,49.905,400.0
2018-01-18 10:06:00,49.99,49.99,49.92,49.92,2000.0
2018-01-18 10:07:00,49.97,49.97,49.97,49.97,202.0
2018-01-18 10:08:00,49.93,49.96,49.92,49.95,2548.0
2018-01-18 10:09:00,49.925,49.93,49.91,49.91,2300.0
2018-01-18 10:10:00,49.95,49.95,49.94,49.94,200.0
2018-01-18 10:11:00,49.95,49.97,49.95,49.96,1000.0
2018-01-18 10:12:00,49.93,49.95,49.93,49.95,1849.0
2018-01-18 10:13:00,49.93,49.93,49.92,49.92,1816.0
2018-01-18 10:14:00,49.91,49.91,49.91,49.91,700.0
2018-01-18 10:15:00,49.92,49.92,49.91,49.92,1200.0
2018-01-18 10:16:00,49.89,49.93,49.89,49.92,6739.0
2018-01-18 10:17:00,49.86,49.89,49.86,49.88,1339.0
2018-01-18 10:18:00,49.82,49.86,49.82,49.86,1500.0
2018-01-18 10:19:00,49.82,49.82,49.81,49.82,1100.0
2018-01-18 10:20:00,49.8,49.81,49.8,49.81,881.0
2018-01-18 10:21:00,49.76,49.79,49.76,49.79,2695.0
2018-01-18 10:22:00,49.78,49.78,49.75,49.75,1711.0
2018-01-18 10:23:00,49.77,49.77,49.75,49.76,1768.0
2018-01-18 10:24:00,49.76,49.7618,49.76,49.7618,200.0
2018-01-18 10:25:00,49.73,49.75,49.73,49.75,2886.0
2018-01-18 10:26:00,49.73,49.73,49.73,49.73,800.0
2018-01-18 10:27:00,49.73,49.73,49.73,49.73,600.0
2018-01-18 10:28:00,49.72,49.73,49.715,49.7299,4075.0
2018-01-18 10:29:00,49.7,49.71,49.7,49.71,1744.0
2018-01-18 10:30:00,49.7073,49.7073,49.7,49.7,237.0
2018-01-18 10:31:00,49.69,49.73,49.69,49.72,3445.0
2018-01-18 10:32:00,49.73,49.73,49.68,49.68,2500.0
2018-01-18 10:33:00,49.71,49.71,49.71,49.71,600.0
2018-01-18 10:35:00,49.65,49.68,49.58,49.68,3500.0
2018-01-18 10:36:00,49.65,49.66,49.6001,49.64,2770.0
2018-01-18 10:37:00,49.66,49.68,49.64,49.64,2800.0
2018-01-18 10:38:00,49.65,49.67,49.65,49.66,900.0
2018-01-18 10:39:00,49.64,49.67,49.64,49.65,805.0
2018-01-18 10:40:00,49.64,49.65,49.64,49.65,325.0
2018-01-18 10:41:00,49.63,49.64,49.63,49.64,1200.0
2018-01-18 10:42:00,49.6487,49.6487,49.62,49.63,520.0
2018-01-18 10:43:00,49.63,49.63,49.63,49.63,100.0
2018-01-18 10:44:00,49.64,49.648999999999994,49.64,49.64,1550.0
2018-01-18 10:45:00,49.68,49.68,49.65,49.65,3400.0
2018-01-18 10:46:00,49.66,49.66,49.66,49.66,673.0
2018-01-18 10:47:00,49.66,49.665,49.63,49.665,1398.0
2018-01-18 10:48:00,49.63,49.65,49.63,49.65,1000.0
2018-01-18 10:49:00,49.63,49.64,49.63,49.64,1663.0
2018-01-18 10:50:00,49.61,49.62,49.61,49.62,1300.0
2018-01-18 10:51:00,49.59,49.6,49.59,49.6,200.0
2018-01-18 10:52:00,49.59,49.61,49.59,49.61,800.0
2018-01-18 10:53:00,49.6,49.6,49.59,49.6,1283.0
2018-01-18 10:54:00,49.58,49.6,49.58,49.6,1868.0
2018-01-18 10:55:00,49.59,49.59,49.59,49.59,100.0
2018-01-18 10:56:00,49.59,49.6,49.58,49.58,1700.0
2018-01-18 10:57:00,49.57,49.59,49.57,49.58,3196.0
2018-01-18 10:58:00,49.59,49.59,49.58,49.58,1000.0
2018-01-18 10:59:00,49.6,49.6,49.58,49.58,3600.0
2018-01-18 11:00:00,49.59,49.6,49.58,49.6,3100.0
2018-01-18 11:01:00,49.57,49.57,49.57,49.57,100.0
2018-01-18 11:03:00,49.55,49.57,49.54,49.57,4241.0
2018-01-18 11:04:00,49.5276,49.54,49.5276,49.54,606.0
2018-01-18 11:05:00,49.53,49.53,49.52,49.52,2978.0
2018-01-18 11:06:00,49.49,49.51,49.49,49.51,1215.0
2018-01-18 11:08:00,49.54,49.54,49.5,49.5,1423.0
2018-01-18 11:09:00,49.51,49.535,49.5,49.52,1893.0
2018-01-18 11:10:00,49.53,49.53,49.5,49.5,329.0
2018-01-18 11:11:00,49.5,49.5142,49.49,49.5142,2000.0
2018-01-18 11:12:00,49.52,49.54,49.5,49.51,8444.0
2018-01-18 11:13:00,49.54,49.54,49.51,49.51,700.0
2018-01-18 11:14:00,49.46,49.58,49.39,49.55,59172.0
2018-01-18 11:15:00,49.46,49.5,49.46,49.5,600.0
2018-01-18 11:16:00,49.44,49.465,49.43,49.45,1386.0
2018-01-18 11:17:00,49.45,49.46,49.45,49.45,600.0
2018-01-18 11:18:00,49.45,49.45,49.45,49.45,100.0
2018-01-18 11:19:00,49.45,49.45,49.45,49.45,600.0
2018-01-18 11:20:00,49.45,49.46,49.45,49.46,501.0
2018-01-18 11:21:00,49.47,49.47,49.45,49.45,341.0
2018-01-18 11:22:00,49.44,49.46,49.44,49.46,2100.0
2018-01-18 11:23:00,49.46,49.485,49.45,49.45,2208.0
2018-01-18 11:24:00,49.47,49.47,49.45,49.46,1300.0
2018-01-18 11:25:00,49.43,49.45,49.43,49.45,500.0
2018-01-18 11:26:00,49.48,49.48,49.41,49.41,1000.0
2018-01-18 11:27:00,49.47,49.47,49.47,49.47,151.0
2018-01-18 11:28:00,49.49,49.49,49.4758,49.4758,281.0
2018-01-18 11:29:00,49.46,49.49,49.45,49.49,700.0
2018-01-18 11:30:00,49.45,49.47,49.45,49.46,3600.0
2018-01-18 11:31:00,49.47,49.47,49.44,49.44,500.0
2018-01-18 11:32:00,49.43,49.45,49.43,49.45,2026.0
2018-01-18 11:33:00,49.47,49.47,49.4385,49.4385,1330.0
2018-01-18 11:34:00,49.52,49.52,49.49,49.49,200.0
2018-01-18 11:35:00,49.5236,49.5236,49.51,49.52,362.0
2018-01-18 11:36:00,49.5204,49.5204,49.51,49.51,500.0
2018-01-18 11:37:00,49.54,49.55,49.51,49.55,400.0
2018-01-18 11:38:00,49.51,49.54,49.5,49.525,3341.0
2018-01-18 11:41:00,49.51,49.51,49.51,49.51,200.0
2018-01-18 11:42:00,49.49,49.5,49.49,49.5,1678.0
2018-01-18 11:43:00,49.48,49.49,49.48,49.49,300.0
2018-01-18 11:44:00,49.47,49.49,49.47,49.48,2483.0
2018-01-18 11:45:00,49.49,49.49,49.479,49.479,800.0
2018-01-18 11:46:00,49.4643,49.4797,49.4643,49.4797,820.0
2018-01-18 11:47:00,49.4547,49.48,49.4547,49.48,204.0
2018-01-18 11:48:00,49.47,49.47,49.45,49.45,1070.0
2018-01-18 11:49:00,49.48,49.48,49.4576,49.46,3236.0
2018-01-18 11:50:00,49.47,49.47,49.45,49.46,2060.0
2018-01-18 11:51:00,49.5,49.5,49.47,49.48,500.0
2018-01-18 11:52:00,49.49,49.5,49.49,49.5,200.0
2018-01-18 11:53:00,49.53,49.53,49.515,49.52,550.0
2018-01-18 11:54:00,49.52,49.52,49.52,49.52,100.0
2018-01-18 11:55:00,49.55,49.55,49.55,49.55,1313.0
2018-01-18 11:56:00,49.56,49.57,49.54,49.54,1700.0
2018-01-18 11:57:00,49.58,49.58,49.55,49.55,645.0
2018-01-18 11:58:00,49.58,49.6,49.565,49.58,1254.0
2018-01-18 11:59:00,49.58,49.6,49.58,49.6,500.0
2018-01-18 12:00:00,49.57,49.6,49.57,49.6,1400.0
2018-01-18 12:01:00,49.5725,49.5725,49.57,49.57,700.0
2018-01-18 12:02:00,49.57,49.58,49.57,49.58,1686.0
2018-01-18 12:03:00,49.57,49.58,49.56,49.57,1600.0
2018-01-18 12:04:00,49.58,49.58,49.57,49.58,700.0
2018-01-18 12:05:00,49.59,49.59,49.59,49.59,100.0
2018-01-18 12:06:00,49.59,49.59,49.58,49.58,1500.0
2018-01-18 12:07:00,49.58,49.58,49.57,49.57,1356.0
2018-01-18 12:08:00,49.56,49.58,49.56,49.58,1802.0
2018-01-18 12:10:00,49.57,49.57,49.57,49.57,100.0
2018-01-18 12:12:00,49.57,49.57,49.57,49.57,200.0
2018-01-18 12:13:00,49.56,49.57,49.5568,49.57,513.0
2018-01-18 12:14:00,49.56,49.57,49.55,49.55,1468.0
2018-01-18 12:15:00,49.54,49.56,49.54,49.56,4014.0
2018-01-18 12:16:00,49.53,49.53,49.53,49.53,400.0
2018-01-18 12:17:00,49.53,49.53,49.53,49.53,1200.0
2018-01-18 12:18:00,49.52,49.52,49.51,49.52,2768.0
2018-01-18 12:19:00,49.52,49.53,49.52,49.53,1200.0
2018-01-18 12:20:00,49.52,49.52,49.51,49.51,1100.0
2018-01-18 12:21:00,49.53,49.53,49.515,49.515,567.0
2018-01-18 12:22:00,49.57,49.57,49.53,49.53,1100.0
2018-01-18 12:23:00,49.56,49.57,49.55,49.57,300.0
2018-01-18 12:24:00,49.57,49.57,49.57,49.57,400.0
2018-01-18 12:25:00,49.61,49.61,49.57,49.57,1450.0
2018-01-18 12:26:00,49.61,49.61,49.61,49.61,200.0
2018-01-18 12:27:00,49.61,49.61,49.59,49.59,500.0
2018-01-18 12:28:00,49.61,49.61,49.6,49.6,420.0
2018-01-18 12:29:00,49.61,49.61,49.6,49.6,200.0
2018-01-18 12:30:00,49.6,49.61,49.59,49.59,3342.0
2018-01-18 12:31:00,49.59,49.59,49.59,49.59,1378.0
2018-01-18 12:32:00,49.57,49.6071,49.57,49.58,3253.0
2018-01-18 12:33:00,49.59,49.59,49.58,49.58,905.0
2018-01-18 12:34:00,49.59,49.59,49.59,49.59,324.0
2018-01-18 12:35:00,49.59,49.59,49.59,49.59,200.0
2018-01-18 12:36:00,49.5925,49.6,49.59,49.6,897.0
2018-01-18 12:37:00,49.61,49.61,49.6,49.6,1084.0
2018-01-18 12:39:00,49.5816,49.61,49.58,49.61,4996.0
2018-01-18 12:40:00,49.58,49.61,49.58,49.59,3121.0
2018-01-18 12:41:00,49.62,49.62,49.61,49.61,500.0
2018-01-18 12:42:00,49.62,49.62,49.62,49.62,200.0
2018-01-18 12:43:00,49.59,49.62,49.59,49.62,2800.0
2018-01-18 12:44:00,49.56,49.58,49.56,49.58,900.0
2018-01-18 12:45:00,49.56,49.56,49.53,49.55,1150.0
2018-01-18 12:46:00,49.58,49.58,49.58,49.58,100.0
2018-01-18 12:47:00,49.56,49.58,49.56,49.58,1700.0
2018-01-18 12:48:00,49.56,49.56,49.56,49.56,200.0
2018-01-18 12:49:00,49.565,49.565,49.565,49.565,400.0
2018-01-18 12:50:00,49.52,49.57,49.52,49.57,3629.0
2018-01-18 12:51:00,49.51,49.51,49.51,49.51,100.0
2018-01-18 12:52:00,49.51,49.53,49.51,49.53,200.0
2018-01-18 12:54:00,49.51,49.51,49.51,49.51,1200.0
2018-01-18 12:55:00,49.51,49.52,49.5,49.52,2500.0
2018-01-18 12:56:00,49.52,49.52,49.51,49.51,200.0
2018-01-18 12:57:00,49.51,49.51,49.51,49.51,300.0
2018-01-18 12:58:00,49.52,49.52,49.52,49.52,400.0
2018-01-18 12:59:00,49.52,49.52,49.51,49.51,400.0
2018-01-18 13:00:00,49.5,49.51,49.5,49.51,1700.0
2018-01-18 13:01:00,49.5,49.5,49.5,49.5,200.0
2018-01-18 13:02:00,49.5,49.52,49.5,49.5,3200.0
2018-01-18 13:04:00,49.48,49.52,49.48,49.51,2700.0
2018-01-18 13:05:00,49.47,49.48,49.47,49.48,1160.0
2018-01-18 13:06:00,49.48,49.48,49.48,49.48,965.0
2018-01-18 13:07:00,49.51,49.51,49.48,49.48,2600.0
2018-01-18 13:08:00,49.5,49.51,49.5,49.51,200.0
2018-01-18 13:09:00,49.49,49.51,49.49,49.51,4043.0
2018-01-18 13:10:00,49.49,49.5,49.49,49.49,1600.0
2018-01-18 13:11:00,49.51,49.51,49.49,49.49,1686.0
2018-01-18 13:12:00,49.5,49.51,49.5,49.51,300.0
2018-01-18 13:13:00,49.52,49.52,49.52,49.52,200.0
2018-01-18 13:14:00,49.52,49.52,49.51,49.52,1520.0
2018-01-18 13:15:00,49.53,49.53,49.5,49.5,1417.0
2018-01-18 13:16:00,49.55,49.55,49.533,49.533,1159.0
2018-01-18 13:17:00,49.57,49.57,49.55,49.55,200.0
2018-01-18 13:18:00,49.59,49.59,49.57,49.58,733.0
2018-01-18 13:19:00,49.58,49.59,49.58,49.59,700.0
2018-01-18 13:20:00,49.55,49.57,49.54,49.57,3844.0
2018-01-18 13:21:00,49.54,49.54,49.54,49.54,100.0
2018-01-18 13:23:00,49.54,49.55,49.54,49.55,600.0
2018-01-18 13:24:00,49.53,49.54,49.53,49.54,1891.0
2018-01-18 13:25:00,49.53,49.535,49.53,49.535,300.0
2018-01-18 13:26:00,49.525,49.53,49.525,49.53,1705.0
2018-01-18 13:27:00,49.53,49.54,49.51,49.52,3496.0
2018-01-18 13:28:00,49.53,49.53,49.53,49.53,300.0
2018-01-18 13:29:00,49.53,49.54,49.52,49.53,4300.0
2018-01-18 13:30:00,49.51,49.53,49.51,49.53,2023.0
2018-01-18 13:31:00,49.51,49.52,49.5,49.5,675.0
2018-01-18 13:32:00,49.52,49.54,49.52,49.52,300.0
2018-01-18 13:33:00,49.52,49.54,49.52,49.54,1100.0
2018-01-18 13:34:00,49.53,49.53,49.52,49.53,300.0
2018-01-18 13:35:00,49.54,49.54,49.53,49.53,909.0
2018-01-18 13:36:00,49.53,49.53,49.53,49.53,100.0
2018-01-18 13:37:00,49.5375,49.5375,49.531000000000006,49.531000000000006,611.0
2018-01-18 13:38:00,49.53,49.55,49.53,49.55,71642.0
2018-01-18 13:39:00,49.53,49.55,49.53,49.53,1148.0
2018-01-18 13:40:00,49.53,49.55,49.53,49.53,400.0
2018-01-18 13:41:00,49.56,49.56,49.55,49.55,1500.0
2018-01-18 13:42:00,49.5875,49.6,49.56,49.56,2600.0
2018-01-18 13:43:00,49.6,49.6,49.6,49.6,381.0
2018-01-18 13:44:00,49.59,49.6,49.58,49.5989,2849.0
2018-01-18 13:45:00,49.582,49.59,49.58,49.59,600.0
2018-01-18 13:46:00,49.6,49.602,49.595,49.6,1443.0
2018-01-18 13:47:00,49.61,49.62,49.61,49.61,4952.0
2018-01-18 13:48:00,49.59,49.6,49.585,49.6,1321.0
2018-01-18 13:49:00,49.59,49.59,49.59,49.59,400.0
2018-01-18 13:50:00,49.56,49.58,49.56,49.58,1407.0
2018-01-18 13:51:00,49.57,49.57,49.55,49.55,400.0
2018-01-18 13:52:00,49.5502,49.5502,49.55,49.55,505.0
2018-01-18 13:53:00,49.56,49.57,49.56,49.57,3334.0
2018-01-18 13:54:00,49.5681,49.57,49.55,49.57,700.0
2018-01-18 13:55:00,49.54,49.57,49.54,49.57,5300.0
2018-01-18 13:56:00,49.55,49.55,49.55,49.55,300.0
2018-01-18 13:57:00,49.595,49.6,49.55,49.55,2800.0
2018-01-18 13:58:00,49.63,49.63,49.6,49.6,3039.0
2018-01-18 13:59:00,49.63,49.64,49.63,49.63,1000.0
2018-01-18 14:00:00,49.64,49.66,49.64,49.64,3349.0
2018-01-18 14:01:00,49.63,49.65,49.62,49.65,3215.0
2018-01-18 14:02:00,49.64,49.64,49.61,49.61,1100.0
2018-01-18 14:03:00,49.62,49.63,49.6,49.63,4316.0
2018-01-18 14:04:00,49.61,49.61,49.6,49.605,1000.0
2018-01-18 14:05:00,49.61,49.61,49.57,49.61,4105.0
2018-01-18 14:06:00,49.61,49.615,49.6,49.61,2200.0
2018-01-18 14:07:00,49.6,49.62,49.58,49.62,2512.0
2018-01-18 14:08:00,49.6,49.6,49.59,49.59,700.0
2018-01-18 14:09:00,49.6,49.6,49.59,49.59,1900.0
2018-01-18 14:10:00,49.62,49.62,49.61,49.61,2000.0
2018-01-18 14:11:00,49.61,49.62,49.61,49.62,1295.0
2018-01-18 14:12:00,49.61,49.62,49.6,49.6,3200.0
2018-01-18 14:13:00,49.65,49.65,49.62,49.62,3880.0
2018-01-18 14:14:00,49.61,49.65,49.61,49.62,3800.0
2018-01-18 14:15:00,49.63,49.63,49.61,49.62,1850.0
2018-01-18 14:16:00,49.64,49.64,49.64,49.64,100.0
2018-01-18 14:17:00,49.63,49.64,49.615,49.64,2788.0
2018-01-18 14:18:00,49.64,49.64,49.64,49.64,600.0
2018-01-18 14:19:00,49.6384,49.65,49.6384,49.65,1644.0
2018-01-18 14:20:00,49.63,49.64,49.62,49.64,1865.0
2018-01-18 14:21:00,49.64,49.64,49.63,49.635,790.0
2018-01-18 14:22:00,49.65,49.65,49.63,49.64,1958.0
2018-01-18 14:23:00,49.64,49.64,49.63,49.63,652.0
2018-01-18 14:24:00,49.65,49.66,49.64,49.65,2038.0
2018-01-18 14:25:00,49.65,49.66,49.63,49.66,4415.0
2018-01-18 14:26:00,49.64,49.65,49.62,49.65,3434.0
2018-01-18 14:27:00,49.64,49.64,49.64,49.64,500.0
2018-01-18 14:28:00,49.65,49.65,49.62,49.63,1500.0
2018-01-18 14:29:00,49.64,49.64,49.64,49.64,700.0
2018-01-18 14:30:00,49.64,49.65,49.64,49.65,200.0
2018-01-18 14:31:00,49.64,49.64,49.63,49.64,7223.0
2018-01-18 14:32:00,49.61,49.635,49.605,49.63,5904.0
2018-01-18 14:33:00,49.58,49.61,49.56,49.61,14775.0
2018-01-18 14:34:00,49.63,49.63,49.58,49.58,4609.0
2018-01-18 14:35:00,49.63,49.65,49.6275,49.63,2786.0
2018-01-18 14:36:00,49.63,49.65,49.63,49.64,4100.0
2018-01-18 14:37:00,49.66,49.66,49.64,49.645,1946.0
2018-01-18 14:38:00,49.65,49.65,49.65,49.65,716.0
2018-01-18 14:39:00,49.6416,49.6416,49.64,49.64,943.0
2018-01-18 14:40:00,49.64,49.64,49.6298,49.63,1200.0
2018-01-18 14:41:00,49.63,49.635,49.63,49.63,1703.0
2018-01-18 14:42:00,49.62,49.63,49.62,49.63,1600.0
2018-01-18 14:43:00,49.63,49.64,49.63,49.64,600.0
2018-01-18 14:44:00,49.61,49.6324,49.6,49.6324,4544.0
2018-01-18 14:45:00,49.62,49.62,49.6,49.61,1000.0
2018-01-18 14:46:00,49.61,49.61,49.61,49.61,100.0
2018-01-18 14:47:00,49.59,49.6,49.58,49.6,2100.0
2018-01-18 14:48:00,49.5848,49.59,49.5848,49.59,2144.0
2018-01-18 14:49:00,49.6,49.61,49.58,49.58,5139.0
2018-01-18 14:50:00,49.6,49.61,49.6,49.6023,1150.0
2018-01-18 14:51:00,49.5994,49.61,49.59,49.61,2206.0
2018-01-18 14:52:00,49.6,49.62,49.6,49.6,4190.0
2018-01-18 14:53:00,49.59,49.6,49.59,49.59,1600.0
2018-01-18 14:54:00,49.593999999999994,49.6,49.585,49.59,3748.0
2018-01-18 14:55:00,49.62,49.62,49.59,49.595,2600.0
2018-01-18 14:56:00,49.61,49.62,49.61,49.61,795.0
2018-01-18 14:57:00,49.62,49.62,49.61,49.61,1700.0
2018-01-18 14:58:00,49.63,49.64,49.63,49.63,1400.0
2018-01-18 14:59:00,49.63,49.63,49.63,49.63,300.0
2018-01-18 15:00:00,49.58,49.63,49.56,49.63,11979.0
2018-01-18 15:01:00,49.58,49.59,49.56,49.59,6845.0
2018-01-18 15:03:00,49.58,49.58,49.57,49.58,600.0
2018-01-18 15:04:00,49.57,49.57,49.57,49.57,100.0
2018-01-18 15:05:00,49.56,49.58,49.55,49.58,4859.0
2018-01-18 15:06:00,49.54,49.56,49.54,49.56,4801.0
2018-01-18 15:07:00,49.55,49.55,49.55,49.55,922.0
2018-01-18 15:08:00,49.54,49.5484,49.53,49.5484,847.0
2018-01-18 15:09:00,49.54,49.55,49.53,49.5336,3353.0
2018-01-18 15:10:00,49.535,49.54,49.53,49.54,3469.0
2018-01-18 15:11:00,49.53,49.535,49.53,49.53,1000.0
2018-01-18 15:12:00,49.545,49.545,49.535,49.54,2477.0
2018-01-18 15:13:00,49.55,49.55,49.54,49.54,300.0
2018-01-18 15:14:00,49.51,49.54,49.49,49.54,12920.0
2018-01-18 15:15:00,49.51,49.52,49.51,49.51,2566.0
2018-01-18 15:16:00,49.5025,49.515,49.5,49.51,5900.0
2018-01-18 15:17:00,49.49,49.5043,49.48,49.5,4078.0
2018-01-18 15:18:00,49.49,49.4925,49.48,49.48,500.0
2018-01-18 15:19:00,49.48,49.495,49.48,49.4925,3200.0
2018-01-18 15:20:00,49.48,49.48,49.48,49.48,397.0
2018-01-18 15:21:00,49.49,49.49,49.48,49.48,900.0
2018-01-18 15:22:00,49.485,49.49,49.48,49.49,2200.0
2018-01-18 15:23:00,49.44,49.485,49.44,49.48,4184.0
2018-01-18 15:24:00,49.42,49.445,49.42,49.441,1119.0
2018-01-18 15:25:00,49.42,49.42,49.42,49.42,100.0
2018-01-18 15:26:00,49.43,49.435,49.405,49.42,11952.0
2018-01-18 15:27:00,49.42,49.43,49.41,49.43,3714.0
2018-01-18 15:28:00,49.41,49.42,49.41,49.42,3087.0
2018-01-18 15:29:00,49.42,49.42,49.42,49.42,700.0
2018-01-18 15:30:00,49.425,49.44,49.415,49.42,5346.0
2018-01-18 15:31:00,49.42,49.435,49.42,49.425,4828.0
2018-01-18 15:32:00,49.42,49.43,49.41,49.41,4592.0
2018-01-18 15:33:00,49.42,49.42,49.41,49.42,17200.0
2018-01-18 15:34:00,49.43,49.44,49.41,49.41,15336.0
2018-01-18 15:35:00,49.44,49.44,49.43,49.4343,2117.0
2018-01-18 15:36:00,49.42,49.45,49.41,49.45,11596.0
2018-01-18 15:37:00,49.42,49.43,49.42,49.42,1040.0
2018-01-18 15:38:00,49.44,49.44,49.42,49.43,2600.0
2018-01-18 15:39:00,49.42,49.44,49.42,49.44,2871.0
2018-01-18 15:40:00,49.44,49.44,49.42,49.425,3449.0
2018-01-18 15:41:00,49.4301,49.44,49.4301,49.44,408.0
2018-01-18 15:42:00,49.44,49.45,49.435,49.44,5477.0
2018-01-18 15:43:00,49.43,49.44,49.425,49.44,5741.0
2018-01-18 15:44:00,49.43,49.43,49.42,49.43,300.0
2018-01-18 15:45:00,49.425,49.43,49.41,49.42,8512.0
2018-01-18 15:46:00,49.42,49.43,49.41,49.42,9716.0
2018-01-18 15:47:00,49.42,49.43,49.42,49.425,1400.0
2018-01-18 15:48:00,49.425,49.425,49.41,49.42,9474.0
2018-01-18 15:49:00,49.415,49.4299,49.41,49.42,3065.0
2018-01-18 15:50:00,49.42,49.43,49.41,49.42,7100.0
2018-01-18 15:51:00,49.4299,49.43,49.42,49.42,1933.0
2018-01-18 15:52:00,49.42,49.43,49.42,49.42,2010.0
2018-01-18 15:53:00,49.4,49.43,49.4,49.42,13829.0
2018-01-18 15:54:00,49.41,49.42,49.4,49.41,9244.0
2018-01-18 15:55:00,49.41,49.42,49.4,49.405,8422.0
2018-01-18 15:56:00,49.42,49.42,49.41,49.41,7848.0
2018-01-18 15:57:00,49.44,49.44,49.41,49.415,17124.0
2018-01-18 15:58:00,49.44,49.445,49.43,49.44,10083.0
2018-01-18 15:59:00,49.44,49.44,49.425,49.44,14292.0
2018-01-18 16:00:00,49.47,49.47,49.43,49.435,26710.0
2018-01-19 09:30:00,49.67,49.67,49.67,49.67,122682.0
2018-01-19 09:31:00,49.73,49.81,49.71,49.81,900.0
2018-01-19 09:32:00,49.82,49.82,49.72,49.72,5806.0
2018-01-19 09:33:00,49.8,49.8,49.77,49.77,1300.0
2018-01-19 09:34:00,49.84,49.85,49.82,49.82,2500.0
2018-01-19 09:35:00,49.97,49.97,49.88,49.88,3500.0
2018-01-19 09:36:00,49.91,49.97,49.91,49.97,2200.0
2018-01-19 09:37:00,49.91,49.92,49.89,49.89,3400.0
2018-01-19 09:38:00,49.84,49.9,49.83,49.9,1800.0
2018-01-19 09:40:00,49.84,49.86,49.82,49.8367,2756.0
2018-01-19 09:41:00,49.89,49.89,49.83,49.83,2756.0
2018-01-19 09:42:00,49.93,49.94,49.88,49.88,1300.0
2018-01-19 09:43:00,49.98,50.0,49.935,49.95,6871.0
2018-01-19 09:44:00,49.96,50.0,49.94,49.99,4605.0
2018-01-19 09:45:00,49.9525,49.96,49.95,49.96,1300.0
2018-01-19 09:46:00,50.0298,50.03,49.94,49.94,2250.0
2018-01-19 09:47:00,50.01,50.02,49.995,50.02,4550.0
2018-01-19 09:48:00,50.04,50.04,50.01,50.01,800.0
2018-01-19 09:49:00,50.08,50.08,50.06,50.06,1505.0
2018-01-19 09:50:00,50.07,50.07,50.07,50.07,900.0
2018-01-19 09:51:00,50.1,50.12,50.075,50.075,5335.0
2018-01-19 09:52:00,50.09,50.11,50.075,50.11,1799.0
2018-01-19 09:53:00,50.04,50.09,50.04,50.09,2121.0
2018-01-19 09:54:00,50.07,50.07,50.05,50.05,938.0
2018-01-19 09:55:00,50.06,50.09,50.06,50.09,1426.0
2018-01-19 09:56:00,50.03,50.08,50.03,50.08,5020.0
2018-01-19 09:57:00,50.02,50.0201,50.02,50.02,400.0
2018-01-19 09:58:00,50.0,50.02,49.99,50.02,1990.0
2018-01-19 09:59:00,50.01,50.01,49.97,49.98,1100.0
2018-01-19 10:00:00,50.0,50.02,49.99,50.02,915.0
2018-01-19 10:01:00,49.99,49.99,49.99,49.99,400.0
2018-01-19 10:02:00,50.01,50.01,50.0,50.0,300.0
2018-01-19 10:03:00,49.97,49.99,49.97,49.99,1031.0
2018-01-19 10:04:00,49.97,49.97,49.97,49.97,1000.0
2018-01-19 10:05:00,49.93,49.97,49.93,49.96,2577.0
2018-01-19 10:06:00,49.95,49.95,49.92,49.92,1300.0
2018-01-19 10:07:00,49.94,49.9701,49.94,49.9701,2400.0
2018-01-19 10:08:00,49.99,49.99,49.95,49.95,600.0
2018-01-19 10:09:00,49.97,49.97,49.96,49.96,2600.0
2018-01-19 10:10:00,50.005,50.005,49.97,49.98,2670.0
2018-01-19 10:11:00,49.96,50.0,49.96,50.0,2624.0
2018-01-19 10:12:00,49.95,49.95,49.95,49.95,300.0
2018-01-19 10:13:00,50.0,50.02,49.96,49.96,3379.0
2018-01-19 10:14:00,49.951,49.99,49.94,49.99,3000.0
2018-01-19 10:15:00,49.97,49.97,49.96,49.96,600.0
2018-01-19 10:16:00,50.0,50.02,49.99,49.99,1700.0
2018-01-19 10:17:00,50.0,50.01,50.0,50.01,1154.0
2018-01-19 10:18:00,49.995,50.0,49.99,50.0,1734.0
2018-01-19 10:19:00,50.0,50.0,49.99,49.99,300.0
2018-01-19 10:20:00,49.95,50.01,49.94,50.0,4712.0
2018-01-19 10:21:00,49.96,49.97,49.96,49.96,1000.0
2018-01-19 10:22:00,50.0066,50.0066,49.98,49.98,866.0
2018-01-19 10:23:00,50.03,50.0399,50.01,50.01,1401.0
2018-01-19 10:24:00,50.05,50.05,50.03,50.03,600.0
2018-01-19 10:25:00,50.06,50.08,50.04,50.05,7627.0
2018-01-19 10:26:00,50.08,50.08,50.07,50.07,2117.0
2018-01-19 10:27:00,50.085,50.09,50.05,50.08,2442.0
2018-01-19 10:28:00,50.04,50.09,50.03,50.08,3368.0
2018-01-19 10:29:00,50.07,50.07,50.02,50.02,1093.0
2018-01-19 10:30:00,50.07,50.07,50.07,50.07,100.0
2018-01-19 10:31:00,50.06,50.06,50.06,50.06,100.0
2018-01-19 10:32:00,50.05,50.055,50.05,50.055,1100.0
2018-01-19 10:33:00,50.05,50.05,50.02,50.04,1345.0
2018-01-19 10:34:00,50.04,50.055,50.04,50.05,2000.0
2018-01-19 10:35:00,49.98,50.02,49.96,50.02,2985.0
2018-01-19 10:36:00,49.955,50.0,49.955,50.0,1692.0
2018-01-19 10:37:00,49.965,49.965,49.96,49.96,300.0
2018-01-19 10:38:00,49.97,49.97,49.97,49.97,600.0
2018-01-19 10:39:00,49.97,49.97,49.95,49.97,2096.0
2018-01-19 10:40:00,50.0,50.0,49.98,49.98,500.0
2018-01-19 10:41:00,50.02,50.02,50.0,50.0,300.0
2018-01-19 10:42:00,50.02,50.03,50.01,50.03,2100.0
2018-01-19 10:43:00,50.07,50.085,50.02,50.02,3680.0
2018-01-19 10:44:00,50.05,50.065,50.035,50.06,3439.0
2018-01-19 10:45:00,50.06,50.06,50.04,50.05,1300.0
2018-01-19 10:46:00,50.075,50.08,50.07,50.0714,1771.0
2018-01-19 10:47:00,50.04,50.09,50.03,50.09,4444.0
2018-01-19 10:48:00,50.04,50.04,50.04,50.04,200.0
2018-01-19 10:49:00,50.03,50.045,50.03,50.04,1500.0
2018-01-19 10:50:00,50.02,50.055,50.02,50.03,27972.0
2018-01-19 10:51:00,50.015,50.03,50.0,50.02,2606.0
2018-01-19 10:52:00,50.01,50.01,50.01,50.01,100.0
2018-01-19 10:53:00,50.08,50.119,50.025,50.03,27799.0
2018-01-19 10:54:00,50.1,50.12,50.085,50.09,2957.0
2018-01-19 10:55:00,50.055,50.1,50.055,50.09,1851.0
2018-01-19 10:56:00,50.06,50.08,50.04,50.055,16501.0
2018-01-19 10:57:00,50.04,50.045,50.03,50.04,1490.0
2018-01-19 10:58:00,50.06,50.06,50.025,50.025,1760.0
2018-01-19 10:59:00,50.06,50.07,50.06,50.06,3226.0
2018-01-19 11:00:00,50.07,50.08,50.065,50.065,1000.0
2018-01-19 11:01:00,50.08,50.08,50.08,50.08,100.0
2018-01-19 11:02:00,50.055,50.075,50.05,50.07,3330.0
2018-01-19 11:03:00,50.05,50.07,50.05,50.05,1949.0
2018-01-19 11:04:00,50.05,50.07,50.05,50.07,1675.0
2018-01-19 11:05:00,50.04,50.051,50.03,50.05,3418.0
2018-01-19 11:06:00,50.03,50.04,50.03,50.0399,1669.0
2018-01-19 11:07:00,49.98,50.04,49.98,50.04,4493.0
2018-01-19 11:08:00,49.995,49.995,49.97,49.97,3801.0
2018-01-19 11:09:00,49.97,50.0,49.97,49.99,4045.0
2018-01-19 11:10:00,49.94,49.975,49.94,49.97,2570.0
2018-01-19 11:11:00,49.98,49.98,49.94,49.94,2700.0
2018-01-19 11:12:00,49.94,49.98,49.94,49.9748,4100.0
2018-01-19 11:13:00,49.96,49.96,49.94,49.94,1631.0
2018-01-19 11:14:00,49.96,49.965,49.96,49.96,400.0
2018-01-19 11:15:00,49.93,49.96,49.92,49.96,4200.0
2018-01-19 11:16:00,49.92,49.93,49.91,49.92,1100.0
2018-01-19 11:18:00,49.91,49.928999999999995,49.91,49.928999999999995,5000.0
2018-01-19 11:19:00,49.93,49.945,49.915,49.915,2500.0
2018-01-19 11:20:00,49.94,49.95,49.94,49.95,400.0
2018-01-19 11:21:00,49.94,49.94,49.94,49.94,100.0
2018-01-19 11:22:00,49.935,49.945,49.92,49.94,3200.0
2018-01-19 11:23:00,49.91,49.935,49.9,49.935,2088.0
2018-01-19 11:24:00,49.91,49.91,49.91,49.91,100.0
2018-01-19 11:25:00,49.9,49.92,49.9,49.92,1900.0
2018-01-19 11:26:00,49.88,49.91,49.88,49.905,3186.0
2018-01-19 11:27:00,49.9,49.905,49.885,49.885,2568.0
2018-01-19 11:28:00,49.93,49.93,49.9,49.9,2368.0
2018-01-19 11:29:00,49.94,49.94,49.93,49.93,1802.0
2018-01-19 11:30:00,49.95,49.95,49.95,49.95,100.0
2018-01-19 11:31:00,49.96,49.96,49.95,49.95,850.0
2018-01-19 11:32:00,49.95,49.96,49.95,49.96,583.0
2018-01-19 11:33:00,49.96,49.96,49.95,49.9513,1331.0
2018-01-19 11:34:00,49.9443,49.97,49.9443,49.97,3660.0
2018-01-19 11:36:00,49.91,49.945,49.91,49.945,5909.0
2018-01-19 11:37:00,49.915,49.92,49.91,49.915,600.0
2018-01-19 11:38:00,49.91,49.915,49.91,49.91,364.0
2018-01-19 11:39:00,49.935,49.935,49.92,49.92,1454.0
2018-01-19 11:40:00,49.92,49.935,49.91,49.9343,3522.0
2018-01-19 11:41:00,49.93,49.94,49.92,49.92,2450.0
2018-01-19 11:42:00,49.92,49.95,49.92,49.94,9500.0
2018-01-19 11:43:00,49.945,49.945,49.92,49.92,1600.0
2018-01-19 11:44:00,49.93,49.96,49.93,49.95,5550.0
2018-01-19 11:45:00,49.93,49.93,49.92,49.92,1000.0
2018-01-19 11:46:00,49.91,49.935,49.9,49.93,7645.0
2018-01-19 11:47:00,49.89,49.91,49.88,49.91,3491.0
2018-01-19 11:49:00,49.895,49.895,49.89,49.89,987.0
2018-01-19 11:50:00,49.895,49.895,49.89,49.89,1100.0
2018-01-19 11:51:00,49.92,49.92,49.9,49.9,1900.0
2018-01-19 11:52:00,49.92,49.93,49.91,49.92,3607.0
2018-01-19 11:53:00,49.905,49.93,49.9,49.92,5752.0
2018-01-19 11:54:00,49.88,49.905,49.88,49.905,2950.0
2018-01-19 11:55:00,49.88,49.88,49.88,49.88,2697.0
2018-01-19 11:56:00,49.895,49.9,49.89,49.89,2366.0
2018-01-19 11:57:00,49.91,49.91,49.9,49.9,1685.0
2018-01-19 11:58:00,49.88,49.92,49.88,49.91,2606.0
2018-01-19 11:59:00,49.89,49.89,49.88,49.8837,578.0
2018-01-19 12:00:00,49.87,49.89,49.87,49.89,4499.0
2018-01-19 12:01:00,49.87,49.875,49.87,49.875,200.0
2018-01-19 12:02:00,49.875,49.88,49.87,49.87,2777.0
2018-01-19 12:03:00,49.875,49.875,49.875,49.875,150.0
2018-01-19 12:04:00,49.88,49.88,49.88,49.88,600.0
2018-01-19 12:05:00,49.87,49.88,49.87,49.88,7432.0
2018-01-19 12:06:00,49.88,49.89,49.87,49.87,1900.0
2018-01-19 12:07:00,49.87,49.88,49.87,49.88,946.0
2018-01-19 12:08:00,49.875,49.875,49.87,49.87,1095.0
2018-01-19 12:09:00,49.88,49.885,49.875,49.875,2146.0
2018-01-19 12:10:00,49.865,49.875,49.86,49.875,3700.0
2018-01-19 12:11:00,49.865,49.87,49.86,49.87,2700.0
2018-01-19 12:12:00,49.87,49.87,49.86,49.865,600.0
2018-01-19 12:13:00,49.855,49.87,49.85,49.87,9016.0
2018-01-19 12:14:00,49.79,49.855,49.79,49.855,13004.0
2018-01-19 12:15:00,49.84,49.9,49.79,49.79,35047.0
2018-01-19 12:16:00,49.83,49.83,49.83,49.83,200.0
2018-01-19 12:17:00,49.83,49.83,49.82,49.82,1670.0
2018-01-19 12:19:00,49.83,49.83,49.82,49.82,800.0
2018-01-19 12:20:00,49.86,49.86,49.84,49.84,2485.0
2018-01-19 12:21:00,49.86,49.86,49.86,49.86,500.0
2018-01-19 12:22:00,49.845,49.86,49.845,49.86,1747.0
2018-01-19 12:23:00,49.85,49.85,49.85,49.85,1265.0
2018-01-19 12:24:00,49.85,49.85,49.85,49.85,100.0
2018-01-19 12:25:00,49.86,49.86,49.84,49.84,800.0
2018-01-19 12:26:00,49.86,49.86,49.86,49.86,900.0
2018-01-19 12:27:00,49.86,49.86,49.85,49.86,933.0
2018-01-19 12:28:00,49.85,49.875,49.85,49.86,4900.0
2018-01-19 12:29:00,49.85,49.85,49.845,49.845,900.0
2018-01-19 12:30:00,49.87,49.87,49.85,49.86,1012.0
2018-01-19 12:31:00,49.875,49.88,49.87,49.87,2422.0
2018-01-19 12:32:00,49.875,49.875,49.875,49.875,900.0
2018-01-19 12:33:00,49.87,49.875,49.87,49.875,1000.0
2018-01-19 12:34:00,49.88,49.88,49.88,49.88,300.0
2018-01-19 12:35:00,49.87,49.88,49.87,49.88,1777.0
2018-01-19 12:36:00,49.875,49.88,49.87,49.88,900.0
2018-01-19 12:37:00,49.93,49.93,49.88,49.88,8761.0
2018-01-19 12:38:00,49.92,49.94,49.91,49.94,7292.0
2018-01-19 12:39:00,49.91,49.92,49.91,49.92,1220.0
2018-01-19 12:40:00,49.91,49.915,49.91,49.915,300.0
2018-01-19 12:41:00,49.925,49.93,49.915,49.915,2651.0
2018-01-19 12:42:00,49.89,49.92,49.88,49.92,4457.0
2018-01-19 12:43:00,49.91,49.91,49.9,49.9,600.0
2018-01-19 12:44:00,49.91,49.91,49.89,49.9,2258.0
2018-01-19 12:45:00,49.92,49.92,49.91,49.91,1200.0
2018-01-19 12:46:00,49.92,49.92,49.91,49.91,1000.0
2018-01-19 12:47:00,49.92,49.92,49.92,49.92,700.0
2018-01-19 12:48:00,49.94,49.94,49.93,49.93,700.0
2018-01-19 12:49:00,49.96,49.96,49.94,49.94,900.0
2018-01-19 12:50:00,49.95,49.97,49.95,49.96,3037.0
2018-01-19 12:51:00,49.945,49.945,49.94,49.94,1000.0
2018-01-19 12:52:00,49.95,49.95,49.9486,49.9486,600.0
2018-01-19 12:53:00,49.97,49.97,49.9462,49.95,1204.0
2018-01-19 12:54:00,49.96,49.97,49.96,49.97,2100.0
2018-01-19 12:55:00,49.96,49.96,49.96,49.96,400.0
2018-01-19 12:56:00,49.95,49.96,49.94,49.96,7909.0
2018-01-19 12:57:00,49.935,49.94,49.935,49.94,1200.0
2018-01-19 12:58:00,49.93,49.94,49.93,49.93,1378.0
2018-01-19 12:59:00,49.94,49.94,49.93,49.93,1740.0
2018-01-19 13:00:00,49.94,49.95,49.94,49.94,1300.0
2018-01-19 13:01:00,49.95,49.95,49.93,49.935,1480.0
2018-01-19 13:02:00,49.95,49.95,49.95,49.95,700.0
2018-01-19 13:03:00,49.955,49.955,49.945,49.95,1706.0
2018-01-19 13:04:00,49.97,49.97,49.96,49.96,600.0
2018-01-19 13:05:00,49.97,49.97,49.97,49.97,700.0
2018-01-19 13:06:00,49.98,49.98,49.97,49.97,2220.0
2018-01-19 13:07:00,49.955,49.98,49.955,49.98,4760.0
2018-01-19 13:08:00,49.955,49.955,49.955,49.955,100.0
2018-01-19 13:09:00,49.95,49.96,49.95,49.96,400.0
2018-01-19 13:10:00,49.955,49.96,49.95,49.96,800.0
2018-01-19 13:11:00,49.965,49.97,49.96,49.96,2015.0
2018-01-19 13:12:00,49.965,49.975,49.96,49.97,2747.0
2018-01-19 13:13:00,49.94,49.97,49.94,49.97,3651.0
2018-01-19 13:14:00,49.93,49.93,49.93,49.93,400.0
2018-01-19 13:15:00,49.93,49.93,49.93,49.93,280.0
2018-01-19 13:16:00,49.95,49.95,49.94,49.94,900.0
2018-01-19 13:17:00,49.945,49.95,49.94,49.95,800.0
2018-01-19 13:18:00,49.95,49.95,49.945,49.95,600.0
2018-01-19 13:19:00,49.95,49.95,49.94,49.95,700.0
2018-01-19 13:20:00,49.95,49.955,49.94,49.94,1600.0
2018-01-19 13:21:00,49.94,49.955,49.94,49.955,2178.0
2018-01-19 13:22:00,49.935,49.945,49.935,49.94,2109.0
2018-01-19 13:23:00,49.94,49.955,49.94,49.94,2547.0
2018-01-19 13:24:00,49.92,49.94,49.92,49.94,1800.0
2018-01-19 13:26:00,49.93,49.93,49.92,49.93,1860.0
2018-01-19 13:27:00,49.925,49.93,49.925,49.93,1200.0
2018-01-19 13:28:00,49.94,49.94,49.93,49.93,800.0
2018-01-19 13:29:00,49.945,49.95,49.94,49.94,1062.0
2018-01-19 13:30:00,49.955,49.955,49.94,49.94,2521.0
2018-01-19 13:31:00,49.955,49.955,49.95,49.95,249.0
2018-01-19 13:32:00,49.96,49.97,49.9587,49.96,1508.0
2018-01-19 13:33:00,49.965,49.97,49.965,49.97,590.0
2018-01-19 13:34:00,49.955,49.97,49.95,49.97,2961.0
2018-01-19 13:35:00,49.94,49.955,49.94,49.95,1388.0
2018-01-19 13:36:00,49.945,49.945,49.945,49.945,232.0
2018-01-19 13:37:00,49.945,49.95,49.94,49.945,800.0
2018-01-19 13:38:00,49.95,49.95,49.95,49.95,700.0
2018-01-19 13:39:00,49.95,49.9525,49.94,49.94,2736.0
2018-01-19 13:40:00,49.95,49.95,49.945,49.945,700.0
2018-01-19 13:41:00,49.93,49.945,49.93,49.94,2704.0
2018-01-19 13:42:00,49.925,49.925,49.92,49.92,2949.0
2018-01-19 13:43:00,49.915,49.92,49.91,49.92,2677.0
2018-01-19 13:44:00,49.91,49.91,49.9,49.91,1300.0
2018-01-19 13:45:00,49.9,49.91,49.9,49.905,1000.0
2018-01-19 13:46:00,49.94,49.94,49.9,49.9,1694.0
2018-01-19 13:47:00,49.94,49.94,49.93,49.94,631.0
2018-01-19 13:48:00,49.92,49.94,49.91,49.94,3484.0
2018-01-19 13:50:00,49.92,49.94,49.92,49.93,2800.0
2018-01-19 13:51:00,49.93,49.93,49.92,49.92,600.0
2018-01-19 13:52:00,49.925,49.93,49.92,49.93,1700.0
2018-01-19 13:53:00,49.94,49.94,49.9,49.9,1569.0
2018-01-19 13:54:00,49.95,49.95,49.94,49.94,600.0
2018-01-19 13:55:00,49.95,49.96,49.945,49.95,3088.0
2018-01-19 13:56:00,49.95,49.96,49.95,49.96,200.0
2018-01-19 13:57:00,49.96,49.96,49.955,49.96,729.0
2018-01-19 13:58:00,49.975,49.975,49.955,49.96,2932.0
2018-01-19 13:59:00,49.945,49.975,49.94,49.975,6301.0
2018-01-19 14:00:00,49.91,49.93,49.91,49.93,2700.0
2018-01-19 14:01:00,49.93,49.93,49.9199,49.9199,1502.0
2018-01-19 14:02:00,49.94,49.94,49.93,49.93,1226.0
2018-01-19 14:03:00,49.94,49.95,49.93,49.93,2274.0
2018-01-19 14:04:00,49.95,49.95,49.94,49.9499,747.0
2018-01-19 14:05:00,49.95,49.955,49.9473,49.95,4980.0
2018-01-19 14:06:00,49.93,49.955,49.93,49.955,2931.0
2018-01-19 14:07:00,49.93,49.945,49.93,49.94,3209.0
2018-01-19 14:08:00,49.93,49.94,49.93,49.94,2660.0
2018-01-19 14:09:00,49.92,49.93,49.92,49.93,4970.0
2018-01-19 14:10:00,49.895,49.925,49.89,49.925,3732.0
2018-01-19 14:11:00,49.905,49.905,49.895,49.895,1982.0
2018-01-19 14:12:00,49.9,49.9,49.9,49.9,300.0
2018-01-19 14:13:00,49.92,49.93,49.89,49.89,7653.0
2018-01-19 14:14:00,49.92,49.92,49.91,49.92,500.0
2018-01-19 14:15:00,49.935,49.94,49.935,49.935,936.0
2018-01-19 14:16:00,49.905,49.94,49.905,49.94,2765.0
2018-01-19 14:17:00,49.905,49.905,49.905,49.905,434.0
2018-01-19 14:18:00,49.9242,49.935,49.91,49.91,3018.0
2018-01-19 14:19:00,49.93,49.935,49.925,49.925,2263.0
2018-01-19 14:20:00,49.92,49.93,49.915,49.93,5091.0
2018-01-19 14:21:00,49.95,49.95,49.92,49.92,5443.0
2018-01-19 14:22:00,49.93,49.945,49.93,49.945,4745.0
2018-01-19 14:23:00,49.92,49.925,49.91,49.91,2520.0
2018-01-19 14:24:00,49.915,49.915,49.91,49.91,200.0
2018-01-19 14:25:00,49.915,49.92,49.915,49.92,600.0
2018-01-19 14:26:00,49.9,49.915,49.89,49.915,3642.0
2018-01-19 14:27:00,49.92,49.92,49.9,49.9,1425.0
2018-01-19 14:28:00,49.91,49.92,49.905,49.92,2014.0
2018-01-19 14:29:00,49.91,49.91,49.91,49.91,500.0
2018-01-19 14:30:00,49.91,49.91,49.9,49.9,3955.0
2018-01-19 14:31:00,49.92,49.92,49.91,49.91,695.0
2018-01-19 14:32:00,49.91,49.93,49.91,49.93,6880.0
2018-01-19 14:33:00,49.91,49.92,49.9,49.915,6001.0
2018-01-19 14:34:00,49.91,49.93,49.9,49.91,15474.0
2018-01-19 14:35:00,49.91,49.915,49.91,49.915,5823.0
2018-01-19 14:36:00,49.895,49.915,49.88,49.915,11010.0
2018-01-19 14:37:00,49.89,49.9,49.89,49.895,1800.0
2018-01-19 14:38:00,49.89,49.895,49.88,49.89,3708.0
2018-01-19 14:39:00,49.895,49.895,49.89,49.89,400.0
2018-01-19 14:40:00,49.895,49.9,49.89,49.9,900.0
2018-01-19 14:41:00,49.88,49.898999999999994,49.88,49.895,10746.0
2018-01-19 14:42:00,49.9,49.9,49.88,49.88,1200.0
2018-01-19 14:43:00,49.9,49.9,49.9,49.9,100.0
2018-01-19 14:44:00,49.895,49.895,49.89,49.895,756.0
2018-01-19 14:45:00,49.89,49.9,49.89,49.9,707.0
2018-01-19 14:46:00,49.89,49.9066,49.89,49.89,3893.0
2018-01-19 14:47:00,49.905,49.905,49.89,49.89,1876.0
2018-01-19 14:48:00,49.91,49.91,49.895,49.895,1800.0
2018-01-19 14:49:00,49.91,49.92,49.9,49.91,2919.0
2018-01-19 14:50:00,49.88,49.905,49.88,49.9,3943.0
2018-01-19 14:51:00,49.89,49.89,49.89,49.89,200.0
2018-01-19 14:52:00,49.895,49.895,49.89,49.89,500.0
2018-01-19 14:53:00,49.93,49.93,49.895,49.895,2109.0
2018-01-19 14:54:00,49.91,49.94,49.91,49.94,3995.0
2018-01-19 14:55:00,49.915,49.915,49.91,49.915,1000.0
2018-01-19 14:56:00,49.9,49.915,49.9,49.915,1368.0
2018-01-19 14:57:00,49.903,49.91,49.903,49.91,1815.0
2018-01-19 14:58:00,49.9,49.91,49.9,49.91,699.0
2018-01-19 14:59:00,49.9,49.91,49.9,49.91,2249.0
2018-01-19 15:00:00,49.89,49.895,49.88,49.89,2200.0
2018-01-19 15:01:00,49.8929,49.8929,49.8929,49.8929,400.0
2018-01-19 15:02:00,49.875,49.895,49.875,49.89,3324.0
2018-01-19 15:04:00,49.885,49.885,49.87,49.87,1800.0
2018-01-19 15:05:00,49.865,49.88,49.865,49.88,2138.0
2018-01-19 15:06:00,49.865,49.865,49.86,49.86,200.0
2018-01-19 15:07:00,49.845,49.87,49.84,49.86,4962.0
2018-01-19 15:08:00,49.79,49.85,49.78,49.85,9997.0
2018-01-19 15:09:00,49.82,49.825,49.79,49.79,4200.0
2018-01-19 15:10:00,49.78,49.81,49.78,49.81,2346.0
2018-01-19 15:11:00,49.78,49.8,49.78,49.79,4303.0
2018-01-19 15:12:00,49.78,49.79,49.78,49.79,9107.0
2018-01-19 15:13:00,49.785,49.79,49.78,49.785,1746.0
2018-01-19 15:14:00,49.78,49.785,49.77,49.785,4388.0
2018-01-19 15:15:00,49.74,49.78,49.73,49.78,4875.0
2018-01-19 15:16:00,49.73,49.74,49.73,49.74,6100.0
2018-01-19 15:17:00,49.73,49.74,49.72,49.72,5726.0
2018-01-19 15:18:00,49.75,49.75,49.73,49.7399,3425.0
2018-01-19 15:19:00,49.76,49.76,49.75,49.76,800.0
2018-01-19 15:20:00,49.78,49.78,49.7695,49.77,400.0
2018-01-19 15:21:00,49.785,49.785,49.7701,49.7701,1106.0
2018-01-19 15:22:00,49.8,49.8,49.78,49.785,2200.0
2018-01-19 15:23:00,49.81,49.81,49.79,49.8,1400.0
2018-01-19 15:24:00,49.82,49.83,49.82,49.825,890.0
2018-01-19 15:25:00,49.84,49.86,49.835,49.84,6800.0
2018-01-19 15:26:00,49.85,49.85,49.84,49.84,1769.0
2018-01-19 15:27:00,49.88,49.88,49.85,49.85,3618.0
2018-01-19 15:28:00,49.84,49.88,49.84,49.88,6172.0
2018-01-19 15:29:00,49.87,49.87,49.85,49.85,1500.0
2018-01-19 15:30:00,49.88,49.895,49.86,49.87,5851.0
2018-01-19 15:31:00,49.89,49.9,49.89,49.89,700.0
2018-01-19 15:32:00,49.92,49.92,49.89,49.89,2400.0
2018-01-19 15:33:00,49.89,49.9255,49.89,49.915,12163.0
2018-01-19 15:34:00,49.89,49.91,49.89,49.89,5400.0
2018-01-19 15:35:00,49.9,49.905,49.89,49.9,6062.0
2018-01-19 15:36:00,49.89,49.9,49.885,49.9,4001.0
2018-01-19 15:37:00,49.91,49.91,49.89,49.895,3357.0
2018-01-19 15:38:00,49.915,49.92,49.9005,49.91,4710.0
2018-01-19 15:39:00,49.91,49.92,49.9,49.91,16303.0
2018-01-19 15:40:00,49.92,49.92,49.91,49.915,1100.0
2018-01-19 15:41:00,49.94,49.94,49.92,49.92,4206.0
2018-01-19 15:42:00,49.93,49.935,49.92,49.93,8148.0
2018-01-19 15:43:00,49.93,49.93,49.92,49.925,700.0
2018-01-19 15:44:00,49.925,49.93,49.925,49.925,700.0
2018-01-19 15:45:00,49.96,49.96,49.92,49.93,14530.0
2018-01-19 15:46:00,49.94,49.965,49.94,49.965,20654.0
2018-01-19 15:47:00,49.93,49.945,49.93,49.945,3550.0
2018-01-19 15:48:00,49.955,49.96,49.93,49.935,9446.0
2018-01-19 15:49:00,49.93,49.95,49.92,49.95,8284.0
2018-01-19 15:50:00,49.94,49.94,49.92,49.93,6554.0
2018-01-19 15:51:00,49.93,49.95,49.93,49.94,5674.0
2018-01-19 15:52:00,49.925,49.94,49.92,49.935,4792.0
2018-01-19 15:53:00,49.92,49.925,49.91,49.92,5071.0
2018-01-19 15:54:00,49.9,49.92,49.89,49.92,5980.0
2018-01-19 15:55:00,49.91,49.92,49.89,49.9,5925.0
2018-01-19 15:56:00,49.905,49.92,49.89,49.91,8701.0
2018-01-19 15:57:00,49.91,49.93,49.9,49.91,10053.0
2018-01-19 15:58:00,49.91,49.91,49.89,49.91,10965.0
2018-01-19 15:59:00,49.9001,49.91,49.895,49.91,10134.0
2018-01-19 16:00:00,49.91,49.91,49.89,49.905,63302.0
2018-01-22 09:30:00,49.8985,49.8985,49.77,49.77,13271.0
2018-01-22 09:31:00,49.91,49.91,49.87,49.87,900.0
2018-01-22 09:32:00,49.895,49.895,49.895,49.895,100.0
2018-01-22 09:33:00,49.87,49.88,49.86,49.86,1100.0
2018-01-22 09:34:00,49.9,49.9,49.8698,49.8698,1342.0
2018-01-22 09:35:00,49.885,49.9,49.86,49.86,5032.0
2018-01-22 09:36:00,49.88,49.88,49.87,49.87,1206.0
2018-01-22 09:37:00,49.83,49.89,49.83,49.88,5000.0
2018-01-22 09:38:00,49.8,49.83,49.8,49.83,700.0
2018-01-22 09:39:00,49.76,49.77,49.74,49.77,2214.0
2018-01-22 09:40:00,49.78,49.8,49.73,49.73,4783.0
2018-01-22 09:41:00,49.77,49.8,49.77,49.79,2457.0
2018-01-22 09:42:00,49.9,49.9,49.8,49.8,4740.0
2018-01-22 09:43:00,49.85,49.91,49.85,49.91,4754.0
2018-01-22 09:44:00,49.94,49.94,49.86,49.86,2948.0
2018-01-22 09:45:00,49.83,49.95,49.83,49.95,4651.0
2018-01-22 09:46:00,49.91,49.91,49.81,49.825,3682.0
2018-01-22 09:47:00,49.95,49.95,49.89,49.9,3412.0
2018-01-22 09:48:00,49.93,49.95,49.93,49.93,1700.0
2018-01-22 09:49:00,49.92,49.95,49.92,49.94,1343.0
2018-01-22 09:50:00,49.96,49.96,49.92,49.92,7899.0
2018-01-22 09:51:00,49.94,49.95,49.94,49.95,1700.0
2018-01-22 09:52:00,49.95,49.95,49.95,49.95,2135.0
2018-01-22 09:53:00,49.92,49.95,49.92,49.94,4310.0
2018-01-22 09:54:00,49.89,49.91,49.89,49.91,1100.0
2018-01-22 09:55:00,49.83,49.89,49.83,49.89,2400.0
2018-01-22 09:56:00,49.86,49.86,49.83,49.83,1100.0
2018-01-22 09:57:00,49.83,49.86,49.83,49.86,5100.0
2018-01-22 09:58:00,49.77,49.81,49.77,49.81,2143.0
2018-01-22 09:59:00,49.78,49.79,49.78,49.78,4125.0
2018-01-22 10:00:00,49.73,49.77,49.73,49.77,1863.0
2018-01-22 10:01:00,49.74,49.75,49.73,49.75,600.0
2018-01-22 10:02:00,49.725,49.74,49.71,49.74,3900.0
2018-01-22 10:03:00,49.73,49.74,49.73,49.73,2661.0
2018-01-22 10:04:00,49.73,49.73,49.73,49.73,774.0
2018-01-22 10:05:00,49.7,49.725,49.69,49.725,5539.0
2018-01-22 10:06:00,49.72,49.72,49.69,49.7,2355.0
2018-01-22 10:07:00,49.74,49.74,49.7101,49.7101,4063.0
2018-01-22 10:08:00,49.78,49.78,49.73,49.74,5354.0
2018-01-22 10:09:00,49.86,49.86,49.76,49.78,9654.0
2018-01-22 10:10:00,49.86,49.87,49.825,49.84,3254.0
2018-01-22 10:11:00,49.86,49.86,49.86,49.86,100.0
2018-01-22 10:12:00,49.86,49.88,49.86,49.88,4292.0
2018-01-22 10:13:00,49.91,49.91,49.875,49.88,2300.0
2018-01-22 10:14:00,49.8942,49.915,49.8942,49.91,1700.0
2018-01-22 10:15:00,49.83,49.89,49.83,49.89,3600.0
2018-01-22 10:16:00,49.85,49.86,49.82,49.82,4600.0
2018-01-22 10:17:00,49.83,49.86,49.8,49.86,18372.0
2018-01-22 10:18:00,49.89,49.89,49.84,49.84,2600.0
2018-01-22 10:19:00,49.88,49.9,49.87,49.89,2480.0
2018-01-22 10:20:00,49.9,49.9,49.9,49.9,100.0
2018-01-22 10:21:00,49.93,49.96,49.9,49.9,4574.0
2018-01-22 10:22:00,49.9,49.95,49.9,49.95,2313.0
2018-01-22 10:23:00,49.93,49.94,49.905,49.93,2600.0
2018-01-22 10:24:00,49.94,49.96,49.92,49.925,4140.0
2018-01-22 10:25:00,49.95,49.95,49.92,49.92,700.0
2018-01-22 10:27:00,49.98,49.98,49.95,49.955,2500.0
2018-01-22 10:28:00,49.94,49.97,49.94,49.97,1852.0
2018-01-22 10:29:00,49.95,49.95,49.93,49.94,900.0
2018-01-22 10:30:00,49.92,49.95,49.91,49.95,2600.0
2018-01-22 10:31:00,49.91,49.92,49.91,49.92,1590.0
2018-01-22 10:32:00,49.87,49.9,49.87,49.9,1144.0
2018-01-22 10:33:00,49.86,49.89,49.86,49.88,2800.0
2018-01-22 10:34:00,49.82,49.87,49.82,49.86,2000.0
2018-01-22 10:35:00,49.865,49.865,49.82,49.83,2944.0
2018-01-22 10:36:00,49.85,49.87,49.85,49.87,1526.0
2018-01-22 10:37:00,49.87,49.87,49.84,49.84,3700.0
2018-01-22 10:38:00,49.83,49.85,49.83,49.85,1000.0
2018-01-22 10:39:00,49.83,49.84,49.83,49.84,500.0
2018-01-22 10:40:00,49.83,49.84,49.82,49.83,5792.0
2018-01-22 10:41:00,49.86,49.86,49.84,49.84,1500.0
2018-01-22 10:42:00,49.86,49.87,49.86,49.87,1700.0
2018-01-22 10:43:00,49.83,49.85,49.83,49.85,1500.0
2018-01-22 10:44:00,49.845,49.845,49.83,49.83,670.0
2018-01-22 10:45:00,49.83,49.84,49.83,49.84,1300.0
2018-01-22 10:46:00,49.85,49.85,49.835,49.84,2977.0
2018-01-22 10:47:00,49.828,49.85,49.81,49.85,5637.0
2018-01-22 10:48:00,49.83,49.84,49.82,49.82,1741.0
2018-01-22 10:49:00,49.83,49.84,49.83,49.83,3220.0
2018-01-22 10:50:00,49.83,49.85,49.83,49.85,2243.0
2018-01-22 10:51:00,49.88,49.88,49.82,49.84,4257.0
2018-01-22 10:52:00,49.86,49.87,49.86,49.87,400.0
2018-01-22 10:53:00,49.86,49.87,49.86,49.87,1402.0
2018-01-22 10:54:00,49.855,49.86,49.85,49.86,500.0
2018-01-22 10:55:00,49.83,49.854,49.83,49.854,1900.0
2018-01-22 10:56:00,49.86,49.86,49.83,49.83,2621.0
2018-01-22 10:57:00,49.94,49.94,49.855,49.855,7115.0
2018-01-22 10:58:00,49.94,49.94,49.92,49.94,2586.0
2018-01-22 10:59:00,49.94,49.94,49.93,49.93,700.0
2018-01-22 11:00:00,49.93,49.94,49.93,49.94,1094.0
2018-01-22 11:01:00,49.93,49.93,49.92,49.92,1570.0
2018-01-22 11:02:00,49.9,49.93,49.9,49.93,1622.0
2018-01-22 11:03:00,49.91,49.91,49.9,49.9,1100.0
2018-01-22 11:04:00,49.895,49.915,49.89,49.915,1602.0
2018-01-22 11:05:00,49.905,49.905,49.895,49.9,1419.0
2018-01-22 11:06:00,49.9,49.91,49.8975,49.91,2243.0
2018-01-22 11:07:00,49.895,49.9,49.895,49.9,1200.0
2018-01-22 11:08:00,49.92,49.92,49.89,49.89,5318.0
2018-01-22 11:09:00,49.93,49.94,49.92,49.92,1440.0
2018-01-22 11:10:00,49.94,49.94,49.93,49.93,1762.0
2018-01-22 11:11:00,49.94,49.94,49.94,49.94,963.0
2018-01-22 11:12:00,49.92,49.93,49.92,49.93,1466.0
2018-01-22 11:13:00,49.91,49.91,49.91,49.91,681.0
2018-01-22 11:14:00,49.95,49.95,49.925,49.925,2300.0
2018-01-22 11:15:00,49.96,49.96,49.96,49.96,419.0
2018-01-22 11:16:00,49.965,49.965,49.965,49.965,200.0
2018-01-22 11:17:00,49.94,49.96,49.93,49.96,4171.0
2018-01-22 11:18:00,49.94,49.94,49.92,49.94,4600.0
2018-01-22 11:19:00,49.9,49.93,49.9,49.93,7423.0
2018-01-22 11:20:00,49.89,49.91,49.89,49.901,1100.0
2018-01-22 11:21:00,49.88,49.89,49.875,49.89,1800.0
2018-01-22 11:22:00,49.89,49.89,49.88,49.885,2000.0
2018-01-22 11:23:00,49.9,49.9,49.88,49.88,200.0
2018-01-22 11:24:00,49.9,49.9,49.88,49.88,400.0
2018-01-22 11:25:00,49.93,49.93,49.9,49.9,4570.0
2018-01-22 11:26:00,49.93,49.93,49.93,49.93,1100.0
2018-01-22 11:27:00,49.94,49.94,49.93,49.93,200.0
2018-01-22 11:28:00,49.92,49.94,49.91,49.935,2810.0
2018-01-22 11:29:00,49.91,49.91,49.91,49.91,185.0
2018-01-22 11:30:00,49.9,49.91,49.9,49.91,1619.0
2018-01-22 11:31:00,49.9,49.91,49.89,49.89,2700.0
2018-01-22 11:32:00,49.93,49.93,49.901,49.901,2100.0
2018-01-22 11:33:00,49.93,49.93,49.93,49.93,200.0
2018-01-22 11:34:00,49.94,49.95,49.93,49.94,2448.0
2018-01-22 11:35:00,49.94,49.94,49.94,49.94,300.0
2018-01-22 11:36:00,49.95,49.95,49.95,49.95,200.0
2018-01-22 11:37:00,49.97,49.97,49.945,49.945,2919.0
2018-01-22 11:38:00,50.02,50.02,49.9693,49.97,7112.0
2018-01-22 11:39:00,50.06,50.06,50.03,50.03,5302.0
2018-01-22 11:40:00,50.08,50.08,50.06,50.07,1000.0
2018-01-22 11:41:00,50.03,50.08,50.02,50.08,17661.0
2018-01-22 11:42:00,50.06,50.06,50.06,50.06,614.0
2018-01-22 11:43:00,50.04,50.06,50.04,50.06,2099.0
2018-01-22 11:44:00,50.02,50.04,50.02,50.04,3789.0
2018-01-22 11:45:00,50.04,50.06,50.03,50.03,6176.0
2018-01-22 11:46:00,49.99,50.05,49.99,50.03,6205.0
2018-01-22 11:47:00,50.01,50.01,49.98,49.99,800.0
2018-01-22 11:48:00,50.02,50.02,50.02,50.02,100.0
2018-01-22 11:49:00,50.03,50.03,50.03,50.03,100.0
2018-01-22 11:50:00,50.02,50.025,50.02,50.025,200.0
2018-01-22 11:51:00,50.03,50.03,50.02,50.03,1000.0
2018-01-22 11:52:00,50.02,50.03,50.015,50.03,2861.0
2018-01-22 11:53:00,50.015,50.015,50.01,50.015,600.0
2018-01-22 11:54:00,50.015,50.015,50.015,50.015,167.0
2018-01-22 11:55:00,49.99,50.01,49.99,50.01,2282.0
2018-01-22 11:56:00,50.025,50.025,50.005,50.01,10100.0
2018-01-22 11:57:00,50.06,50.08,50.03,50.03,13219.0
2018-01-22 11:58:00,50.085,50.1,50.06,50.06,10875.0
2018-01-22 11:59:00,50.08,50.105,50.08,50.085,15096.0
2018-01-22 12:00:00,50.089,50.105,50.07,50.09,14918.0
2018-01-22 12:01:00,50.09,50.09,50.08,50.08,1000.0
2018-01-22 12:02:00,50.09,50.09,50.08,50.09,3341.0
2018-01-22 12:03:00,50.06,50.08,50.06,50.07,1100.0
2018-01-22 12:05:00,50.05,50.05,50.045,50.05,2716.0
2018-01-22 12:06:00,50.07,50.07,50.05,50.05,3000.0
2018-01-22 12:07:00,50.085,50.085,50.07,50.07,600.0
2018-01-22 12:08:00,50.085,50.085,50.08,50.08,300.0
2018-01-22 12:09:00,50.09,50.09,50.08,50.08,400.0
2018-01-22 12:10:00,50.09,50.09,50.085,50.085,500.0
2018-01-22 12:11:00,50.085,50.09,50.08,50.085,600.0
2018-01-22 12:12:00,50.085,50.09,50.085,50.09,1200.0
2018-01-22 12:13:00,50.08,50.09,50.08,50.09,1300.0
2018-01-22 12:14:00,50.02,50.09,50.02,50.09,6166.0
2018-01-22 12:15:00,50.03,50.03,50.03,50.03,1016.0
2018-01-22 12:16:00,50.01,50.03,50.01,50.03,1013.0
2018-01-22 12:17:00,49.99,50.01,49.99,50.01,3092.0
2018-01-22 12:18:00,49.99,49.99,49.99,49.99,300.0
2018-01-22 12:19:00,49.98,49.995,49.98,49.99,1143.0
2018-01-22 12:20:00,49.98,49.98,49.975,49.98,1439.0
2018-01-22 12:21:00,49.9848,49.99,49.98,49.98,400.0
2018-01-22 12:22:00,49.99,49.99,49.98,49.99,2500.0
2018-01-22 12:23:00,49.99,50.0,49.985,49.985,3141.0
2018-01-22 12:24:00,49.99,50.01,49.99,50.01,3600.0
2018-01-22 12:25:00,49.99,50.01,49.99,50.0,8367.0
2018-01-22 12:26:00,49.99,49.99,49.99,49.99,200.0
2018-01-22 12:27:00,49.995,49.995,49.995,49.995,300.0
2018-01-22 12:28:00,50.0,50.01,49.99,49.99,3550.0
2018-01-22 12:29:00,49.99,50.0,49.97,50.0,5459.0
2018-01-22 12:30:00,49.99,50.0,49.98,49.98,1507.0
2018-01-22 12:32:00,49.99,50.0,49.99,50.0,400.0
2018-01-22 12:33:00,49.9961,49.9961,49.9939,49.9939,745.0
2018-01-22 12:34:00,50.01,50.01,49.985,49.99,3428.0
2018-01-22 12:35:00,50.0,50.01,50.0,50.01,200.0
2018-01-22 12:36:00,50.02,50.02,50.005,50.005,2139.0
2018-01-22 12:37:00,50.01,50.01,50.0035,50.01,1102.0
2018-01-22 12:38:00,50.03,50.04,50.01,50.015,2744.0
2018-01-22 12:39:00,50.03,50.04,50.03,50.03,300.0
2018-01-22 12:40:00,50.02,50.0342,50.02,50.0342,2612.0
2018-01-22 12:41:00,50.04,50.06,50.03,50.03,7701.0
2018-01-22 12:42:00,50.04,50.06,50.03,50.05,3496.0
2018-01-22 12:43:00,50.04,50.05,50.03,50.04,2371.0
2018-01-22 12:44:00,50.04,50.06,50.03,50.06,1500.0
2018-01-22 12:45:00,50.04,50.04,50.03,50.036,600.0
2018-01-22 12:46:00,50.03,50.04,50.03,50.04,400.0
2018-01-22 12:47:00,50.01,50.03,50.0,50.03,3540.0
2018-01-22 12:48:00,50.02,50.02,50.0066,50.0066,1280.0
2018-01-22 12:49:00,50.01,50.01,50.01,50.01,300.0
2018-01-22 12:50:00,50.02,50.02,50.01,50.01,1067.0
2018-01-22 12:51:00,50.03,50.03,50.02,50.02,1300.0
2018-01-22 12:52:00,50.04,50.04,50.03,50.03,1800.0
2018-01-22 12:53:00,50.05,50.05,50.05,50.05,1312.0
2018-01-22 12:54:00,50.04,50.05,50.04,50.0484,1413.0
2018-01-22 12:55:00,50.03,50.05,50.03,50.04,1730.0
2018-01-22 12:56:00,50.035,50.04,50.03,50.04,1795.0
2018-01-22 12:57:00,50.02,50.035,50.02,50.035,1411.0
2018-01-22 12:58:00,50.028999999999996,50.028999999999996,50.02,50.02,957.0
2018-01-22 12:59:00,50.025,50.025,50.025,50.025,300.0
2018-01-22 13:00:00,49.995,50.02,49.995,50.02,4287.0
2018-01-22 13:01:00,50.0,50.0,49.985,49.985,4700.0
2018-01-22 13:02:00,49.99,50.01,49.9802,50.01,4040.0
2018-01-22 13:03:00,49.98,49.98,49.98,49.98,100.0
2018-01-22 13:04:00,49.98,49.99,49.98,49.99,540.0
2018-01-22 13:05:00,49.98,49.98,49.98,49.98,2300.0
2018-01-22 13:06:00,49.99,49.99,49.98,49.98,500.0
2018-01-22 13:07:00,49.99,49.99,49.985,49.99,400.0
2018-01-22 13:08:00,49.98,50.0,49.98,49.995,2094.0
2018-01-22 13:09:00,49.99,49.99,49.98,49.98,3094.0
2018-01-22 13:10:00,49.99,49.99,49.98,49.98,200.0
2018-01-22 13:11:00,50.0,50.0,49.99,50.0,900.0
2018-01-22 13:12:00,50.02,50.02,50.02,50.02,1011.0
2018-01-22 13:13:00,50.02,50.02,50.02,50.02,500.0
2018-01-22 13:14:00,50.04,50.04,50.02,50.02,900.0
2018-01-22 13:15:00,50.04,50.04,50.03,50.03,300.0
2018-01-22 13:16:00,50.03,50.03,50.03,50.03,994.0
2018-01-22 13:17:00,50.025,50.031000000000006,50.025,50.031000000000006,3065.0
2018-01-22 13:18:00,50.02,50.025,50.02,50.025,400.0
2018-01-22 13:19:00,50.03,50.03,50.03,50.03,1360.0
2018-01-22 13:20:00,50.03,50.03,50.03,50.03,200.0
2018-01-22 13:21:00,50.035,50.035,50.03,50.03,400.0
2018-01-22 13:22:00,50.03,50.04,50.03,50.04,2866.0
2018-01-22 13:23:00,50.0205,50.03,50.0205,50.03,500.0
2018-01-22 13:24:00,50.03,50.03,50.03,50.03,200.0
2018-01-22 13:25:00,50.05,50.05,50.03,50.03,3300.0
2018-01-22 13:26:00,50.05,50.06,50.05,50.06,200.0
2018-01-22 13:27:00,50.05,50.06,50.05,50.05,1000.0
2018-01-22 13:28:00,50.05,50.05,50.04,50.04,400.0
2018-01-22 13:29:00,50.05,50.05,50.05,50.05,100.0
2018-01-22 13:30:00,50.045,50.05,50.045,50.05,400.0
2018-01-22 13:31:00,50.03,50.04,50.03,50.04,3936.0
2018-01-22 13:32:00,50.03,50.03,50.02,50.03,1900.0
2018-01-22 13:33:00,50.03,50.03,50.03,50.03,700.0
2018-01-22 13:34:00,50.03,50.03,50.03,50.03,300.0
2018-01-22 13:35:00,50.03,50.03,50.03,50.03,300.0
2018-01-22 13:36:00,50.03,50.038999999999994,50.03,50.03,1807.0
2018-01-22 13:37:00,50.04,50.05,50.03,50.03,1700.0
2018-01-22 13:38:00,50.035,50.04,50.03,50.04,2576.0
2018-01-22 13:39:00,50.04,50.05,50.04,50.04,4000.0
2018-01-22 13:40:00,50.03,50.035,50.03,50.035,800.0
2018-01-22 13:41:00,50.02,50.025,50.01,50.02,4500.0
2018-01-22 13:42:00,50.01,50.02,50.01,50.01,1701.0
2018-01-22 13:43:00,50.02,50.02,50.02,50.02,100.0
2018-01-22 13:45:00,49.9934,50.01,49.98,50.01,4404.0
2018-01-22 13:46:00,49.99,49.99,49.99,49.99,400.0
2018-01-22 13:47:00,50.0,50.0,49.99,49.99,5180.0
2018-01-22 13:48:00,50.01,50.01,50.0,50.005,2469.0
2018-01-22 13:49:00,50.0076,50.01,50.0,50.01,14042.0
2018-01-22 13:50:00,50.0,50.01,50.0,50.0066,19393.0
2018-01-22 13:51:00,50.015,50.02,50.01,50.01,5780.0
2018-01-22 13:52:00,50.015,50.02,50.01,50.02,700.0
2018-01-22 13:53:00,50.015,50.02,50.01,50.02,4200.0
2018-01-22 13:54:00,50.01,50.01,50.0,50.01,2531.0
2018-01-22 13:55:00,50.0,50.01,50.0,50.01,300.0
2018-01-22 13:56:00,50.01,50.01,49.995,50.0,5629.0
2018-01-22 13:57:00,50.01,50.02,50.005,50.005,3061.0
2018-01-22 13:59:00,50.01,50.02,50.01,50.01,2394.0
2018-01-22 14:00:00,50.02,50.02,50.01,50.015,304.0
2018-01-22 14:01:00,50.015,50.025,50.015,50.02,6175.0
2018-01-22 14:02:00,50.01,50.02,50.01,50.02,500.0
2018-01-22 14:03:00,50.02,50.02,50.015,50.015,300.0
2018-01-22 14:04:00,50.015,50.02,50.01,50.01,3035.0
2018-01-22 14:05:00,50.0001,50.02,50.0,50.02,7166.0
2018-01-22 14:06:00,50.01,50.01,50.001000000000005,50.01,919.0
2018-01-22 14:07:00,50.01,50.01,50.0,50.01,800.0
2018-01-22 14:08:00,50.0,50.005,50.0,50.0,2012.0
2018-01-22 14:09:00,49.985,49.995,49.985,49.995,2115.0
2018-01-22 14:10:00,49.98,49.98,49.97,49.98,1800.0
2018-01-22 14:11:00,49.99,49.99,49.975,49.975,5088.0
2018-01-22 14:12:00,49.98,49.995,49.98,49.995,5110.0
2018-01-22 14:13:00,49.99,49.99,49.98,49.98,600.0
2018-01-22 14:14:00,50.0,50.0,49.99,49.99,3039.0
2018-01-22 14:15:00,50.005,50.005,49.995,50.0,3927.0
2018-01-22 14:16:00,50.01,50.01,50.01,50.01,400.0
2018-01-22 14:17:00,49.99,50.01,49.99,50.01,3296.0
2018-01-22 14:18:00,50.0,50.0,49.99,49.99,600.0
2018-01-22 14:19:00,50.0,50.0,49.99,49.995,1140.0
2018-01-22 14:20:00,49.98,50.0,49.98,49.99,2595.0
2018-01-22 14:21:00,49.985,49.985,49.98,49.98,1002.0
2018-01-22 14:22:00,49.98,49.99,49.98,49.98,800.0
2018-01-22 14:23:00,49.99,49.99,49.98,49.99,400.0
2018-01-22 14:24:00,49.93,49.98,49.93,49.98,8199.0
2018-01-22 14:25:00,49.93,49.93,49.925,49.925,1802.0
2018-01-22 14:26:00,49.94,49.94,49.93,49.93,1621.0
2018-01-22 14:27:00,49.92,49.94,49.92,49.94,1414.0
2018-01-22 14:28:00,49.93,49.9301,49.9238,49.9238,1450.0
2018-01-22 14:29:00,49.93,49.94,49.93,49.94,500.0
2018-01-22 14:30:00,49.94,49.94,49.93,49.935,910.0
2018-01-22 14:31:00,49.94,49.94,49.935,49.935,4334.0
2018-01-22 14:32:00,49.95,49.95,49.94,49.94,400.0
2018-01-22 14:33:00,49.94,49.945,49.94,49.945,400.0
2018-01-22 14:34:00,49.94,49.95,49.94,49.9401,2902.0
2018-01-22 14:35:00,49.9201,49.94,49.9201,49.94,2526.0
2018-01-22 14:36:00,49.92100000000001,49.93,49.92,49.92,3200.0
2018-01-22 14:37:00,49.92,49.93,49.92,49.93,400.0
2018-01-22 14:38:00,49.95,49.95,49.92,49.92,7120.0
2018-01-22 14:39:00,49.965,49.965,49.95,49.95,1700.0
2018-01-22 14:40:00,49.97,49.98,49.97,49.97,890.0
2018-01-22 14:41:00,49.99,49.99,49.98,49.98,1100.0
2018-01-22 14:42:00,49.97,49.9801,49.9699,49.98,5700.0
2018-01-22 14:43:00,49.97,49.9705,49.97,49.9701,1125.0
2018-01-22 14:44:00,49.97,49.97,49.97,49.97,400.0
2018-01-22 14:45:00,49.96,49.98,49.96,49.98,2265.0
2018-01-22 14:46:00,49.96,49.96,49.96,49.96,100.0
2018-01-22 14:47:00,49.99,49.99,49.96,49.96,4600.0
2018-01-22 14:48:00,49.9709,49.99,49.9709,49.99,3586.0
2018-01-22 14:49:00,50.01,50.01,49.98,49.98,1785.0
2018-01-22 14:50:00,50.02,50.025,50.01,50.0138,3514.0
2018-01-22 14:53:00,50.02,50.02,50.02,50.02,400.0
2018-01-22 14:54:00,50.02,50.02,50.01,50.01,2501.0
2018-01-22 14:55:00,50.02,50.02,50.0101,50.02,1100.0
2018-01-22 14:56:00,50.0,50.02,50.0,50.015,4189.0
2018-01-22 14:57:00,50.0,50.01,50.0,50.01,700.0
2018-01-22 14:58:00,50.0,50.01,50.0,50.0,2600.0
2018-01-22 14:59:00,50.01,50.01,50.0,50.01,600.0
2018-01-22 15:00:00,50.0,50.01,50.0,50.0,2265.0
2018-01-22 15:01:00,50.0,50.0,49.99,49.99,300.0
2018-01-22 15:02:00,50.0,50.0,49.99,49.99,7514.0
2018-01-22 15:03:00,49.97,50.0,49.97,50.0,8565.0
2018-01-22 15:04:00,49.97,49.975,49.97,49.975,900.0
2018-01-22 15:05:00,49.98,49.98,49.97,49.97,5815.0
2018-01-22 15:06:00,49.98,49.99,49.98,49.98,900.0
2018-01-22 15:07:00,49.99,49.99,49.9801,49.99,500.0
2018-01-22 15:08:00,49.981,49.99,49.98,49.98,452.0
2018-01-22 15:09:00,49.98,49.99,49.98,49.98,1464.0
2018-01-22 15:10:00,49.975,49.985,49.97,49.985,5100.0
2018-01-22 15:11:00,49.96,49.97,49.96,49.96,2685.0
2018-01-22 15:12:00,49.97,49.98,49.965,49.97,6357.0
2018-01-22 15:13:00,49.97,49.98,49.97,49.98,300.0
2018-01-22 15:14:00,49.9799,49.98,49.975,49.98,605.0
2018-01-22 15:15:00,49.96,49.98,49.96,49.97,5791.0
2018-01-22 15:16:00,50.0,50.01,49.965,49.97,5023.0
2018-01-22 15:17:00,50.02,50.03,50.005,50.01,2500.0
2018-01-22 15:18:00,50.0201,50.03,50.0201,50.03,397.0
2018-01-22 15:19:00,50.04,50.04,50.02,50.02,5616.0
2018-01-22 15:20:00,50.04,50.04,50.035,50.0352,968.0
2018-01-22 15:21:00,50.01,50.04,50.0,50.035,16447.0
2018-01-22 15:22:00,50.005,50.005,50.005,50.005,200.0
2018-01-22 15:23:00,50.06,50.06,50.0,50.0,8168.0
2018-01-22 15:24:00,50.06,50.07,50.055,50.06,1535.0
2018-01-22 15:25:00,50.05,50.07,50.05,50.065,5576.0
2018-01-22 15:26:00,50.07,50.08,50.055,50.055,3500.0
2018-01-22 15:27:00,50.08,50.08,50.07,50.08,3200.0
2018-01-22 15:28:00,50.065,50.07,50.06,50.07,2929.0
2018-01-22 15:29:00,50.055,50.06,50.055,50.06,2358.0
2018-01-22 15:30:00,50.05,50.06,50.05,50.05,1398.0
2018-01-22 15:31:00,50.04,50.06,50.04,50.06,2567.0
2018-01-22 15:32:00,50.05,50.055,50.04,50.04,2870.0
2018-01-22 15:33:00,50.06,50.065,50.05,50.05,9006.0
2018-01-22 15:34:00,50.06,50.06,50.04,50.05,2740.0
2018-01-22 15:35:00,50.06,50.06,50.05,50.055,5894.0
2018-01-22 15:36:00,50.03,50.06,50.03,50.06,4789.0
2018-01-22 15:37:00,50.0205,50.04,50.02,50.04,3900.0
2018-01-22 15:38:00,50.03,50.04,50.03,50.03,3200.0
2018-01-22 15:39:00,50.04,50.04,50.03,50.035,1587.0
2018-01-22 15:40:00,50.045,50.055,50.04,50.05,10263.0
2018-01-22 15:41:00,50.05,50.05,50.04,50.04,4700.0
2018-01-22 15:42:00,50.05,50.05,50.04,50.045,1400.0
2018-01-22 15:43:00,50.045,50.05,50.04,50.04,1200.0
2018-01-22 15:44:00,50.04,50.06,50.03,50.0475,14993.0
2018-01-22 15:45:00,50.03,50.045,50.02,50.03,10844.0
2018-01-22 15:46:00,50.035,50.04,50.03,50.03,3583.0
2018-01-22 15:47:00,50.03,50.04,50.03,50.03,1700.0
2018-01-22 15:48:00,50.03,50.04,50.03,50.035,4300.0
2018-01-22 15:49:00,50.04,50.05,50.03,50.035,17187.0
2018-01-22 15:50:00,50.04,50.05,50.03,50.04,6044.0
2018-01-22 15:51:00,50.04,50.04,50.03,50.04,5715.0
2018-01-22 15:52:00,50.035,50.05,50.03,50.04,8093.0
2018-01-22 15:53:00,50.04,50.05,50.03,50.04,9008.0
2018-01-22 15:54:00,50.025,50.04,50.02,50.03,8728.0
2018-01-22 15:55:00,50.03,50.04,50.025,50.03,8207.0
2018-01-22 15:56:00,50.03,50.04,50.02,50.03,16354.0
2018-01-22 15:57:00,50.05,50.055,50.025,50.03,15399.0
2018-01-22 15:58:00,50.05,50.06,50.04,50.05,13822.0
2018-01-22 15:59:00,50.08,50.08,50.04,50.05,21605.0
2018-01-22 16:00:00,50.1,50.11,50.06,50.075,66949.0
2018-01-23 09:30:00,49.97,49.97,49.93,49.93,10916.0
2018-01-23 09:31:00,49.85,49.97,49.85,49.97,1700.0
2018-01-23 09:32:00,49.78,49.78,49.78,49.78,100.0
2018-01-23 09:33:00,49.73,49.79,49.73,49.79,3160.0
2018-01-23 09:34:00,49.77,49.77,49.7,49.7,900.0
2018-01-23 09:35:00,49.7788,49.7788,49.7,49.7,1102.0
2018-01-23 09:36:00,49.77,49.77,49.77,49.77,100.0
2018-01-23 09:37:00,49.84,49.85,49.84,49.85,362.0
2018-01-23 09:38:00,49.78,49.79,49.78,49.79,700.0
2018-01-23 09:40:00,49.7,49.74,49.7,49.73,660.0
2018-01-23 09:41:00,49.7,49.75,49.7,49.72,1633.0
2018-01-23 09:42:00,49.725,49.725,49.71,49.72,1000.0
2018-01-23 09:43:00,49.72,49.745,49.7,49.7,1982.0
2018-01-23 09:44:00,49.74,49.79,49.72,49.72,5400.0
2018-01-23 09:45:00,49.78,49.78,49.695,49.7,2800.0
2018-01-23 09:46:00,49.79,49.79,49.7403,49.7403,2550.0
2018-01-23 09:47:00,49.77,49.79,49.75,49.79,5147.0
2018-01-23 09:48:00,49.74,49.77,49.72,49.77,3770.0
2018-01-23 09:49:00,49.76,49.76,49.74,49.74,5811.0
2018-01-23 09:50:00,49.76,49.76,49.75,49.76,4100.0
2018-01-23 09:51:00,49.76,49.76,49.74,49.76,6758.0
2018-01-23 09:52:00,49.75,49.76,49.73,49.76,2736.0
2018-01-23 09:53:00,49.72,49.74,49.72,49.74,1621.0
2018-01-23 09:54:00,49.76,49.76,49.74,49.74,6624.0
2018-01-23 09:55:00,49.7378,49.75,49.73,49.75,2686.0
2018-01-23 09:56:00,49.76,49.76,49.74,49.74,950.0
2018-01-23 09:57:00,49.73,49.74,49.72,49.74,1978.0
2018-01-23 09:58:00,49.71,49.73,49.71,49.73,3400.0
2018-01-23 09:59:00,49.76,49.76,49.73,49.73,15000.0
2018-01-23 10:00:00,49.85,49.86,49.75,49.755,18177.0
2018-01-23 10:01:00,49.84,49.87,49.8,49.81,3586.0
2018-01-23 10:02:00,49.92,49.94,49.85,49.85,3400.0
2018-01-23 10:03:00,49.79,49.92,49.79,49.92,7301.0
2018-01-23 10:04:00,49.7502,49.8,49.75,49.77,3700.0
2018-01-23 10:05:00,49.73,49.77,49.73,49.77,2317.0
2018-01-23 10:06:00,49.7,49.73,49.69,49.73,4240.0
2018-01-23 10:07:00,49.7,49.72,49.685,49.69,6278.0
2018-01-23 10:08:00,49.78,49.78,49.74,49.74,1893.0
2018-01-23 10:09:00,49.76,49.79,49.72,49.78,6400.0
2018-01-23 10:10:00,49.77,49.82,49.75,49.76,8016.0
2018-01-23 10:11:00,49.75,49.775,49.74,49.775,6100.0
2018-01-23 10:12:00,49.73,49.765,49.73,49.765,1339.0
2018-01-23 10:13:00,49.76,49.77,49.74,49.74,1300.0
2018-01-23 10:14:00,49.75,49.76,49.75,49.76,200.0
2018-01-23 10:15:00,49.77,49.78,49.75,49.77,1109.0
2018-01-23 10:16:00,49.75,49.765,49.72,49.765,4842.0
2018-01-23 10:17:00,49.71,49.745,49.69,49.73,8362.0
2018-01-23 10:18:00,49.72,49.73,49.7,49.72,6800.0
2018-01-23 10:19:00,49.73,49.74,49.71,49.71,8052.0
2018-01-23 10:20:00,49.7301,49.75,49.69,49.7301,16200.0
2018-01-23 10:21:00,49.74,49.74,49.72,49.7301,2655.0
2018-01-23 10:22:00,49.73,49.75,49.73,49.75,1400.0
2018-01-23 10:23:00,49.72,49.73,49.72,49.73,1048.0
2018-01-23 10:24:00,49.74,49.75,49.73,49.73,2404.0
2018-01-23 10:25:00,49.72,49.74,49.72,49.73,1296.0
2018-01-23 10:26:00,49.708999999999996,49.7367,49.708999999999996,49.7367,1759.0
2018-01-23 10:27:00,49.68,49.72,49.68,49.72,3492.0
2018-01-23 10:28:00,49.69,49.69,49.67,49.68,1335.0
2018-01-23 10:29:00,49.65,49.6958,49.65,49.6958,2767.0
2018-01-23 10:30:00,49.64,49.66,49.64,49.66,1793.0
2018-01-23 10:31:00,49.64,49.65,49.64,49.65,1025.0
2018-01-23 10:32:00,49.64,49.64,49.632,49.632,897.0
2018-01-23 10:33:00,49.63,49.64,49.6,49.63,8846.0
2018-01-23 10:34:00,49.62,49.63,49.615,49.62,11403.0
2018-01-23 10:35:00,49.58,49.62,49.58,49.62,25913.0
2018-01-23 10:36:00,49.58,49.59,49.58,49.59,1600.0
2018-01-23 10:37:00,49.67,49.67,49.59,49.59,2410.0
2018-01-23 10:38:00,49.67,49.67,49.66,49.66,1590.0
2018-01-23 10:39:00,49.68,49.68,49.67,49.67,400.0
2018-01-23 10:40:00,49.69,49.69,49.68,49.68,1716.0
2018-01-23 10:41:00,49.67,49.68,49.66,49.68,27486.0
2018-01-23 10:42:00,49.7,49.75,49.66,49.68,21985.0
2018-01-23 10:43:00,49.7,49.72,49.67,49.72,7156.0
2018-01-23 10:44:00,49.725,49.73,49.67,49.7,3926.0
2018-01-23 10:45:00,49.7,49.75,49.7,49.73,14300.0
2018-01-23 10:46:00,49.74,49.74,49.71,49.71,1000.0
2018-01-23 10:47:00,49.74,49.75,49.74,49.75,2150.0
2018-01-23 10:48:00,49.74,49.75,49.74,49.75,7604.0
2018-01-23 10:49:00,49.74,49.74,49.72,49.73,1050.0
2018-01-23 10:50:00,49.801,49.82,49.74,49.74,11247.0
2018-01-23 10:51:00,49.82,49.82,49.81,49.82,1684.0
2018-01-23 10:52:00,49.81,49.82,49.81,49.82,1300.0
2018-01-23 10:53:00,49.8,49.81,49.8,49.81,1691.0
2018-01-23 10:54:00,49.79,49.8,49.79,49.8,793.0
2018-01-23 10:55:00,49.79,49.79,49.79,49.79,205.0
2018-01-23 10:56:00,49.74,49.78,49.74,49.78,2661.0
2018-01-23 10:57:00,49.82,49.82,49.74,49.74,2000.0
2018-01-23 10:58:00,49.79,49.81,49.79,49.8,1710.0
2018-01-23 10:59:00,49.81,49.81,49.79,49.79,800.0
2018-01-23 11:00:00,49.8,49.81,49.8,49.8,1434.0
2018-01-23 11:01:00,49.785,49.805,49.785,49.8,4175.0
2018-01-23 11:02:00,49.785,49.79,49.785,49.79,1530.0
2018-01-23 11:03:00,49.78,49.78,49.76,49.78,2780.0
2018-01-23 11:04:00,49.77,49.78,49.77,49.78,1100.0
2018-01-23 11:05:00,49.735,49.77,49.735,49.77,3000.0
2018-01-23 11:06:00,49.73,49.74,49.73,49.73,2467.0
2018-01-23 11:07:00,49.72,49.73,49.72,49.73,1599.0
2018-01-23 11:08:00,49.75,49.75,49.735,49.74,1700.0
2018-01-23 11:09:00,49.72,49.75,49.72,49.75,3677.0
2018-01-23 11:10:00,49.72,49.72,49.7,49.71,1059.0
2018-01-23 11:11:00,49.71,49.71,49.71,49.71,500.0
2018-01-23 11:12:00,49.71,49.71,49.69,49.705,17674.0
2018-01-23 11:13:00,49.69,49.71,49.69,49.71,600.0
2018-01-23 11:14:00,49.7,49.7,49.7,49.7,1000.0
2018-01-23 11:15:00,49.7,49.7,49.7,49.7,100.0
2018-01-23 11:16:00,49.665,49.705,49.665,49.705,10943.0
2018-01-23 11:17:00,49.6499,49.66,49.64,49.66,3818.0
2018-01-23 11:18:00,49.625,49.64,49.62,49.64,1500.0
2018-01-23 11:19:00,49.621,49.63,49.615,49.62,2800.0
2018-01-23 11:20:00,49.62,49.65,49.62,49.63,3120.0
2018-01-23 11:21:00,49.62,49.6201,49.62,49.6201,1300.0
2018-01-23 11:22:00,49.65,49.655,49.62,49.62,4297.0
2018-01-23 11:23:00,49.63,49.64,49.63,49.64,2262.0
2018-01-23 11:24:00,49.64,49.65,49.63,49.63,2800.0
2018-01-23 11:25:00,49.64,49.64,49.6366,49.64,550.0
2018-01-23 11:26:00,49.63,49.65,49.62,49.65,9167.0
2018-01-23 11:27:00,49.61,49.63,49.61,49.62,700.0
2018-01-23 11:28:00,49.63,49.63,49.61,49.61,1400.0
2018-01-23 11:30:00,49.64,49.65,49.635,49.64,2683.0
2018-01-23 11:31:00,49.63,49.641000000000005,49.63,49.641000000000005,1357.0
2018-01-23 11:32:00,49.63,49.64,49.63,49.635,2143.0
2018-01-23 11:33:00,49.62,49.6301,49.62,49.6301,2747.0
2018-01-23 11:34:00,49.61,49.62,49.61,49.62,1000.0
2018-01-23 11:35:00,49.6,49.61,49.6,49.61,1361.0
2018-01-23 11:36:00,49.65,49.65,49.61,49.61,3505.0
2018-01-23 11:37:00,49.64,49.65,49.64,49.64,11125.0
2018-01-23 11:38:00,49.635,49.65,49.635,49.64,7613.0
2018-01-23 11:39:00,49.625,49.635,49.615,49.63,13724.0
2018-01-23 11:40:00,49.645,49.65,49.615,49.625,10178.0
2018-01-23 11:41:00,49.63,49.65,49.62,49.64,4876.0
2018-01-23 11:42:00,49.62,49.63,49.605,49.63,18006.0
2018-01-23 11:43:00,49.64,49.65,49.62,49.62,9294.0
2018-01-23 11:44:00,49.63,49.63,49.61,49.63,1658.0
2018-01-23 11:45:00,49.61,49.62,49.61,49.62,2100.0
2018-01-23 11:46:00,49.62,49.63,49.62,49.62,1074.0
2018-01-23 11:47:00,49.63,49.63,49.62,49.62,800.0
2018-01-23 11:48:00,49.65,49.65,49.635,49.637,6073.0
2018-01-23 11:49:00,49.65,49.65,49.63,49.64,2163.0
2018-01-23 11:50:00,49.62,49.6414,49.62,49.6414,1908.0
2018-01-23 11:51:00,49.62,49.63,49.62,49.63,300.0
2018-01-23 11:52:00,49.63,49.64,49.615,49.62,1200.0
2018-01-23 11:53:00,49.64,49.645,49.63,49.636,1086.0
2018-01-23 11:54:00,49.65,49.65,49.64,49.645,1250.0
2018-01-23 11:55:00,49.65,49.655,49.64,49.65,2199.0
2018-01-23 11:56:00,49.62,49.64,49.62,49.64,3069.0
2018-01-23 11:57:00,49.62,49.62,49.62,49.62,700.0
2018-01-23 11:58:00,49.62,49.62,49.62,49.62,200.0
2018-01-23 11:59:00,49.63,49.63,49.62,49.625,300.0
2018-01-23 12:00:00,49.63,49.63,49.62,49.62,200.0
2018-01-23 12:01:00,49.62,49.63,49.62,49.63,691.0
2018-01-23 12:02:00,49.635,49.64,49.63,49.63,778.0
2018-01-23 12:03:00,49.65,49.65,49.64,49.64,3970.0
2018-01-23 12:04:00,49.63,49.65,49.63,49.65,3402.0
2018-01-23 12:05:00,49.62,49.64,49.62,49.64,4002.0
2018-01-23 12:06:00,49.62,49.62,49.62,49.62,800.0
2018-01-23 12:07:00,49.63,49.63,49.62,49.621,925.0
2018-01-23 12:08:00,49.65,49.65,49.635,49.635,3907.0
2018-01-23 12:09:00,49.64,49.64,49.64,49.64,400.0
2018-01-23 12:10:00,49.64,49.65,49.64,49.64,300.0
2018-01-23 12:11:00,49.65,49.65,49.64,49.64,700.0
2018-01-23 12:12:00,49.65,49.65,49.64,49.64,800.0
2018-01-23 12:13:00,49.63,49.65,49.63,49.65,3025.0
2018-01-23 12:14:00,49.63,49.63,49.63,49.63,300.0
2018-01-23 12:15:00,49.6,49.64,49.6,49.63,8681.0
2018-01-23 12:16:00,49.59,49.59,49.57,49.59,1501.0
2018-01-23 12:17:00,49.59,49.59,49.59,49.59,600.0
2018-01-23 12:18:00,49.6,49.6,49.59,49.59,300.0
2018-01-23 12:19:00,49.62,49.62,49.59,49.59,605.0
2018-01-23 12:20:00,49.625,49.625,49.625,49.625,100.0
2018-01-23 12:21:00,49.65,49.65,49.64,49.64,700.0
2018-01-23 12:22:00,49.65,49.655,49.64,49.645,1672.0
2018-01-23 12:23:00,49.65,49.65,49.65,49.65,300.0
2018-01-23 12:24:00,49.65,49.655,49.65,49.65,1696.0
2018-01-23 12:25:00,49.65,49.65,49.625,49.65,11674.0
2018-01-23 12:26:00,49.63,49.65,49.63,49.65,2506.0
2018-01-23 12:27:00,49.63,49.63,49.63,49.63,600.0
2018-01-23 12:28:00,49.67,49.68,49.635,49.64,2949.0
2018-01-23 12:29:00,49.66,49.68,49.66,49.68,1800.0
2018-01-23 12:30:00,49.6658,49.67,49.6658,49.669,450.0
2018-01-23 12:31:00,49.6958,49.7,49.67,49.67,2225.0
2018-01-23 12:32:00,49.7,49.7,49.695,49.7,2789.0
2018-01-23 12:33:00,49.69,49.7,49.685,49.7,2441.0
2018-01-23 12:34:00,49.69,49.69,49.69,49.69,100.0
2018-01-23 12:35:00,49.69,49.69,49.69,49.69,900.0
2018-01-23 12:36:00,49.69,49.69,49.68,49.68,2900.0
2018-01-23 12:37:00,49.685,49.685,49.68,49.68,300.0
2018-01-23 12:38:00,49.69,49.69,49.685,49.69,500.0
2018-01-23 12:39:00,49.69,49.69,49.685,49.69,400.0
2018-01-23 12:40:00,49.69,49.69,49.68,49.6801,1555.0
2018-01-23 12:41:00,49.68,49.69,49.68,49.69,2500.0
2018-01-23 12:42:00,49.67,49.69,49.67,49.69,3101.0
2018-01-23 12:43:00,49.67,49.67,49.67,49.67,100.0
2018-01-23 12:44:00,49.69,49.69,49.68,49.68,1455.0
2018-01-23 12:45:00,49.69,49.69,49.68,49.68,700.0
2018-01-23 12:46:00,49.69,49.69,49.69,49.69,600.0
2018-01-23 12:47:00,49.69,49.7,49.68,49.68,1768.0
2018-01-23 12:48:00,49.69,49.69,49.69,49.69,800.0
2018-01-23 12:49:00,49.69,49.69,49.69,49.69,300.0
2018-01-23 12:50:00,49.69,49.695,49.68,49.69,500.0
2018-01-23 12:51:00,49.69,49.69,49.69,49.69,200.0
2018-01-23 12:52:00,49.66,49.695,49.66,49.69,4967.0
2018-01-23 12:53:00,49.67,49.67,49.65,49.66,4600.0
2018-01-23 12:54:00,49.677,49.677,49.677,49.677,162.0
2018-01-23 12:55:00,49.69,49.7,49.67,49.67,1600.0
2018-01-23 12:56:00,49.69,49.69,49.69,49.69,1000.0
2018-01-23 12:57:00,49.69,49.7,49.69,49.69,4600.0
2018-01-23 12:58:00,49.69,49.69,49.69,49.69,1400.0
2018-01-23 12:59:00,49.69,49.7,49.69,49.69,1851.0
2018-01-23 13:00:00,49.69,49.7,49.685,49.7,2400.0
2018-01-23 13:01:00,49.69,49.7,49.68,49.69,400.0
2018-01-23 13:02:00,49.69,49.71,49.69,49.69,9976.0
2018-01-23 13:03:00,49.7,49.7,49.67,49.68,2690.0
2018-01-23 13:04:00,49.67,49.7,49.67,49.6902,1401.0
2018-01-23 13:05:00,49.69,49.69,49.68,49.68,500.0
2018-01-23 13:07:00,49.69,49.69,49.68,49.68,600.0
2018-01-23 13:08:00,49.71,49.71,49.69,49.7,4099.0
2018-01-23 13:09:00,49.715,49.72,49.71,49.71,500.0
2018-01-23 13:10:00,49.705,49.72,49.7,49.72,7722.0
2018-01-23 13:11:00,49.69,49.705,49.69,49.705,2387.0
2018-01-23 13:12:00,49.68,49.69,49.68,49.69,1400.0
2018-01-23 13:13:00,49.67,49.68,49.67,49.68,2400.0
2018-01-23 13:14:00,49.67,49.68,49.67,49.68,1900.0
2018-01-23 13:15:00,49.68,49.68,49.67,49.67,1100.0
2018-01-23 13:16:00,49.68,49.68,49.68,49.68,500.0
2018-01-23 13:17:00,49.68,49.68,49.68,49.68,200.0
2018-01-23 13:18:00,49.6862,49.69,49.67,49.67,1550.0
2018-01-23 13:19:00,49.685,49.685,49.685,49.685,200.0
2018-01-23 13:20:00,49.68,49.68,49.68,49.68,901.0
2018-01-23 13:21:00,49.68,49.685,49.67,49.68,2194.0
2018-01-23 13:22:00,49.67,49.67,49.67,49.67,1400.0
2018-01-23 13:23:00,49.68,49.68,49.67,49.67,1268.0
2018-01-23 13:24:00,49.67,49.67,49.66,49.66,900.0
2018-01-23 13:25:00,49.68,49.68,49.67,49.67,800.0
2018-01-23 13:26:00,49.69,49.69,49.66,49.675,2401.0
2018-01-23 13:27:00,49.69,49.69,49.69,49.69,1200.0
2018-01-23 13:28:00,49.69,49.69,49.68,49.68,200.0
2018-01-23 13:29:00,49.7,49.7,49.68,49.69,1700.0
2018-01-23 13:30:00,49.69,49.7,49.69,49.7,1504.0
2018-01-23 13:31:00,49.69,49.695,49.69,49.695,690.0
2018-01-23 13:32:00,49.699,49.699,49.69,49.69,707.0
2018-01-23 13:33:00,49.7,49.71,49.69,49.6954,1818.0
2018-01-23 13:34:00,49.7,49.7085,49.7,49.7,1892.0
2018-01-23 13:35:00,49.7,49.7,49.69,49.7,1220.0
2018-01-23 13:36:00,49.7,49.705,49.6999,49.7,3800.0
2018-01-23 13:37:00,49.7,49.7,49.7,49.7,200.0
2018-01-23 13:38:00,49.695,49.7,49.695,49.7,500.0
2018-01-23 13:39:00,49.69,49.7,49.69,49.7,300.0
2018-01-23 13:40:00,49.67,49.695,49.67,49.695,2833.0
2018-01-23 13:41:00,49.7,49.7,49.68,49.68,1500.0
2018-01-23 13:42:00,49.69,49.7,49.69,49.7,405.0
2018-01-23 13:43:00,49.69,49.71,49.69,49.7,2600.0
2018-01-23 13:44:00,49.69,49.7,49.69,49.69,500.0
2018-01-23 13:45:00,49.72,49.72,49.71,49.71,2907.0
2018-01-23 13:46:00,49.71,49.73,49.71,49.72,2175.0
2018-01-23 13:47:00,49.73,49.73,49.71,49.72,1804.0
2018-01-23 13:48:00,49.72,49.72,49.71,49.72,2153.0
2018-01-23 13:49:00,49.74,49.74,49.72,49.73,2350.0
2018-01-23 13:50:00,49.755,49.755,49.74,49.74,700.0
2018-01-23 13:51:00,49.78,49.78,49.75,49.75,1382.0
2018-01-23 13:52:00,49.79,49.79,49.78,49.79,2226.0
2018-01-23 13:53:00,49.79,49.8,49.78,49.79,3297.0
2018-01-23 13:54:00,49.78,49.79,49.78,49.78,1400.0
2018-01-23 13:55:00,49.79,49.79,49.78,49.79,1200.0
2018-01-23 13:56:00,49.79,49.8,49.78,49.78,3604.0
2018-01-23 13:57:00,49.8,49.8,49.79,49.79,990.0
2018-01-23 13:58:00,49.8,49.8,49.795,49.795,600.0
2018-01-23 13:59:00,49.77,49.79,49.77,49.79,4815.0
2018-01-23 14:00:00,49.79,49.79,49.76,49.77,1477.0
2018-01-23 14:01:00,49.795,49.795,49.79,49.79,200.0
2018-01-23 14:02:00,49.8,49.8,49.79,49.79,704.0
2018-01-23 14:03:00,49.78,49.8,49.78,49.8,2336.0
2018-01-23 14:04:00,49.78,49.79,49.78,49.78,2200.0
2018-01-23 14:05:00,49.79,49.79,49.785,49.79,600.0
2018-01-23 14:06:00,49.78,49.8,49.78,49.8,1800.0
2018-01-23 14:07:00,49.79,49.795,49.78,49.79,3708.0
2018-01-23 14:08:00,49.8,49.8,49.77,49.79,2340.0
2018-01-23 14:09:00,49.8,49.8,49.79,49.79,1800.0
2018-01-23 14:10:00,49.79,49.81,49.79,49.8,2719.0
2018-01-23 14:11:00,49.8,49.82,49.79,49.79,731.0
2018-01-23 14:12:00,49.8,49.8,49.8,49.8,100.0
2018-01-23 14:13:00,49.81,49.81,49.8,49.805,1499.0
2018-01-23 14:14:00,49.805,49.805,49.8,49.8001,500.0
2018-01-23 14:15:00,49.825,49.825,49.81,49.81,901.0
2018-01-23 14:16:00,49.825,49.825,49.821000000000005,49.821000000000005,500.0
2018-01-23 14:17:00,49.815,49.82,49.815,49.82,2400.0
2018-01-23 14:18:00,49.84,49.84,49.82,49.82,2000.0
2018-01-23 14:19:00,49.825,49.845,49.8239,49.84,2902.0
2018-01-23 14:20:00,49.82,49.83,49.82,49.825,1200.0
2018-01-23 14:21:00,49.81,49.83,49.81,49.83,3713.0
2018-01-23 14:22:00,49.795,49.8,49.795,49.8,887.0
2018-01-23 14:23:00,49.79,49.8,49.79,49.8,1200.0
2018-01-23 14:24:00,49.77,49.8,49.77,49.8,5400.0
2018-01-23 14:25:00,49.79,49.8,49.78,49.78,2379.0
2018-01-23 14:26:00,49.79,49.81,49.79,49.81,1283.0
2018-01-23 14:27:00,49.78,49.8,49.78,49.8,2900.0
2018-01-23 14:28:00,49.8,49.8,49.79,49.79,504.0
2018-01-23 14:29:00,49.805,49.81,49.8,49.81,600.0
2018-01-23 14:30:00,49.82,49.82,49.805,49.805,1334.0
2018-01-23 14:31:00,49.82,49.82,49.81,49.81,500.0
2018-01-23 14:32:00,49.825,49.825,49.82,49.82,816.0
2018-01-23 14:33:00,49.82,49.825,49.81,49.825,2899.0
2018-01-23 14:34:00,49.82,49.82,49.82,49.82,1400.0
2018-01-23 14:35:00,49.81,49.82,49.805,49.82,1355.0
2018-01-23 14:36:00,49.8,49.81,49.8,49.8,899.0
2018-01-23 14:37:00,49.8,49.81,49.8,49.801,1115.0
2018-01-23 14:38:00,49.81,49.81,49.81,49.81,2455.0
2018-01-23 14:39:00,49.81,49.81,49.8,49.8,1900.0
2018-01-23 14:40:00,49.8,49.8,49.8,49.8,1400.0
2018-01-23 14:41:00,49.795,49.795,49.79,49.79,400.0
2018-01-23 14:42:00,49.8,49.8,49.79,49.795,2660.0
2018-01-23 14:43:00,49.8071,49.81,49.8015,49.81,1560.0
2018-01-23 14:44:00,49.84,49.84,49.81,49.81,2401.0
2018-01-23 14:45:00,49.84,49.84,49.835,49.835,574.0
2018-01-23 14:46:00,49.8301,49.84,49.83,49.84,748.0
2018-01-23 14:47:00,49.835,49.835,49.83,49.83,400.0
2018-01-23 14:48:00,49.83,49.84,49.82,49.83,8368.0
2018-01-23 14:49:00,49.82,49.8245,49.82,49.8245,200.0
2018-01-23 14:50:00,49.83,49.83,49.83,49.83,100.0
2018-01-23 14:51:00,49.83,49.83,49.82,49.825,1980.0
2018-01-23 14:52:00,49.83,49.84,49.825,49.84,2732.0
2018-01-23 14:53:00,49.84,49.84,49.83,49.835,500.0
2018-01-23 14:54:00,49.84,49.84,49.84,49.84,300.0
2018-01-23 14:55:00,49.83,49.84,49.83,49.835,2314.0
2018-01-23 14:56:00,49.82,49.831,49.82,49.83,2575.0
2018-01-23 14:57:00,49.83,49.83,49.825,49.8266,1863.0
2018-01-23 14:58:00,49.83,49.83,49.82,49.83,1786.0
2018-01-23 14:59:00,49.845,49.85,49.83,49.83,5514.0
2018-01-23 15:00:00,49.85,49.86,49.85,49.855,1091.0
2018-01-23 15:01:00,49.84,49.86,49.84,49.85,1962.0
2018-01-23 15:02:00,49.84,49.85,49.84,49.84,870.0
2018-01-23 15:03:00,49.84,49.85,49.84,49.84,1920.0
2018-01-23 15:04:00,49.83,49.84,49.83,49.84,2200.0
2018-01-23 15:05:00,49.84,49.84,49.83,49.83,2500.0
2018-01-23 15:06:00,49.82,49.84,49.82,49.84,2973.0
2018-01-23 15:07:00,49.8,49.82,49.8,49.82,5400.0
2018-01-23 15:08:00,49.8,49.8,49.79,49.79,1041.0
2018-01-23 15:09:00,49.7942,49.81,49.7942,49.81,1979.0
2018-01-23 15:10:00,49.8,49.8,49.79,49.8,1600.0
2018-01-23 15:11:00,49.805,49.81,49.805,49.805,300.0
2018-01-23 15:12:00,49.81,49.81,49.805,49.805,1000.0
2018-01-23 15:13:00,49.8,49.805,49.8,49.805,2100.0
2018-01-23 15:14:00,49.79,49.8,49.79,49.79,2521.0
2018-01-23 15:15:00,49.76,49.785,49.76,49.78,2007.0
2018-01-23 15:16:00,49.77,49.78,49.765,49.77,3498.0
2018-01-23 15:17:00,49.77,49.775,49.77,49.77,600.0
2018-01-23 15:18:00,49.78,49.78,49.77,49.775,1700.0
2018-01-23 15:19:00,49.785,49.79,49.78,49.78,1603.0
2018-01-23 15:20:00,49.8,49.81,49.8,49.8,3251.0
2018-01-23 15:21:00,49.8,49.8,49.8,49.8,300.0
2018-01-23 15:22:00,49.8,49.81,49.795,49.8,2500.0
2018-01-23 15:23:00,49.8,49.805,49.8,49.8,1311.0
2018-01-23 15:24:00,49.8,49.805,49.8,49.805,2400.0
2018-01-23 15:25:00,49.8,49.81,49.79,49.8,6854.0
2018-01-23 15:26:00,49.8,49.81,49.8,49.81,1585.0
2018-01-23 15:27:00,49.8,49.81,49.8,49.805,800.0
2018-01-23 15:28:00,49.8,49.81,49.8,49.8031,859.0
2018-01-23 15:29:00,49.82,49.82,49.805,49.81,5030.0
2018-01-23 15:30:00,49.82,49.82,49.81,49.82,700.0
2018-01-23 15:31:00,49.81,49.82,49.81,49.82,500.0
2018-01-23 15:32:00,49.8101,49.82,49.81,49.82,2500.0
2018-01-23 15:33:00,49.82,49.82,49.81,49.81,1500.0
2018-01-23 15:34:00,49.81,49.81,49.81,49.81,1299.0
2018-01-23 15:35:00,49.82,49.82,49.81,49.81,2325.0
2018-01-23 15:36:00,49.8,49.82,49.79,49.81,15083.0
2018-01-23 15:37:00,49.8,49.805,49.795,49.8,8591.0
2018-01-23 15:38:00,49.8,49.81,49.8,49.8,1928.0
2018-01-23 15:39:00,49.81,49.81,49.8,49.8,3798.0
2018-01-23 15:40:00,49.81,49.815,49.81,49.81,900.0
2018-01-23 15:41:00,49.815,49.815,49.81,49.81,2100.0
2018-01-23 15:42:00,49.81,49.82,49.81,49.81,1940.0
2018-01-23 15:43:00,49.81,49.82,49.81,49.81,2559.0
2018-01-23 15:44:00,49.81,49.815,49.81,49.81,2000.0
2018-01-23 15:45:00,49.84,49.845,49.81,49.81,18351.0
2018-01-23 15:46:00,49.86,49.86,49.84,49.84,4110.0
2018-01-23 15:47:00,49.86,49.86,49.855,49.86,5612.0
2018-01-23 15:48:00,49.86,49.87,49.85,49.85,6429.0
2018-01-23 15:49:00,49.87,49.87,49.86,49.86,1900.0
2018-01-23 15:50:00,49.86,49.87,49.86,49.87,3635.0
2018-01-23 15:51:00,49.85,49.87,49.85,49.86,6800.0
2018-01-23 15:52:00,49.87,49.875,49.855,49.86,13050.0
2018-01-23 15:53:00,49.86,49.86,49.86,49.86,7078.0
2018-01-23 15:54:00,49.855,49.865,49.85,49.86,3918.0
2018-01-23 15:55:00,49.84,49.855,49.83,49.85,4405.0
2018-01-23 15:56:00,49.84,49.84,49.83,49.835,6838.0
2018-01-23 15:57:00,49.85,49.86,49.83,49.83,9100.0
2018-01-23 15:58:00,49.84,49.85,49.84,49.85,6875.0
2018-01-23 15:59:00,49.83,49.85,49.83,49.84,5840.0
2018-01-23 16:00:00,49.85,49.86,49.81,49.835,75575.0
2018-01-24 09:30:00,49.9,49.9,49.9,49.9,22724.0
2018-01-24 09:31:00,49.94,49.96,49.92,49.93,1500.0
2018-01-24 09:32:00,49.91,49.96,49.9,49.96,2954.0
2018-01-24 09:33:00,49.99,50.02,49.9,49.92,3700.0
2018-01-24 09:34:00,49.97,49.99,49.93,49.99,3360.0
2018-01-24 09:35:00,49.98,49.98,49.89,49.92,4517.0
2018-01-24 09:36:00,49.97,49.99,49.92,49.98,3863.0
2018-01-24 09:37:00,49.97,49.99,49.9636,49.9636,2100.0
2018-01-24 09:38:00,49.93,49.99,49.93,49.97,2758.0
2018-01-24 09:39:00,49.8,49.92,49.79,49.89,13000.0
2018-01-24 09:40:00,49.775,49.82,49.75,49.78,2474.0
2018-01-24 09:41:00,49.76,49.76,49.72,49.76,1824.0
2018-01-24 09:42:00,49.72,49.7402,49.71,49.7402,1800.0
2018-01-24 09:43:00,49.72,49.7305,49.72,49.7305,800.0
2018-01-24 09:44:00,49.68,49.72,49.68,49.72,2232.0
2018-01-24 09:45:00,49.7,49.73,49.66,49.66,2793.0
2018-01-24 09:46:00,49.68,49.73,49.68,49.71,1800.0
2018-01-24 09:47:00,49.69,49.705,49.69,49.7,2400.0
2018-01-24 09:48:00,49.69,49.71,49.69,49.7,1152.0
2018-01-24 09:49:00,49.7115,49.74,49.69,49.69,2800.0
2018-01-24 09:50:00,49.67,49.72,49.67,49.71,2000.0
2018-01-24 09:51:00,49.745,49.745,49.66,49.66,7420.0
2018-01-24 09:52:00,49.725,49.73,49.71,49.73,1975.0
2018-01-24 09:53:00,49.7,49.725,49.7,49.725,1583.0
2018-01-24 09:54:00,49.67,49.715,49.67,49.715,1375.0
2018-01-24 09:55:00,49.67,49.68600000000001,49.67,49.68,850.0
2018-01-24 09:56:00,49.68,49.7,49.65,49.65,1951.0
2018-01-24 09:57:00,49.64,49.68,49.63,49.675,4483.0
2018-01-24 09:58:00,49.605,49.65,49.6,49.64,4541.0
2018-01-24 09:59:00,49.57,49.59,49.56,49.59,2274.0
2018-01-24 10:00:00,49.54,49.59,49.54,49.58,2106.0
2018-01-24 10:01:00,49.52,49.52,49.51,49.51,2306.0
2018-01-24 10:02:00,49.51,49.53,49.51,49.52,3979.0
2018-01-24 10:03:00,49.48,49.53,49.47,49.52,6342.0
2018-01-24 10:04:00,49.47,49.49,49.47,49.48,2390.0
2018-01-24 10:05:00,49.505,49.51,49.47,49.48,8272.0
2018-01-24 10:06:00,49.535,49.55,49.505,49.51,6113.0
2018-01-24 10:07:00,49.5,49.53,49.49,49.53,2235.0
2018-01-24 10:08:00,49.45,49.52,49.43,49.52,3911.0
2018-01-24 10:09:00,49.44,49.46,49.43,49.45,11868.0
2018-01-24 10:10:00,49.36,49.43,49.3516,49.43,11516.0
2018-01-24 10:11:00,49.36,49.36,49.335,49.36,30752.0
2018-01-24 10:12:00,49.38,49.38,49.36,49.36,3237.0
2018-01-24 10:13:00,49.42,49.4394,49.38,49.38,5949.0
2018-01-24 10:14:00,49.46,49.46,49.43,49.44,2394.0
2018-01-24 10:15:00,49.45,49.47,49.45,49.45,3385.0
2018-01-24 10:16:00,49.43,49.44,49.43,49.44,668.0
2018-01-24 10:17:00,49.405,49.43,49.4,49.43,4167.0
2018-01-24 10:18:00,49.4,49.41,49.395,49.4,2350.0
2018-01-24 10:20:00,49.37,49.39,49.36,49.39,7361.0
2018-01-24 10:21:00,49.365,49.39,49.34,49.39,8838.0
2018-01-24 10:22:00,49.34,49.36,49.34,49.36,2352.0
2018-01-24 10:23:00,49.347,49.35,49.325,49.35,2843.0
2018-01-24 10:24:00,49.33,49.34,49.32,49.34,1454.0
2018-01-24 10:25:00,49.29,49.3399,49.28,49.3399,3783.0
2018-01-24 10:26:00,49.28,49.28,49.2601,49.2601,5453.0
2018-01-24 10:27:00,49.21,49.27,49.21,49.27,2676.0
2018-01-24 10:28:00,49.1901,49.22,49.19,49.22,4500.0
2018-01-24 10:29:00,49.19,49.2,49.19,49.2,4341.0
2018-01-24 10:30:00,49.21,49.21,49.175,49.1849,5248.0
2018-01-24 10:31:00,49.3,49.3,49.21,49.21,7806.0
2018-01-24 10:32:00,49.32,49.32,49.26,49.28,4702.0
2018-01-24 10:33:00,49.33,49.34,49.32,49.32,800.0
2018-01-24 10:34:00,49.32,49.33,49.32,49.32,1597.0
2018-01-24 10:35:00,49.3205,49.33,49.31,49.31,2894.0
2018-01-24 10:36:00,49.28,49.32,49.28,49.32,2447.0
2018-01-24 10:37:00,49.2945,49.3,49.285,49.29,4482.0
2018-01-24 10:38:00,49.3,49.31100000000001,49.2959,49.2959,8491.0
2018-01-24 10:39:00,49.27,49.3,49.27,49.3,2787.0
2018-01-24 10:40:00,49.24,49.26,49.23,49.25,4797.0
2018-01-24 10:41:00,49.22,49.24,49.2,49.23,7724.0
2018-01-24 10:42:00,49.28,49.28,49.23,49.23,3732.0
2018-01-24 10:43:00,49.27,49.285,49.27,49.28,3439.0
2018-01-24 10:44:00,49.26,49.28,49.25,49.2606,4917.0
2018-01-24 10:45:00,49.28,49.28,49.28,49.28,300.0
2018-01-24 10:46:00,49.28,49.285,49.26,49.285,2200.0
2018-01-24 10:47:00,49.27,49.27,49.27,49.27,1000.0
2018-01-24 10:48:00,49.28,49.28,49.26,49.27,2597.0
2018-01-24 10:49:00,49.255,49.27,49.255,49.27,3148.0
2018-01-24 10:50:00,49.22,49.255,49.22,49.255,5400.0
2018-01-24 10:51:00,49.22,49.23,49.215,49.23,3687.0
2018-01-24 10:52:00,49.22,49.22,49.21,49.21,4205.0
2018-01-24 10:53:00,49.23,49.41,49.22,49.23,26951.0
2018-01-24 10:54:00,49.27,49.27,49.22,49.228,3829.0
2018-01-24 10:55:00,49.3,49.3,49.28,49.28,1300.0
2018-01-24 10:56:00,49.33,49.35,49.29,49.3,5071.0
2018-01-24 10:57:00,49.32,49.33,49.32,49.33,2000.0
2018-01-24 10:58:00,49.3,49.33,49.3,49.3299,1248.0
2018-01-24 10:59:00,49.27,49.3,49.27,49.3,2127.0
2018-01-24 11:00:00,49.27,49.27,49.27,49.27,400.0
2018-01-24 11:01:00,49.25,49.28,49.25,49.28,8600.0
2018-01-24 11:02:00,49.22,49.27,49.22,49.26,4998.0
2018-01-24 11:03:00,49.225,49.225,49.21,49.22,1700.0
2018-01-24 11:04:00,49.25,49.27,49.22,49.225,17200.0
2018-01-24 11:05:00,49.27,49.29,49.27,49.27,2150.0
2018-01-24 11:06:00,49.235,49.26,49.22,49.26,4943.0
2018-01-24 11:07:00,49.23,49.24,49.22,49.24,3273.0
2018-01-24 11:08:00,49.235,49.24,49.22,49.22,5644.0
2018-01-24 11:09:00,49.23,49.24,49.22,49.24,7999.0
2018-01-24 11:10:00,49.23,49.23,49.23,49.23,900.0
2018-01-24 11:11:00,49.23,49.23,49.215,49.23,11170.0
2018-01-24 11:12:00,49.13,49.23,49.13,49.23,4983.0
2018-01-24 11:13:00,49.15,49.17,49.13,49.13,9880.0
2018-01-24 11:14:00,49.12,49.15,49.1,49.15,4872.0
2018-01-24 11:15:00,49.13,49.13,49.11,49.12,6636.0
2018-01-24 11:16:00,49.11,49.13,49.1,49.12,4188.0
2018-01-24 11:17:00,49.115,49.12,49.1,49.11,3953.0
2018-01-24 11:18:00,49.17,49.17,49.12,49.12,6689.0
2018-01-24 11:19:00,49.14,49.17,49.14,49.17,3158.0
2018-01-24 11:20:00,49.13,49.14,49.13,49.14,951.0
2018-01-24 11:21:00,49.1099,49.13,49.1099,49.12,6214.0
2018-01-24 11:22:00,49.123999999999995,49.13,49.1,49.11,1900.0
2018-01-24 11:23:00,49.14,49.14,49.11,49.13,5401.0
2018-01-24 11:24:00,49.18,49.19,49.15,49.15,3448.0
2018-01-24 11:25:00,49.18,49.19,49.18,49.18,1257.0
2018-01-24 11:26:00,49.2,49.21,49.18,49.18,4481.0
2018-01-24 11:27:00,49.165,49.19,49.16,49.19,12600.0
2018-01-24 11:28:00,49.12,49.17,49.12,49.16,4949.0
2018-01-24 11:29:00,49.11,49.12,49.1,49.11,6952.0
2018-01-24 11:30:00,49.12,49.12,49.1,49.11,10106.0
2018-01-24 11:31:00,49.18,49.18,49.1,49.11,13535.0
2018-01-24 11:32:00,49.15,49.185,49.15,49.18,5755.0
2018-01-24 11:33:00,49.23,49.24,49.14,49.14,6152.0
2018-01-24 11:34:00,49.21,49.22,49.21,49.22,1300.0
2018-01-24 11:35:00,49.27,49.2705,49.2,49.2,9072.0
2018-01-24 11:36:00,49.25,49.26,49.24,49.26,2906.0
2018-01-24 11:37:00,49.24,49.25,49.24,49.25,1190.0
2018-01-24 11:38:00,49.2,49.22,49.19,49.22,4002.0
2018-01-24 11:39:00,49.15,49.1904,49.1489,49.1904,2378.0
2018-01-24 11:40:00,49.18,49.195,49.12,49.14,9008.0
2018-01-24 11:41:00,49.21,49.21,49.16,49.17,3855.0
2018-01-24 11:42:00,49.19,49.21,49.18,49.2075,3225.0
2018-01-24 11:43:00,49.19,49.19,49.19,49.19,1450.0
2018-01-24 11:44:00,49.17,49.19,49.16,49.19,2671.0
2018-01-24 11:45:00,49.16,49.16,49.15,49.15,4228.0
2018-01-24 11:46:00,49.145,49.17,49.13,49.16,3007.0
2018-01-24 11:47:00,49.15,49.15,49.14,49.14,708.0
2018-01-24 11:48:00,49.14,49.15,49.14,49.1447,3285.0
2018-01-24 11:49:00,49.16,49.17,49.155,49.16,5280.0
2018-01-24 11:50:00,49.14,49.155,49.13,49.15,3293.0
2018-01-24 11:51:00,49.195,49.2,49.1442,49.1442,15230.0
2018-01-24 11:52:00,49.18,49.19,49.165,49.19,8016.0
2018-01-24 11:53:00,49.19,49.19,49.17,49.17,5064.0
2018-01-24 11:54:00,49.195,49.195,49.17,49.19,9465.0
2018-01-24 11:55:00,49.195,49.2,49.185,49.19,4681.0
2018-01-24 11:56:00,49.18,49.195,49.175,49.195,5730.0
2018-01-24 11:57:00,49.18,49.185,49.17,49.18,8940.0
2018-01-24 11:58:00,49.2,49.2,49.185,49.19,7058.0
2018-01-24 11:59:00,49.2,49.21,49.2,49.21,2790.0
2018-01-24 12:00:00,49.21,49.22,49.2,49.2,3225.0
2018-01-24 12:01:00,49.19,49.2043,49.19,49.2,3646.0
2018-01-24 12:02:00,49.195,49.1975,49.18,49.18,2300.0
2018-01-24 12:03:00,49.18,49.19,49.18,49.19,3502.0
2018-01-24 12:04:00,49.1775,49.19,49.175,49.19,1230.0
2018-01-24 12:05:00,49.185,49.19,49.17,49.175,5274.0
2018-01-24 12:06:00,49.205,49.205,49.185,49.19,9855.0
2018-01-24 12:07:00,49.205,49.21,49.2,49.2,1700.0
2018-01-24 12:08:00,49.2,49.21,49.2,49.21,2308.0
2018-01-24 12:09:00,49.21,49.21,49.185,49.195,3333.0
2018-01-24 12:10:00,49.19,49.21,49.185,49.2,3669.0
2018-01-24 12:11:00,49.195,49.2,49.19,49.19,7200.0
2018-01-24 12:12:00,49.195,49.2,49.19,49.1936,1050.0
2018-01-24 12:13:00,49.19,49.195,49.185,49.195,10309.0
2018-01-24 12:14:00,49.18,49.195,49.16,49.195,32222.0
2018-01-24 12:15:00,49.18,49.19,49.17,49.175,17600.0
2018-01-24 12:16:00,49.19,49.2,49.17,49.185,10955.0
2018-01-24 12:17:00,49.19,49.2,49.19,49.2,2611.0
2018-01-24 12:18:00,49.19,49.2,49.18,49.2,7721.0
2018-01-24 12:19:00,49.18,49.2,49.18,49.19,7400.0
2018-01-24 12:20:00,49.19,49.2,49.17,49.19,11569.0
2018-01-24 12:21:00,49.2,49.21,49.18,49.19,11234.0
2018-01-24 12:22:00,49.19,49.2,49.18,49.2,3228.0
2018-01-24 12:23:00,49.1936,49.2,49.1936,49.2,2749.0
2018-01-24 12:24:00,49.19,49.2,49.19,49.2,2255.0
2018-01-24 12:25:00,49.17,49.195,49.17,49.19,7449.0
2018-01-24 12:26:00,49.19,49.19,49.175,49.175,6296.0
2018-01-24 12:27:00,49.19,49.2,49.18,49.19,7519.0
2018-01-24 12:28:00,49.175,49.19,49.17,49.18,2500.0
2018-01-24 12:29:00,49.175,49.19,49.17,49.17,3614.0
2018-01-24 12:30:00,49.17,49.18,49.16,49.18,6289.0
2018-01-24 12:31:00,49.17,49.18,49.17,49.17,3800.0
2018-01-24 12:32:00,49.165,49.175,49.16,49.165,2500.0
2018-01-24 12:33:00,49.175,49.175,49.165,49.17,4000.0
2018-01-24 12:34:00,49.18,49.18,49.18,49.18,602.0
2018-01-24 12:35:00,49.18,49.18,49.17,49.175,2269.0
2018-01-24 12:36:00,49.175,49.18,49.16,49.17,4237.0
2018-01-24 12:37:00,49.17,49.18,49.17,49.17,1589.0
2018-01-24 12:38:00,49.14,49.17,49.14,49.16,5996.0
2018-01-24 12:39:00,49.16,49.18,49.15,49.15,9773.0
2018-01-24 12:40:00,49.15,49.15,49.15,49.15,900.0
2018-01-24 12:41:00,49.16,49.16,49.155,49.155,1100.0
2018-01-24 12:42:00,49.17,49.18,49.16,49.16,6099.0
2018-01-24 12:43:00,49.17,49.18,49.16,49.175,6429.0
2018-01-24 12:44:00,49.175,49.18,49.16,49.16,1200.0
2018-01-24 12:45:00,49.19,49.19,49.17,49.17,5500.0
2018-01-24 12:46:00,49.18,49.19,49.18,49.19,2186.0
2018-01-24 12:47:00,49.19,49.19,49.18,49.18,300.0
2018-01-24 12:48:00,49.24,49.24,49.19,49.19,6522.0
2018-01-24 12:49:00,49.23,49.235,49.23,49.23,1371.0
2018-01-24 12:50:00,49.23,49.23,49.22,49.22,2900.0
2018-01-24 12:51:00,49.25,49.25,49.24,49.24,800.0
2018-01-24 12:52:00,49.245,49.25,49.24,49.25,1700.0
2018-01-24 12:53:00,49.25,49.25,49.24,49.245,1900.0
2018-01-24 12:54:00,49.24,49.24,49.23,49.24,2613.0
2018-01-24 12:55:00,49.235,49.24,49.23,49.23,2700.0
2018-01-24 12:56:00,49.23,49.24,49.23,49.235,3809.0
2018-01-24 12:57:00,49.23,49.23,49.22,49.22,1490.0
2018-01-24 12:58:00,49.225,49.225,49.225,49.225,100.0
2018-01-24 12:59:00,49.225,49.225,49.21,49.225,4626.0
2018-01-24 13:00:00,49.195,49.21,49.19,49.21,2350.0
2018-01-24 13:01:00,49.2,49.21,49.19,49.2,3071.0
2018-01-24 13:02:00,49.205,49.205,49.205,49.205,1000.0
2018-01-24 13:03:00,49.19,49.21,49.19,49.2,6174.0
2018-01-24 13:04:00,49.18,49.19,49.18,49.19,3575.0
2018-01-24 13:05:00,49.185,49.185,49.185,49.185,600.0
2018-01-24 13:06:00,49.16,49.185,49.16,49.18,2810.0
2018-01-24 13:07:00,49.17,49.18,49.165,49.165,6978.0
2018-01-24 13:08:00,49.18,49.18,49.17,49.18,600.0
2018-01-24 13:09:00,49.17,49.175,49.16,49.17,16097.0
2018-01-24 13:10:00,49.175,49.18,49.165,49.17,4677.0
2018-01-24 13:11:00,49.175,49.18,49.17,49.17,3852.0
2018-01-24 13:12:00,49.185,49.19,49.175,49.175,6232.0
2018-01-24 13:13:00,49.18,49.185,49.1755,49.185,4765.0
2018-01-24 13:14:00,49.18,49.185,49.18,49.18,3700.0
2018-01-24 13:15:00,49.185,49.19,49.18,49.185,3302.0
2018-01-24 13:16:00,49.18,49.185,49.18,49.185,2900.0
2018-01-24 13:17:00,49.18,49.1875,49.18,49.18,1198.0
2018-01-24 13:18:00,49.19,49.19,49.18,49.185,3092.0
2018-01-24 13:19:00,49.175,49.185,49.17,49.18,2730.0
2018-01-24 13:20:00,49.2,49.2,49.17,49.1701,13030.0
2018-01-24 13:21:00,49.18,49.2,49.18,49.195,11404.0
2018-01-24 13:22:00,49.2,49.21,49.18,49.18,11793.0
2018-01-24 13:23:00,49.19,49.2,49.18,49.2,8424.0
2018-01-24 13:24:00,49.195,49.2,49.18,49.19,1100.0
2018-01-24 13:25:00,49.2,49.2,49.195,49.2,2102.0
2018-01-24 13:26:00,49.22,49.23,49.2,49.208999999999996,7135.0
2018-01-24 13:27:00,49.2,49.22,49.2,49.22,900.0
2018-01-24 13:28:00,49.24,49.24,49.21,49.21,1522.0
2018-01-24 13:29:00,49.25,49.25,49.24,49.24,1200.0
2018-01-24 13:30:00,49.24,49.25,49.24,49.25,1750.0
2018-01-24 13:31:00,49.24,49.24,49.23,49.23,400.0
2018-01-24 13:32:00,49.23,49.24,49.23,49.24,600.0
2018-01-24 13:33:00,49.22,49.23,49.215,49.23,6410.0
2018-01-24 13:34:00,49.23,49.23,49.215,49.215,1200.0
2018-01-24 13:35:00,49.25,49.25,49.21,49.22,5442.0
2018-01-24 13:36:00,49.27,49.29,49.26,49.26,5444.0
2018-01-24 13:37:00,49.24,49.26,49.23,49.26,6834.0
2018-01-24 13:38:00,49.24,49.25,49.23,49.25,600.0
2018-01-24 13:39:00,49.24,49.24,49.24,49.24,1600.0
2018-01-24 13:40:00,49.22,49.22,49.21,49.22,4018.0
2018-01-24 13:41:00,49.22,49.225,49.21,49.21,1518.0
2018-01-24 13:42:00,49.23,49.23,49.22,49.22,306.0
2018-01-24 13:43:00,49.2,49.22,49.2,49.21,2198.0
2018-01-24 13:44:00,49.22,49.22,49.205,49.205,9708.0
2018-01-24 13:45:00,49.2,49.22,49.2,49.22,3100.0
2018-01-24 13:46:00,49.21,49.215,49.21,49.215,1273.0
2018-01-24 13:47:00,49.19,49.21,49.19,49.21,8297.0
2018-01-24 13:48:00,49.195,49.2,49.195,49.195,5202.0
2018-01-24 13:49:00,49.19,49.2,49.19,49.195,505.0
2018-01-24 13:50:00,49.19,49.1905,49.19,49.1905,515.0
2018-01-24 13:51:00,49.175,49.2,49.175,49.2,4599.0
2018-01-24 13:52:00,49.18,49.18,49.17,49.17,3990.0
2018-01-24 13:53:00,49.22,49.26,49.175,49.18,14057.0
2018-01-24 13:54:00,49.24,49.24,49.22,49.22,1100.0
2018-01-24 13:55:00,49.25,49.25,49.24,49.25,400.0
2018-01-24 13:56:00,49.24,49.25,49.24,49.25,2836.0
2018-01-24 13:57:00,49.23,49.25,49.22,49.24,5947.0
2018-01-24 13:58:00,49.22,49.23,49.21,49.225,2600.0
2018-01-24 13:59:00,49.2,49.22,49.2,49.22,1613.0
2018-01-24 14:00:00,49.18,49.215,49.18,49.21,5524.0
2018-01-24 14:01:00,49.2,49.2,49.185,49.185,1023.0
2018-01-24 14:02:00,49.1875,49.2,49.18,49.2,3537.0
2018-01-24 14:03:00,49.195,49.195,49.18,49.19,3953.0
2018-01-24 14:04:00,49.165,49.19,49.16,49.19,4271.0
2018-01-24 14:05:00,49.14,49.17,49.14,49.17,2184.0
2018-01-24 14:06:00,49.165,49.18,49.15,49.15,4203.0
2018-01-24 14:07:00,49.14,49.17,49.13,49.17,6691.0
2018-01-24 14:08:00,49.14,49.16,49.14,49.15,9202.0
2018-01-24 14:09:00,49.104,49.14,49.104,49.14,3441.0
2018-01-24 14:10:00,49.09,49.1,49.09,49.1,1561.0
2018-01-24 14:11:00,49.065,49.09,49.05,49.09,6190.0
2018-01-24 14:12:00,49.065,49.07,49.065,49.065,2500.0
2018-01-24 14:13:00,49.01,49.06,49.01,49.06,8499.0
2018-01-24 14:14:00,49.02,49.02,49.0175,49.02,1300.0
2018-01-24 14:15:00,49.02,49.025,49.01,49.02,1279.0
2018-01-24 14:16:00,49.03,49.04,49.01,49.01,7638.0
2018-01-24 14:17:00,49.025,49.04,49.025,49.04,2875.0
2018-01-24 14:18:00,49.07,49.08,49.03,49.03,5466.0
2018-01-24 14:19:00,49.16,49.16,49.08,49.08,5114.0
2018-01-24 14:20:00,49.2,49.2,49.15,49.16,4216.0
2018-01-24 14:21:00,49.19,49.21,49.19,49.2,1813.0
2018-01-24 14:22:00,49.18,49.19,49.18,49.19,2383.0
2018-01-24 14:23:00,49.18,49.21,49.18,49.2,3486.0
2018-01-24 14:24:00,49.205,49.21,49.18,49.18,4700.0
2018-01-24 14:25:00,49.18,49.2,49.17,49.2,2400.0
2018-01-24 14:26:00,49.18,49.19,49.18,49.18,632.0
2018-01-24 14:27:00,49.17,49.187,49.17,49.185,1830.0
2018-01-24 14:28:00,49.173,49.18,49.173,49.175,3907.0
2018-01-24 14:29:00,49.1772,49.1772,49.16,49.17,4132.0
2018-01-24 14:30:00,49.18,49.18,49.175,49.18,5257.0
2018-01-24 14:31:00,49.16,49.18,49.155,49.17,8285.0
2018-01-24 14:32:00,49.18,49.19,49.16,49.16,5388.0
2018-01-24 14:33:00,49.13,49.18,49.12,49.18,7211.0
2018-01-24 14:34:00,49.13,49.14,49.11,49.12,4149.0
2018-01-24 14:35:00,49.12,49.13,49.11,49.12,4275.0
2018-01-24 14:36:00,49.13,49.13,49.105,49.12,5281.0
2018-01-24 14:37:00,49.13,49.14,49.12,49.14,1434.0
2018-01-24 14:38:00,49.11,49.13,49.1,49.13,6310.0
2018-01-24 14:39:00,49.1,49.11,49.09,49.1,2749.0
2018-01-24 14:40:00,49.095,49.11,49.09,49.11,2677.0
2018-01-24 14:41:00,49.105,49.11,49.09,49.1,4400.0
2018-01-24 14:42:00,49.1,49.11,49.09,49.1015,7499.0
2018-01-24 14:43:00,49.1,49.105,49.08,49.1,2885.0
2018-01-24 14:44:00,49.1,49.1,49.1,49.1,300.0
2018-01-24 14:45:00,49.11,49.11,49.1011,49.11,5387.0
2018-01-24 14:46:00,49.12,49.125,49.1,49.11,6913.0
2018-01-24 14:47:00,49.1,49.11,49.09,49.11,4087.0
2018-01-24 14:48:00,49.09,49.1,49.09,49.1,1000.0
2018-01-24 14:49:00,49.1,49.1,49.0942,49.0942,2885.0
2018-01-24 14:50:00,49.1,49.11,49.09,49.1,3213.0
2018-01-24 14:51:00,49.0934,49.1,49.09,49.1,1838.0
2018-01-24 14:52:00,49.0999,49.0999,49.0999,49.0999,209.0
2018-01-24 14:53:00,49.1,49.1,49.09,49.1,7025.0
2018-01-24 14:54:00,49.075,49.1,49.075,49.1,5000.0
2018-01-24 14:55:00,49.15,49.15,49.07,49.07,12030.0
2018-01-24 14:56:00,49.2,49.2,49.15,49.15,2700.0
2018-01-24 14:57:00,49.17,49.2,49.17,49.1926,3975.0
2018-01-24 14:58:00,49.18,49.19,49.175,49.18,3200.0
2018-01-24 14:59:00,49.16,49.17,49.16,49.17,2236.0
2018-01-24 15:00:00,49.17,49.18,49.16,49.16,4095.0
2018-01-24 15:01:00,49.16,49.16,49.15,49.16,3900.0
2018-01-24 15:02:00,49.14,49.15,49.135,49.15,5919.0
2018-01-24 15:03:00,49.15,49.15,49.13,49.135,4749.0
2018-01-24 15:04:00,49.135,49.15,49.135,49.15,3042.0
2018-01-24 15:05:00,49.115,49.13,49.11,49.13,3400.0
2018-01-24 15:06:00,49.145,49.145,49.115,49.12,6125.0
2018-01-24 15:07:00,49.145,49.16,49.145,49.15,5212.0
2018-01-24 15:08:00,49.12,49.1415,49.12,49.1415,2947.0
2018-01-24 15:09:00,49.13,49.13,49.12,49.12,3954.0
2018-01-24 15:10:00,49.11,49.13,49.11,49.13,5700.0
2018-01-24 15:11:00,49.12,49.12,49.12,49.12,2731.0
2018-01-24 15:12:00,49.115,49.12,49.11,49.11,1000.0
2018-01-24 15:13:00,49.13,49.13,49.115,49.12,5895.0
2018-01-24 15:14:00,49.16,49.16,49.1205,49.13,7397.0
2018-01-24 15:15:00,49.13,49.15,49.13,49.15,10014.0
2018-01-24 15:16:00,49.17,49.18,49.14,49.14,6626.0
2018-01-24 15:17:00,49.21,49.22,49.19,49.19,2804.0
2018-01-24 15:18:00,49.19,49.215,49.19,49.215,9016.0
2018-01-24 15:19:00,49.2,49.21,49.195,49.2,9235.0
2018-01-24 15:20:00,49.18,49.2,49.18,49.2,2005.0
2018-01-24 15:21:00,49.19,49.19,49.18,49.18,1608.0
2018-01-24 15:22:00,49.185,49.19,49.175,49.185,11169.0
2018-01-24 15:23:00,49.185,49.19,49.18,49.19,1100.0
2018-01-24 15:24:00,49.16,49.18,49.155,49.18,5557.0
2018-01-24 15:25:00,49.185,49.2,49.155,49.16,9407.0
2018-01-24 15:26:00,49.19,49.19,49.175,49.185,4356.0
2018-01-24 15:27:00,49.19,49.19,49.17,49.18,3269.0
2018-01-24 15:28:00,49.19,49.195,49.18,49.19,7850.0
2018-01-24 15:29:00,49.17,49.2,49.17,49.2,8809.0
2018-01-24 15:30:00,49.18,49.18,49.165,49.165,3980.0
2018-01-24 15:31:00,49.18,49.18,49.165,49.17,7817.0
2018-01-24 15:32:00,49.17,49.185,49.17,49.185,3237.0
2018-01-24 15:33:00,49.17,49.17,49.16,49.17,4014.0
2018-01-24 15:34:00,49.15,49.175,49.15,49.175,5542.0
2018-01-24 15:35:00,49.185,49.19,49.155,49.16,8689.0
2018-01-24 15:36:00,49.2,49.205,49.185,49.185,11044.0
2018-01-24 15:37:00,49.2,49.21,49.2,49.2,3400.0
2018-01-24 15:38:00,49.2,49.22,49.2,49.21,13203.0
2018-01-24 15:39:00,49.19,49.2,49.19,49.2,4008.0
2018-01-24 15:40:00,49.19,49.195,49.18,49.19,10167.0
2018-01-24 15:41:00,49.1888,49.19,49.18,49.19,3300.0
2018-01-24 15:42:00,49.19,49.19,49.18,49.185,1500.0
2018-01-24 15:43:00,49.17,49.19,49.17,49.185,11933.0
2018-01-24 15:44:00,49.18,49.185,49.165,49.17,15081.0
2018-01-24 15:45:00,49.165,49.19,49.16,49.18,19473.0
2018-01-24 15:46:00,49.2,49.2,49.16,49.17,17136.0
2018-01-24 15:47:00,49.24,49.24,49.19,49.19,9140.0
2018-01-24 15:48:00,49.23,49.24,49.22,49.23,12382.0
2018-01-24 15:49:00,49.21,49.23,49.21,49.2226,3546.0
2018-01-24 15:50:00,49.185,49.22,49.185,49.215,8168.0
2018-01-24 15:51:00,49.19,49.2,49.17,49.18,15434.0
2018-01-24 15:52:00,49.195,49.2,49.19,49.2,6570.0
2018-01-24 15:53:00,49.195,49.2,49.18,49.19,22286.0
2018-01-24 15:54:00,49.17,49.19,49.17,49.19,9439.0
2018-01-24 15:55:00,49.18,49.19,49.16,49.17,24428.0
2018-01-24 15:56:00,49.185,49.2,49.155,49.19,29704.0
2018-01-24 15:57:00,49.17,49.18,49.15,49.18,18188.0
2018-01-24 15:58:00,49.135,49.17,49.13,49.165,39273.0
2018-01-24 15:59:00,49.155,49.16,49.135,49.135,33467.0
2018-01-24 16:00:00,49.19,49.19,49.1,49.16,57571.0
2018-01-25 09:30:00,49.2,49.2,49.2,49.2,17874.0
2018-01-25 09:31:00,49.06,49.18,49.01,49.15,9850.0
2018-01-25 09:32:00,49.11,49.11,49.03,49.03,2692.0
2018-01-25 09:33:00,49.24,49.255,49.11,49.11,6900.0
2018-01-25 09:34:00,49.03,49.21,49.01,49.21,5609.0
2018-01-25 09:35:00,49.17,49.19,49.05,49.05,5740.0
2018-01-25 09:36:00,49.06,49.18,49.06,49.18,5380.0
2018-01-25 09:37:00,49.2399,49.25,49.06,49.08,3600.0
2018-01-25 09:38:00,49.21,49.25,49.2,49.24,5807.0
2018-01-25 09:39:00,49.24,49.25,49.18,49.21,3124.0
2018-01-25 09:40:00,49.23,49.23,49.18,49.23,3259.0
2018-01-25 09:41:00,49.24,49.28,49.235,49.235,1052.0
2018-01-25 09:42:00,49.18,49.23,49.18,49.23,2735.0
2018-01-25 09:43:00,49.14,49.18,49.13,49.18,1200.0
2018-01-25 09:44:00,49.17,49.1925,49.11,49.13,4250.0
2018-01-25 09:45:00,49.22,49.22,49.17,49.18,2935.0
2018-01-25 09:46:00,49.14,49.2,49.14,49.2,2000.0
2018-01-25 09:47:00,49.19,49.2,49.15,49.15,1929.0
2018-01-25 09:48:00,49.13,49.19,49.12,49.18,3356.0
2018-01-25 09:49:00,49.14,49.15,49.13,49.13,715.0
2018-01-25 09:50:00,49.2,49.22,49.16,49.16,1000.0
2018-01-25 09:51:00,49.2,49.21,49.2,49.2,1400.0
2018-01-25 09:52:00,49.19,49.2,49.17,49.2,5010.0
2018-01-25 09:53:00,49.21,49.22,49.21,49.21,650.0
2018-01-25 09:54:00,49.22,49.255,49.22,49.23,4000.0
2018-01-25 09:55:00,49.24,49.265,49.22,49.22,3834.0
2018-01-25 09:56:00,49.27,49.285,49.23,49.25,3150.0
2018-01-25 09:57:00,49.315,49.315,49.28,49.28,1745.0
2018-01-25 09:58:00,49.3,49.32,49.3,49.32,4682.0
2018-01-25 09:59:00,49.31,49.31,49.3,49.3,662.0
2018-01-25 10:00:00,49.33,49.33,49.31,49.31,2000.0
2018-01-25 10:01:00,49.34,49.35,49.29,49.32,5877.0
2018-01-25 10:02:00,49.37,49.375,49.33,49.34,4700.0
2018-01-25 10:03:00,49.32,49.39,49.29,49.36,3933.0
2018-01-25 10:04:00,49.395,49.4,49.31,49.32,3156.0
2018-01-25 10:05:00,49.34,49.395,49.325,49.39,5050.0
2018-01-25 10:06:00,49.39,49.4,49.33,49.33,2999.0
2018-01-25 10:08:00,49.36,49.39,49.35,49.39,1600.0
2018-01-25 10:09:00,49.38,49.38,49.36,49.36,5474.0
2018-01-25 10:10:00,49.35,49.39,49.35,49.39,1369.0
2018-01-25 10:11:00,49.3698,49.37,49.35,49.35,3533.0
2018-01-25 10:12:00,49.34,49.36,49.31,49.35,2948.0
2018-01-25 10:13:00,49.33,49.34,49.33,49.34,600.0
2018-01-25 10:14:00,49.32,49.34,49.32,49.34,3586.0
2018-01-25 10:15:00,49.36,49.36,49.33,49.33,1400.0
2018-01-25 10:16:00,49.4,49.41,49.37,49.37,3400.0
2018-01-25 10:17:00,49.37,49.4,49.36,49.4,2600.0
2018-01-25 10:18:00,49.37,49.375,49.37,49.37,1134.0
2018-01-25 10:19:00,49.33,49.36,49.33,49.36,4120.0
2018-01-25 10:20:00,49.33,49.34,49.32,49.32,2647.0
2018-01-25 10:21:00,49.23,49.34,49.23,49.34,5447.0
2018-01-25 10:22:00,49.26,49.26,49.24,49.25,3576.0
2018-01-25 10:23:00,49.27,49.2864,49.27,49.28,2739.0
2018-01-25 10:24:00,49.275,49.28,49.27,49.27,141200.0
2018-01-25 10:25:00,49.32,49.32,49.27,49.275,4722.0
2018-01-25 10:26:00,49.31,49.32,49.31,49.32,1620.0
2018-01-25 10:27:00,49.32,49.33,49.31,49.32,3117.0
2018-01-25 10:28:00,49.36,49.36,49.32,49.32,1500.0
2018-01-25 10:29:00,49.41,49.41,49.36,49.36,3399.0
2018-01-25 10:30:00,49.42,49.44,49.4,49.41,4113.0
2018-01-25 10:31:00,49.4583,49.4583,49.41,49.41,1828.0
2018-01-25 10:32:00,49.44,49.46,49.44,49.46,1300.0
2018-01-25 10:33:00,49.47,49.47,49.44,49.44,3061.0
2018-01-25 10:34:00,49.43,49.46,49.43,49.46,2134.0
2018-01-25 10:35:00,49.45,49.45,49.43,49.43,2108.0
2018-01-25 10:36:00,49.47,49.47,49.4555,49.4555,897.0
2018-01-25 10:37:00,49.51,49.53,49.48,49.48,7399.0
2018-01-25 10:38:00,49.525,49.525,49.52,49.525,800.0
2018-01-25 10:39:00,49.5,49.52,49.5,49.52,3003.0
2018-01-25 10:40:00,49.5,49.5,49.48,49.49,4400.0
2018-01-25 10:41:00,49.51,49.51,49.48,49.5,2605.0
2018-01-25 10:42:00,49.51,49.51,49.51,49.51,100.0
2018-01-25 10:43:00,49.48,49.51,49.48,49.51,2713.0
2018-01-25 10:44:00,49.49,49.49,49.49,49.49,825.0
2018-01-25 10:45:00,49.46,49.485,49.46,49.48,1800.0
2018-01-25 10:46:00,49.48,49.49,49.48,49.48,2300.0
2018-01-25 10:47:00,49.49,49.51,49.49,49.51,2852.0
2018-01-25 10:48:00,49.46,49.48,49.46,49.48,800.0
2018-01-25 10:49:00,49.44,49.465,49.44,49.465,1535.0
2018-01-25 10:50:00,49.5,49.5,49.45,49.46,2920.0
2018-01-25 10:51:00,49.49,49.5,49.49,49.495,482.0
2018-01-25 10:52:00,49.51,49.51,49.51,49.51,2100.0
2018-01-25 10:53:00,49.52,49.525,49.5,49.51,3744.0
2018-01-25 10:54:00,49.54,49.54,49.5353,49.5353,1225.0
2018-01-25 10:55:00,49.52,49.5301,49.52,49.53,9920.0
2018-01-25 10:56:00,49.5,49.53,49.5,49.53,2131.0
2018-01-25 10:57:00,49.47,49.5,49.46,49.5,4280.0
2018-01-25 10:58:00,49.47,49.48,49.46,49.46,1600.0
2018-01-25 10:59:00,49.485,49.485,49.4725,49.48,2517.0
2018-01-25 11:00:00,49.47,49.48,49.47,49.48,3239.0
2018-01-25 11:01:00,49.45,49.48,49.45,49.46,2505.0
2018-01-25 11:02:00,49.43,49.47,49.43,49.45,2800.0
2018-01-25 11:03:00,49.42,49.45,49.42,49.44,5589.0
2018-01-25 11:04:00,49.41,49.42,49.41,49.42,320.0
2018-01-25 11:05:00,49.42,49.425,49.42,49.42,2350.0
2018-01-25 11:06:00,49.41,49.43,49.41,49.43,3536.0
2018-01-25 11:07:00,49.42,49.43,49.41,49.415,2500.0
2018-01-25 11:08:00,49.42,49.425,49.42,49.425,1200.0
2018-01-25 11:09:00,49.43,49.43,49.41,49.42,1600.0
2018-01-25 11:10:00,49.4201,49.43,49.41,49.41,2983.0
2018-01-25 11:11:00,49.37,49.43,49.37,49.43,5851.0
2018-01-25 11:12:00,49.365,49.37,49.335,49.37,7534.0
2018-01-25 11:13:00,49.41,49.41,49.37,49.37,5400.0
2018-01-25 11:14:00,49.36,49.41,49.35,49.41,6454.0
2018-01-25 11:15:00,49.37,49.37,49.35,49.355,7400.0
2018-01-25 11:16:00,49.37,49.38,49.37,49.37,2800.0
2018-01-25 11:17:00,49.38,49.38,49.36,49.36,900.0
2018-01-25 11:18:00,49.375,49.38,49.375,49.38,400.0
2018-01-25 11:19:00,49.35,49.375,49.35,49.375,2800.0
2018-01-25 11:20:00,49.3494,49.4,49.335,49.35,45331.0
2018-01-25 11:21:00,49.28,49.36,49.28,49.36,10215.0
2018-01-25 11:22:00,49.32,49.32,49.27,49.28,5100.0
2018-01-25 11:23:00,49.36,49.36,49.315,49.315,2614.0
2018-01-25 11:24:00,49.4,49.4,49.36,49.36,1800.0
2018-01-25 11:25:00,49.37,49.39,49.355,49.38,3611.0
2018-01-25 11:26:00,49.3801,49.39,49.37,49.37,1899.0
2018-01-25 11:27:00,49.37,49.4,49.37,49.39,3700.0
2018-01-25 11:28:00,49.39,49.39,49.36,49.36,9951.0
2018-01-25 11:29:00,49.39,49.39,49.37,49.37,1400.0
2018-01-25 11:30:00,49.38,49.385,49.38,49.38,700.0
2018-01-25 11:31:00,49.42,49.42,49.39,49.39,3700.0
2018-01-25 11:32:00,49.44,49.44,49.42,49.43,3000.0
2018-01-25 11:34:00,49.42,49.445,49.42,49.44,2387.0
2018-01-25 11:35:00,49.43,49.4347,49.425,49.43,3865.0
2018-01-25 11:36:00,49.43,49.43,49.42,49.42,900.0
2018-01-25 11:37:00,49.46,49.46,49.42,49.43,3219.0
2018-01-25 11:38:00,49.46,49.49,49.46,49.47,4212.0
2018-01-25 11:39:00,49.4626,49.47,49.45,49.46,1091.0
2018-01-25 11:40:00,49.46,49.465,49.46,49.46,1039.0
2018-01-25 11:41:00,49.46,49.46,49.45,49.45,300.0
2018-01-25 11:42:00,49.45,49.455,49.45,49.455,300.0
2018-01-25 11:43:00,49.45,49.46,49.43,49.45,4186.0
2018-01-25 11:44:00,49.46,49.47,49.435,49.44,4686.0
2018-01-25 11:45:00,49.47,49.47,49.465,49.465,600.0
2018-01-25 11:46:00,49.47,49.48,49.47,49.47,2176.0
2018-01-25 11:47:00,49.46,49.47,49.46,49.47,2682.0
2018-01-25 11:48:00,49.45,49.465,49.45,49.465,2419.0
2018-01-25 11:49:00,49.37,49.44,49.34,49.44,7082.0
2018-01-25 11:50:00,49.41,49.43,49.35,49.36,3614.0
2018-01-25 11:51:00,49.37,49.41,49.37,49.41,3950.0
2018-01-25 11:52:00,49.3386,49.37,49.33,49.37,3854.0
2018-01-25 11:53:00,49.36,49.4,49.33,49.33,5733.0
2018-01-25 11:54:00,49.35,49.38,49.35,49.35,2114.0
2018-01-25 11:55:00,49.39,49.39,49.36,49.37,1200.0
2018-01-25 11:56:00,49.37,49.38,49.36,49.38,3002.0
2018-01-25 11:57:00,49.41,49.42,49.36,49.37,8027.0
2018-01-25 11:58:00,49.41,49.41,49.41,49.41,1200.0
2018-01-25 11:59:00,49.425,49.43,49.42,49.42,2000.0
2018-01-25 12:00:00,49.4,49.42,49.39,49.42,2320.0
2018-01-25 12:01:00,49.4,49.42,49.39,49.4,3001.0
2018-01-25 12:02:00,49.37,49.4028,49.35,49.4028,3600.0
2018-01-25 12:03:00,49.38,49.38,49.37,49.38,2620.0
2018-01-25 12:04:00,49.41,49.41,49.38,49.39,1300.0
2018-01-25 12:05:00,49.4203,49.425,49.41,49.41,1200.0
2018-01-25 12:06:00,49.46,49.47,49.44,49.44,3318.0
2018-01-25 12:07:00,49.47,49.47,49.46,49.46,700.0
2018-01-25 12:08:00,49.46,49.48,49.45,49.47,31801.0
2018-01-25 12:09:00,49.47,49.49,49.47,49.48,3582.0
2018-01-25 12:10:00,49.5,49.51,49.47,49.48,3400.0
2018-01-25 12:11:00,49.52,49.52,49.51,49.51,500.0
2018-01-25 12:12:00,49.56,49.56,49.52,49.52,1300.0
2018-01-25 12:13:00,49.53,49.56,49.52,49.56,4155.0
2018-01-25 12:14:00,49.52,49.52,49.51,49.52,1938.0
2018-01-25 12:15:00,49.515,49.53,49.51,49.51,2308.0
2018-01-25 12:16:00,49.53,49.53,49.515,49.52,2987.0
2018-01-25 12:17:00,49.525,49.53,49.5203,49.5203,1029.0
2018-01-25 12:18:00,49.53,49.53,49.52,49.53,1700.0
2018-01-25 12:19:00,49.51,49.54,49.51,49.521,5069.0
2018-01-25 12:20:00,49.5,49.51,49.5,49.5,1740.0
2018-01-25 12:21:00,49.49,49.49,49.49,49.49,400.0
2018-01-25 12:22:00,49.49,49.5,49.49,49.49,300.0
2018-01-25 12:23:00,49.52,49.52,49.49,49.49,3666.0
2018-01-25 12:24:00,49.53,49.53,49.51,49.51,2742.0
2018-01-25 12:25:00,49.531000000000006,49.54,49.525,49.53,1200.0
2018-01-25 12:26:00,49.52,49.535,49.52,49.53,1677.0
2018-01-25 12:27:00,49.525,49.53,49.525,49.525,300.0
2018-01-25 12:28:00,49.53,49.53,49.52,49.53,500.0
2018-01-25 12:29:00,49.525,49.53,49.52,49.525,400.0
2018-01-25 12:30:00,49.51,49.52,49.51,49.52,2992.0
2018-01-25 12:31:00,49.535,49.54,49.51,49.515,4532.0
2018-01-25 12:32:00,49.55,49.55,49.54,49.54,2122.0
2018-01-25 12:33:00,49.54,49.54,49.54,49.54,1616.0
2018-01-25 12:34:00,49.55,49.56,49.53,49.53,3761.0
2018-01-25 12:35:00,49.56,49.57,49.55,49.55,2621.0
2018-01-25 12:36:00,49.55,49.56,49.55,49.56,2400.0
2018-01-25 12:37:00,49.545,49.55,49.5448,49.55,305.0
2018-01-25 12:38:00,49.54,49.55,49.54,49.55,1300.0
2018-01-25 12:39:00,49.54,49.55,49.54,49.55,400.0
2018-01-25 12:40:00,49.54,49.54,49.53,49.54,3800.0
2018-01-25 12:41:00,49.535,49.54,49.525,49.54,2774.0
2018-01-25 12:42:00,49.51,49.53,49.51,49.53,2200.0
2018-01-25 12:43:00,49.525,49.53,49.52,49.52,1777.0
2018-01-25 12:44:00,49.48,49.5213,49.48,49.521,11900.0
2018-01-25 12:45:00,49.5,49.5,49.49,49.49,760.0
2018-01-25 12:46:00,49.495,49.5,49.49,49.5,500.0
2018-01-25 12:47:00,49.5,49.505,49.495,49.5,2800.0
2018-01-25 12:48:00,49.51,49.51,49.5,49.5,2504.0
2018-01-25 12:49:00,49.51,49.51,49.51,49.51,100.0
2018-01-25 12:50:00,49.485,49.505,49.485,49.505,2538.0
2018-01-25 12:51:00,49.48,49.48,49.48,49.48,300.0
2018-01-25 12:52:00,49.45,49.48,49.45,49.48,4160.0
2018-01-25 12:53:00,49.46,49.47,49.45,49.45,3200.0
2018-01-25 12:54:00,49.4399,49.46,49.425,49.46,3357.0
2018-01-25 12:55:00,49.44,49.45,49.44,49.45,1839.0
2018-01-25 12:56:00,49.45,49.45,49.43,49.44,5300.0
2018-01-25 12:57:00,49.45,49.455,49.44,49.44,2500.0
2018-01-25 12:58:00,49.46,49.46,49.46,49.46,800.0
2018-01-25 12:59:00,49.465,49.465,49.46,49.46,300.0
2018-01-25 13:00:00,49.46,49.465,49.46,49.465,200.0
2018-01-25 13:01:00,49.48,49.48,49.46,49.465,4781.0
2018-01-25 13:02:00,49.47,49.47,49.47,49.47,621.0
2018-01-25 13:03:00,49.49,49.5,49.47,49.48,3000.0
2018-01-25 13:04:00,49.49,49.5,49.48,49.5,2199.0
2018-01-25 13:05:00,49.4948,49.495,49.49,49.49,1812.0
2018-01-25 13:06:00,49.51,49.51,49.495,49.5,2300.0
2018-01-25 13:07:00,49.52,49.525,49.52,49.52,2100.0
2018-01-25 13:08:00,49.5,49.515,49.5,49.515,3204.0
2018-01-25 13:09:00,49.5,49.51,49.5,49.5,2366.0
2018-01-25 13:10:00,49.5,49.51,49.5,49.51,300.0
2018-01-25 13:11:00,49.5,49.51,49.5,49.51,400.0
2018-01-25 13:12:00,49.5,49.5,49.5,49.5,400.0
2018-01-25 13:13:00,49.51,49.515,49.505,49.51,2800.0
2018-01-25 13:14:00,49.5,49.5,49.5,49.5,2324.0
2018-01-25 13:15:00,49.5,49.5,49.5,49.5,100.0
2018-01-25 13:16:00,49.505,49.505,49.5,49.505,500.0
2018-01-25 13:17:00,49.505,49.51,49.49,49.5055,4591.0
2018-01-25 13:18:00,49.535,49.54,49.51,49.51,1500.0
2018-01-25 13:19:00,49.515,49.54,49.515,49.535,6158.0
2018-01-25 13:20:00,49.515,49.515,49.515,49.515,150.0
2018-01-25 13:21:00,49.51,49.52,49.51,49.52,1081.0
2018-01-25 13:22:00,49.51,49.515,49.51,49.51,300.0
2018-01-25 13:23:00,49.5,49.515,49.5,49.515,2200.0
2018-01-25 13:24:00,49.51,49.51,49.5,49.5,1160.0
2018-01-25 13:25:00,49.51,49.51,49.5,49.5,700.0
2018-01-25 13:26:00,49.51,49.51,49.5,49.5,200.0
2018-01-25 13:27:00,49.48,49.505,49.48,49.505,3463.0
2018-01-25 13:28:00,49.485,49.49,49.485,49.49,1966.0
2018-01-25 13:29:00,49.47,49.48,49.47,49.48,1300.0
2018-01-25 13:30:00,49.47,49.48,49.47,49.48,400.0
2018-01-25 13:31:00,49.47,49.48,49.47,49.48,300.0
2018-01-25 13:32:00,49.475,49.485,49.47,49.48,3256.0
2018-01-25 13:33:00,49.47,49.475,49.47,49.47,2035.0
2018-01-25 13:34:00,49.49,49.49,49.47,49.47,5000.0
2018-01-25 13:35:00,49.495,49.5,49.49,49.5,300.0
2018-01-25 13:36:00,49.49,49.5,49.49,49.5,500.0
2018-01-25 13:37:00,49.49,49.49,49.48,49.49,4100.0
2018-01-25 13:38:00,49.47,49.49,49.47,49.49,2400.0
2018-01-25 13:40:00,49.48,49.48,49.48,49.48,1200.0
2018-01-25 13:41:00,49.48,49.48,49.48,49.48,200.0
2018-01-25 13:42:00,49.49,49.49,49.475,49.48,1000.0
2018-01-25 13:43:00,49.49,49.495,49.485,49.49,2906.0
2018-01-25 13:44:00,49.515,49.52,49.5,49.5,2300.0
2018-01-25 13:45:00,49.51,49.515,49.51,49.51,700.0
2018-01-25 13:46:00,49.52,49.52,49.51,49.515,1200.0
2018-01-25 13:47:00,49.52,49.52,49.51,49.52,720.0
2018-01-25 13:48:00,49.52,49.52,49.52,49.52,200.0
2018-01-25 13:49:00,49.49,49.515,49.49,49.51,5533.0
2018-01-25 13:50:00,49.47,49.48,49.47,49.48,1631.0
2018-01-25 13:51:00,49.47,49.4736,49.47,49.47,2431.0
2018-01-25 13:52:00,49.49,49.49,49.47,49.47,4635.0
2018-01-25 13:53:00,49.49,49.5,49.49,49.49,800.0
2018-01-25 13:54:00,49.47,49.48,49.47,49.48,2148.0
2018-01-25 13:55:00,49.43,49.46,49.43,49.46,5216.0
2018-01-25 13:56:00,49.42,49.43,49.42,49.43,2495.0
2018-01-25 13:57:00,49.42,49.42,49.42,49.42,1100.0
2018-01-25 13:58:00,49.4,49.43,49.4,49.43,3600.0
2018-01-25 13:59:00,49.41,49.41,49.4,49.4,1600.0
2018-01-25 14:00:00,49.39,49.41,49.39,49.41,3900.0
2018-01-25 14:01:00,49.39,49.4,49.39,49.4,2180.0
2018-01-25 14:02:00,49.42,49.43,49.39,49.39,3800.0
2018-01-25 14:03:00,49.44,49.45,49.43,49.43,3200.0
2018-01-25 14:04:00,49.43,49.44,49.43,49.44,4295.0
2018-01-25 14:05:00,49.42,49.43,49.42,49.43,1813.0
2018-01-25 14:06:00,49.4,49.415,49.4,49.415,2456.0
2018-01-25 14:07:00,49.395,49.41,49.39,49.41,3771.0
2018-01-25 14:08:00,49.4,49.4,49.39,49.39,1301.0
2018-01-25 14:09:00,49.39,49.39,49.38,49.39,1100.0
2018-01-25 14:10:00,49.39,49.39,49.39,49.39,2860.0
2018-01-25 14:11:00,49.37,49.39,49.37,49.39,2590.0
2018-01-25 14:12:00,49.375,49.375,49.35,49.3699,4283.0
2018-01-25 14:13:00,49.36,49.37,49.36,49.37,600.0
2018-01-25 14:14:00,49.34,49.36,49.31,49.36,4615.0
2018-01-25 14:15:00,49.37,49.37,49.335,49.34,3130.0
2018-01-25 14:16:00,49.36,49.37,49.34,49.37,1949.0
2018-01-25 14:17:00,49.37,49.38,49.35,49.361000000000004,4372.0
2018-01-25 14:18:00,49.36,49.37,49.36,49.37,1909.0
2018-01-25 14:19:00,49.37,49.38,49.37,49.37,1900.0
2018-01-25 14:20:00,49.37,49.37,49.37,49.37,600.0
2018-01-25 14:21:00,49.38,49.4,49.375,49.375,5252.0
2018-01-25 14:22:00,49.41,49.41,49.38,49.38,2736.0
2018-01-25 14:23:00,49.4,49.41,49.4,49.41,2310.0
2018-01-25 14:24:00,49.39,49.4,49.39,49.4,3277.0
2018-01-25 14:25:00,49.37,49.38,49.37,49.38,1890.0
2018-01-25 14:26:00,49.36,49.36,49.35,49.35,2499.0
2018-01-25 14:27:00,49.36,49.38,49.36,49.37,3621.0
2018-01-25 14:28:00,49.36,49.36,49.36,49.36,784.0
2018-01-25 14:29:00,49.35,49.37,49.35,49.365,3500.0
2018-01-25 14:30:00,49.36,49.36,49.35,49.35,3700.0
2018-01-25 14:31:00,49.37,49.39,49.365,49.37,6719.0
2018-01-25 14:32:00,49.35,49.369,49.35,49.369,3505.0
2018-01-25 14:33:00,49.35,49.36,49.35,49.35,952.0
2018-01-25 14:34:00,49.35,49.355,49.34,49.35,3853.0
2018-01-25 14:35:00,49.34,49.34,49.34,49.34,2000.0
2018-01-25 14:36:00,49.31,49.33,49.31,49.33,4380.0
2018-01-25 14:37:00,49.31,49.31,49.31,49.31,500.0
2018-01-25 14:38:00,49.29,49.31,49.29,49.31,13094.0
2018-01-25 14:39:00,49.27,49.3,49.27,49.29,7221.0
2018-01-25 14:40:00,49.3,49.375,49.26,49.26,43618.0
2018-01-25 14:41:00,49.28,49.31,49.28,49.3,4003.0
2018-01-25 14:43:00,49.26,49.28,49.26,49.28,1993.0
2018-01-25 14:44:00,49.29,49.29,49.26,49.27,3300.0
2018-01-25 14:45:00,49.29,49.3,49.2801,49.3,3297.0
2018-01-25 14:46:00,49.23,49.29,49.23,49.29,17090.0
2018-01-25 14:47:00,49.225,49.23,49.22,49.23,2700.0
2018-01-25 14:48:00,49.2,49.225,49.19,49.22,2956.0
2018-01-25 14:49:00,49.215,49.22,49.2,49.21,3000.0
2018-01-25 14:50:00,49.24,49.24,49.215,49.215,5482.0
2018-01-25 14:51:00,49.23,49.24,49.23,49.23,5387.0
2018-01-25 14:52:00,49.22,49.23,49.19,49.23,3864.0
2018-01-25 14:53:00,49.21,49.22,49.21,49.22,300.0
2018-01-25 14:54:00,49.19,49.21,49.19,49.21,2700.0
2018-01-25 14:55:00,49.23,49.23,49.19,49.19,3937.0
2018-01-25 14:56:00,49.235,49.235,49.22,49.23,4109.0
2018-01-25 14:57:00,49.23,49.25,49.23,49.24,11277.0
2018-01-25 14:58:00,49.23,49.23,49.21,49.22,4590.0
2018-01-25 14:59:00,49.23,49.23,49.21,49.22,1182.0
2018-01-25 15:00:00,49.23,49.24,49.23,49.23,3483.0
2018-01-25 15:01:00,49.22,49.235,49.22,49.23,2500.0
2018-01-25 15:02:00,49.22,49.23,49.21,49.21,3269.0
2018-01-25 15:03:00,49.2075,49.2101,49.2,49.21,5330.0
2018-01-25 15:04:00,49.24,49.24,49.205,49.21,6524.0
2018-01-25 15:05:00,49.225,49.23,49.225,49.23,1921.0
2018-01-25 15:06:00,49.23,49.24,49.225,49.23,4128.0
2018-01-25 15:07:00,49.23,49.245,49.23,49.24,6861.0
2018-01-25 15:08:00,49.22,49.24,49.22,49.23,28445.0
2018-01-25 15:09:00,49.22,49.229,49.22,49.229,1200.0
2018-01-25 15:10:00,49.22,49.23,49.22,49.22,6263.0
2018-01-25 15:11:00,49.23,49.24,49.22,49.22,3015.0
2018-01-25 15:12:00,49.21,49.2353,49.21,49.2353,6129.0
2018-01-25 15:13:00,49.22,49.23,49.2,49.2,5180.0
2018-01-25 15:14:00,49.235,49.24,49.225,49.23,10705.0
2018-01-25 15:15:00,49.22,49.23,49.22,49.23,3948.0
2018-01-25 15:16:00,49.22,49.23,49.22,49.23,500.0
2018-01-25 15:17:00,49.22,49.23,49.22,49.225,800.0
2018-01-25 15:18:00,49.205,49.23,49.205,49.225,5510.0
2018-01-25 15:19:00,49.23,49.23,49.205,49.21,6985.0
2018-01-25 15:20:00,49.23,49.23,49.22,49.23,1371.0
2018-01-25 15:21:00,49.24,49.24,49.23,49.23,8451.0
2018-01-25 15:22:00,49.22,49.235,49.22,49.23,2925.0
2018-01-25 15:23:00,49.21,49.22,49.205,49.22,5255.0
2018-01-25 15:24:00,49.21,49.21,49.21,49.21,300.0
2018-01-25 15:25:00,49.23,49.23,49.215,49.22,3200.0
2018-01-25 15:26:00,49.22,49.23,49.22,49.23,5861.0
2018-01-25 15:27:00,49.24,49.24,49.22,49.225,6727.0
2018-01-25 15:28:00,49.24,49.24,49.23,49.23,3027.0
2018-01-25 15:29:00,49.23,49.24,49.23,49.24,6045.0
2018-01-25 15:30:00,49.24,49.24,49.23,49.23,8935.0
2018-01-25 15:31:00,49.23,49.235,49.2,49.235,27392.0
2018-01-25 15:32:00,49.24,49.25,49.22,49.22,4197.0
2018-01-25 15:33:00,49.22,49.23,49.21,49.23,7062.0
2018-01-25 15:34:00,49.28,49.28,49.21,49.21,7469.0
2018-01-25 15:35:00,49.25,49.27,49.24,49.27,8178.0
2018-01-25 15:36:00,49.22,49.25,49.21,49.25,6981.0
2018-01-25 15:37:00,49.2,49.22,49.2,49.22,5762.0
2018-01-25 15:38:00,49.22,49.23,49.195,49.195,10490.0
2018-01-25 15:39:00,49.245,49.25,49.21,49.22,8616.0
2018-01-25 15:40:00,49.275,49.28,49.25,49.25,2070.0
2018-01-25 15:41:00,49.255,49.27,49.25,49.27,4475.0
2018-01-25 15:42:00,49.29,49.32,49.25,49.25,10232.0
2018-01-25 15:43:00,49.295,49.295,49.27,49.29,6089.0
2018-01-25 15:44:00,49.3,49.31,49.29,49.29,4493.0
2018-01-25 15:45:00,49.31,49.31,49.275,49.29,17911.0
2018-01-25 15:46:00,49.325,49.325,49.29,49.31,7696.0
2018-01-25 15:47:00,49.3,49.33,49.295,49.32,11087.0
2018-01-25 15:48:00,49.29,49.3,49.29,49.295,2060.0
2018-01-25 15:49:00,49.265,49.29,49.26,49.29,12272.0
2018-01-25 15:50:00,49.26,49.27,49.26,49.265,3038.0
2018-01-25 15:51:00,49.26,49.29,49.26,49.27,13710.0
2018-01-25 15:52:00,49.27,49.285,49.25,49.26,34954.0
2018-01-25 15:53:00,49.28,49.28,49.265,49.265,5628.0
2018-01-25 15:54:00,49.285,49.29,49.28,49.29,1600.0
2018-01-25 15:55:00,49.28,49.29,49.28,49.29,3600.0
2018-01-25 15:56:00,49.29,49.29,49.27,49.285,16345.0
2018-01-25 15:57:00,49.28,49.295,49.28,49.285,10427.0
2018-01-25 15:58:00,49.285,49.295,49.28,49.285,10316.0
2018-01-25 15:59:00,49.29,49.3,49.28,49.29,15128.0
2018-01-25 16:00:00,49.28,49.34,49.28,49.28,45965.0
2018-01-26 09:30:00,49.07,49.13,49.07,49.07,21911.0
2018-01-26 09:31:00,48.98,49.05,48.88,49.05,6059.0
2018-01-26 09:32:00,48.95,49.02,48.95,48.98,1100.0
2018-01-26 09:33:00,48.97,48.97,48.93,48.94,900.0
2018-01-26 09:34:00,48.89,48.94,48.81,48.94,4322.0
2018-01-26 09:35:00,48.86,48.93,48.85,48.92,3960.0
2018-01-26 09:36:00,48.92,48.99,48.88,48.88,3800.0
2018-01-26 09:37:00,48.85,48.94,48.84,48.91,6231.0
2018-01-26 09:38:00,48.85,48.9,48.85,48.88,1100.0
2018-01-26 09:39:00,48.9,48.91,48.87,48.89,2600.0
2018-01-26 09:40:00,48.88,48.9,48.845,48.89,5135.0
2018-01-26 09:41:00,48.86,48.93,48.83,48.88,19983.0
2018-01-26 09:42:00,48.86,48.87,48.84,48.86,4600.0
2018-01-26 09:43:00,48.86,48.87,48.85,48.865,6272.0
2018-01-26 09:44:00,48.86,48.87,48.83,48.85,5289.0
2018-01-26 09:45:00,48.81,48.855,48.81,48.855,501.0
2018-01-26 09:46:00,48.79,48.81,48.71,48.8,10910.0
2018-01-26 09:47:00,48.82,48.8325,48.74,48.76,5501.0
2018-01-26 09:48:00,48.77,48.82,48.77,48.82,3523.0
2018-01-26 09:49:00,48.77,48.77,48.76,48.77,799.0
2018-01-26 09:50:00,48.78,48.79,48.76,48.77,4635.0
2018-01-26 09:51:00,48.82,48.82,48.76,48.79,13598.0
2018-01-26 09:52:00,48.805,48.825,48.8,48.825,1609.0
2018-01-26 09:53:00,48.85,48.865,48.805,48.81,16728.0
2018-01-26 09:54:00,48.85,48.85,48.845,48.85,6159.0
2018-01-26 09:55:00,48.84,48.85,48.825,48.85,7341.0
2018-01-26 09:56:00,48.835,48.85,48.83,48.8376,10010.0
2018-01-26 09:57:00,48.78,48.82,48.76,48.82,8567.0
2018-01-26 09:58:00,48.72,48.77,48.72,48.77,3965.0
2018-01-26 09:59:00,48.72,48.745,48.7,48.71,3016.0
2018-01-26 10:00:00,48.68,48.71,48.68,48.71,800.0
2018-01-26 10:01:00,48.74,48.77,48.7,48.7,7248.0
2018-01-26 10:02:00,48.73,48.81,48.73,48.75,5236.0
2018-01-26 10:03:00,48.733999999999995,48.76,48.73,48.73,4271.0
2018-01-26 10:04:00,48.76,48.76,48.73,48.75,3184.0
2018-01-26 10:05:00,48.72,48.77,48.72,48.74,2063.0
2018-01-26 10:06:00,48.72,48.72,48.72,48.72,300.0
2018-01-26 10:07:00,48.75,48.75,48.71,48.71,3667.0
2018-01-26 10:08:00,48.7697,48.78,48.74,48.75,3450.0
2018-01-26 10:09:00,48.79,48.79,48.75,48.76,6494.0
2018-01-26 10:10:00,48.8,48.8,48.78,48.78,800.0
2018-01-26 10:11:00,48.795,48.8,48.775,48.79,7349.0
2018-01-26 10:12:00,48.82,48.82,48.795,48.8,7100.0
2018-01-26 10:13:00,48.755,48.81,48.755,48.81,5376.0
2018-01-26 10:14:00,48.8,48.81,48.76,48.76,4330.0
2018-01-26 10:15:00,48.795,48.82,48.79,48.8,10918.0
2018-01-26 10:16:00,48.8,48.81,48.795,48.8,3288.0
2018-01-26 10:17:00,48.79,48.795,48.785,48.795,1436.0
2018-01-26 10:18:00,48.81,48.81,48.78,48.79,900.0
2018-01-26 10:19:00,48.84,48.84,48.79,48.8,3808.0
2018-01-26 10:20:00,48.84,48.84,48.82,48.8392,3761.0
2018-01-26 10:21:00,48.8421,48.85,48.83,48.83,3981.0
2018-01-26 10:22:00,48.82,48.85,48.82,48.85,3120.0
2018-01-26 10:23:00,48.83,48.83,48.81,48.81,2361.0
2018-01-26 10:24:00,48.84,48.85,48.81,48.82,7674.0
2018-01-26 10:25:00,48.83,48.85,48.83,48.84,2517.0
2018-01-26 10:26:00,48.83,48.84,48.83,48.83,2875.0
2018-01-26 10:27:00,48.88,48.88,48.84,48.84,3092.0
2018-01-26 10:28:00,48.89,48.89,48.86,48.87,5246.0
2018-01-26 10:29:00,48.86,48.885,48.86,48.88,7090.0
2018-01-26 10:30:00,48.84,48.865,48.84,48.865,2720.0
2018-01-26 10:31:00,48.85,48.85,48.84,48.85,6626.0
2018-01-26 10:32:00,48.8,48.84,48.79,48.84,4834.0
2018-01-26 10:33:00,48.78,48.8,48.76,48.79,4433.0
2018-01-26 10:34:00,48.77,48.78,48.77,48.77,2352.0
2018-01-26 10:35:00,48.75,48.78,48.75,48.78,2800.0
2018-01-26 10:36:00,48.73,48.7495,48.73,48.7495,2142.0
2018-01-26 10:37:00,48.73,48.75,48.73,48.74,3200.0
2018-01-26 10:38:00,48.73,48.735,48.73,48.735,451.0
2018-01-26 10:39:00,48.76,48.76,48.735,48.735,2928.0
2018-01-26 10:40:00,48.74,48.77,48.73,48.77,32105.0
2018-01-26 10:41:00,48.75,48.76,48.74,48.74,5857.0
2018-01-26 10:42:00,48.8,48.8,48.74,48.745,14961.0
2018-01-26 10:43:00,48.81,48.83,48.79,48.8,4521.0
2018-01-26 10:44:00,48.8,48.84,48.8,48.83,5500.0
2018-01-26 10:45:00,48.79,48.8,48.77,48.8,9802.0
2018-01-26 10:46:00,48.785,48.79,48.78,48.78,300.0
2018-01-26 10:47:00,48.78,48.8,48.77,48.78,7236.0
2018-01-26 10:48:00,48.75,48.78,48.75,48.78,2900.0
2018-01-26 10:49:00,48.79,48.79,48.75,48.76,3367.0
2018-01-26 10:50:00,48.7805,48.79,48.78,48.785,1752.0
2018-01-26 10:51:00,48.79,48.8,48.78,48.79,3531.0
2018-01-26 10:52:00,48.8,48.8,48.79,48.79,1128.0
2018-01-26 10:53:00,48.79,48.8,48.77,48.8,11675.0
2018-01-26 10:54:00,48.79,48.79,48.78,48.79,16040.0
2018-01-26 10:55:00,48.78,48.78,48.78,48.78,2500.0
2018-01-26 10:56:00,48.77,48.785,48.77,48.78,1600.0
2018-01-26 10:57:00,48.78,48.79,48.775,48.775,2825.0
2018-01-26 10:58:00,48.78,48.78,48.77,48.77,500.0
2018-01-26 10:59:00,48.78,48.78,48.78,48.78,600.0
2018-01-26 11:00:00,48.78,48.7852,48.78,48.78,976.0
2018-01-26 11:01:00,48.785,48.79,48.78,48.78,2400.0
2018-01-26 11:02:00,48.77,48.785,48.765,48.78,6801.0
2018-01-26 11:03:00,48.785,48.79,48.765,48.77,2292.0
2018-01-26 11:04:00,48.77,48.78,48.77,48.78,2000.0
2018-01-26 11:05:00,48.785,48.785,48.775,48.78,4259.0
2018-01-26 11:06:00,48.79,48.79,48.775,48.78,2746.0
2018-01-26 11:07:00,48.785,48.79,48.785,48.79,12326.0
2018-01-26 11:08:00,48.82,48.865,48.78,48.7809,32024.0
2018-01-26 11:09:00,48.82,48.83,48.8102,48.82,1800.0
2018-01-26 11:10:00,48.85,48.85,48.81,48.81,5171.0
2018-01-26 11:11:00,48.85,48.85,48.84,48.85,400.0
2018-01-26 11:12:00,48.835,48.85,48.83,48.841,4400.0
2018-01-26 11:13:00,48.835,48.835,48.835,48.835,100.0
2018-01-26 11:14:00,48.82,48.84,48.81,48.83,5091.0
2018-01-26 11:15:00,48.8252,48.83,48.81,48.81,1516.0
2018-01-26 11:16:00,48.81,48.82,48.8,48.82,4564.0
2018-01-26 11:17:00,48.8,48.825,48.8,48.82,6647.0
2018-01-26 11:18:00,48.81,48.81,48.8,48.81,1188.0
2018-01-26 11:19:00,48.84,48.84,48.81,48.81,1430.0
2018-01-26 11:20:00,48.875,48.88,48.835,48.835,4929.0
2018-01-26 11:21:00,48.87,48.88,48.86,48.88,3707.0
2018-01-26 11:22:00,48.88,48.89,48.88,48.88,2205.0
2018-01-26 11:23:00,48.8675,48.8751,48.8675,48.8751,1422.0
2018-01-26 11:24:00,48.865,48.865,48.86,48.86,300.0
2018-01-26 11:25:00,48.86,48.86,48.86,48.86,620.0
2018-01-26 11:26:00,48.84,48.845,48.84,48.845,300.0
2018-01-26 11:27:00,48.84,48.85,48.84,48.85,900.0
2018-01-26 11:28:00,48.85,48.85,48.84,48.84,404.0
2018-01-26 11:29:00,48.84,48.85,48.84,48.84,1040.0
2018-01-26 11:30:00,48.87,48.88,48.845,48.845,8300.0
2018-01-26 11:31:00,48.87,48.89,48.87,48.875,5266.0
2018-01-26 11:32:00,48.87,48.875,48.87,48.8701,2705.0
2018-01-26 11:33:00,48.8686,48.8686,48.865,48.865,302.0
2018-01-26 11:34:00,48.85,48.8664,48.85,48.8664,2097.0
2018-01-26 11:35:00,48.865,48.88,48.85,48.86,5516.0
2018-01-26 11:36:00,48.855,48.87,48.855,48.865,1200.0
2018-01-26 11:37:00,48.845,48.86,48.845,48.8548,2284.0
2018-01-26 11:38:00,48.855,48.87,48.85,48.85,3800.0
2018-01-26 11:39:00,48.82,48.85,48.82,48.85,4676.0
2018-01-26 11:40:00,48.83,48.83,48.82,48.82,400.0
2018-01-26 11:41:00,48.89,48.89,48.815,48.82,8264.0
2018-01-26 11:42:00,48.9,48.91,48.89,48.89,2727.0
2018-01-26 11:43:00,48.87,48.9,48.87,48.9,3287.0
2018-01-26 11:45:00,48.88,48.89,48.87,48.87,3879.0
2018-01-26 11:47:00,48.88,48.89,48.88,48.88,2107.0
2018-01-26 11:48:00,48.87,48.8701,48.87,48.87,2900.0
2018-01-26 11:49:00,48.8742,48.8742,48.87,48.87,500.0
2018-01-26 11:50:00,48.86,48.875,48.86,48.875,2306.0
2018-01-26 11:51:00,48.85,48.865,48.84,48.865,4468.0
2018-01-26 11:52:00,48.8475,48.85,48.84,48.84,2368.0
2018-01-26 11:53:00,48.845,48.85,48.84,48.845,900.0
2018-01-26 11:54:00,48.84,48.85,48.835,48.845,5152.0
2018-01-26 11:55:00,48.835,48.85,48.835,48.845,1520.0
2018-01-26 11:56:00,48.84,48.84,48.83,48.83,1700.0
2018-01-26 11:57:00,48.83,48.84,48.83,48.84,1100.0
2018-01-26 11:58:00,48.815,48.84,48.81,48.83,8615.0
2018-01-26 11:59:00,48.82,48.83,48.815,48.82,2000.0
2018-01-26 12:00:00,48.81,48.825,48.81,48.82,3020.0
2018-01-26 12:01:00,48.805,48.81,48.8,48.8,1400.0
2018-01-26 12:02:00,48.78,48.8,48.78,48.8,2940.0
2018-01-26 12:03:00,48.74,48.785,48.74,48.775,8324.0
2018-01-26 12:04:00,48.745,48.745,48.73,48.73,200.0
2018-01-26 12:05:00,48.74,48.76,48.74,48.745,7289.0
2018-01-26 12:06:00,48.74,48.74,48.73,48.74,1300.0
2018-01-26 12:07:00,48.73,48.74,48.73,48.73,1332.0
2018-01-26 12:08:00,48.75,48.75,48.735,48.735,2600.0
2018-01-26 12:09:00,48.74,48.75,48.74,48.75,700.0
2018-01-26 12:10:00,48.745,48.75,48.74,48.74,460.0
2018-01-26 12:11:00,48.745,48.75,48.74,48.74,300.0
2018-01-26 12:12:00,48.75,48.75,48.745,48.745,700.0
2018-01-26 12:13:00,48.74,48.75,48.735,48.74,3632.0
2018-01-26 12:14:00,48.7551,48.76,48.75,48.75,4006.0
2018-01-26 12:15:00,48.75,48.76,48.75,48.76,1900.0
2018-01-26 12:16:00,48.81,48.81,48.75,48.7586,12257.0
2018-01-26 12:17:00,48.8,48.805,48.8,48.8,1451.0
2018-01-26 12:18:00,48.8,48.81,48.79,48.795,13006.0
2018-01-26 12:19:00,48.805,48.805,48.792,48.8,1112.0
2018-01-26 12:20:00,48.825,48.825,48.8,48.8,1100.0
2018-01-26 12:21:00,48.83,48.83,48.82,48.83,2460.0
2018-01-26 12:22:00,48.8,48.82,48.8,48.82,5500.0
2018-01-26 12:23:00,48.8,48.8,48.8,48.8,1300.0
2018-01-26 12:24:00,48.75,48.79,48.75,48.79,4100.0
2018-01-26 12:25:00,48.75,48.765,48.75,48.765,1200.0
2018-01-26 12:26:00,48.75,48.755,48.75,48.755,300.0
2018-01-26 12:27:00,48.755,48.755,48.755,48.755,200.0
2018-01-26 12:28:00,48.77,48.77,48.755,48.755,5190.0
2018-01-26 12:29:00,48.77,48.78,48.76,48.77,4925.0
2018-01-26 12:30:00,48.8048,48.81,48.76,48.77,21929.0
2018-01-26 12:31:00,48.8,48.805,48.8,48.8,300.0
2018-01-26 12:32:00,48.79,48.81,48.79,48.8,3538.0
2018-01-26 12:33:00,48.805,48.81,48.79,48.79,6080.0
2018-01-26 12:34:00,48.8,48.805,48.8,48.805,400.0
2018-01-26 12:35:00,48.801,48.801,48.8,48.8,300.0
2018-01-26 12:36:00,48.81,48.81,48.8,48.8,600.0
2018-01-26 12:37:00,48.805,48.805,48.8,48.8,3116.0
2018-01-26 12:38:00,48.81,48.82,48.8,48.8,2401.0
2018-01-26 12:39:00,48.815,48.815,48.81,48.81,400.0
2018-01-26 12:40:00,48.82,48.82,48.81,48.815,400.0
2018-01-26 12:41:00,48.82,48.83,48.815,48.815,3670.0
2018-01-26 12:42:00,48.84,48.86,48.83,48.83,8425.0
2018-01-26 12:43:00,48.85,48.85,48.84,48.84,800.0
2018-01-26 12:44:00,48.86,48.86,48.84,48.85,4500.0
2018-01-26 12:45:00,48.855,48.855,48.85,48.855,908.0
2018-01-26 12:46:00,48.855,48.86,48.85,48.86,800.0
2018-01-26 12:47:00,48.875,48.88,48.855,48.855,3500.0
2018-01-26 12:48:00,48.8857,48.8857,48.875,48.88,2831.0
2018-01-26 12:49:00,48.865,48.885,48.865,48.885,4314.0
2018-01-26 12:50:00,48.88,48.88,48.86,48.86,1500.0
2018-01-26 12:51:00,48.88,48.89,48.88,48.89,2700.0
2018-01-26 12:52:00,48.88,48.89,48.88,48.88,300.0
2018-01-26 12:54:00,48.88,48.88,48.88,48.88,400.0
2018-01-26 12:55:00,48.91,48.91,48.885,48.89,5843.0
2018-01-26 12:56:00,48.91,48.92,48.9,48.91,7314.0
2018-01-26 12:57:00,48.93,48.93,48.915,48.92,1380.0
2018-01-26 12:58:00,48.925,48.93,48.92,48.925,1508.0
2018-01-26 12:59:00,48.925,48.93,48.92,48.925,2209.0
2018-01-26 13:00:00,48.925,48.93,48.92,48.93,954.0
2018-01-26 13:01:00,48.92,48.925,48.91,48.92,3937.0
2018-01-26 13:02:00,48.92,48.925,48.92,48.925,500.0
2018-01-26 13:03:00,48.92,48.925,48.92,48.92,300.0
2018-01-26 13:04:00,48.92,48.92,48.92,48.92,500.0
2018-01-26 13:05:00,48.925,48.93,48.92,48.92,1006.0
2018-01-26 13:06:00,48.935,48.945,48.92,48.92,6312.0
2018-01-26 13:08:00,48.9301,48.9375,48.93,48.93,1000.0
2018-01-26 13:09:00,48.935,48.935,48.93,48.93,334.0
2018-01-26 13:10:00,48.94,48.94,48.94,48.94,300.0
2018-01-26 13:11:00,48.935,48.94,48.93,48.935,700.0
2018-01-26 13:12:00,48.935,48.935,48.93,48.93,1074.0
2018-01-26 13:13:00,49.01,49.015,48.93,48.935,10924.0
2018-01-26 13:14:00,49.0,49.01,49.0,49.01,6649.0
2018-01-26 13:15:00,49.0,49.0,48.9984,48.9984,2830.0
2018-01-26 13:16:00,49.0,49.005,48.99,49.0,3909.0
2018-01-26 13:17:00,49.0,49.0,48.99,48.995,1039.0
2018-01-26 13:18:00,48.99,48.99,48.99,48.99,1659.0
2018-01-26 13:19:00,49.005,49.02,48.985,48.985,2799.0
2018-01-26 13:20:00,49.015,49.02,49.015,49.015,300.0
2018-01-26 13:21:00,49.023,49.03,49.005,49.01,6400.0
2018-01-26 13:22:00,49.06,49.06,49.02,49.03,3172.0
2018-01-26 13:23:00,49.06,49.07,49.06,49.06,2504.0
2018-01-26 13:24:00,49.055,49.055,49.05,49.05,774.0
2018-01-26 13:26:00,49.065,49.07,49.05,49.055,4940.0
2018-01-26 13:27:00,49.06,49.06,49.06,49.06,200.0
2018-01-26 13:29:00,49.065,49.065,49.065,49.065,100.0
2018-01-26 13:30:00,49.08,49.08,49.055,49.065,6817.0
2018-01-26 13:31:00,49.07,49.07,49.07,49.07,1075.0
2018-01-26 13:32:00,49.05,49.07,49.05,49.06,5203.0
2018-01-26 13:33:00,49.05,49.05,49.05,49.05,1083.0
2018-01-26 13:34:00,49.03,49.04,49.03,49.04,3700.0
2018-01-26 13:35:00,49.0105,49.02,49.01,49.02,1294.0
2018-01-26 13:36:00,49.01,49.01,49.01,49.01,550.0
2018-01-26 13:37:00,49.02,49.02,49.01,49.01,440.0
2018-01-26 13:38:00,49.01,49.01,49.01,49.01,200.0
2018-01-26 13:39:00,49.01,49.02,49.01,49.015,600.0
2018-01-26 13:40:00,49.02,49.03,49.0101,49.02,5778.0
2018-01-26 13:41:00,49.01,49.01,49.0,49.01,3200.0
2018-01-26 13:42:00,49.0,49.0,49.0,49.0,800.0
2018-01-26 13:43:00,48.995,49.0,48.995,49.0,700.0
2018-01-26 13:44:00,49.0,49.01,48.995,49.0,2546.0
2018-01-26 13:45:00,49.01,49.01,49.0,49.0,3288.0
2018-01-26 13:46:00,49.025,49.025,49.01,49.01,1168.0
2018-01-26 13:47:00,49.01,49.025,49.01,49.02,2566.0
2018-01-26 13:48:00,49.02,49.03,49.015,49.02,2427.0
2018-01-26 13:49:00,49.02,49.02,49.02,49.02,300.0
2018-01-26 13:51:00,49.02,49.03,49.015,49.03,2154.0
2018-01-26 13:52:00,49.01,49.03,49.01,49.02,9736.0
2018-01-26 13:53:00,49.02,49.02,49.01,49.01,5804.0
2018-01-26 13:54:00,49.01,49.02,49.01,49.015,1075.0
2018-01-26 13:55:00,49.03,49.035,49.01,49.01,4774.0
2018-01-26 13:56:00,49.02,49.0375,49.01,49.0375,6501.0
2018-01-26 13:57:00,49.0,49.02,49.0,49.01,3219.0
2018-01-26 13:59:00,49.0,49.01,49.0,49.0001,640.0
2018-01-26 14:00:00,48.95,49.0,48.95,49.0,8078.0
2018-01-26 14:01:00,48.945,48.955,48.945,48.95,1600.0
2018-01-26 14:02:00,48.95,48.96,48.94,48.94,3175.0
2018-01-26 14:03:00,48.92,48.95,48.92,48.95,1863.0
2018-01-26 14:04:00,48.9101,48.93,48.91,48.92,3266.0
2018-01-26 14:05:00,48.94,48.94,48.915,48.915,4400.0
2018-01-26 14:06:00,48.91,48.94,48.905,48.94,3981.0
2018-01-26 14:07:00,48.9,48.9,48.9,48.9,600.0
2018-01-26 14:08:00,48.9,48.91,48.89,48.9,4154.0
2018-01-26 14:09:00,48.89,48.905,48.89,48.9,4925.0
2018-01-26 14:10:00,48.9,48.9,48.89,48.89,3960.0
2018-01-26 14:11:00,48.87,48.9,48.87,48.9,7199.0
2018-01-26 14:12:00,48.845,48.87,48.84,48.87,2829.0
2018-01-26 14:13:00,48.84,48.84,48.84,48.84,100.0
2018-01-26 14:14:00,48.83,48.84,48.83,48.84,2015.0
2018-01-26 14:15:00,48.89,48.89,48.835,48.84,7033.0
2018-01-26 14:16:00,48.89,48.9005,48.89,48.9005,1950.0
2018-01-26 14:17:00,48.88,48.89,48.87,48.88,1900.0
2018-01-26 14:18:00,48.86,48.86,48.85,48.86,2900.0
2018-01-26 14:19:00,48.91,48.91,48.85,48.85,3400.0
2018-01-26 14:20:00,48.9,48.91,48.9,48.9,4782.0
2018-01-26 14:21:00,48.91,48.91,48.89,48.9,1800.0
2018-01-26 14:22:00,48.9,48.9,48.89,48.9,1202.0
2018-01-26 14:23:00,48.89,48.91,48.89,48.9,5262.0
2018-01-26 14:24:00,48.89,48.9,48.89,48.89,500.0
2018-01-26 14:25:00,48.875,48.89,48.875,48.89,2483.0
2018-01-26 14:26:00,48.88,48.9,48.875,48.875,3800.0
2018-01-26 14:27:00,48.88,48.885,48.88,48.8801,500.0
2018-01-26 14:28:00,48.88,48.9,48.88,48.89,6463.0
2018-01-26 14:29:00,48.8401,48.88,48.8401,48.88,3900.0
2018-01-26 14:30:00,48.87,48.87,48.845,48.85,2870.0
2018-01-26 14:31:00,48.84,48.87,48.84,48.86,3700.0
2018-01-26 14:32:00,48.87,48.87,48.84,48.85,3192.0
2018-01-26 14:33:00,48.88,48.88,48.86,48.86,2657.0
2018-01-26 14:34:00,48.87,48.88,48.87,48.8731,2375.0
2018-01-26 14:35:00,48.86,48.87,48.86,48.86,900.0
2018-01-26 14:36:00,48.8601,48.8675,48.86,48.86,500.0
2018-01-26 14:37:00,48.85,48.86,48.845,48.86,7699.0
2018-01-26 14:38:00,48.86,48.86,48.85,48.85,3244.0
2018-01-26 14:39:00,48.86,48.86,48.8501,48.8501,1100.0
2018-01-26 14:40:00,48.89,48.89,48.86,48.87,4924.0
2018-01-26 14:41:00,48.88,48.89,48.88,48.88,4795.0
2018-01-26 14:42:00,48.89,48.89,48.87,48.87,2162.0
2018-01-26 14:43:00,48.88,48.89,48.88,48.89,935.0
2018-01-26 14:44:00,48.94,48.9475,48.885,48.89,9120.0
2018-01-26 14:45:00,48.93,48.95,48.93,48.95,2873.0
2018-01-26 14:46:00,48.955,48.96,48.93,48.935,4400.0
2018-01-26 14:47:00,48.97,48.97,48.95,48.96,900.0
2018-01-26 14:48:00,48.9501,48.97,48.95,48.97,4724.0
2018-01-26 14:49:00,48.941,48.97,48.941,48.96,3203.0
2018-01-26 14:50:00,48.95,48.95,48.9401,48.95,1825.0
2018-01-26 14:51:00,48.93,48.94,48.93,48.94,4464.0
2018-01-26 14:52:00,48.92,48.93,48.92,48.93,788.0
2018-01-26 14:53:00,48.92,48.92,48.92,48.92,303.0
2018-01-26 14:54:00,48.9,48.92,48.89,48.92,6352.0
2018-01-26 14:55:00,48.89,48.905,48.89,48.8901,4043.0
2018-01-26 14:56:00,48.91,48.92,48.9,48.9,5087.0
2018-01-26 14:57:00,48.91,48.91,48.91,48.91,1800.0
2018-01-26 14:58:00,48.93,48.93,48.915,48.92,2278.0
2018-01-26 14:59:00,48.91,48.93,48.905,48.93,3580.0
2018-01-26 15:00:00,48.91,48.91,48.91,48.91,200.0
2018-01-26 15:01:00,48.92,48.93,48.91,48.91,4200.0
2018-01-26 15:02:00,48.87,48.925,48.87,48.925,11097.0
2018-01-26 15:03:00,48.88,48.88,48.86,48.86,1700.0
2018-01-26 15:04:00,48.8701,48.8764,48.87,48.875,410.0
2018-01-26 15:05:00,48.93,48.93,48.875,48.88,5321.0
2018-01-26 15:06:00,48.95,48.95,48.92,48.93,5011.0
2018-01-26 15:07:00,48.96,48.96,48.95,48.95,1218.0
2018-01-26 15:08:00,48.95,48.96,48.945,48.95,3810.0
2018-01-26 15:09:00,48.98,48.98,48.95,48.95,5188.0
2018-01-26 15:10:00,48.95,48.97,48.95,48.97,3600.0
2018-01-26 15:11:00,48.96,48.96,48.95,48.95,1102.0
2018-01-26 15:12:00,48.96,48.97,48.95,48.95,5110.0
2018-01-26 15:13:00,48.97,48.97,48.96,48.96,3695.0
2018-01-26 15:14:00,48.96,48.97,48.96,48.96,2700.0
2018-01-26 15:15:00,48.95,48.96,48.95,48.96,4035.0
2018-01-26 15:16:00,48.93,48.94,48.93,48.94,1600.0
2018-01-26 15:17:00,48.93,48.94,48.93,48.94,1900.0
2018-01-26 15:18:00,48.97,48.98,48.935,48.94,9851.0
2018-01-26 15:19:00,48.97,48.9701,48.97,48.9701,726.0
2018-01-26 15:20:00,48.98,48.98,48.97,48.97,600.0
2018-01-26 15:21:00,48.97,48.98,48.97,48.975,1971.0
2018-01-26 15:22:00,48.96,48.97,48.96,48.97,6213.0
2018-01-26 15:23:00,49.01,49.01,48.96,48.97,7640.0
2018-01-26 15:24:00,48.99,49.01,48.99,49.01,4173.0
2018-01-26 15:25:00,49.0,49.0099,49.0,49.0,3200.0
2018-01-26 15:26:00,49.0,49.005,49.0,49.0,1500.0
2018-01-26 15:27:00,49.01,49.02,49.005,49.01,5000.0
2018-01-26 15:28:00,48.98,49.01,48.98,49.01,8368.0
2018-01-26 15:29:00,48.96,48.98,48.96,48.98,3708.0
2018-01-26 15:30:00,48.96,48.965,48.96,48.96,1400.0
2018-01-26 15:31:00,48.985,48.99,48.96,48.96,7524.0
2018-01-26 15:32:00,49.0,49.0,48.98,48.98,10645.0
2018-01-26 15:33:00,49.01,49.01,48.99,49.0,4030.0
2018-01-26 15:34:00,49.0,49.03,49.0,49.01,12274.0
2018-01-26 15:35:00,49.01,49.02,48.995,48.9975,4600.0
2018-01-26 15:36:00,49.03,49.04,49.01,49.02,6800.0
2018-01-26 15:37:00,49.02,49.035,49.02,49.03,6401.0
2018-01-26 15:38:00,49.02,49.02,49.01,49.02,3932.0
2018-01-26 15:39:00,49.03,49.03,49.02,49.02,4000.0
2018-01-26 15:40:00,49.045,49.05,49.03,49.03,5800.0
2018-01-26 15:41:00,49.03,49.04,49.02,49.04,11057.0
2018-01-26 15:42:00,49.04,49.04,49.02,49.03,19956.0
2018-01-26 15:43:00,49.04,49.05,49.03,49.03,12373.0
2018-01-26 15:44:00,49.04,49.05,49.03,49.05,10917.0
2018-01-26 15:45:00,49.05,49.07,49.035,49.04,11315.0
2018-01-26 15:46:00,49.04,49.065,49.04,49.05,13625.0
2018-01-26 15:47:00,49.04,49.06,49.04,49.05,6024.0
2018-01-26 15:48:00,49.02,49.05,49.02,49.04,7870.0
2018-01-26 15:49:00,49.03,49.04,49.02,49.02,13404.0
2018-01-26 15:50:00,49.045,49.055,49.03,49.03,15702.0
2018-01-26 15:51:00,49.05,49.05,49.03,49.045,12405.0
2018-01-26 15:52:00,49.075,49.075,49.05,49.05,19018.0
2018-01-26 15:53:00,49.075,49.08,49.07,49.075,6180.0
2018-01-26 15:54:00,49.07,49.08,49.07,49.07,4840.0
2018-01-26 15:55:00,49.08,49.09,49.07,49.07,16608.0
2018-01-26 15:56:00,49.065,49.075,49.06,49.075,18546.0
2018-01-26 15:57:00,49.075,49.08,49.06,49.065,15708.0
2018-01-26 15:58:00,49.05,49.075,49.04,49.075,15851.0
2018-01-26 15:59:00,49.06,49.07,49.045,49.045,12786.0
2018-01-26 16:00:00,49.13,49.13,49.055,49.06,45049.0
2018-01-29 09:30:00,49.03,49.03,49.03,49.03,14045.0
2018-01-29 09:31:00,49.17,49.17,49.03,49.03,803.0
2018-01-29 09:32:00,49.13,49.175,49.13,49.15,8958.0
2018-01-29 09:33:00,49.2261,49.2261,49.13,49.14,5105.0
2018-01-29 09:34:00,49.225,49.24,49.2,49.2,4750.0
2018-01-29 09:35:00,49.285,49.2995,49.225,49.2251,5700.0
2018-01-29 09:36:00,49.25,49.3,49.25,49.29,7251.0
2018-01-29 09:37:00,49.24,49.27,49.24,49.27,4500.0
2018-01-29 09:38:00,49.22,49.3,49.2,49.24,9519.0
2018-01-29 09:39:00,49.2,49.2383,49.2,49.2383,2411.0
2018-01-29 09:40:00,49.15,49.166000000000004,49.15,49.16,905.0
2018-01-29 09:41:00,49.22,49.27,49.11,49.1348,10498.0
2018-01-29 09:42:00,49.26,49.2799,49.24,49.24,3633.0
2018-01-29 09:43:00,49.32,49.32,49.25,49.25,5738.0
2018-01-29 09:44:00,49.295,49.315,49.29,49.31,3197.0
2018-01-29 09:45:00,49.32,49.33,49.29,49.29,2230.0
2018-01-29 09:46:00,49.31,49.35,49.3,49.32,3503.0
2018-01-29 09:47:00,49.3099,49.31,49.29,49.31,9875.0
2018-01-29 09:48:00,49.36,49.38,49.29,49.29,11102.0
2018-01-29 09:49:00,49.3,49.36,49.3,49.3566,5870.0
2018-01-29 09:50:00,49.31,49.34,49.31,49.34,245.0
2018-01-29 09:51:00,49.26,49.32,49.26,49.32,8250.0
2018-01-29 09:52:00,49.27,49.28,49.26,49.26,2164.0
2018-01-29 09:53:00,49.28,49.28,49.269,49.27,600.0
2018-01-29 09:54:00,49.26,49.3,49.22,49.28,22241.0
2018-01-29 09:55:00,49.23,49.26,49.23,49.23,1100.0
2018-01-29 09:56:00,49.26,49.27,49.2303,49.2303,1200.0
2018-01-29 09:57:00,49.285,49.3,49.27,49.27,2500.0
2018-01-29 09:58:00,49.28,49.3,49.26,49.29,2802.0
2018-01-29 09:59:00,49.24,49.28,49.24,49.28,889.0
2018-01-29 10:00:00,49.235,49.235,49.21,49.23,1100.0
2018-01-29 10:01:00,49.19,49.23,49.18,49.22,1300.0
2018-01-29 10:02:00,49.2,49.2,49.2,49.2,495.0
2018-01-29 10:03:00,49.23,49.245,49.21,49.21,3501.0
2018-01-29 10:04:00,49.21,49.23,49.21,49.23,1411.0
2018-01-29 10:05:00,49.24,49.24,49.21,49.21,760.0
2018-01-29 10:06:00,49.23,49.233999999999995,49.22,49.23,1904.0
2018-01-29 10:07:00,49.25,49.26,49.22,49.23,2395.0
2018-01-29 10:08:00,49.26,49.26,49.25,49.25,2900.0
2018-01-29 10:09:00,49.23,49.26,49.23,49.26,1218.0
2018-01-29 10:10:00,49.22,49.23,49.22,49.23,927.0
2018-01-29 10:11:00,49.24,49.245,49.22,49.225,2025.0
2018-01-29 10:12:00,49.24,49.24,49.23,49.24,2500.0
2018-01-29 10:13:00,49.2,49.24,49.2,49.24,3300.0
2018-01-29 10:14:00,49.215,49.215,49.205,49.21,915.0
2018-01-29 10:15:00,49.21,49.2155,49.21,49.2155,1563.0
2018-01-29 10:16:00,49.158,49.2,49.15,49.2,3310.0
2018-01-29 10:17:00,49.13,49.15,49.13,49.15,1559.0
2018-01-29 10:18:00,49.12,49.133,49.12,49.12,6501.0
2018-01-29 10:19:00,49.14,49.14,49.13,49.13,1008.0
2018-01-29 10:20:00,49.18,49.19,49.15,49.15,6302.0
2018-01-29 10:21:00,49.17,49.18,49.15,49.18,8292.0
2018-01-29 10:22:00,49.17,49.17,49.17,49.17,200.0
2018-01-29 10:23:00,49.15,49.17,49.15,49.17,2976.0
2018-01-29 10:24:00,49.13,49.13,49.13,49.13,300.0
2018-01-29 10:25:00,49.17,49.17,49.14,49.15,3409.0
2018-01-29 10:26:00,49.205,49.205,49.18,49.18,1300.0
2018-01-29 10:27:00,49.195,49.21,49.19,49.21,4021.0
2018-01-29 10:28:00,49.175,49.195,49.17,49.195,1900.0
2018-01-29 10:29:00,49.18,49.18,49.17,49.18,1658.0
2018-01-29 10:30:00,49.16,49.1799,49.16,49.1799,220.0
2018-01-29 10:31:00,49.19,49.2,49.18,49.18,5563.0
2018-01-29 10:32:00,49.16,49.18,49.15,49.18,2575.0
2018-01-29 10:33:00,49.1738,49.1738,49.17,49.17,612.0
2018-01-29 10:34:00,49.17,49.17,49.16,49.17,2900.0
2018-01-29 10:35:00,49.15,49.17,49.15,49.17,2386.0
2018-01-29 10:36:00,49.16,49.16,49.14,49.14,3400.0
2018-01-29 10:37:00,49.17,49.17,49.17,49.17,1711.0
2018-01-29 10:38:00,49.165,49.18,49.16,49.18,5547.0
2018-01-29 10:39:00,49.195,49.195,49.16,49.165,3116.0
2018-01-29 10:40:00,49.22,49.22,49.195,49.195,5600.0
2018-01-29 10:41:00,49.22,49.23,49.21,49.22,5071.0
2018-01-29 10:42:00,49.23,49.23,49.21,49.2201,1900.0
2018-01-29 10:43:00,49.23,49.24,49.225,49.23,4774.0
2018-01-29 10:44:00,49.27,49.27,49.24,49.24,6156.0
2018-01-29 10:45:00,49.275,49.295,49.275,49.275,6430.0
2018-01-29 10:46:00,49.25,49.3,49.2405,49.27,23672.0
2018-01-29 10:47:00,49.21,49.24,49.19,49.24,12965.0
2018-01-29 10:48:00,49.2,49.24,49.18,49.21,6000.0
2018-01-29 10:49:00,49.2,49.2,49.19,49.19,2700.0
2018-01-29 10:50:00,49.2,49.21,49.2,49.21,1685.0
2018-01-29 10:51:00,49.16,49.19,49.16,49.19,2200.0
2018-01-29 10:52:00,49.14,49.16,49.14,49.16,3887.0
2018-01-29 10:53:00,49.07,49.135,49.06,49.13,3982.0
2018-01-29 10:54:00,49.12,49.12,49.07,49.07,8501.0
2018-01-29 10:55:00,49.15,49.19,49.13,49.13,8862.0
2018-01-29 10:56:00,49.2,49.2,49.15,49.15,3450.0
2018-01-29 10:57:00,49.17,49.2,49.17,49.2,900.0
2018-01-29 10:59:00,49.15,49.18,49.1416,49.18,1660.0
2018-01-29 11:00:00,49.12,49.15,49.12,49.14,2005.0
2018-01-29 11:01:00,49.1,49.12,49.1,49.12,2300.0
2018-01-29 11:02:00,49.07,49.11,49.07,49.11,2200.0
2018-01-29 11:03:00,49.08,49.08,49.04,49.06,2774.0
2018-01-29 11:04:00,49.08,49.08,49.08,49.08,200.0
2018-01-29 11:06:00,49.05,49.08,49.03,49.08,3048.0
2018-01-29 11:07:00,49.055,49.06,49.03,49.05,2181.0
2018-01-29 11:08:00,49.04,49.05,49.04,49.05,500.0
2018-01-29 11:09:00,49.03,49.05,49.03,49.04,1138.0
2018-01-29 11:10:00,49.053000000000004,49.053000000000004,49.04,49.04,714.0
2018-01-29 11:11:00,49.05,49.06,49.05,49.06,954.0
2018-01-29 11:12:00,49.03,49.06,49.03,49.05,2186.0
2018-01-29 11:13:00,49.03,49.045,49.03,49.045,200.0
2018-01-29 11:14:00,49.02,49.03,49.0,49.03,2235.0
2018-01-29 11:15:00,49.06,49.06,49.025,49.03,4717.0
2018-01-29 11:16:00,49.05,49.07,49.045,49.06,2235.0
2018-01-29 11:17:00,49.04,49.05,49.03,49.045,1438.0
2018-01-29 11:18:00,49.03,49.03,49.03,49.03,100.0
2018-01-29 11:19:00,49.045,49.0455,49.04,49.04,765.0
2018-01-29 11:20:00,49.0325,49.05,49.0325,49.05,1972.0
2018-01-29 11:21:00,49.025,49.05,49.025,49.04,3239.0
2018-01-29 11:22:00,49.01,49.02,49.01,49.02,1500.0
2018-01-29 11:23:00,49.045,49.05,49.01,49.0101,3986.0
2018-01-29 11:24:00,49.06,49.08,49.03,49.04,4369.0
2018-01-29 11:25:00,49.06,49.06,49.05,49.06,1200.0
2018-01-29 11:26:00,49.05,49.05,49.04,49.05,1893.0
2018-01-29 11:27:00,49.05,49.05,49.05,49.05,100.0
2018-01-29 11:28:00,49.06,49.06,49.04,49.05,1132.0
2018-01-29 11:29:00,49.05,49.06,49.045,49.05,2628.0
2018-01-29 11:30:00,49.0842,49.0842,49.05,49.05,1755.0
2018-01-29 11:31:00,49.1,49.1,49.08,49.08,2820.0
2018-01-29 11:32:00,49.1,49.12,49.09,49.1,3805.0
2018-01-29 11:33:00,49.11,49.11,49.09,49.09,800.0
2018-01-29 11:34:00,49.145,49.145,49.13,49.13,1600.0
2018-01-29 11:35:00,49.15,49.15,49.14,49.14,400.0
2018-01-29 11:36:00,49.13,49.14,49.13,49.14,1300.0
2018-01-29 11:37:00,49.11,49.12,49.11,49.12,1305.0
2018-01-29 11:38:00,49.115,49.115,49.105,49.11,2000.0
2018-01-29 11:39:00,49.14,49.15,49.12,49.12,3317.0
2018-01-29 11:40:00,49.13,49.14,49.13,49.14,1344.0
2018-01-29 11:41:00,49.13,49.1399,49.1125,49.1399,2836.0
2018-01-29 11:42:00,49.13,49.1393,49.13,49.1393,1200.0
2018-01-29 11:43:00,49.14,49.14,49.12,49.13,17523.0
2018-01-29 11:44:00,49.2,49.2,49.14,49.15,1805.0
2018-01-29 11:45:00,49.22,49.22,49.21,49.2129,2065.0
2018-01-29 11:46:00,49.24,49.245,49.23,49.24,1025.0
2018-01-29 11:47:00,49.23,49.24,49.23,49.24,707.0
2018-01-29 11:48:00,49.22,49.23,49.22,49.23,2370.0
2018-01-29 11:49:00,49.22,49.22,49.21,49.21,994.0
2018-01-29 11:50:00,49.21,49.21,49.2,49.21,1314.0
2018-01-29 11:51:00,49.23,49.23,49.22,49.22,605.0
2018-01-29 11:52:00,49.23,49.26,49.23,49.25,2298.0
2018-01-29 11:53:00,49.2002,49.23,49.2002,49.23,1300.0
2018-01-29 11:54:00,49.19,49.2001,49.19,49.2001,1600.0
2018-01-29 11:55:00,49.22,49.22,49.18,49.18,1400.0
2018-01-29 11:56:00,49.2333,49.2333,49.23,49.23,988.0
2018-01-29 11:57:00,49.225,49.23,49.22,49.23,1100.0
2018-01-29 11:58:00,49.25,49.26,49.23,49.23,4710.0
2018-01-29 11:59:00,49.24,49.25,49.24,49.25,600.0
2018-01-29 12:00:00,49.22,49.24,49.22,49.23,1612.0
2018-01-29 12:01:00,49.22,49.23,49.21,49.22,1300.0
2018-01-29 12:02:00,49.23,49.23,49.21,49.22,2669.0
2018-01-29 12:03:00,49.22,49.23,49.22,49.23,2400.0
2018-01-29 12:04:00,49.24,49.24,49.23,49.23,500.0
2018-01-29 12:05:00,49.24,49.24,49.24,49.24,794.0
2018-01-29 12:06:00,49.25,49.26,49.24,49.24,2936.0
2018-01-29 12:07:00,49.27,49.275,49.25,49.2501,1976.0
2018-01-29 12:08:00,49.29,49.3,49.275,49.28,1629.0
2018-01-29 12:09:00,49.26,49.28,49.26,49.28,2830.0
2018-01-29 12:10:00,49.23,49.24,49.23,49.24,700.0
2018-01-29 12:11:00,49.23,49.23,49.23,49.23,100.0
2018-01-29 12:12:00,49.24,49.24,49.22,49.23,3401.0
2018-01-29 12:13:00,49.23,49.23,49.225,49.23,2701.0
2018-01-29 12:14:00,49.225,49.245,49.225,49.235,2205.0
2018-01-29 12:16:00,49.225,49.23,49.22,49.225,1300.0
2018-01-29 12:17:00,49.235,49.24,49.23,49.24,600.0
2018-01-29 12:18:00,49.23,49.23,49.23,49.23,200.0
2018-01-29 12:19:00,49.24,49.24,49.22,49.23,3340.0
2018-01-29 12:20:00,49.25,49.26,49.24,49.245,2882.0
2018-01-29 12:21:00,49.24,49.25,49.24,49.24,400.0
2018-01-29 12:22:00,49.26,49.26,49.25,49.255,800.0
2018-01-29 12:23:00,49.26,49.27,49.26,49.27,1300.0
2018-01-29 12:24:00,49.2609,49.28,49.255,49.255,1867.0
2018-01-29 12:26:00,49.23,49.28,49.22,49.27,4800.0
2018-01-29 12:27:00,49.235,49.235,49.23,49.23,1200.0
2018-01-29 12:28:00,49.2434,49.2434,49.24,49.24,1252.0
2018-01-29 12:29:00,49.24,49.24,49.24,49.24,200.0
2018-01-29 12:30:00,49.24,49.24,49.23,49.24,2288.0
2018-01-29 12:31:00,49.235,49.25,49.235,49.24,2910.0
2018-01-29 12:32:00,49.23,49.23,49.23,49.23,596.0
2018-01-29 12:33:00,49.22,49.22,49.22,49.22,530.0
2018-01-29 12:34:00,49.22,49.22,49.22,49.22,100.0
2018-01-29 12:35:00,49.19,49.22,49.19,49.22,1874.0
2018-01-29 12:36:00,49.19,49.1907,49.18,49.18,1300.0
2018-01-29 12:37:00,49.17,49.1966,49.17,49.18,2315.0
2018-01-29 12:38:00,49.175,49.175,49.17,49.17,296.0
2018-01-29 12:39:00,49.15,49.17,49.15,49.17,1910.0
2018-01-29 12:40:00,49.14,49.14,49.14,49.14,100.0
2018-01-29 12:41:00,49.14,49.14,49.135,49.14,2596.0
2018-01-29 12:42:00,49.11,49.14,49.1099,49.14,3701.0
2018-01-29 12:43:00,49.15,49.15,49.11,49.11,4184.0
2018-01-29 12:44:00,49.15,49.15,49.15,49.15,300.0
2018-01-29 12:45:00,49.14,49.18,49.14,49.16,2200.0
2018-01-29 12:46:00,49.17,49.17,49.16,49.16,1054.0
2018-01-29 12:47:00,49.19,49.2,49.19,49.2,409.0
2018-01-29 12:48:00,49.18,49.18,49.18,49.18,778.0
2018-01-29 12:49:00,49.19,49.195,49.19,49.19,400.0
2018-01-29 12:50:00,49.17,49.19,49.17,49.19,958.0
2018-01-29 12:51:00,49.18,49.18,49.16,49.17,2215.0
2018-01-29 12:52:00,49.18,49.18,49.17,49.18,720.0
2018-01-29 12:53:00,49.2,49.21,49.18,49.18,7035.0
2018-01-29 12:54:00,49.22,49.22,49.21,49.21,1322.0
2018-01-29 12:55:00,49.24,49.24,49.21,49.23,3695.0
2018-01-29 12:56:00,49.25,49.25,49.24,49.24,1154.0
2018-01-29 12:57:00,49.26,49.27,49.255,49.26,1920.0
2018-01-29 12:58:00,49.23,49.2505,49.23,49.25,1250.0
2018-01-29 12:59:00,49.24,49.26,49.24,49.25,2236.0
2018-01-29 13:00:00,49.23,49.24,49.23,49.24,1800.0
2018-01-29 13:01:00,49.2398,49.24,49.23,49.23,2110.0
2018-01-29 13:02:00,49.25,49.2543,49.25,49.25,725.0
2018-01-29 13:03:00,49.26,49.26,49.2456,49.26,1535.0
2018-01-29 13:04:00,49.24,49.25,49.24,49.25,1255.0
2018-01-29 13:05:00,49.26,49.26,49.24,49.24,1100.0
2018-01-29 13:06:00,49.27,49.27,49.26,49.26,500.0
2018-01-29 13:07:00,49.27,49.28,49.27,49.27,1506.0
2018-01-29 13:08:00,49.27,49.27,49.26,49.27,1134.0
2018-01-29 13:09:00,49.26,49.275,49.26,49.275,2018.0
2018-01-29 13:10:00,49.23,49.26,49.23,49.26,1820.0
2018-01-29 13:11:00,49.225,49.23,49.225,49.23,200.0
2018-01-29 13:12:00,49.22,49.23,49.22,49.23,400.0
2018-01-29 13:13:00,49.22,49.23,49.22,49.23,200.0
2018-01-29 13:14:00,49.21,49.22,49.21,49.22,1700.0
2018-01-29 13:15:00,49.2,49.21,49.2,49.21,800.0
2018-01-29 13:16:00,49.21,49.22,49.2,49.2,4201.0
2018-01-29 13:17:00,49.25,49.25,49.21,49.21,2000.0
2018-01-29 13:18:00,49.25,49.27,49.25,49.25,1900.0
2018-01-29 13:19:00,49.25,49.26,49.25,49.26,300.0
2018-01-29 13:20:00,49.21,49.25,49.21,49.25,1941.0
2018-01-29 13:21:00,49.21,49.21,49.17,49.2,2761.0
2018-01-29 13:22:00,49.21,49.22,49.2,49.21,1137.0
2018-01-29 13:23:00,49.14,49.2,49.13,49.2,13326.0
2018-01-29 13:24:00,49.12,49.13,49.1,49.13,2000.0
2018-01-29 13:25:00,49.14,49.16,49.14,49.14,1300.0
2018-01-29 13:26:00,49.1401,49.15,49.14,49.15,500.0
2018-01-29 13:27:00,49.14,49.14,49.14,49.14,2400.0
2018-01-29 13:28:00,49.11,49.14,49.11,49.14,5600.0
2018-01-29 13:29:00,49.13,49.14,49.1264,49.13,2322.0
2018-01-29 13:30:00,49.12,49.12,49.12,49.12,1300.0
2018-01-29 13:31:00,49.12,49.13,49.12,49.125,3512.0
2018-01-29 13:32:00,49.13,49.13,49.12,49.13,400.0
2018-01-29 13:33:00,49.125,49.13,49.12,49.12,820.0
2018-01-29 13:34:00,49.13,49.14,49.13,49.13,3637.0
2018-01-29 13:35:00,49.13,49.13,49.13,49.13,1332.0
2018-01-29 13:36:00,49.12,49.13,49.12,49.12,400.0
2018-01-29 13:37:00,49.08,49.12,49.06,49.12,5982.0
2018-01-29 13:38:00,49.09,49.09,49.07,49.07,2000.0
2018-01-29 13:39:00,49.09,49.1,49.09,49.0929,5452.0
2018-01-29 13:40:00,49.08,49.09,49.08,49.09,1211.0
2018-01-29 13:41:00,49.06,49.07,49.06,49.07,3460.0
2018-01-29 13:42:00,49.08,49.08,49.08,49.08,100.0
2018-01-29 13:43:00,49.07,49.07,49.07,49.07,702.0
2018-01-29 13:44:00,49.08,49.08,49.07,49.07,900.0
2018-01-29 13:45:00,49.07,49.08,49.07,49.08,1197.0
2018-01-29 13:46:00,49.07,49.07,49.07,49.07,400.0
2018-01-29 13:47:00,49.09,49.09,49.07,49.07,1600.0
2018-01-29 13:48:00,49.06,49.08,49.06,49.08,2120.0
2018-01-29 13:49:00,49.0798,49.08,49.07,49.07,3595.0
2018-01-29 13:50:00,49.0501,49.0738,49.0501,49.0738,1744.0
2018-01-29 13:51:00,49.05,49.056999999999995,49.05,49.05,1834.0
2018-01-29 13:52:00,49.09,49.09,49.06,49.06,4676.0
2018-01-29 13:53:00,49.09,49.09,49.09,49.09,100.0
2018-01-29 13:54:00,49.08,49.09,49.08,49.09,1061.0
2018-01-29 13:55:00,49.09,49.09,49.08,49.08,2203.0
2018-01-29 13:56:00,49.0943,49.0999,49.08,49.09,1000.0
2018-01-29 13:57:00,49.06,49.1,49.06,49.1,2380.0
2018-01-29 13:58:00,49.07,49.08,49.07,49.07,1300.0
2018-01-29 13:59:00,49.07,49.08,49.07,49.08,1268.0
2018-01-29 14:00:00,49.09,49.09,49.07,49.08,500.0
2018-01-29 14:01:00,49.08,49.08,49.08,49.08,400.0
2018-01-29 14:02:00,49.07,49.08,49.05,49.08,8381.0
2018-01-29 14:03:00,49.07,49.07,49.07,49.07,1500.0
2018-01-29 14:04:00,49.04,49.06,49.04,49.06,964.0
2018-01-29 14:05:00,49.04,49.06,49.03,49.04,6443.0
2018-01-29 14:06:00,49.05,49.05,49.03,49.04,2926.0
2018-01-29 14:07:00,49.05,49.05,49.05,49.05,900.0
2018-01-29 14:08:00,49.0501,49.0501,49.0501,49.0501,1696.0
2018-01-29 14:09:00,49.05,49.05,49.04,49.05,1713.0
2018-01-29 14:10:00,49.0401,49.05,49.04,49.04,1299.0
2018-01-29 14:11:00,49.04,49.05,49.04,49.045,800.0
2018-01-29 14:12:00,49.0,49.04,49.0,49.04,11447.0
2018-01-29 14:13:00,49.03,49.03,49.0,49.01,5588.0
2018-01-29 14:14:00,49.03,49.03,49.0201,49.03,1606.0
2018-01-29 14:15:00,49.02,49.02,49.02,49.02,100.0
2018-01-29 14:16:00,49.025,49.025,49.02,49.02,300.0
2018-01-29 14:17:00,49.01,49.02,49.01,49.02,1588.0
2018-01-29 14:18:00,49.015,49.015,49.01,49.01,507.0
2018-01-29 14:19:00,49.015,49.015,49.0148,49.0148,210.0
2018-01-29 14:20:00,49.01,49.03,49.01,49.02,5306.0
2018-01-29 14:21:00,49.02,49.02,49.015,49.02,1400.0
2018-01-29 14:22:00,49.03,49.03,49.01,49.01,1600.0
2018-01-29 14:23:00,49.02,49.02,49.02,49.02,200.0
2018-01-29 14:24:00,49.02,49.02,49.02,49.02,2001.0
2018-01-29 14:25:00,49.03,49.03,49.02,49.02,1600.0
2018-01-29 14:26:00,49.02,49.02,49.02,49.02,909.0
2018-01-29 14:27:00,49.01,49.02,49.01,49.02,989.0
2018-01-29 14:28:00,49.0,49.01,48.995,49.01,8075.0
2018-01-29 14:29:00,48.97,49.0,48.97,49.0,3235.0
2018-01-29 14:30:00,48.975,48.98,48.95,48.9533,3000.0
2018-01-29 14:31:00,48.97,48.99,48.97,48.97,2700.0
2018-01-29 14:32:00,48.98,48.98,48.97,48.97,600.0
2018-01-29 14:33:00,48.99,49.0,48.98,48.98,1119.0
2018-01-29 14:34:00,49.0,49.0,48.99,49.0,900.0
2018-01-29 14:35:00,48.99,49.0,48.98,49.0,4322.0
2018-01-29 14:36:00,49.03,49.03,49.0,49.0,4911.0
2018-01-29 14:37:00,49.02,49.03,49.02,49.03,2688.0
2018-01-29 14:38:00,49.03,49.03,49.01,49.01,1900.0
2018-01-29 14:39:00,49.07,49.07,49.03,49.03,2846.0
2018-01-29 14:40:00,49.03,49.075,49.03,49.07,5764.0
2018-01-29 14:41:00,49.03,49.04,49.02,49.03,2600.0
2018-01-29 14:42:00,49.06,49.06,49.03,49.04,2233.0
2018-01-29 14:43:00,49.07,49.1,49.06,49.06,5077.0
2018-01-29 14:44:00,49.05,49.0705,49.05,49.07,2531.0
2018-01-29 14:45:00,49.07,49.08,49.06,49.06,2751.0
2018-01-29 14:46:00,49.075,49.08,49.06,49.06,1441.0
2018-01-29 14:47:00,49.06,49.07,49.06,49.07,1100.0
2018-01-29 14:48:00,49.07,49.07,49.06,49.06,400.0
2018-01-29 14:49:00,49.05,49.065,49.05,49.06,2007.0
2018-01-29 14:50:00,49.07,49.07,49.05,49.05,4212.0
2018-01-29 14:51:00,49.05,49.07,49.05,49.07,1443.0
2018-01-29 14:52:00,49.05,49.06,49.05,49.06,1895.0
2018-01-29 14:53:00,49.06,49.06,49.05,49.05,1784.0
2018-01-29 14:54:00,49.07,49.08,49.07,49.07,2754.0
2018-01-29 14:55:00,49.04,49.08,49.04,49.07,5415.0
2018-01-29 14:56:00,49.03,49.04,49.03,49.03,800.0
2018-01-29 14:57:00,49.005,49.03,49.0,49.03,1705.0
2018-01-29 14:58:00,49.03,49.04,49.01,49.01,1900.0
2018-01-29 14:59:00,49.03,49.0305,49.03,49.03,700.0
2018-01-29 15:00:00,49.03,49.04,49.03,49.03,2547.0
2018-01-29 15:01:00,49.03,49.04,49.03,49.03,600.0
2018-01-29 15:02:00,49.03,49.04,49.03,49.03,1460.0
2018-01-29 15:03:00,49.03,49.04,49.03,49.03,2300.0
2018-01-29 15:04:00,49.03,49.04,49.03,49.03,700.0
2018-01-29 15:05:00,49.03,49.03,49.03,49.03,800.0
2018-01-29 15:06:00,49.02,49.04,49.02,49.03,2200.0
2018-01-29 15:07:00,49.01,49.03,49.01,49.02,2551.0
2018-01-29 15:08:00,48.98,49.01,48.98,49.01,2249.0
2018-01-29 15:09:00,49.01,49.01,48.98,48.98,6202.0
2018-01-29 15:10:00,49.03,49.03,49.02,49.02,600.0
2018-01-29 15:11:00,49.02,49.02,49.02,49.02,300.0
2018-01-29 15:12:00,49.0,49.02,49.0,49.02,5484.0
2018-01-29 15:13:00,48.99,49.0,48.99,49.0,1700.0
2018-01-29 15:14:00,48.97,48.995,48.97,48.99,1975.0
2018-01-29 15:15:00,49.005,49.01,48.97,48.97,5668.0
2018-01-29 15:16:00,49.02,49.02,49.01,49.01,3300.0
2018-01-29 15:17:00,49.02,49.02,49.01,49.02,3443.0
2018-01-29 15:18:00,49.025,49.025,49.02,49.02,600.0
2018-01-29 15:19:00,49.005,49.03,49.0,49.021,3555.0
2018-01-29 15:20:00,48.99,49.0,48.99,49.0,900.0
2018-01-29 15:21:00,48.98,48.99,48.98,48.99,2263.0
2018-01-29 15:22:00,48.99,48.99,48.96,48.98,9642.0
2018-01-29 15:23:00,48.98,48.99,48.98,48.99,1100.0
2018-01-29 15:24:00,48.98,48.98,48.98,48.98,500.0
2018-01-29 15:25:00,48.98,48.98,48.97,48.98,3720.0
2018-01-29 15:26:00,48.99,48.99,48.98,48.98,1200.0
2018-01-29 15:27:00,48.96,48.98,48.96,48.98,3510.0
2018-01-29 15:28:00,48.965,48.965,48.95,48.95,3264.0
2018-01-29 15:29:00,48.955,48.965,48.95,48.96,2380.0
2018-01-29 15:30:00,49.02,49.02,48.945,48.955,40813.0
2018-01-29 15:31:00,49.0,49.01,48.99,49.0,3600.0
2018-01-29 15:32:00,48.995,49.0015,48.99,49.0015,5734.0
2018-01-29 15:33:00,48.99,49.0,48.99,48.995,1100.0
2018-01-29 15:34:00,48.99,49.0,48.99,48.99,1600.0
2018-01-29 15:35:00,49.03,49.03,48.99,48.99,7277.0
2018-01-29 15:36:00,49.0,49.02,49.0,49.02,6673.0
2018-01-29 15:37:00,48.99,49.0,48.99,49.0,4020.0
2018-01-29 15:38:00,48.98,48.995,48.98,48.99,3260.0
2018-01-29 15:39:00,48.98,48.98,48.98,48.98,2357.0
2018-01-29 15:40:00,48.96,48.985,48.96,48.985,7561.0
2018-01-29 15:41:00,49.0,49.0,48.96,48.96,14310.0
2018-01-29 15:42:00,48.98,49.0,48.95,49.0,9900.0
2018-01-29 15:43:00,48.98,48.99,48.97,48.97,5536.0
2018-01-29 15:44:00,49.03,49.03,48.97,48.97,7198.0
2018-01-29 15:45:00,48.995,49.02,48.99,49.02,7112.0
2018-01-29 15:46:00,48.97,49.0,48.96,49.0,16808.0
2018-01-29 15:47:00,48.98,48.98,48.97,48.97,3369.0
2018-01-29 15:48:00,48.97,48.98,48.95,48.97,13797.0
2018-01-29 15:49:00,48.955,48.98,48.95,48.98,4957.0
2018-01-29 15:50:00,48.96,48.96,48.95,48.955,4156.0
2018-01-29 15:51:00,48.98,48.98,48.955,48.955,22609.0
2018-01-29 15:52:00,49.0,49.0,48.97,48.98,8352.0
2018-01-29 15:53:00,49.01,49.01,48.995,49.0,6590.0
2018-01-29 15:54:00,49.05,49.05,49.01,49.01,7798.0
2018-01-29 15:55:00,49.02,49.05,49.02,49.05,11011.0
2018-01-29 15:56:00,48.99,49.03,48.98,49.025,26362.0
2018-01-29 15:57:00,49.02,49.02,48.99,48.995,10489.0
2018-01-29 15:58:00,48.98,49.02,48.97,49.02,22764.0
2018-01-29 15:59:00,48.98,49.01,48.98,48.99,15648.0
2018-01-29 16:00:00,48.92,48.98,48.92,48.98,35929.0
2018-01-30 09:30:00,48.93,48.93,48.68,48.88,15484.0
2018-01-30 09:31:00,49.11,49.2,48.74,48.92,5392.0
2018-01-30 09:32:00,49.13,49.16,49.108000000000004,49.14,1300.0
2018-01-30 09:33:00,49.12,49.12,49.09,49.1,1599.0
2018-01-30 09:34:00,49.13,49.15,49.11,49.15,1334.0
2018-01-30 09:35:00,49.32,49.37,49.2,49.21,11977.0
2018-01-30 09:36:00,49.4,49.41,49.3,49.3,4800.0
2018-01-30 09:37:00,49.4,49.45,49.36,49.38,4803.0
2018-01-30 09:38:00,49.35,49.42,49.32,49.42,1821.0
2018-01-30 09:39:00,49.29,49.35,49.29,49.35,1774.0
2018-01-30 09:40:00,49.37,49.38,49.32,49.32,1000.0
2018-01-30 09:41:00,49.27,49.4,49.27,49.39,4942.0
2018-01-30 09:42:00,49.25,49.32,49.25,49.2701,2731.0
2018-01-30 09:43:00,49.35,49.35,49.26,49.26,2732.0
2018-01-30 09:44:00,49.3,49.37,49.3,49.35,3620.0
2018-01-30 09:45:00,49.28,49.3,49.27,49.27,1160.0
2018-01-30 09:46:00,49.3,49.3,49.24,49.26,2200.0
2018-01-30 09:47:00,49.3,49.36,49.29,49.32,6980.0
2018-01-30 09:48:00,49.29,49.33,49.28,49.31,3360.0
2018-01-30 09:49:00,49.2995,49.31,49.28,49.31,1837.0
2018-01-30 09:50:00,49.33,49.33,49.29,49.29,1600.0
2018-01-30 09:51:00,49.31,49.35,49.31,49.34,5179.0
2018-01-30 09:52:00,49.26,49.32,49.26,49.3,5051.0
2018-01-30 09:53:00,49.27,49.27,49.2511,49.2511,1526.0
2018-01-30 09:54:00,49.26,49.28,49.26,49.26,1235.0
2018-01-30 09:55:00,49.24,49.255,49.22,49.25,3081.0
2018-01-30 09:56:00,49.26,49.29,49.245,49.245,1300.0
2018-01-30 09:57:00,49.2,49.27,49.2,49.27,1602.0
2018-01-30 09:58:00,49.195,49.2,49.1784,49.2,1773.0
2018-01-30 09:59:00,49.17,49.22,49.17,49.21,3442.0
2018-01-30 10:00:00,49.1,49.17,49.05,49.17,3310.0
2018-01-30 10:01:00,49.13,49.17,49.11,49.11,2464.0
2018-01-30 10:02:00,49.19,49.19,49.16,49.17,2122.0
2018-01-30 10:03:00,49.2,49.2,49.16,49.19,1903.0
2018-01-30 10:04:00,49.17,49.2,49.17,49.2,2031.0
2018-01-30 10:05:00,49.19,49.2,49.17,49.19,900.0
2018-01-30 10:06:00,49.13,49.19,49.13,49.18,3212.0
2018-01-30 10:07:00,49.14,49.17,49.13,49.13,6045.0
2018-01-30 10:08:00,49.15,49.15,49.11,49.13,3008.0
2018-01-30 10:09:00,49.1,49.15,49.09,49.15,7500.0
2018-01-30 10:10:00,49.05,49.09,49.05,49.09,4738.0
2018-01-30 10:11:00,49.08,49.08,49.0502,49.0502,1460.0
2018-01-30 10:12:00,48.985,49.09,48.98,49.09,5797.0
2018-01-30 10:13:00,49.04,49.04,48.97,48.982,4822.0
2018-01-30 10:14:00,48.985,49.02,48.98,49.02,7410.0
2018-01-30 10:15:00,49.01,49.02,48.99,48.99,5481.0
2018-01-30 10:16:00,49.01,49.03,49.01,49.02,1942.0
2018-01-30 10:17:00,49.0,49.012,49.0,49.01,672.0
2018-01-30 10:18:00,49.01,49.02,49.0,49.0,3280.0
2018-01-30 10:19:00,49.01,49.01,49.0,49.0,500.0
2018-01-30 10:20:00,49.02,49.02,49.01,49.01,4710.0
2018-01-30 10:21:00,48.99,49.0,48.98,49.0,2280.0
2018-01-30 10:22:00,48.98,49.0,48.97,48.99,2100.0
2018-01-30 10:23:00,48.99,48.99,48.98,48.98,2150.0
2018-01-30 10:24:00,48.99,49.0,48.98,48.98,2767.0
2018-01-30 10:25:00,49.0,49.0,48.99,48.99,3028.0
2018-01-30 10:26:00,49.0,49.0,48.98,49.0,5834.0
2018-01-30 10:27:00,49.015,49.015,49.0,49.01,2855.0
2018-01-30 10:28:00,49.0101,49.03,49.01,49.02,4394.0
2018-01-30 10:29:00,49.06,49.06,49.015,49.02,3800.0
2018-01-30 10:30:00,49.07,49.07,49.06,49.07,500.0
2018-01-30 10:31:00,49.11,49.11,49.0752,49.0752,1655.0
2018-01-30 10:32:00,49.12,49.12,49.09,49.1,3427.0
2018-01-30 10:33:00,49.08,49.12,49.08,49.12,2303.0
2018-01-30 10:34:00,49.102,49.11,49.09,49.09,4479.0
2018-01-30 10:35:00,49.11,49.11,49.11,49.11,2100.0
2018-01-30 10:36:00,49.09,49.11,49.09,49.11,2921.0
2018-01-30 10:37:00,49.12,49.13,49.1,49.1,2633.0
2018-01-30 10:38:00,49.115,49.13,49.115,49.12,2700.0
2018-01-30 10:39:00,49.11,49.12,49.11,49.12,1680.0
2018-01-30 10:40:00,49.11,49.11,49.11,49.11,3478.0
2018-01-30 10:41:00,49.09,49.11,49.09,49.11,2431.0
2018-01-30 10:42:00,49.08,49.08,49.07,49.08,3379.0
2018-01-30 10:43:00,49.08,49.08,49.08,49.08,500.0
2018-01-30 10:44:00,49.07,49.08,49.06,49.08,2252.0
2018-01-30 10:45:00,49.11,49.11,49.07,49.07,700.0
2018-01-30 10:46:00,49.11,49.11,49.1,49.11,800.0
2018-01-30 10:47:00,49.16,49.16,49.12,49.12,5216.0
2018-01-30 10:48:00,49.15,49.15,49.14,49.15,2989.0
2018-01-30 10:49:00,49.15,49.15,49.1448,49.1448,1635.0
2018-01-30 10:50:00,49.16,49.16,49.15,49.15,4576.0
2018-01-30 10:51:00,49.15,49.155,49.14,49.155,3241.0
2018-01-30 10:52:00,49.21,49.21,49.15,49.15,5489.0
2018-01-30 10:53:00,49.24,49.24,49.22,49.22,1100.0
2018-01-30 10:54:00,49.26,49.26,49.25,49.25,1445.0
2018-01-30 10:55:00,49.2725,49.285,49.26,49.26,3649.0
2018-01-30 10:56:00,49.25,49.28,49.245,49.28,3356.0
2018-01-30 10:57:00,49.26,49.26,49.24,49.24,2560.0
2018-01-30 10:58:00,49.28,49.29,49.26,49.26,1652.0
2018-01-30 10:59:00,49.28,49.295,49.27,49.28,4300.0
2018-01-30 11:00:00,49.27,49.29,49.27,49.2899,2525.0
2018-01-30 11:01:00,49.25,49.27,49.23,49.27,4268.0
2018-01-30 11:02:00,49.24,49.24,49.24,49.24,200.0
2018-01-30 11:03:00,49.205,49.23,49.2,49.23,2793.0
2018-01-30 11:04:00,49.17,49.19,49.17,49.19,3444.0
2018-01-30 11:05:00,49.14,49.1798,49.13,49.1516,5649.0
2018-01-30 11:06:00,49.155,49.155,49.14,49.14,2967.0
2018-01-30 11:07:00,49.12,49.155,49.12,49.15,1701.0
2018-01-30 11:08:00,49.115,49.115,49.08,49.115,4982.0
2018-01-30 11:09:00,49.1,49.12,49.1,49.1,2845.0
2018-01-30 11:10:00,49.11,49.12,49.11,49.11,820.0
2018-01-30 11:11:00,49.125,49.125,49.115,49.115,2710.0
2018-01-30 11:12:00,49.12,49.13,49.11,49.11,2738.0
2018-01-30 11:13:00,49.04,49.11,49.04,49.11,5081.0
2018-01-30 11:14:00,49.02,49.07,49.02,49.05,10902.0
2018-01-30 11:15:00,49.0,49.02,49.0,49.02,2658.0
2018-01-30 11:16:00,49.005,49.02,48.98,49.0,4297.0
2018-01-30 11:17:00,49.02,49.02,48.99,49.0,2600.0
2018-01-30 11:18:00,49.06,49.06,49.01,49.01,1200.0
2018-01-30 11:19:00,49.05,49.06,49.04,49.05,1646.0
2018-01-30 11:20:00,49.0836,49.0836,49.05,49.05,2028.0
2018-01-30 11:21:00,49.09,49.09,49.0899,49.0899,1559.0
2018-01-30 11:22:00,49.09,49.09,49.08,49.09,1992.0
2018-01-30 11:23:00,49.12,49.12,49.09,49.09,2420.0
2018-01-30 11:24:00,49.1184,49.12,49.111000000000004,49.12,1300.0
2018-01-30 11:25:00,49.1,49.11,49.09,49.11,3851.0
2018-01-30 11:26:00,49.08,49.1,49.08,49.1,1246.0
2018-01-30 11:27:00,49.08,49.09,49.08,49.08,741.0
2018-01-30 11:28:00,49.07,49.07,49.07,49.07,200.0
2018-01-30 11:29:00,49.08,49.08,49.07,49.07,1706.0
2018-01-30 11:30:00,49.08,49.09,49.06,49.08,31078.0
2018-01-30 11:31:00,49.08,49.09,49.08,49.08,3627.0
2018-01-30 11:33:00,49.08,49.08,49.08,49.08,2841.0
2018-01-30 11:34:00,49.11,49.12,49.0794,49.0794,2905.0
2018-01-30 11:35:00,49.1301,49.1301,49.12,49.12,2447.0
2018-01-30 11:36:00,49.15,49.16,49.14,49.14,700.0
2018-01-30 11:37:00,49.17,49.17,49.15,49.17,3472.0
2018-01-30 11:38:00,49.17,49.18,49.15,49.16,4458.0
2018-01-30 11:39:00,49.16,49.19,49.16,49.17,6858.0
2018-01-30 11:40:00,49.15,49.15,49.14,49.15,3900.0
2018-01-30 11:41:00,49.165,49.165,49.155,49.155,1561.0
2018-01-30 11:42:00,49.19,49.2,49.17,49.17,2721.0
2018-01-30 11:43:00,49.15,49.185,49.15,49.185,3081.0
2018-01-30 11:44:00,49.2,49.2,49.155,49.16,3624.0
2018-01-30 11:45:00,49.18,49.2247,49.18,49.21,3154.0
2018-01-30 11:46:00,49.16,49.19,49.16,49.1784,5000.0
2018-01-30 11:47:00,49.13,49.17,49.13,49.17,4560.0
2018-01-30 11:48:00,49.18,49.18,49.14,49.14,1000.0
2018-01-30 11:49:00,49.16,49.18,49.15,49.18,1829.0
2018-01-30 11:50:00,49.15,49.19,49.15,49.15,2272.0
2018-01-30 11:51:00,49.185,49.19,49.15,49.15,3558.0
2018-01-30 11:52:00,49.185,49.195,49.185,49.19,2000.0
2018-01-30 11:53:00,49.175,49.18,49.16,49.18,2300.0
2018-01-30 11:54:00,49.19,49.2,49.17,49.17,1600.0
2018-01-30 11:55:00,49.17,49.19,49.17,49.19,3608.0
2018-01-30 11:56:00,49.17,49.18,49.16,49.16,1734.0
2018-01-30 11:57:00,49.17,49.17,49.17,49.17,902.0
2018-01-30 11:58:00,49.18,49.18,49.17,49.17,1600.0
2018-01-30 11:59:00,49.17,49.185,49.17,49.185,1820.0
2018-01-30 12:00:00,49.15,49.18,49.148999999999994,49.18,2394.0
2018-01-30 12:01:00,49.16,49.16,49.13,49.13,2500.0
2018-01-30 12:02:00,49.17,49.17,49.16,49.16,1200.0
2018-01-30 12:03:00,49.18,49.18,49.17,49.175,3090.0
2018-01-30 12:04:00,49.17,49.19,49.17,49.19,1157.0
2018-01-30 12:05:00,49.17,49.18,49.16,49.16,1700.0
2018-01-30 12:06:00,49.17,49.175,49.165,49.175,1360.0
2018-01-30 12:07:00,49.13,49.16,49.13,49.16,2041.0
2018-01-30 12:08:00,49.15,49.15,49.12,49.13,1516.0
2018-01-30 12:09:00,49.17,49.17,49.16,49.16,900.0
2018-01-30 12:10:00,49.16,49.17,49.16,49.17,2249.0
2018-01-30 12:11:00,49.14,49.17,49.13,49.16,6357.0
2018-01-30 12:12:00,49.1,49.14,49.1,49.14,1713.0
2018-01-30 12:13:00,49.12,49.12,49.12,49.12,1734.0
2018-01-30 12:14:00,49.11,49.12,49.11,49.12,1097.0
2018-01-30 12:15:00,49.13,49.136,49.11,49.11,2079.0
2018-01-30 12:16:00,49.14,49.145,49.13,49.13,1780.0
2018-01-30 12:17:00,49.14,49.14,49.14,49.14,200.0
2018-01-30 12:18:00,49.13,49.1419,49.13,49.1419,2606.0
2018-01-30 12:19:00,49.12,49.14,49.12,49.135,4758.0
2018-01-30 12:20:00,49.12,49.14,49.12,49.12,3100.0
2018-01-30 12:21:00,49.12,49.12,49.12,49.12,495.0
2018-01-30 12:22:00,49.11,49.12,49.11,49.12,1397.0
2018-01-30 12:23:00,49.13,49.1375,49.1,49.1,2800.0
2018-01-30 12:24:00,49.1,49.135,49.095,49.135,3229.0
2018-01-30 12:25:00,49.11,49.11,49.09,49.1,1036.0
2018-01-30 12:26:00,49.1,49.11,49.1,49.11,476.0
2018-01-30 12:27:00,49.11,49.11,49.11,49.11,200.0
2018-01-30 12:28:00,49.11,49.11,49.11,49.11,200.0
2018-01-30 12:29:00,49.12,49.12,49.11,49.115,1010.0
2018-01-30 12:30:00,49.12,49.12,49.11,49.12,2307.0
2018-01-30 12:31:00,49.12,49.13,49.11,49.11,3960.0
2018-01-30 12:32:00,49.129,49.129,49.12,49.12,2341.0
2018-01-30 12:33:00,49.12,49.12,49.12,49.12,300.0
2018-01-30 12:34:00,49.12,49.12,49.11,49.11,3045.0
2018-01-30 12:35:00,49.135,49.135,49.13,49.13,1700.0
2018-01-30 12:36:00,49.12,49.13,49.11,49.13,2677.0
2018-01-30 12:37:00,49.14,49.14,49.12,49.12,1902.0
2018-01-30 12:38:00,49.13,49.14,49.13,49.14,700.0
2018-01-30 12:39:00,49.14,49.14,49.13,49.135,2831.0
2018-01-30 12:40:00,49.145,49.15,49.145,49.15,500.0
2018-01-30 12:41:00,49.15,49.16,49.14,49.15,3436.0
2018-01-30 12:42:00,49.155,49.16,49.155,49.16,1800.0
2018-01-30 12:43:00,49.17,49.17,49.16,49.165,754.0
2018-01-30 12:44:00,49.16,49.17,49.16,49.17,800.0
2018-01-30 12:45:00,49.15,49.165,49.15,49.165,2928.0
2018-01-30 12:46:00,49.14,49.17,49.14,49.16,3320.0
2018-01-30 12:47:00,49.11,49.141000000000005,49.11,49.141000000000005,4127.0
2018-01-30 12:48:00,49.13,49.13,49.1,49.1,2004.0
2018-01-30 12:49:00,49.12,49.12,49.12,49.12,200.0
2018-01-30 12:50:00,49.13,49.13,49.12,49.12,500.0
2018-01-30 12:51:00,49.145,49.145,49.12,49.12,1925.0
2018-01-30 12:52:00,49.15,49.15,49.145,49.145,2505.0
2018-01-30 12:53:00,49.14,49.145,49.13,49.14,2389.0
2018-01-30 12:54:00,49.14,49.14,49.12,49.12,2000.0
2018-01-30 12:55:00,49.135,49.14,49.123000000000005,49.123000000000005,1961.0
2018-01-30 12:56:00,49.12,49.13,49.11,49.13,3306.0
2018-01-30 12:57:00,49.13,49.13,49.12,49.12,600.0
2018-01-30 12:58:00,49.1145,49.12,49.1145,49.12,620.0
2018-01-30 12:59:00,49.11,49.11,49.11,49.11,400.0
2018-01-30 13:00:00,49.13,49.13,49.11,49.11,3008.0
2018-01-30 13:01:00,49.1255,49.1255,49.11,49.12,1435.0
2018-01-30 13:02:00,49.13,49.14,49.12,49.12,6410.0
2018-01-30 13:03:00,49.13,49.14,49.13,49.135,1329.0
2018-01-30 13:04:00,49.13,49.13,49.12,49.12,300.0
2018-01-30 13:05:00,49.1201,49.1201,49.12,49.12,1000.0
2018-01-30 13:06:00,49.12,49.125,49.12,49.12,1300.0
2018-01-30 13:07:00,49.12,49.135,49.12,49.12,3626.0
2018-01-30 13:08:00,49.12,49.12,49.12,49.12,800.0
2018-01-30 13:09:00,49.13,49.145,49.12,49.12,3441.0
2018-01-30 13:10:00,49.135,49.135,49.135,49.135,100.0
2018-01-30 13:11:00,49.15,49.15,49.135,49.135,1641.0
2018-01-30 13:12:00,49.15,49.16,49.14,49.14,1001.0
2018-01-30 13:14:00,49.14,49.155,49.14,49.15,1964.0
2018-01-30 13:15:00,49.14,49.14,49.14,49.14,300.0
2018-01-30 13:16:00,49.12,49.145,49.12,49.145,1466.0
2018-01-30 13:17:00,49.12,49.13,49.12,49.12,4441.0
2018-01-30 13:18:00,49.15,49.15,49.13,49.13,600.0
2018-01-30 13:19:00,49.1301,49.14,49.1301,49.14,1344.0
2018-01-30 13:20:00,49.14,49.14,49.13,49.13,640.0
2018-01-30 13:21:00,49.14,49.15,49.14,49.14,1541.0
2018-01-30 13:22:00,49.15,49.15,49.14,49.14,200.0
2018-01-30 13:23:00,49.13,49.14,49.13,49.14,4800.0
2018-01-30 13:24:00,49.14,49.14,49.13,49.13,400.0
2018-01-30 13:25:00,49.13,49.14,49.11,49.14,2150.0
2018-01-30 13:26:00,49.13,49.13,49.1248,49.13,735.0
2018-01-30 13:27:00,49.145,49.145,49.125,49.13,3300.0
2018-01-30 13:28:00,49.12,49.14,49.12,49.14,1508.0
2018-01-30 13:29:00,49.11,49.12,49.11,49.12,740.0
2018-01-30 13:30:00,49.13,49.13,49.115,49.12,3376.0
2018-01-30 13:31:00,49.14,49.14,49.13,49.13,1308.0
2018-01-30 13:32:00,49.145,49.15,49.14,49.14,503.0
2018-01-30 13:33:00,49.16,49.16,49.15,49.15,1305.0
2018-01-30 13:34:00,49.155,49.16,49.155,49.16,1111.0
2018-01-30 13:35:00,49.16,49.16,49.16,49.16,400.0
2018-01-30 13:36:00,49.175,49.1782,49.16,49.16,3279.0
2018-01-30 13:37:00,49.18,49.18,49.18,49.18,100.0
2018-01-30 13:39:00,49.176,49.1782,49.17,49.17,2314.0
2018-01-30 13:40:00,49.18,49.18,49.17,49.17,1475.0
2018-01-30 13:41:00,49.19,49.21,49.181000000000004,49.181000000000004,2583.0
2018-01-30 13:42:00,49.2,49.21,49.2,49.2,962.0
2018-01-30 13:43:00,49.23,49.23,49.205,49.21,1635.0
2018-01-30 13:44:00,49.23,49.23,49.21,49.22,3175.0
2018-01-30 13:45:00,49.23,49.23,49.23,49.23,200.0
2018-01-30 13:46:00,49.24,49.245,49.23,49.23,1619.0
2018-01-30 13:47:00,49.25,49.25,49.24,49.25,1200.0
2018-01-30 13:48:00,49.24,49.25,49.24,49.24,1923.0
2018-01-30 13:49:00,49.24,49.245,49.24,49.245,2300.0
2018-01-30 13:50:00,49.23,49.24,49.23,49.24,630.0
2018-01-30 13:51:00,49.255,49.26,49.23,49.23,6596.0
2018-01-30 13:52:00,49.25,49.26,49.25,49.255,1768.0
2018-01-30 13:53:00,49.255,49.26,49.25,49.25,700.0
2018-01-30 13:54:00,49.25,49.27,49.25,49.26,5744.0
2018-01-30 13:55:00,49.22,49.255,49.22,49.255,4111.0
2018-01-30 13:56:00,49.25,49.25,49.235,49.235,2501.0
2018-01-30 13:57:00,49.24,49.25,49.24,49.25,4212.0
2018-01-30 13:58:00,49.26,49.26,49.24,49.24,2000.0
2018-01-30 13:59:00,49.25,49.25,49.24,49.25,1317.0
2018-01-30 14:00:00,49.25,49.25,49.25,49.25,500.0
2018-01-30 14:01:00,49.25,49.26,49.25,49.255,2851.0
2018-01-30 14:02:00,49.26,49.26,49.25,49.25,600.0
2018-01-30 14:03:00,49.25,49.25,49.24,49.25,1300.0
2018-01-30 14:04:00,49.255,49.26,49.255,49.26,200.0
2018-01-30 14:05:00,49.265,49.265,49.255,49.26,1994.0
2018-01-30 14:06:00,49.26,49.27,49.25,49.27,3276.0
2018-01-30 14:07:00,49.24,49.26,49.23,49.26,2705.0
2018-01-30 14:08:00,49.25,49.265,49.25,49.26,2849.0
2018-01-30 14:09:00,49.26,49.26,49.24,49.24,1100.0
2018-01-30 14:10:00,49.26,49.26,49.24,49.26,2334.0
2018-01-30 14:11:00,49.27,49.27,49.26,49.26,200.0
2018-01-30 14:12:00,49.28,49.28,49.26,49.27,1956.0
2018-01-30 14:13:00,49.3,49.3,49.28,49.28,2845.0
2018-01-30 14:14:00,49.31,49.31,49.28,49.3,3285.0
2018-01-30 14:15:00,49.28,49.33,49.28,49.32,5436.0
2018-01-30 14:16:00,49.28,49.28,49.265,49.27,2058.0
2018-01-30 14:17:00,49.26,49.28,49.26,49.27,2719.0
2018-01-30 14:18:00,49.25,49.25,49.25,49.25,200.0
2018-01-30 14:19:00,49.2201,49.25,49.22,49.25,2877.0
2018-01-30 14:20:00,49.23,49.25,49.22,49.22,3727.0
2018-01-30 14:21:00,49.2,49.21,49.2,49.21,500.0
2018-01-30 14:22:00,49.19,49.205,49.19,49.205,1509.0
2018-01-30 14:23:00,49.18,49.2,49.17,49.19,31050.0
2018-01-30 14:24:00,49.18,49.18,49.16,49.175,8687.0
2018-01-30 14:25:00,49.185,49.19,49.18,49.18,800.0
2018-01-30 14:26:00,49.21,49.22,49.185,49.185,4171.0
2018-01-30 14:27:00,49.205,49.21,49.2,49.21,2602.0
2018-01-30 14:28:00,49.16,49.205,49.16,49.205,2975.0
2018-01-30 14:29:00,49.181000000000004,49.2,49.1784,49.18,1638.0
2018-01-30 14:30:00,49.19,49.2,49.17,49.18,2501.0
2018-01-30 14:31:00,49.17,49.19,49.16,49.19,2617.0
2018-01-30 14:32:00,49.16,49.18,49.16,49.18,977.0
2018-01-30 14:33:00,49.147,49.16,49.14,49.16,1388.0
2018-01-30 14:34:00,49.16,49.16,49.15,49.15,1048.0
2018-01-30 14:35:00,49.13,49.17,49.13,49.163000000000004,5169.0
2018-01-30 14:36:00,49.15,49.16,49.15,49.15,1000.0
2018-01-30 14:37:00,49.145,49.145,49.14,49.14,300.0
2018-01-30 14:38:00,49.14,49.14,49.14,49.14,100.0
2018-01-30 14:39:00,49.15,49.155,49.14,49.145,2300.0
2018-01-30 14:40:00,49.1598,49.1598,49.15,49.15,1884.0
2018-01-30 14:41:00,49.2,49.22,49.16,49.16,21524.0
2018-01-30 14:42:00,49.19,49.19,49.17,49.19,3526.0
2018-01-30 14:43:00,49.19,49.2,49.17,49.17,1300.0
2018-01-30 14:44:00,49.2,49.21,49.1701,49.1997,3335.0
2018-01-30 14:45:00,49.2001,49.205,49.2,49.2,2505.0
2018-01-30 14:46:00,49.21,49.21,49.2,49.2,1771.0
2018-01-30 14:47:00,49.1979,49.2029,49.1979,49.2,1969.0
2018-01-30 14:48:00,49.19,49.2,49.19,49.2,300.0
2018-01-30 14:49:00,49.19,49.195,49.19,49.19,2149.0
2018-01-30 14:50:00,49.18,49.19,49.18,49.19,1450.0
2018-01-30 14:51:00,49.18,49.185,49.17,49.18,1516.0
2018-01-30 14:52:00,49.18,49.185,49.18,49.185,600.0
2018-01-30 14:53:00,49.18,49.18,49.175,49.18,954.0
2018-01-30 14:54:00,49.2,49.2,49.19,49.19,2118.0
2018-01-30 14:55:00,49.1901,49.2,49.19,49.19,1100.0
2018-01-30 14:56:00,49.2,49.21,49.195,49.195,1469.0
2018-01-30 14:57:00,49.19,49.2,49.19,49.195,1800.0
2018-01-30 14:58:00,49.18,49.19,49.18,49.19,1530.0
2018-01-30 14:59:00,49.18,49.18,49.18,49.18,900.0
2018-01-30 15:00:00,49.18,49.18,49.17,49.18,1506.0
2018-01-30 15:01:00,49.155,49.17,49.15,49.17,2681.0
2018-01-30 15:02:00,49.18,49.18,49.16,49.16,1765.0
2018-01-30 15:03:00,49.17,49.18,49.16,49.18,2639.0
2018-01-30 15:04:00,49.17,49.175,49.17,49.17,1439.0
2018-01-30 15:05:00,49.175,49.175,49.175,49.175,200.0
2018-01-30 15:06:00,49.175,49.175,49.175,49.175,200.0
2018-01-30 15:07:00,49.175,49.18,49.17,49.175,3583.0
2018-01-30 15:08:00,49.15,49.17,49.15,49.17,4385.0
2018-01-30 15:09:00,49.16,49.16,49.14,49.145,8529.0
2018-01-30 15:10:00,49.13,49.16,49.13,49.16,2712.0
2018-01-30 15:11:00,49.15,49.15,49.125,49.13,3811.0
2018-01-30 15:12:00,49.14,49.14,49.14,49.14,848.0
2018-01-30 15:13:00,49.15,49.15,49.13,49.14,1805.0
2018-01-30 15:14:00,49.14,49.16,49.14,49.15,5637.0
2018-01-30 15:15:00,49.15,49.15,49.14,49.14,500.0
2018-01-30 15:16:00,49.15,49.16,49.15,49.15,7303.0
2018-01-30 15:17:00,49.13,49.1461,49.13,49.14,2883.0
2018-01-30 15:18:00,49.12,49.13,49.12,49.13,1607.0
2018-01-30 15:19:00,49.13,49.14,49.12,49.12,2045.0
2018-01-30 15:20:00,49.13,49.14,49.13,49.14,1386.0
2018-01-30 15:21:00,49.13,49.135,49.13,49.13,2771.0
2018-01-30 15:22:00,49.14,49.15,49.14,49.14,2726.0
2018-01-30 15:23:00,49.145,49.15,49.14,49.14,603.0
2018-01-30 15:24:00,49.1464,49.15,49.14,49.145,1580.0
2018-01-30 15:25:00,49.145,49.15,49.14,49.145,1400.0
2018-01-30 15:26:00,49.14,49.15,49.14,49.15,1300.0
2018-01-30 15:27:00,49.15,49.16,49.145,49.15,20627.0
2018-01-30 15:28:00,49.15,49.16,49.15,49.15,6349.0
2018-01-30 15:29:00,49.15,49.15,49.15,49.15,4480.0
2018-01-30 15:30:00,49.16,49.16,49.15,49.15,2593.0
2018-01-30 15:31:00,49.155,49.16,49.15,49.15,13658.0
2018-01-30 15:32:00,49.155,49.16,49.15,49.155,13774.0
2018-01-30 15:33:00,49.18,49.18,49.15,49.16,9391.0
2018-01-30 15:34:00,49.16,49.18,49.16,49.175,3849.0
2018-01-30 15:35:00,49.17,49.17,49.16,49.16,700.0
2018-01-30 15:36:00,49.2,49.21,49.17,49.17,13493.0
2018-01-30 15:37:00,49.2,49.2,49.19,49.2,2310.0
2018-01-30 15:38:00,49.195,49.2,49.19,49.2,2700.0
2018-01-30 15:39:00,49.18,49.22,49.17,49.195,17475.0
2018-01-30 15:40:00,49.185,49.19,49.1799,49.18,4494.0
2018-01-30 15:41:00,49.17,49.19,49.17,49.185,5522.0
2018-01-30 15:42:00,49.18,49.18,49.17,49.17,3215.0
2018-01-30 15:43:00,49.17,49.19,49.17,49.18,9470.0
2018-01-30 15:44:00,49.15,49.18,49.15,49.17,9231.0
2018-01-30 15:45:00,49.165,49.19,49.15,49.16,18793.0
2018-01-30 15:46:00,49.175,49.18,49.16,49.165,14009.0
2018-01-30 15:47:00,49.19,49.19,49.18,49.19,4094.0
2018-01-30 15:48:00,49.19,49.19,49.18,49.19,6346.0
2018-01-30 15:49:00,49.16,49.19,49.145,49.185,24633.0
2018-01-30 15:50:00,49.15,49.16,49.15,49.155,3810.0
2018-01-30 15:51:00,49.13,49.155,49.125,49.15,9516.0
2018-01-30 15:52:00,49.14,49.15,49.13,49.135,12237.0
2018-01-30 15:53:00,49.13,49.15,49.12,49.14,21408.0
2018-01-30 15:54:00,49.14,49.14,49.12,49.13,4785.0
2018-01-30 15:55:00,49.13,49.145,49.13,49.135,10563.0
2018-01-30 15:56:00,49.135,49.15,49.13,49.14,8485.0
2018-01-30 15:57:00,49.13,49.135,49.11,49.135,25562.0
2018-01-30 15:58:00,49.12,49.125,49.11,49.12,7527.0
2018-01-30 15:59:00,49.105,49.12,49.1,49.11,11602.0
2018-01-30 16:00:00,49.09,49.12,49.08,49.105,37934.0
2018-01-31 09:30:00,49.03,49.03,49.03,49.03,17733.0
2018-01-31 09:31:00,49.05,49.09,49.04,49.04,2987.0
2018-01-31 09:32:00,49.135,49.135,49.07,49.07,3000.0
2018-01-31 09:33:00,49.065,49.1,49.06,49.08,1684.0
2018-01-31 09:34:00,49.15,49.15,49.07,49.07,1000.0
2018-01-31 09:35:00,49.12,49.22,49.12,49.21,2178.0
2018-01-31 09:36:00,49.18,49.18,49.13,49.13,500.0
2018-01-31 09:37:00,49.29,49.29,49.19,49.19,4805.0
2018-01-31 09:38:00,49.32,49.33,49.27,49.29,15327.0
2018-01-31 09:39:00,49.36,49.36,49.27,49.32,4775.0
2018-01-31 09:40:00,49.33,49.341,49.32,49.341,3000.0
2018-01-31 09:41:00,49.27,49.33,49.27,49.33,8207.0
2018-01-31 09:42:00,49.15,49.27,49.15,49.27,1250.0
2018-01-31 09:43:00,49.06,49.15,49.06,49.15,2630.0
2018-01-31 09:44:00,49.05,49.07,49.05,49.06,1209.0
2018-01-31 09:45:00,49.01,49.05,49.0,49.05,1540.0
2018-01-31 09:46:00,48.98,49.04,48.98,49.03,8469.0
2018-01-31 09:47:00,49.03,49.035,48.95,48.97,4960.0
2018-01-31 09:48:00,49.04,49.05,49.01,49.025,1945.0
2018-01-31 09:49:00,49.02,49.05,49.0,49.04,2402.0
2018-01-31 09:50:00,49.04,49.05,49.03,49.04,1800.0
2018-01-31 09:51:00,49.02,49.05,49.02,49.05,1759.0
2018-01-31 09:52:00,49.015,49.03,49.0,49.03,5504.0
2018-01-31 09:53:00,49.02,49.02,49.01,49.01,996.0
2018-01-31 09:54:00,49.06,49.06,49.02,49.02,1300.0
2018-01-31 09:55:00,49.04,49.05,49.04,49.05,900.0
2018-01-31 09:56:00,49.08,49.08,49.05,49.06,1405.0
2018-01-31 09:57:00,49.07,49.09,49.07,49.07,4687.0
2018-01-31 09:58:00,49.11,49.11,49.07,49.07,2640.0
2018-01-31 09:59:00,49.11,49.11,49.1,49.1,300.0
2018-01-31 10:00:00,49.13,49.14,49.11,49.12,2600.0
2018-01-31 10:01:00,49.1,49.14,49.1,49.13,27829.0
2018-01-31 10:02:00,49.06,49.1,49.06,49.1,4200.0
2018-01-31 10:03:00,49.03,49.07,49.03,49.06,900.0
2018-01-31 10:04:00,49.09,49.09,49.03,49.03,17195.0
2018-01-31 10:05:00,49.12,49.135,49.09,49.09,800.0
2018-01-31 10:06:00,49.13,49.13,49.11,49.12,5200.0
2018-01-31 10:07:00,49.15,49.15,49.12,49.12,2448.0
2018-01-31 10:08:00,49.16,49.16,49.13,49.15,2710.0
2018-01-31 10:09:00,49.14,49.15,49.14,49.15,1629.0
2018-01-31 10:10:00,49.145,49.15,49.13,49.15,2000.0
2018-01-31 10:11:00,49.12,49.14,49.12,49.14,3565.0
2018-01-31 10:12:00,49.08,49.09,49.08,49.09,300.0
2018-01-31 10:13:00,49.09,49.09,49.08,49.08,600.0
2018-01-31 10:14:00,49.105,49.105,49.099,49.099,800.0
2018-01-31 10:15:00,49.135,49.135,49.095,49.1,2700.0
2018-01-31 10:16:00,49.1301,49.14,49.13,49.14,2638.0
2018-01-31 10:17:00,49.11,49.13,49.11,49.13,1672.0
2018-01-31 10:18:00,49.09,49.09,49.09,49.09,400.0
2018-01-31 10:19:00,49.08,49.09,49.08,49.09,1911.0
2018-01-31 10:20:00,49.11,49.11,49.09,49.09,1600.0
2018-01-31 10:21:00,49.14,49.14,49.105,49.105,4900.0
2018-01-31 10:22:00,49.11,49.15,49.11,49.15,5335.0
2018-01-31 10:23:00,49.11,49.11,49.1,49.1,1188.0
2018-01-31 10:24:00,49.11,49.11,49.1,49.11,2753.0
2018-01-31 10:25:00,49.15,49.17,49.11,49.11,4300.0
2018-01-31 10:26:00,49.14,49.15,49.14,49.15,1640.0
2018-01-31 10:27:00,49.1201,49.1201,49.12,49.12,1240.0
2018-01-31 10:28:00,49.15,49.15,49.13,49.13,1800.0
2018-01-31 10:29:00,49.13,49.15,49.13,49.14,1800.0
2018-01-31 10:30:00,49.05,49.12,49.05,49.12,3500.0
2018-01-31 10:31:00,49.04,49.05,49.03,49.05,4740.0
2018-01-31 10:32:00,49.03,49.04,49.03,49.04,320.0
2018-01-31 10:33:00,49.05,49.05,49.025,49.05,2102.0
2018-01-31 10:34:00,49.02,49.02,49.02,49.02,283.0
2018-01-31 10:35:00,49.04,49.04,49.03,49.03,600.0
2018-01-31 10:36:00,49.07,49.07,49.05,49.05,2300.0
2018-01-31 10:37:00,49.07,49.08,49.07,49.07,2000.0
2018-01-31 10:38:00,49.02,49.06,49.02,49.06,1962.0
2018-01-31 10:39:00,49.01,49.02,49.01,49.02,801.0
2018-01-31 10:40:00,49.01,49.01,49.01,49.01,1002.0
2018-01-31 10:41:00,49.04,49.04,48.99,49.005,4319.0
2018-01-31 10:42:00,49.05,49.05,49.05,49.05,100.0
2018-01-31 10:43:00,49.05,49.05,49.0447,49.0447,537.0
2018-01-31 10:44:00,49.06,49.06,49.05,49.06,700.0
2018-01-31 10:45:00,49.045,49.06,49.04,49.05,2500.0
2018-01-31 10:46:00,49.065,49.07,49.04,49.04,4620.0
2018-01-31 10:47:00,49.07,49.09,49.03,49.03,3930.0
2018-01-31 10:48:00,49.08,49.08,49.075,49.075,200.0
2018-01-31 10:49:00,49.11,49.12,49.1,49.1,2700.0
2018-01-31 10:50:00,49.1,49.11,49.1,49.11,1526.0
2018-01-31 10:51:00,49.14,49.15,49.1,49.1,2274.0
2018-01-31 10:52:00,49.14,49.14,49.14,49.14,600.0
2018-01-31 10:53:00,49.15,49.15,49.14,49.14,1500.0
2018-01-31 10:54:00,49.14,49.15,49.13,49.15,2500.0
2018-01-31 10:55:00,49.16,49.16,49.15,49.15,3124.0
2018-01-31 10:56:00,49.18,49.18,49.16,49.16,947.0
2018-01-31 10:57:00,49.18,49.2,49.18,49.2,1584.0
2018-01-31 10:58:00,49.15,49.19,49.14,49.19,2866.0
2018-01-31 10:59:00,49.14,49.14,49.12,49.14,1265.0
2018-01-31 11:00:00,49.2,49.2,49.16,49.16,2863.0
2018-01-31 11:01:00,49.15,49.18,49.15,49.18,1000.0
2018-01-31 11:02:00,49.16,49.16,49.15,49.15,1600.0
2018-01-31 11:03:00,49.1666,49.17,49.16,49.17,750.0
2018-01-31 11:04:00,49.16,49.16,49.15,49.16,2568.0
2018-01-31 11:05:00,49.18,49.18,49.15,49.15,1100.0
2018-01-31 11:06:00,49.18,49.19,49.18,49.185,1763.0
2018-01-31 11:07:00,49.16,49.18,49.16,49.18,1300.0
2018-01-31 11:08:00,49.1958,49.2,49.17,49.17,1265.0
2018-01-31 11:09:00,49.19,49.199,49.19,49.195,1602.0
2018-01-31 11:10:00,49.195,49.195,49.16,49.17,1400.0
2018-01-31 11:11:00,49.2,49.21,49.185,49.19,3101.0
2018-01-31 11:12:00,49.21,49.22,49.21,49.21,1500.0
2018-01-31 11:13:00,49.21,49.22,49.21,49.21,2313.0
2018-01-31 11:14:00,49.2,49.21,49.2,49.21,3080.0
2018-01-31 11:15:00,49.22,49.24,49.21,49.21,3706.0
2018-01-31 11:16:00,49.2,49.22,49.2,49.22,1399.0
2018-01-31 11:17:00,49.21,49.21,49.2,49.2,1094.0
2018-01-31 11:18:00,49.2,49.21,49.2,49.21,700.0
2018-01-31 11:19:00,49.2,49.21,49.2,49.205,1890.0
2018-01-31 11:20:00,49.235,49.25,49.21,49.21,1732.0
2018-01-31 11:21:00,49.24,49.24,49.23,49.235,910.0
2018-01-31 11:22:00,49.235,49.245,49.23,49.24,3700.0
2018-01-31 11:23:00,49.225,49.23,49.22,49.23,1500.0
2018-01-31 11:24:00,49.22,49.225,49.22,49.22,500.0
2018-01-31 11:25:00,49.26,49.26,49.21,49.22,8483.0
2018-01-31 11:26:00,49.265,49.27,49.26,49.26,300.0
2018-01-31 11:27:00,49.27,49.28,49.27,49.27,1639.0
2018-01-31 11:28:00,49.26,49.27,49.26,49.27,1700.0
2018-01-31 11:29:00,49.28,49.28,49.25,49.25,7852.0
2018-01-31 11:30:00,49.27,49.28,49.27,49.28,1200.0
2018-01-31 11:31:00,49.31,49.31,49.265,49.265,1093.0
2018-01-31 11:32:00,49.34,49.34,49.31,49.31,2010.0
2018-01-31 11:33:00,49.33,49.34,49.33,49.34,500.0
2018-01-31 11:34:00,49.31,49.34,49.31,49.33,4351.0
2018-01-31 11:35:00,49.325,49.33,49.315,49.315,2201.0
2018-01-31 11:36:00,49.3,49.32,49.29,49.32,1798.0
2018-01-31 11:37:00,49.28,49.3,49.28,49.3,2200.0
2018-01-31 11:38:00,49.27,49.27,49.27,49.27,900.0
2018-01-31 11:39:00,49.26,49.28,49.26,49.26,6013.0
2018-01-31 11:40:00,49.26,49.265,49.25,49.26,1442.0
2018-01-31 11:41:00,49.27,49.27,49.25,49.26,3401.0
2018-01-31 11:42:00,49.24,49.26,49.24,49.26,1114.0
2018-01-31 11:43:00,49.225,49.25,49.225,49.25,872.0
2018-01-31 11:44:00,49.24,49.243,49.23,49.23,1250.0
2018-01-31 11:45:00,49.2352,49.24,49.2352,49.24,425.0
2018-01-31 11:46:00,49.2345,49.235,49.2345,49.235,284.0
2018-01-31 11:47:00,49.23,49.235,49.22,49.23,4207.0
2018-01-31 11:48:00,49.24,49.24,49.235,49.235,3127.0
2018-01-31 11:49:00,49.26,49.26,49.23,49.24,2700.0
2018-01-31 11:50:00,49.26,49.265,49.26,49.265,400.0
2018-01-31 11:51:00,49.27,49.27,49.26,49.26,4807.0
2018-01-31 11:52:00,49.29,49.29,49.27,49.29,1200.0
2018-01-31 11:53:00,49.2948,49.31,49.29,49.31,1401.0
2018-01-31 11:54:00,49.3,49.3,49.28,49.29,1245.0
2018-01-31 11:55:00,49.32,49.32,49.3,49.3,700.0
2018-01-31 11:56:00,49.33,49.33,49.32,49.32,600.0
2018-01-31 11:57:00,49.32,49.33,49.32,49.33,1000.0
2018-01-31 11:58:00,49.31,49.32,49.305,49.32,2399.0
2018-01-31 12:00:00,49.29,49.31,49.29,49.3,1788.0
2018-01-31 12:01:00,49.305,49.31,49.3,49.3,2210.0
2018-01-31 12:02:00,49.31,49.315,49.31,49.31,1080.0
2018-01-31 12:03:00,49.3252,49.3252,49.32,49.32,2925.0
2018-01-31 12:04:00,49.3526,49.3526,49.32,49.32,3871.0
2018-01-31 12:05:00,49.35,49.35,49.35,49.35,300.0
2018-01-31 12:06:00,49.305,49.36,49.305,49.36,4400.0
2018-01-31 12:07:00,49.29,49.3,49.29,49.3,2100.0
2018-01-31 12:08:00,49.29,49.3,49.29,49.3,365.0
2018-01-31 12:09:00,49.27,49.29,49.27,49.29,1208.0
2018-01-31 12:10:00,49.27,49.27,49.27,49.27,300.0
2018-01-31 12:11:00,49.2714,49.2714,49.27,49.27,300.0
2018-01-31 12:12:00,49.265,49.275,49.265,49.27,1500.0
2018-01-31 12:13:00,49.26,49.26,49.26,49.26,1100.0
2018-01-31 12:14:00,49.285,49.29,49.26,49.26,5341.0
2018-01-31 12:15:00,49.26,49.285,49.26,49.28,2887.0
2018-01-31 12:16:00,49.25,49.25,49.25,49.25,750.0
2018-01-31 12:17:00,49.24,49.24,49.24,49.24,100.0
2018-01-31 12:18:00,49.23,49.24,49.23,49.24,611.0
2018-01-31 12:19:00,49.27,49.27,49.24,49.24,2200.0
2018-01-31 12:20:00,49.27,49.27,49.27,49.27,1500.0
2018-01-31 12:21:00,49.26,49.27,49.26,49.265,1900.0
2018-01-31 12:22:00,49.27,49.27,49.27,49.27,3100.0
2018-01-31 12:23:00,49.26,49.2699,49.26,49.2614,300.0
2018-01-31 12:24:00,49.26,49.27,49.26,49.27,2300.0
2018-01-31 12:25:00,49.27,49.27,49.26,49.26,2664.0
2018-01-31 12:26:00,49.27,49.28,49.27,49.275,1400.0
2018-01-31 12:27:00,49.26,49.265,49.26,49.26,1715.0
2018-01-31 12:28:00,49.25,49.25,49.25,49.25,100.0
2018-01-31 12:29:00,49.27,49.27,49.26,49.26,1050.0
2018-01-31 12:30:00,49.28,49.28,49.27,49.27,932.0
2018-01-31 12:31:00,49.29,49.29,49.29,49.29,794.0
2018-01-31 12:33:00,49.3,49.32,49.29,49.3,5054.0
2018-01-31 12:34:00,49.34,49.34,49.31,49.31,3425.0
2018-01-31 12:35:00,49.355,49.36,49.35,49.35,3940.0
2018-01-31 12:36:00,49.34,49.35,49.34,49.35,1600.0
2018-01-31 12:37:00,49.34,49.34,49.34,49.34,300.0
2018-01-31 12:38:00,49.36,49.36,49.35,49.35,3547.0
2018-01-31 12:39:00,49.36,49.36,49.35,49.36,400.0
2018-01-31 12:40:00,49.38,49.38,49.36,49.36,1700.0
2018-01-31 12:41:00,49.3,49.39,49.14,49.39,47171.0
2018-01-31 12:42:00,49.3,49.32,49.3,49.31,4380.0
2018-01-31 12:43:00,49.28,49.28,49.27,49.28,1990.0
2018-01-31 12:44:00,49.29,49.29,49.28,49.29,1128.0
2018-01-31 12:45:00,49.25,49.29,49.24,49.29,2907.0
2018-01-31 12:46:00,49.26,49.2675,49.24,49.24,1500.0
2018-01-31 12:47:00,49.24,49.26,49.24,49.26,1100.0
2018-01-31 12:48:00,49.29,49.3,49.24,49.24,2184.0
2018-01-31 12:49:00,49.2601,49.28,49.26,49.28,1649.0
2018-01-31 12:50:00,49.27,49.27,49.27,49.27,598.0
2018-01-31 12:51:00,49.26,49.26,49.25,49.26,1100.0
2018-01-31 12:52:00,49.27,49.27,49.26,49.26,1462.0
2018-01-31 12:53:00,49.25,49.26,49.25,49.26,2831.0
2018-01-31 12:54:00,49.28,49.28,49.25,49.255,2075.0
2018-01-31 12:55:00,49.28,49.28,49.28,49.28,900.0
2018-01-31 12:56:00,49.26,49.27,49.26,49.27,1600.0
2018-01-31 12:57:00,49.22,49.26,49.22,49.26,1030.0
2018-01-31 12:58:00,49.21,49.23,49.21,49.22,1902.0
2018-01-31 12:59:00,49.24,49.24,49.22,49.22,1000.0
2018-01-31 13:00:00,49.26,49.26,49.2461,49.26,1550.0
2018-01-31 13:01:00,49.27,49.27,49.25,49.26,3425.0
2018-01-31 13:02:00,49.25,49.26,49.2425,49.26,2050.0
2018-01-31 13:03:00,49.235,49.24,49.23,49.24,910.0
2018-01-31 13:04:00,49.24,49.24,49.24,49.24,2300.0
2018-01-31 13:05:00,49.23,49.25,49.23,49.24,3555.0
2018-01-31 13:06:00,49.24,49.25,49.22,49.22,3401.0
2018-01-31 13:07:00,49.22,49.23,49.22,49.23,1700.0
2018-01-31 13:08:00,49.22,49.22,49.22,49.22,1700.0
2018-01-31 13:09:00,49.19,49.22,49.19,49.22,5682.0
2018-01-31 13:10:00,49.24,49.24,49.2,49.2,5355.0
2018-01-31 13:11:00,49.23,49.24,49.23,49.24,2206.0
2018-01-31 13:12:00,49.24,49.24,49.23,49.23,800.0
2018-01-31 13:13:00,49.23,49.24,49.23,49.24,2818.0
2018-01-31 13:14:00,49.25,49.25,49.235,49.235,891.0
2018-01-31 13:15:00,49.255,49.255,49.25,49.255,300.0
2018-01-31 13:16:00,49.26,49.27,49.25,49.255,1700.0
2018-01-31 13:17:00,49.26,49.27,49.26,49.27,700.0
2018-01-31 13:18:00,49.27,49.285,49.265,49.265,3213.0
2018-01-31 13:19:00,49.28,49.28,49.26,49.27,400.0
2018-01-31 13:20:00,49.255,49.26,49.255,49.26,1762.0
2018-01-31 13:21:00,49.25,49.26,49.25,49.255,1192.0
2018-01-31 13:22:00,49.245,49.25,49.245,49.25,1700.0
2018-01-31 13:23:00,49.26,49.26,49.24,49.2414,2156.0
2018-01-31 13:24:00,49.28,49.28,49.26,49.26,1601.0
2018-01-31 13:25:00,49.26,49.28,49.255,49.27,7163.0
2018-01-31 13:26:00,49.26,49.26,49.255,49.255,500.0
2018-01-31 13:27:00,49.26,49.26,49.255,49.255,1100.0
2018-01-31 13:28:00,49.26,49.27,49.26,49.26,800.0
2018-01-31 13:29:00,49.26,49.26,49.26,49.26,1234.0
2018-01-31 13:30:00,49.26,49.26,49.26,49.26,1035.0
2018-01-31 13:31:00,49.26,49.26,49.26,49.26,100.0
2018-01-31 13:32:00,49.26,49.27,49.26,49.2648,1860.0
2018-01-31 13:33:00,49.27,49.27,49.27,49.27,100.0
2018-01-31 13:34:00,49.27,49.28,49.27,49.27,3608.0
2018-01-31 13:35:00,49.265,49.27,49.26,49.27,12396.0
2018-01-31 13:36:00,49.25,49.26,49.25,49.26,1600.0
2018-01-31 13:37:00,49.24,49.27,49.24,49.25,4482.0
2018-01-31 13:38:00,49.2,49.24,49.19,49.24,4500.0
2018-01-31 13:39:00,49.2,49.2,49.2,49.2,1454.0
2018-01-31 13:40:00,49.2,49.2,49.2,49.2,100.0
2018-01-31 13:41:00,49.21,49.21,49.19,49.19,3000.0
2018-01-31 13:42:00,49.21,49.21,49.21,49.21,100.0
2018-01-31 13:43:00,49.215,49.215,49.215,49.215,215.0
2018-01-31 13:44:00,49.215,49.22,49.21,49.21,400.0
2018-01-31 13:45:00,49.205,49.22,49.2,49.22,3480.0
2018-01-31 13:46:00,49.13,49.21,49.13,49.21,6289.0
2018-01-31 13:47:00,49.155,49.155,49.14,49.14,3269.0
2018-01-31 13:48:00,49.145,49.16,49.145,49.155,3074.0
2018-01-31 13:49:00,49.14,49.15,49.14,49.14,3705.0
2018-01-31 13:50:00,49.14,49.14,49.13,49.13,1215.0
2018-01-31 13:51:00,49.13,49.135,49.13,49.13,600.0
2018-01-31 13:52:00,49.135,49.135,49.13,49.13,200.0
2018-01-31 13:53:00,49.1,49.1358,49.09,49.13,5586.0
2018-01-31 13:54:00,49.09,49.11,49.08,49.1,5751.0
2018-01-31 13:55:00,49.105,49.105,49.095,49.095,2124.0
2018-01-31 13:56:00,49.1,49.11,49.1,49.11,2317.0
2018-01-31 13:57:00,49.08,49.11,49.08,49.1,8915.0
2018-01-31 13:58:00,49.09,49.1,49.08,49.09,4700.0
2018-01-31 13:59:00,49.06,49.09,49.056999999999995,49.085,5815.0
2018-01-31 14:00:00,49.06,49.06,49.05,49.05,1800.0
2018-01-31 14:01:00,49.085,49.09,49.06,49.06,7056.0
2018-01-31 14:02:00,49.12,49.12,49.07,49.08,6423.0
2018-01-31 14:03:00,49.19,49.22,49.14,49.14,4601.0
2018-01-31 14:04:00,49.19,49.21,49.19,49.19,2313.0
2018-01-31 14:05:00,49.09,49.19,49.09,49.19,5961.0
2018-01-31 14:06:00,49.0701,49.15,49.04,49.09,7447.0
2018-01-31 14:07:00,49.08,49.1,49.07,49.09,2700.0
2018-01-31 14:08:00,49.09,49.15,49.09,49.09,5986.0
2018-01-31 14:09:00,49.07,49.1,49.07,49.07,3364.0
2018-01-31 14:10:00,49.09,49.09,49.06,49.07,3400.0
2018-01-31 14:11:00,49.05,49.08,49.04,49.08,5000.0
2018-01-31 14:12:00,49.06,49.065,49.04,49.05,3882.0
2018-01-31 14:13:00,49.02,49.05,49.01,49.05,2668.0
2018-01-31 14:14:00,49.02,49.02,49.01,49.01,3565.0
2018-01-31 14:15:00,49.03,49.03,49.02,49.02,3084.0
2018-01-31 14:16:00,49.0175,49.07,49.01,49.02,17114.0
2018-01-31 14:17:00,49.01,49.02,49.0,49.015,6925.0
2018-01-31 14:18:00,48.95,49.05,48.93,49.02,9095.0
2018-01-31 14:19:00,48.9402,48.97,48.92,48.92,7402.0
2018-01-31 14:20:00,48.95,48.9697,48.94,48.95,4983.0
2018-01-31 14:21:00,48.95,48.95,48.93,48.95,4299.0
2018-01-31 14:22:00,48.95,48.97,48.94,48.95,9852.0
2018-01-31 14:23:00,48.96,48.96,48.95,48.95,2600.0
2018-01-31 14:24:00,48.91,48.97,48.86,48.97,7914.0
2018-01-31 14:25:00,48.85,48.92,48.83,48.92,9001.0
2018-01-31 14:26:00,48.85,48.9,48.85,48.86,4200.0
2018-01-31 14:27:00,48.89,48.895,48.86,48.86,2900.0
2018-01-31 14:28:00,48.92,48.92,48.88,48.885,4400.0
2018-01-31 14:29:00,48.9,48.925,48.89,48.92,8328.0
2018-01-31 14:30:00,48.9,48.945,48.895,48.91,9464.0
2018-01-31 14:31:00,48.88,48.91,48.85,48.9,4118.0
2018-01-31 14:32:00,48.865,48.9,48.865,48.88,6554.0
2018-01-31 14:33:00,48.87,48.88,48.86,48.87,3700.0
2018-01-31 14:34:00,48.85,48.86,48.83,48.86,6189.0
2018-01-31 14:35:00,48.85,48.86,48.83,48.86,3867.0
2018-01-31 14:36:00,48.83,48.84,48.805,48.84,5975.0
2018-01-31 14:37:00,48.82,48.83,48.8,48.82,3000.0
2018-01-31 14:38:00,48.84,48.84,48.82,48.82,4050.0
2018-01-31 14:39:00,48.82,48.855,48.8,48.84,9953.0
2018-01-31 14:40:00,48.82,48.82,48.8,48.82,2802.0
2018-01-31 14:41:00,48.79,48.82,48.78,48.82,5806.0
2018-01-31 14:42:00,48.81,48.82,48.78,48.7896,4761.0
2018-01-31 14:43:00,48.81,48.82,48.78,48.8,4000.0
2018-01-31 14:44:00,48.81,48.81,48.79,48.81,4008.0
2018-01-31 14:45:00,48.845,48.86,48.82,48.82,3920.0
2018-01-31 14:46:00,48.7708,48.85,48.7708,48.85,19053.0
2018-01-31 14:47:00,48.74,48.78,48.72,48.78,15559.0
2018-01-31 14:48:00,48.67,48.76,48.67,48.75,23463.0
2018-01-31 14:49:00,48.705,48.705,48.68,48.69,7601.0
2018-01-31 14:50:00,48.69,48.73,48.69,48.71,10420.0
2018-01-31 14:51:00,48.675,48.705,48.635,48.705,18669.0
2018-01-31 14:52:00,48.72,48.75,48.675,48.68,10972.0
2018-01-31 14:53:00,48.72,48.76,48.72,48.72,6068.0
2018-01-31 14:54:00,48.75,48.76,48.74,48.74,4647.0
2018-01-31 14:55:00,48.77,48.77,48.73,48.75,4320.0
2018-01-31 14:56:00,48.79,48.81,48.78,48.78,6231.0
2018-01-31 14:57:00,48.79,48.8,48.77,48.79,6300.0
2018-01-31 14:58:00,48.8,48.81,48.79,48.8,5469.0
2018-01-31 14:59:00,48.83,48.85,48.8,48.8,5147.0
2018-01-31 15:00:00,48.86,48.86,48.82,48.82,2200.0
2018-01-31 15:01:00,48.8401,48.85,48.81,48.85,5431.0
2018-01-31 15:02:00,48.88,48.88,48.84,48.86,4550.0
2018-01-31 15:03:00,48.83,48.89,48.83,48.885,14553.0
2018-01-31 15:04:00,48.81,48.845,48.8,48.81,14528.0
2018-01-31 15:05:00,48.81,48.84,48.81,48.82,6624.0
2018-01-31 15:06:00,48.79,48.82,48.78,48.81,2939.0
2018-01-31 15:07:00,48.77,48.79,48.77,48.79,5250.0
2018-01-31 15:08:00,48.75,48.79,48.75,48.771,11311.0
2018-01-31 15:09:00,48.76,48.76,48.75,48.75,8200.0
2018-01-31 15:10:00,48.73,48.76,48.71,48.75,15183.0
2018-01-31 15:11:00,48.72,48.74,48.72,48.74,5058.0
2018-01-31 15:12:00,48.76,48.77,48.715,48.72,5963.0
2018-01-31 15:13:00,48.75,48.755,48.75,48.755,1200.0
2018-01-31 15:14:00,48.78,48.78,48.75,48.75,5584.0
2018-01-31 15:15:00,48.75,48.785,48.735,48.785,10671.0
2018-01-31 15:16:00,48.77,48.77,48.75,48.75,4300.0
2018-01-31 15:17:00,48.81,48.81,48.77,48.77,6067.0
2018-01-31 15:18:00,48.77,48.8,48.77,48.8,6811.0
2018-01-31 15:19:00,48.8,48.8,48.77,48.77,6157.0
2018-01-31 15:20:00,48.81,48.81,48.8,48.8,5068.0
2018-01-31 15:21:00,48.82,48.82,48.795,48.8,7532.0
2018-01-31 15:22:00,48.79,48.82,48.79,48.82,4485.0
2018-01-31 15:23:00,48.81,48.82,48.79,48.79,3846.0
2018-01-31 15:24:00,48.81,48.81,48.795,48.81,5267.0
2018-01-31 15:25:00,48.82,48.82,48.805,48.81,3492.0
2018-01-31 15:26:00,48.82,48.83,48.81,48.82,5196.0
2018-01-31 15:27:00,48.83,48.83,48.815,48.815,3544.0
2018-01-31 15:28:00,48.835,48.84,48.82,48.83,7945.0
2018-01-31 15:29:00,48.8275,48.85,48.81,48.83,11260.0
2018-01-31 15:30:00,48.84,48.85,48.83,48.84,5125.0
2018-01-31 15:31:00,48.84,48.85,48.835,48.84,2700.0
2018-01-31 15:32:00,48.835,48.845,48.83,48.84,4200.0
2018-01-31 15:33:00,48.83,48.83,48.83,48.83,500.0
2018-01-31 15:34:00,48.9,48.9,48.84,48.84,19222.0
2018-01-31 15:35:00,48.89,48.905,48.88,48.905,11095.0
2018-01-31 15:36:00,48.895,48.895,48.88,48.885,4632.0
2018-01-31 15:37:00,48.91,48.92,48.895,48.895,8356.0
2018-01-31 15:38:00,48.92,48.93,48.91,48.91,10573.0
2018-01-31 15:39:00,48.9,48.93,48.885,48.91,14147.0
2018-01-31 15:40:00,48.89,48.91,48.89,48.9,2743.0
2018-01-31 15:41:00,48.92,48.95,48.9,48.9,19737.0
2018-01-31 15:42:00,48.92,48.93,48.915,48.93,4881.0
2018-01-31 15:43:00,48.97,48.97,48.92,48.92,11507.0
2018-01-31 15:44:00,48.93,48.97,48.93,48.96,8580.0
2018-01-31 15:45:00,48.91,48.94,48.91,48.93,10494.0
2018-01-31 15:46:00,48.96,48.96,48.91,48.91,12394.0
2018-01-31 15:47:00,48.97,48.98,48.96,48.96,7674.0
2018-01-31 15:48:00,48.96,48.98,48.95,48.98,9312.0
2018-01-31 15:49:00,48.95,48.97,48.93,48.97,8102.0
2018-01-31 15:50:00,48.94,48.94,48.92,48.94,8102.0
2018-01-31 15:51:00,48.9354,48.96,48.93,48.93,18894.0
2018-01-31 15:52:00,48.93,48.93,48.91,48.93,9500.0
2018-01-31 15:53:00,48.9,48.95,48.89,48.925,17742.0
2018-01-31 15:54:00,48.905,48.92,48.9,48.9,7269.0
2018-01-31 15:55:00,48.89,48.92,48.885,48.91,23389.0
2018-01-31 15:56:00,48.85,48.89,48.85,48.885,16995.0
2018-01-31 15:57:00,48.85,48.86,48.84,48.85,19615.0
2018-01-31 15:58:00,48.91,48.91,48.85,48.85,46476.0
2018-01-31 15:59:00,48.9,48.92,48.9,48.905,24620.0
2018-01-31 16:00:00,48.85,48.91,48.85,48.9,75410.0
2018-02-01 09:30:00,48.91,48.91,48.91,48.91,13807.0
2018-02-01 09:31:00,48.83,48.86,48.75,48.86,2700.0
2018-02-01 09:32:00,48.91,48.91,48.83,48.86,3000.0
2018-02-01 09:33:00,48.89,48.92,48.84,48.88,2960.0
2018-02-01 09:34:00,48.83,48.89,48.83,48.88,6213.0
2018-02-01 09:35:00,48.79,48.8,48.68,48.79,5082.0
2018-02-01 09:36:00,48.81,48.81,48.7624,48.7624,400.0
2018-02-01 09:37:00,48.73,48.82,48.73,48.81,5387.0
2018-02-01 09:38:00,48.69,48.75,48.68,48.75,5791.0
2018-02-01 09:39:00,48.73,48.74,48.69,48.69,4264.0
2018-02-01 09:40:00,48.74,48.74,48.71,48.74,1801.0
2018-02-01 09:41:00,48.8,48.8,48.74,48.75,5050.0
2018-02-01 09:42:00,48.81,48.82,48.76,48.76,1513.0
2018-02-01 09:43:00,48.76,48.81,48.74,48.8,3384.0
2018-02-01 09:44:00,48.78,48.78,48.74,48.76,3100.0
2018-02-01 09:45:00,48.79,48.79,48.78,48.78,2100.0
2018-02-01 09:46:00,48.8,48.82,48.78,48.78,2548.0
2018-02-01 09:47:00,48.8,48.8,48.78,48.79,1660.0
2018-02-01 09:48:00,48.79,48.85,48.79,48.805,5235.0
2018-02-01 09:49:00,48.82,48.82,48.78,48.8,4180.0
2018-02-01 09:50:00,48.81,48.82,48.81,48.82,500.0
2018-02-01 09:51:00,48.8,48.81,48.79,48.81,2200.0
2018-02-01 09:52:00,48.77,48.8,48.73,48.8,3250.0
2018-02-01 09:53:00,48.87,48.87,48.78,48.78,2969.0
2018-02-01 09:54:00,48.81,48.875,48.81,48.875,3200.0
2018-02-01 09:55:00,48.78,48.83,48.78,48.83,2073.0
2018-02-01 09:56:00,48.89,48.89,48.79,48.79,4290.0
2018-02-01 09:57:00,48.9,48.9,48.87,48.89,2521.0
2018-02-01 09:58:00,48.92,48.92,48.91,48.91,700.0
2018-02-01 09:59:00,48.92,48.93,48.91,48.91,2923.0
2018-02-01 10:00:00,48.93,48.95,48.915,48.93,3378.0
2018-02-01 10:01:00,48.93,48.93,48.91,48.93,710.0
2018-02-01 10:02:00,48.94,48.94,48.9,48.93,5671.0
2018-02-01 10:03:00,48.93,48.94,48.9,48.93,13532.0
2018-02-01 10:04:00,48.9398,48.9398,48.92,48.93,800.0
2018-02-01 10:05:00,48.92,48.96,48.92,48.93,5053.0
2018-02-01 10:06:00,48.9,48.95,48.9,48.93,6109.0
2018-02-01 10:07:00,48.86,48.9,48.86,48.9,3200.0
2018-02-01 10:08:00,48.85,48.85,48.8301,48.8301,1296.0
2018-02-01 10:09:00,48.83,48.85,48.83,48.85,2988.0
2018-02-01 10:10:00,48.87,48.89,48.81,48.82,6659.0
2018-02-01 10:11:00,48.86,48.86,48.85,48.85,300.0
2018-02-01 10:12:00,48.86,48.865,48.855,48.86,1158.0
2018-02-01 10:13:00,48.87,48.88,48.85,48.85,7250.0
2018-02-01 10:14:00,48.87,48.88,48.87,48.87,3600.0
2018-02-01 10:15:00,48.85,48.865,48.84,48.865,2219.0
2018-02-01 10:16:00,48.88,48.89,48.86,48.86,4754.0
2018-02-01 10:17:00,48.9,48.9,48.87,48.88,6720.0
2018-02-01 10:18:00,48.85,48.9,48.84,48.9,10014.0
2018-02-01 10:19:00,48.85,48.85,48.85,48.85,1100.0
2018-02-01 10:20:00,48.84,48.86,48.84,48.855,4464.0
2018-02-01 10:21:00,48.87,48.87,48.82,48.84,8861.0
2018-02-01 10:22:00,48.85,48.88,48.841,48.87,8500.0
2018-02-01 10:23:00,48.81,48.84,48.81,48.84,3702.0
2018-02-01 10:24:00,48.86,48.871,48.83,48.83,2990.0
2018-02-01 10:25:00,48.83,48.865,48.83,48.865,4825.0
2018-02-01 10:26:00,48.795,48.82,48.795,48.82,1826.0
2018-02-01 10:27:00,48.79,48.79,48.78,48.79,1502.0
2018-02-01 10:28:00,48.77,48.78,48.769,48.78,3108.0
2018-02-01 10:29:00,48.78,48.78,48.78,48.78,599.0
2018-02-01 10:30:00,48.81,48.83,48.78,48.78,4188.0
2018-02-01 10:31:00,48.81,48.81,48.8,48.8,2235.0
2018-02-01 10:32:00,48.84,48.84,48.79,48.81,3377.0
2018-02-01 10:33:00,48.82,48.85,48.82,48.84,3704.0
2018-02-01 10:34:00,48.88,48.88,48.83,48.83,2343.0
2018-02-01 10:35:00,48.83,48.87,48.83,48.87,4113.0
2018-02-01 10:36:00,48.88,48.88,48.84,48.84,2805.0
2018-02-01 10:37:00,48.865,48.875,48.86,48.87,6100.0
2018-02-01 10:38:00,48.87,48.87,48.865,48.865,3606.0
2018-02-01 10:39:00,48.87,48.87,48.87,48.87,100.0
2018-02-01 10:40:00,48.83,48.87,48.82,48.87,7700.0
2018-02-01 10:41:00,48.8,48.83,48.8,48.83,2606.0
2018-02-01 10:42:00,48.83,48.83,48.79,48.79,4561.0
2018-02-01 10:43:00,48.81,48.825,48.81,48.825,1533.0
2018-02-01 10:44:00,48.815,48.815,48.81,48.81,730.0
2018-02-01 10:45:00,48.82,48.83,48.82,48.82,3687.0
2018-02-01 10:46:00,48.83,48.84,48.83,48.83,2130.0
2018-02-01 10:47:00,48.85,48.85,48.825,48.825,3776.0
2018-02-01 10:48:00,48.851000000000006,48.88,48.85,48.86,5384.0
2018-02-01 10:49:00,48.845,48.85,48.84,48.85,1398.0
2018-02-01 10:50:00,48.86,48.86,48.85,48.85,3100.0
2018-02-01 10:51:00,48.81,48.86,48.81,48.86,5504.0
2018-02-01 10:52:00,48.79,48.805,48.78,48.805,3074.0
2018-02-01 10:53:00,48.77,48.78,48.76,48.78,1200.0
2018-02-01 10:54:00,48.77,48.77,48.75,48.77,2918.0
2018-02-01 10:55:00,48.76,48.76,48.75,48.76,2900.0
2018-02-01 10:56:00,48.81,48.81,48.77,48.77,3200.0
2018-02-01 10:57:00,48.81,48.81,48.81,48.81,1700.0
2018-02-01 10:58:00,48.78,48.8,48.78,48.8,2322.0
2018-02-01 10:59:00,48.785,48.79,48.785,48.785,600.0
2018-02-01 11:00:00,48.78,48.79,48.78,48.79,5600.0
2018-02-01 11:01:00,48.825,48.825,48.785,48.785,2383.0
2018-02-01 11:02:00,48.84,48.84,48.83,48.83,1121.0
2018-02-01 11:03:00,48.84,48.84,48.8399,48.8399,954.0
2018-02-01 11:04:00,48.83,48.845,48.83,48.84,2526.0
2018-02-01 11:05:00,48.84,48.84,48.83,48.83,400.0
2018-02-01 11:06:00,48.81,48.83,48.8,48.83,6624.0
2018-02-01 11:07:00,48.8,48.8,48.78,48.8,8278.0
2018-02-01 11:08:00,48.79,48.8,48.78,48.8,900.0
2018-02-01 11:09:00,48.79,48.81,48.79,48.79,3700.0
2018-02-01 11:10:00,48.79,48.795,48.785,48.785,1900.0
2018-02-01 11:11:00,48.75,48.79,48.74,48.79,3999.0
2018-02-01 11:12:00,48.755,48.77,48.75,48.76,1700.0
2018-02-01 11:13:00,48.76,48.76,48.75,48.755,3285.0
2018-02-01 11:14:00,48.76,48.775,48.76,48.76,5425.0
2018-02-01 11:15:00,48.76,48.77,48.76,48.76,300.0
2018-02-01 11:16:00,48.8,48.8,48.775,48.78,3098.0
2018-02-01 11:17:00,48.8,48.81,48.79,48.81,6790.0
2018-02-01 11:18:00,48.8,48.8,48.8,48.8,300.0
2018-02-01 11:19:00,48.83,48.83,48.81,48.81,1720.0
2018-02-01 11:20:00,48.81,48.82,48.8,48.82,3589.0
2018-02-01 11:21:00,48.8,48.815,48.8,48.815,2123.0
2018-02-01 11:22:00,48.785,48.8,48.78,48.79,1814.0
2018-02-01 11:23:00,48.79,48.79,48.78,48.78,3800.0
2018-02-01 11:24:00,48.775,48.8,48.77,48.8,3000.0
2018-02-01 11:25:00,48.78,48.79,48.78,48.78,4450.0
2018-02-01 11:26:00,48.78,48.79,48.78,48.79,600.0
2018-02-01 11:27:00,48.78,48.78,48.77,48.78,2760.0
2018-02-01 11:28:00,48.77,48.78,48.77,48.78,500.0
2018-02-01 11:29:00,48.78,48.78,48.77,48.77,2000.0
2018-02-01 11:30:00,48.8,48.8,48.79,48.79,942.0
2018-02-01 11:31:00,48.815,48.82,48.8,48.805,2199.0
2018-02-01 11:32:00,48.87,48.87,48.81,48.81,4446.0
2018-02-01 11:33:00,48.89,48.895,48.88,48.89,3370.0
2018-02-01 11:34:00,48.87,48.9,48.86,48.88,7707.0
2018-02-01 11:35:00,48.86,48.88,48.84,48.87,7587.0
2018-02-01 11:36:00,48.86,48.87,48.86,48.86,1600.0
2018-02-01 11:37:00,48.83,48.86,48.83,48.86,1241.0
2018-02-01 11:38:00,48.86,48.86,48.85,48.85,2151.0
2018-02-01 11:39:00,48.92,48.92,48.87,48.87,3505.0
2018-02-01 11:40:00,48.92,48.92,48.91,48.92,2820.0
2018-02-01 11:41:00,48.92,48.92,48.9,48.91,1600.0
2018-02-01 11:42:00,48.9,48.92,48.9,48.92,1800.0
2018-02-01 11:43:00,48.89,48.91,48.89,48.91,4960.0
2018-02-01 11:44:00,48.92,48.92,48.87,48.89,8400.0
2018-02-01 11:45:00,48.95,48.95,48.9101,48.9101,2060.0
2018-02-01 11:46:00,48.96,48.97,48.955,48.955,2918.0
2018-02-01 11:47:00,48.95,48.96,48.92,48.95,9125.0
2018-02-01 11:48:00,48.91,48.95,48.91,48.95,1400.0
2018-02-01 11:49:00,48.94,48.95,48.93,48.93,1360.0
2018-02-01 11:50:00,48.97,48.97,48.95,48.95,604.0
2018-02-01 11:51:00,48.95,48.97,48.95,48.97,3150.0
2018-02-01 11:52:00,48.96,48.97,48.96,48.96,1900.0
2018-02-01 11:53:00,48.96,48.97,48.96,48.97,2220.0
2018-02-01 11:54:00,48.99,48.99,48.97,48.97,6413.0
2018-02-01 11:55:00,49.0,49.0,48.99,48.99,700.0
2018-02-01 11:56:00,49.01,49.01,48.99,49.0,900.0
2018-02-01 11:57:00,48.99,49.01,48.99,49.01,2310.0
2018-02-01 11:58:00,49.0,49.01,48.99,49.01,1664.0
2018-02-01 11:59:00,49.03,49.03,49.01,49.01,2000.0
2018-02-01 12:00:00,49.0,49.03,49.0,49.03,4510.0
2018-02-01 12:01:00,48.96,49.0,48.96,49.0,2915.0
2018-02-01 12:02:00,48.97,48.98,48.97,48.97,3700.0
2018-02-01 12:03:00,48.99,48.99,48.975,48.98,2210.0
2018-02-01 12:04:00,48.985,48.99,48.985,48.99,1000.0
2018-02-01 12:05:00,48.98,48.99,48.97,48.99,4787.0
2018-02-01 12:06:00,48.93,48.975,48.93,48.975,3411.0
2018-02-01 12:07:00,48.95,48.95,48.93,48.94,2067.0
2018-02-01 12:08:00,48.94,48.97,48.94,48.95,5697.0
2018-02-01 12:09:00,48.94,48.95,48.94,48.95,1302.0
2018-02-01 12:10:00,48.94,48.9401,48.94,48.94,1383.0
2018-02-01 12:11:00,48.945,48.95,48.945,48.945,700.0
2018-02-01 12:12:00,48.94,48.95,48.93,48.95,5014.0
2018-02-01 12:13:00,48.94,48.9444,48.93,48.94,5200.0
2018-02-01 12:14:00,48.935,48.94,48.935,48.94,2708.0
2018-02-01 12:15:00,48.9,48.94,48.88,48.94,11863.0
2018-02-01 12:16:00,48.9,48.91,48.9,48.9,2300.0
2018-02-01 12:17:00,48.91,48.91,48.905,48.905,1800.0
2018-02-01 12:18:00,48.91,48.92,48.91,48.91,1062.0
2018-02-01 12:19:00,48.91,48.91,48.9,48.9046,808.0
2018-02-01 12:20:00,48.91,48.91,48.91,48.91,400.0
2018-02-01 12:21:00,48.895,48.91,48.895,48.91,3761.0
2018-02-01 12:22:00,48.9,48.91,48.9,48.91,900.0
2018-02-01 12:23:00,48.9,48.9,48.9,48.9,100.0
2018-02-01 12:24:00,48.905,48.905,48.9,48.9,300.0
2018-02-01 12:25:00,48.9,48.91,48.9,48.91,4200.0
2018-02-01 12:26:00,48.89,48.9,48.89,48.9,1300.0
2018-02-01 12:27:00,48.88,48.895,48.88,48.895,1753.0
2018-02-01 12:28:00,48.88,48.88,48.88,48.88,200.0
2018-02-01 12:29:00,48.89,48.89,48.8832,48.8832,300.0
2018-02-01 12:30:00,48.87,48.9,48.87,48.885,9409.0
2018-02-01 12:31:00,48.86,48.87,48.84,48.87,3885.0
2018-02-01 12:32:00,48.87,48.87,48.86,48.86,1416.0
2018-02-01 12:33:00,48.86,48.87,48.86,48.87,1400.0
2018-02-01 12:34:00,48.865,48.87,48.86,48.87,400.0
2018-02-01 12:35:00,48.84,48.865,48.84,48.865,3711.0
2018-02-01 12:36:00,48.84,48.84,48.8301,48.84,2020.0
2018-02-01 12:37:00,48.82,48.85,48.82,48.85,2837.0
2018-02-01 12:38:00,48.79,48.82,48.79,48.82,6941.0
2018-02-01 12:39:00,48.8,48.8,48.795,48.8,2900.0
2018-02-01 12:40:00,48.77,48.8,48.77,48.8,5300.0
2018-02-01 12:41:00,48.78,48.78,48.77,48.78,900.0
2018-02-01 12:42:00,48.78,48.79,48.77,48.78,1900.0
2018-02-01 12:43:00,48.8,48.8,48.78,48.78,15300.0
2018-02-01 12:44:00,48.83,48.83,48.79,48.79,4000.0
2018-02-01 12:45:00,48.83,48.83,48.82,48.82,398.0
2018-02-01 12:47:00,48.85,48.85,48.83,48.83,1594.0
2018-02-01 12:48:00,48.81,48.85,48.81,48.85,5975.0
2018-02-01 12:49:00,48.82,48.83,48.81,48.81,2200.0
2018-02-01 12:50:00,48.83,48.83,48.82,48.82,2300.0
2018-02-01 12:51:00,48.84,48.84,48.8346,48.8346,798.0
2018-02-01 12:52:00,48.8401,48.8401,48.8401,48.8401,100.0
2018-02-01 12:53:00,48.83,48.84,48.83,48.84,1400.0
2018-02-01 12:54:00,48.81,48.83,48.81,48.83,2707.0
2018-02-01 12:55:00,48.8,48.8,48.79,48.8,400.0
2018-02-01 12:56:00,48.8,48.8,48.79,48.79,2809.0
2018-02-01 12:57:00,48.81,48.82,48.8,48.81,2000.0
2018-02-01 12:58:00,48.8326,48.84,48.82,48.82,10708.0
2018-02-01 12:59:00,48.82,48.835,48.82,48.83,1430.0
2018-02-01 13:00:00,48.81,48.825,48.81,48.82,1659.0
2018-02-01 13:01:00,48.81,48.82,48.81,48.82,600.0
2018-02-01 13:02:00,48.82,48.82,48.81,48.82,2900.0
2018-02-01 13:03:00,48.78,48.81,48.78,48.81,15099.0
2018-02-01 13:04:00,48.8,48.8,48.77,48.77,4756.0
2018-02-01 13:05:00,48.82,48.82,48.8,48.8,1435.0
2018-02-01 13:06:00,48.81,48.82,48.81,48.82,300.0
2018-02-01 13:07:00,48.815,48.83,48.815,48.82,2007.0
2018-02-01 13:08:00,48.74,48.82,48.74,48.82,14275.0
2018-02-01 13:09:00,48.72,48.75,48.72,48.75,4694.0
2018-02-01 13:10:00,48.735,48.74,48.72,48.73,5700.0
2018-02-01 13:11:00,48.735,48.74,48.735,48.74,700.0
2018-02-01 13:12:00,48.73,48.735,48.73,48.73,1200.0
2018-02-01 13:13:00,48.635,48.73,48.635,48.73,26413.0
2018-02-01 13:14:00,48.6558,48.6558,48.63,48.635,9996.0
2018-02-01 13:15:00,48.6442,48.65,48.64,48.65,2581.0
2018-02-01 13:16:00,48.64,48.64,48.6358,48.64,4238.0
2018-02-01 13:17:00,48.65,48.65,48.64,48.64,3196.0
2018-02-01 13:18:00,48.66,48.67,48.65,48.65,4143.0
2018-02-01 13:19:00,48.65,48.66,48.63,48.66,4807.0
2018-02-01 13:20:00,48.68,48.68,48.645,48.65,4384.0
2018-02-01 13:21:00,48.67,48.69,48.67,48.685,3416.0
2018-02-01 13:22:00,48.6701,48.68,48.67,48.675,1500.0
2018-02-01 13:23:00,48.68,48.68,48.67,48.675,600.0
2018-02-01 13:24:00,48.64,48.68,48.64,48.68,7404.0
2018-02-01 13:25:00,48.62,48.63,48.61,48.63,2600.0
2018-02-01 13:26:00,48.61,48.62,48.61,48.62,6053.0
2018-02-01 13:27:00,48.571000000000005,48.62,48.571000000000005,48.61,4081.0
2018-02-01 13:28:00,48.585,48.59,48.58,48.58,1200.0
2018-02-01 13:29:00,48.58,48.5846,48.58,48.58,2110.0
2018-02-01 13:30:00,48.57,48.57,48.54,48.57,8610.0
2018-02-01 13:31:00,48.59,48.59,48.565,48.565,1701.0
2018-02-01 13:32:00,48.59,48.6,48.58,48.58,2407.0
2018-02-01 13:33:00,48.65,48.65,48.59,48.59,9880.0
2018-02-01 13:34:00,48.665,48.665,48.65,48.65,3586.0
2018-02-01 13:35:00,48.66,48.67,48.655,48.67,4400.0
2018-02-01 13:36:00,48.66,48.66,48.66,48.66,300.0
2018-02-01 13:37:00,48.695,48.705,48.665,48.665,6070.0
2018-02-01 13:38:00,48.675,48.705,48.675,48.7,6242.0
2018-02-01 13:39:00,48.67,48.69,48.66,48.68,5004.0
2018-02-01 13:40:00,48.66,48.68,48.64,48.68,4426.0
2018-02-01 13:41:00,48.64,48.645,48.62,48.64,3200.0
2018-02-01 13:42:00,48.62,48.64,48.6,48.64,6095.0
2018-02-01 13:43:00,48.61,48.63,48.61,48.62,2600.0
2018-02-01 13:44:00,48.61,48.62,48.61,48.61,2700.0
2018-02-01 13:45:00,48.62,48.625,48.61,48.615,5748.0
2018-02-01 13:46:00,48.63,48.63,48.62,48.62,2500.0
2018-02-01 13:47:00,48.62,48.63,48.62,48.63,300.0
2018-02-01 13:48:00,48.61,48.635,48.61,48.63,6267.0
2018-02-01 13:49:00,48.65,48.655,48.615,48.615,7560.0
2018-02-01 13:50:00,48.6497,48.67,48.6497,48.67,3407.0
2018-02-01 13:51:00,48.66,48.66,48.64,48.65,3274.0
2018-02-01 13:52:00,48.67,48.67,48.66,48.665,1627.0
2018-02-01 13:53:00,48.625,48.665,48.621,48.665,5820.0
2018-02-01 13:54:00,48.62,48.62,48.62,48.62,200.0
2018-02-01 13:55:00,48.6,48.635,48.6,48.63,5292.0
2018-02-01 13:56:00,48.61,48.61,48.6,48.6,3700.0
2018-02-01 13:57:00,48.5764,48.61,48.5764,48.61,3877.0
2018-02-01 13:58:00,48.6,48.61,48.59,48.59,9516.0
2018-02-01 13:59:00,48.59,48.6,48.58,48.59,2600.0
2018-02-01 14:00:00,48.59,48.6,48.59,48.6,2083.0
2018-02-01 14:01:00,48.59,48.6,48.59,48.6,1600.0
2018-02-01 14:02:00,48.57,48.59,48.57,48.59,3819.0
2018-02-01 14:03:00,48.57,48.57,48.56,48.56,1102.0
2018-02-01 14:04:00,48.56,48.58,48.56,48.57,6574.0
2018-02-01 14:05:00,48.555,48.58,48.55,48.56,6506.0
2018-02-01 14:06:00,48.59,48.59,48.56,48.57,2887.0
2018-02-01 14:07:00,48.595,48.61,48.585,48.585,6438.0
2018-02-01 14:08:00,48.54,48.59,48.54,48.59,10713.0
2018-02-01 14:09:00,48.535,48.54,48.535,48.54,1800.0
2018-02-01 14:10:00,48.54,48.54,48.535,48.535,3776.0
2018-02-01 14:11:00,48.51,48.53,48.495,48.53,10359.0
2018-02-01 14:12:00,48.5,48.52,48.5,48.51,8155.0
2018-02-01 14:13:00,48.49,48.519,48.49,48.505,5774.0
2018-02-01 14:14:00,48.51,48.515,48.505,48.51,5180.0
2018-02-01 14:15:00,48.505,48.51,48.5,48.51,1740.0
2018-02-01 14:16:00,48.52,48.53,48.51,48.51,2685.0
2018-02-01 14:17:00,48.515,48.54,48.515,48.525,8556.0
2018-02-01 14:18:00,48.49,48.52,48.49,48.52,8227.0
2018-02-01 14:19:00,48.49,48.5,48.49,48.5,500.0
2018-02-01 14:20:00,48.47,48.49,48.47,48.49,5396.0
2018-02-01 14:21:00,48.44,48.48,48.44,48.47,7937.0
2018-02-01 14:22:00,48.44,48.45,48.43,48.43,3959.0
2018-02-01 14:23:00,48.45,48.45,48.44,48.445,2800.0
2018-02-01 14:24:00,48.48,48.49,48.45,48.45,10378.0
2018-02-01 14:25:00,48.48,48.495,48.48,48.48,4236.0
2018-02-01 14:26:00,48.48,48.485,48.48,48.48,1780.0
2018-02-01 14:27:00,48.48,48.49,48.47,48.49,4201.0
2018-02-01 14:28:00,48.5,48.51,48.49,48.49,7069.0
2018-02-01 14:29:00,48.52,48.52,48.49,48.5,5744.0
2018-02-01 14:30:00,48.55,48.55,48.51,48.5199,3252.0
2018-02-01 14:31:00,48.55,48.56,48.54,48.55,3711.0
2018-02-01 14:32:00,48.54,48.55,48.535,48.55,5406.0
2018-02-01 14:33:00,48.55,48.56,48.55,48.55,7170.0
2018-02-01 14:34:00,48.54,48.55,48.53,48.55,5496.0
2018-02-01 14:35:00,48.53,48.555,48.53,48.545,5600.0
2018-02-01 14:36:00,48.55,48.56,48.52,48.52,5649.0
2018-02-01 14:37:00,48.515,48.53,48.49,48.53,3810.0
2018-02-01 14:38:00,48.5239,48.53,48.51,48.51,3713.0
2018-02-01 14:39:00,48.51,48.535,48.49,48.53,8240.0
2018-02-01 14:40:00,48.53,48.53,48.505,48.505,8480.0
2018-02-01 14:41:00,48.57,48.57,48.525,48.53,7300.0
2018-02-01 14:42:00,48.57,48.58,48.5646,48.57,6862.0
2018-02-01 14:43:00,48.53,48.57,48.53,48.57,8661.0
2018-02-01 14:44:00,48.5,48.528999999999996,48.49,48.52,6800.0
2018-02-01 14:45:00,48.5,48.5,48.465,48.49,6537.0
2018-02-01 14:46:00,48.5478,48.555,48.5,48.5,3020.0
2018-02-01 14:47:00,48.54,48.54,48.54,48.54,3100.0
2018-02-01 14:48:00,48.56,48.56,48.54,48.54,1938.0
2018-02-01 14:49:00,48.55,48.56,48.55,48.56,200.0
2018-02-01 14:50:00,48.58,48.58,48.56,48.56,5020.0
2018-02-01 14:51:00,48.62,48.63,48.58,48.58,10313.0
2018-02-01 14:52:00,48.61,48.63,48.6,48.62,8287.0
2018-02-01 14:53:00,48.63,48.63,48.61,48.62,4608.0
2018-02-01 14:54:00,48.65,48.66,48.63,48.63,2747.0
2018-02-01 14:55:00,48.66,48.67,48.655,48.66,4023.0
2018-02-01 14:56:00,48.66,48.66,48.65,48.66,3657.0
2018-02-01 14:57:00,48.65,48.68,48.65,48.66,3104.0
2018-02-01 14:58:00,48.67,48.67,48.65,48.66,3800.0
2018-02-01 14:59:00,48.66,48.69,48.66,48.67,6505.0
2018-02-01 15:00:00,48.68,48.68,48.66,48.67,2200.0
2018-02-01 15:01:00,48.63,48.67,48.625,48.67,10165.0
2018-02-01 15:02:00,48.62,48.63,48.6161,48.625,4310.0
2018-02-01 15:03:00,48.62,48.62,48.615,48.615,300.0
2018-02-01 15:04:00,48.635,48.64,48.62,48.62,3055.0
2018-02-01 15:05:00,48.625,48.6399,48.625,48.6399,5887.0
2018-02-01 15:06:00,48.595,48.625,48.595,48.62,5334.0
2018-02-01 15:07:00,48.59,48.6,48.59,48.595,3100.0
2018-02-01 15:08:00,48.58,48.61,48.58,48.6,7197.0
2018-02-01 15:09:00,48.59,48.59,48.57,48.59,4298.0
2018-02-01 15:10:00,48.6,48.6,48.58,48.58,6900.0
2018-02-01 15:11:00,48.59,48.605,48.59,48.6,8401.0
2018-02-01 15:12:00,48.58,48.59,48.58,48.59,3308.0
2018-02-01 15:13:00,48.59,48.59,48.575,48.575,1570.0
2018-02-01 15:14:00,48.58,48.595,48.58,48.59,6519.0
2018-02-01 15:15:00,48.585,48.59,48.58,48.59,400.0
2018-02-01 15:16:00,48.58,48.6,48.58,48.585,5881.0
2018-02-01 15:17:00,48.59,48.59,48.58,48.58,1398.0
2018-02-01 15:18:00,48.59,48.6,48.58,48.58,3413.0
2018-02-01 15:19:00,48.58,48.59,48.57,48.59,4579.0
2018-02-01 15:20:00,48.57,48.59,48.56,48.58,7081.0
2018-02-01 15:21:00,48.58,48.58,48.56,48.56,3280.0
2018-02-01 15:22:00,48.535,48.58,48.53,48.58,6984.0
2018-02-01 15:23:00,48.55,48.55,48.54,48.54,1874.0
2018-02-01 15:24:00,48.56,48.57,48.56,48.56,6143.0
2018-02-01 15:25:00,48.565,48.58,48.55,48.57,13935.0
2018-02-01 15:26:00,48.545,48.57,48.545,48.57,3400.0
2018-02-01 15:27:00,48.56,48.57,48.54,48.54,3505.0
2018-02-01 15:28:00,48.55,48.565,48.54,48.56,9650.0
2018-02-01 15:29:00,48.54,48.56,48.54,48.56,2920.0
2018-02-01 15:30:00,48.56,48.565,48.54,48.54,3712.0
2018-02-01 15:31:00,48.52,48.57,48.52,48.57,11523.0
2018-02-01 15:32:00,48.53,48.54,48.52,48.525,7511.0
2018-02-01 15:33:00,48.525,48.54,48.525,48.54,4081.0
2018-02-01 15:34:00,48.525,48.53,48.52,48.525,6484.0
2018-02-01 15:35:00,48.54,48.55,48.53,48.53,5778.0
2018-02-01 15:36:00,48.505,48.55,48.49,48.545,14473.0
2018-02-01 15:37:00,48.53,48.535,48.505,48.505,5360.0
2018-02-01 15:38:00,48.525,48.535,48.51,48.53,12224.0
2018-02-01 15:39:00,48.525,48.525,48.52,48.525,1500.0
2018-02-01 15:40:00,48.535,48.54,48.5,48.52,8570.0
2018-02-01 15:41:00,48.52,48.54,48.51,48.53,11651.0
2018-02-01 15:42:00,48.54,48.54,48.515,48.53,7874.0
2018-02-01 15:43:00,48.515,48.55,48.51,48.54,13761.0
2018-02-01 15:44:00,48.505,48.515,48.5,48.515,9479.0
2018-02-01 15:45:00,48.49,48.51,48.49,48.5042,8948.0
2018-02-01 15:46:00,48.48,48.5,48.475,48.49,13954.0
2018-02-01 15:47:00,48.47,48.4979,48.47,48.49,6070.0
2018-02-01 15:48:00,48.47,48.48,48.46,48.47,6490.0
2018-02-01 15:49:00,48.49,48.5,48.46,48.48,11609.0
2018-02-01 15:50:00,48.49,48.5,48.49,48.49,7651.0
2018-02-01 15:51:00,48.48,48.51,48.48,48.495,12896.0
2018-02-01 15:52:00,48.48,48.51,48.48,48.48,8154.0
2018-02-01 15:53:00,48.45,48.49,48.45,48.48,6850.0
2018-02-01 15:54:00,48.435,48.46,48.43,48.455,17090.0
2018-02-01 15:55:00,48.45,48.46,48.435,48.435,10020.0
2018-02-01 15:56:00,48.47,48.475,48.445,48.455,20288.0
2018-02-01 15:57:00,48.44,48.475,48.44,48.47,16608.0
2018-02-01 15:58:00,48.475,48.48,48.43,48.45,30607.0
2018-02-01 15:59:00,48.48,48.51,48.47,48.475,24205.0
2018-02-01 16:00:00,48.5,48.53,48.48,48.485,66649.0
2018-02-02 09:30:00,48.12,48.14,48.12,48.14,24157.0
2018-02-02 09:31:00,47.87,48.11,47.85,48.1,18287.0
2018-02-02 09:32:00,47.42,47.905,47.42,47.85,22278.0
2018-02-02 09:33:00,47.27,47.5,47.27,47.42,42242.0
2018-02-02 09:34:00,47.23,47.43,47.2,47.28,35483.0
2018-02-02 09:35:00,47.21,47.32,47.2,47.295,20787.0
2018-02-02 09:36:00,47.22,47.29,47.15,47.23,25124.0
2018-02-02 09:37:00,47.25,47.32,47.2,47.21,25270.0
2018-02-02 09:38:00,47.22,47.27,47.17,47.24,8081.0
2018-02-02 09:39:00,47.22,47.24,47.19,47.238,28361.0
2018-02-02 09:40:00,47.21,47.23,47.2,47.22,6258.0
2018-02-02 09:41:00,47.21,47.31,47.15,47.2073,28108.0
2018-02-02 09:42:00,47.22,47.24,47.2,47.21,5952.0
2018-02-02 09:43:00,47.19,47.24,47.16,47.24,8577.0
2018-02-02 09:44:00,47.02,47.18,47.01,47.18,31223.0
2018-02-02 09:45:00,47.06,47.115,47.01,47.01,9861.0
2018-02-02 09:46:00,47.02,47.06,47.0,47.02,6998.0
2018-02-02 09:47:00,47.09,47.14,47.04,47.04,14569.0
2018-02-02 09:48:00,47.11,47.13,47.09,47.09,6161.0
2018-02-02 09:49:00,47.23,47.23,47.12,47.13,13949.0
2018-02-02 09:50:00,47.19,47.24,47.18,47.23,5761.0
2018-02-02 09:51:00,47.14,47.16,47.08,47.16,12790.0
2018-02-02 09:52:00,47.14,47.2,47.14,47.15,8650.0
2018-02-02 09:53:00,47.075,47.15,47.06,47.135,6495.0
2018-02-02 09:54:00,47.01,47.07,47.01,47.07,4350.0
2018-02-02 09:55:00,47.03,47.05,46.98,47.0,19007.0
2018-02-02 09:56:00,47.01,47.02,46.97,47.0,7867.0
2018-02-02 09:57:00,46.98,47.015,46.96,47.015,6457.0
2018-02-02 09:58:00,47.03,47.03,46.9731,46.975,9215.0
2018-02-02 09:59:00,47.04,47.045,47.025,47.025,4230.0
2018-02-02 10:00:00,47.09,47.1,47.01,47.04,18171.0
2018-02-02 10:01:00,47.07,47.13,47.03,47.1,18973.0
2018-02-02 10:02:00,47.0,47.07,46.98,47.07,20326.0
2018-02-02 10:03:00,46.93,46.9962,46.92,46.99,17631.0
2018-02-02 10:04:00,46.97,46.975,46.89,46.93,14831.0
2018-02-02 10:05:00,46.91,46.98,46.91,46.98,3168.0
2018-02-02 10:06:00,46.96,46.98,46.86,46.92,26055.0
2018-02-02 10:07:00,46.99,47.01,46.9,46.96,8021.0
2018-02-02 10:08:00,47.055,47.055,47.0,47.0,20455.0
2018-02-02 10:09:00,47.095,47.16,47.05,47.06,11135.0
2018-02-02 10:10:00,47.14,47.19,47.07,47.09,21290.0
2018-02-02 10:11:00,47.13,47.15,47.12,47.14,3130.0
2018-02-02 10:12:00,47.17,47.18,47.14,47.14,11000.0
2018-02-02 10:13:00,47.22,47.24,47.16,47.17,10123.0
2018-02-02 10:14:00,47.21,47.22,47.19,47.22,6835.0
2018-02-02 10:15:00,47.22,47.27,47.21,47.23,6502.0
2018-02-02 10:16:00,47.12,47.21,47.12,47.21,3012.0
2018-02-02 10:17:00,47.07,47.13,47.06,47.13,35007.0
2018-02-02 10:18:00,47.13,47.16,47.06,47.07,17117.0
2018-02-02 10:19:00,47.085,47.129,47.085,47.129,2811.0
2018-02-02 10:20:00,47.185,47.2,47.08,47.09,10256.0
2018-02-02 10:21:00,47.135,47.18,47.12,47.18,6313.0
2018-02-02 10:22:00,47.16,47.16,47.13,47.14,4311.0
2018-02-02 10:23:00,47.125,47.16,47.09,47.16,13365.0
2018-02-02 10:24:00,47.12,47.12,47.085,47.12,9763.0
2018-02-02 10:25:00,47.09,47.12,47.07,47.11,16450.0
2018-02-02 10:26:00,47.05,47.09,47.03,47.09,8296.0
2018-02-02 10:27:00,47.0573,47.09,47.05,47.05,6680.0
2018-02-02 10:28:00,47.02,47.06,47.02,47.06,4000.0
2018-02-02 10:29:00,47.04,47.05,47.02,47.03,8354.0
2018-02-02 10:30:00,47.02,47.04,47.02,47.04,2391.0
2018-02-02 10:31:00,47.03,47.045,47.03,47.03,6420.0
2018-02-02 10:32:00,47.03,47.05,47.02,47.03,9110.0
2018-02-02 10:33:00,46.97,47.02,46.97,47.02,5007.0
2018-02-02 10:34:00,46.95,46.97,46.94,46.97,1200.0
2018-02-02 10:35:00,46.95,46.97,46.95,46.97,2300.0
2018-02-02 10:36:00,46.92,46.955,46.92,46.955,7164.0
2018-02-02 10:37:00,46.94,46.945,46.92,46.93,13759.0
2018-02-02 10:38:00,46.98,46.98,46.94,46.94,4678.0
2018-02-02 10:39:00,47.02,47.02,46.97,46.97,4200.0
2018-02-02 10:40:00,47.01,47.0141,46.99,47.01,7438.0
2018-02-02 10:41:00,47.05,47.065,47.01,47.01,13755.0
2018-02-02 10:42:00,47.04,47.05,47.04,47.05,4400.0
2018-02-02 10:43:00,47.03,47.045,47.01,47.04,9324.0
2018-02-02 10:44:00,47.0231,47.03,47.02,47.03,3000.0
2018-02-02 10:45:00,47.1,47.1,47.02,47.03,10579.0
2018-02-02 10:46:00,47.05,47.09,47.05,47.08,4230.0
2018-02-02 10:47:00,47.04,47.05,47.03,47.05,300.0
2018-02-02 10:48:00,47.09,47.09,47.04,47.04,8334.0
2018-02-02 10:49:00,47.14,47.15,47.09,47.1,5700.0
2018-02-02 10:50:00,47.055,47.13,47.05,47.13,7018.0
2018-02-02 10:51:00,47.11,47.11,47.055,47.055,5313.0
2018-02-02 10:52:00,47.06,47.1,47.06,47.1,7119.0
2018-02-02 10:53:00,47.05,47.05,47.03,47.05,9056.0
2018-02-02 10:54:00,47.04,47.05,47.04,47.04,1100.0
2018-02-02 10:55:00,47.02,47.04,47.02,47.04,2638.0
2018-02-02 10:56:00,46.995,47.016000000000005,46.98,47.016000000000005,5741.0
2018-02-02 10:57:00,47.03,47.06,46.99,47.0,14477.0
2018-02-02 10:58:00,46.95,47.05,46.95,47.05,4626.0
2018-02-02 10:59:00,46.98,46.98,46.93,46.95,5224.0
2018-02-02 11:00:00,46.96,46.97,46.92,46.97,8740.0
2018-02-02 11:01:00,46.93,46.96,46.93,46.96,3410.0
2018-02-02 11:02:00,46.96,46.97,46.92,46.92,4272.0
2018-02-02 11:03:00,47.0,47.0,46.94,46.95,4136.0
2018-02-02 11:04:00,46.99,47.005,46.99,46.99,3250.0
2018-02-02 11:05:00,46.97,46.99,46.96,46.99,1820.0
2018-02-02 11:06:00,47.01,47.05,46.96,46.97,9224.0
2018-02-02 11:07:00,47.01,47.025,47.0,47.01,4739.0
2018-02-02 11:08:00,46.97,47.01,46.91,47.0,18948.0
2018-02-02 11:09:00,47.0,47.0,46.97,46.99,4320.0
2018-02-02 11:10:00,46.9,47.0,46.89,47.0,6466.0
2018-02-02 11:11:00,46.87,46.9,46.87,46.895,7102.0
2018-02-02 11:12:00,46.91,46.93,46.88,46.88,8477.0
2018-02-02 11:13:00,46.89,46.915,46.89,46.89,6214.0
2018-02-02 11:14:00,46.87,46.89,46.87,46.88,1572.0
2018-02-02 11:15:00,46.81,46.87,46.8,46.87,18685.0
2018-02-02 11:16:00,46.9,46.91,46.8,46.8,18995.0
2018-02-02 11:17:00,46.89,46.91,46.89,46.9,2900.0
2018-02-02 11:18:00,46.85,46.9,46.85,46.885,5200.0
2018-02-02 11:19:00,46.87,46.88,46.85,46.87,8210.0
2018-02-02 11:20:00,46.87,46.875,46.82,46.87,10246.0
2018-02-02 11:21:00,46.89,46.91,46.86,46.87,5111.0
2018-02-02 11:22:00,46.96,46.96,46.89,46.9,4221.0
2018-02-02 11:23:00,46.91,46.96,46.91,46.96,6205.0
2018-02-02 11:24:00,46.925,46.93,46.9071,46.9071,3291.0
2018-02-02 11:25:00,46.919,46.925,46.9,46.92,16213.0
2018-02-02 11:26:00,46.9,46.925,46.86,46.91,33847.0
2018-02-02 11:27:00,46.85,46.91,46.85,46.905,4848.0
2018-02-02 11:28:00,46.855,46.86,46.84,46.85,7206.0
2018-02-02 11:29:00,46.81,46.85,46.8,46.85,7927.0
2018-02-02 11:30:00,46.8,46.81,46.775,46.8,16642.0
2018-02-02 11:31:00,46.79,46.81,46.79,46.79,4600.0
2018-02-02 11:32:00,46.8,46.8,46.79,46.79,6680.0
2018-02-02 11:33:00,46.775,46.8,46.77,46.8,6294.0
2018-02-02 11:34:00,46.81,46.82,46.77,46.775,9341.0
2018-02-02 11:35:00,46.8,46.81,46.79,46.8,2700.0
2018-02-02 11:36:00,46.8,46.8,46.79,46.79,3100.0
2018-02-02 11:37:00,46.79,46.8,46.78,46.79,5922.0
2018-02-02 11:38:00,46.8,46.81,46.795,46.795,5760.0
2018-02-02 11:39:00,46.87,46.87,46.8,46.8,9228.0
2018-02-02 11:40:00,46.85,46.875,46.845,46.87,4406.0
2018-02-02 11:41:00,46.855,46.86,46.84,46.845,2200.0
2018-02-02 11:42:00,46.83,46.8539,46.83,46.8539,3900.0
2018-02-02 11:43:00,46.85,46.86,46.82,46.83,8497.0
2018-02-02 11:44:00,46.88,46.91,46.855,46.86,6911.0
2018-02-02 11:45:00,46.81,46.87,46.81,46.87,4420.0
2018-02-02 11:46:00,46.79,46.82,46.78,46.82,5399.0
2018-02-02 11:47:00,46.725,46.81,46.72,46.78,30702.0
2018-02-02 11:48:00,46.71,46.75,46.71,46.725,6072.0
2018-02-02 11:49:00,46.655,46.72,46.65,46.71,17147.0
2018-02-02 11:50:00,46.61,46.66,46.61,46.65,25354.0
2018-02-02 11:51:00,46.65,46.66,46.61,46.615,7000.0
2018-02-02 11:52:00,46.65,46.66,46.64,46.655,6568.0
2018-02-02 11:53:00,46.66,46.69,46.645,46.645,5713.0
2018-02-02 11:54:00,46.655,46.66,46.645,46.65,3280.0
2018-02-02 11:55:00,46.7285,46.73,46.655,46.66,8336.0
2018-02-02 11:56:00,46.69,46.73,46.68,46.72,7421.0
2018-02-02 11:57:00,46.66,46.7,46.66,46.69,12026.0
2018-02-02 11:58:00,46.65,46.665,46.64,46.66,2111.0
2018-02-02 11:59:00,46.63,46.66,46.58,46.655,12915.0
2018-02-02 12:00:00,46.62,46.665,46.61,46.625,8362.0
2018-02-02 12:01:00,46.65,46.66,46.625,46.63,2480.0
2018-02-02 12:02:00,46.69,46.69,46.65,46.65,3638.0
2018-02-02 12:03:00,46.695,46.71,46.695,46.7,2200.0
2018-02-02 12:04:00,46.7152,46.72,46.695,46.7,8139.0
2018-02-02 12:05:00,46.75,46.75,46.715,46.72,5481.0
2018-02-02 12:06:00,46.72,46.75,46.72,46.75,5344.0
2018-02-02 12:07:00,46.72,46.73,46.7,46.715,8588.0
2018-02-02 12:08:00,46.71,46.72,46.71,46.71,1532.0
2018-02-02 12:09:00,46.645,46.72,46.64,46.71,12414.0
2018-02-02 12:10:00,46.62,46.65,46.61,46.645,6710.0
2018-02-02 12:11:00,46.615,46.625,46.6,46.62,7729.0
2018-02-02 12:12:00,46.615,46.62,46.615,46.615,1000.0
2018-02-02 12:13:00,46.685,46.69,46.615,46.62,7520.0
2018-02-02 12:14:00,46.675,46.685,46.675,46.685,5889.0
2018-02-02 12:15:00,46.73,46.74,46.675,46.68,7380.0
2018-02-02 12:16:00,46.72,46.725,46.705,46.72,5207.0
2018-02-02 12:17:00,46.73,46.73,46.715,46.72,3347.0
2018-02-02 12:18:00,46.72,46.73,46.71,46.73,6458.0
2018-02-02 12:19:00,46.66,46.72,46.66,46.72,5695.0
2018-02-02 12:20:00,46.66,46.67,46.66,46.665,1300.0
2018-02-02 12:21:00,46.67,46.68,46.665,46.67,5965.0
2018-02-02 12:22:00,46.67,46.67,46.665,46.665,5223.0
2018-02-02 12:23:00,46.665,46.67,46.66,46.665,6352.0
2018-02-02 12:24:00,46.65,46.66,46.635,46.66,11938.0
2018-02-02 12:25:00,46.63,46.65,46.63,46.65,4490.0
2018-02-02 12:26:00,46.645,46.645,46.63,46.635,4742.0
2018-02-02 12:27:00,46.635,46.6575,46.63,46.65,10440.0
2018-02-02 12:28:00,46.69,46.69,46.63,46.64,13767.0
2018-02-02 12:29:00,46.695,46.7,46.69,46.695,3300.0
2018-02-02 12:30:00,46.67,46.7,46.665,46.695,19762.0
2018-02-02 12:31:00,46.665,46.68,46.665,46.6734,2754.0
2018-02-02 12:32:00,46.6,46.66,46.59,46.66,14610.0
2018-02-02 12:33:00,46.58,46.61,46.58,46.59,10746.0
2018-02-02 12:34:00,46.55,46.575,46.55,46.575,17864.0
2018-02-02 12:35:00,46.55,46.57,46.54,46.55,14030.0
2018-02-02 12:36:00,46.6,46.6,46.55,46.555,6240.0
2018-02-02 12:37:00,46.58,46.595,46.56,46.595,6073.0
2018-02-02 12:38:00,46.59,46.59,46.56,46.565,6807.0
2018-02-02 12:39:00,46.515,46.59,46.515,46.59,18053.0
2018-02-02 12:40:00,46.585,46.59,46.52,46.52,7278.0
2018-02-02 12:41:00,46.59,46.6,46.58,46.585,11145.0
2018-02-02 12:42:00,46.56,46.6,46.56,46.595,15340.0
2018-02-02 12:43:00,46.6,46.6,46.565,46.565,11340.0
2018-02-02 12:44:00,46.6,46.61,46.595,46.61,3580.0
2018-02-02 12:45:00,46.623999999999995,46.63,46.59,46.6,37281.0
2018-02-02 12:46:00,46.62,46.63,46.615,46.625,5381.0
2018-02-02 12:47:00,46.6375,46.64,46.61,46.62,14287.0
2018-02-02 12:48:00,46.64,46.65,46.62,46.64,14107.0
2018-02-02 12:49:00,46.675,46.69,46.635,46.635,5550.0
2018-02-02 12:50:00,46.67,46.67,46.655,46.67,10537.0
2018-02-02 12:51:00,46.67,46.67,46.665,46.665,500.0
2018-02-02 12:52:00,46.61,46.67,46.61,46.66,11529.0
2018-02-02 12:53:00,46.5834,46.6,46.5834,46.59,8089.0
2018-02-02 12:54:00,46.6,46.61,46.58,46.58,13083.0
2018-02-02 12:55:00,46.58,46.605,46.575,46.6,13199.0
2018-02-02 12:56:00,46.59,46.59,46.57,46.57,6354.0
2018-02-02 12:57:00,46.58,46.5851,46.57,46.58,8121.0
2018-02-02 12:58:00,46.59,46.6,46.58,46.583999999999996,7453.0
2018-02-02 12:59:00,46.57,46.58,46.555,46.58,7714.0
2018-02-02 13:00:00,46.54,46.57,46.54,46.57,5316.0
2018-02-02 13:01:00,46.53,46.54,46.52,46.54,4977.0
2018-02-02 13:02:00,46.58,46.58,46.525,46.53,9052.0
2018-02-02 13:03:00,46.59,46.62,46.59,46.6,3008.0
2018-02-02 13:04:00,46.62,46.64,46.6,46.6,3200.0
2018-02-02 13:05:00,46.66,46.66,46.61,46.62,7715.0
2018-02-02 13:06:00,46.72,46.72,46.66,46.6634,5410.0
2018-02-02 13:07:00,46.73,46.745,46.71,46.72,29540.0
2018-02-02 13:08:00,46.695,46.73,46.695,46.73,15898.0
2018-02-02 13:09:00,46.72,46.73,46.695,46.695,4241.0
2018-02-02 13:10:00,46.685,46.72,46.67,46.72,17690.0
2018-02-02 13:11:00,46.69,46.72,46.68,46.69,24184.0
2018-02-02 13:12:00,46.68,46.69,46.67,46.69,5857.0
2018-02-02 13:13:00,46.685,46.6852,46.67,46.685,4904.0
2018-02-02 13:14:00,46.66,46.7,46.65,46.69,14683.0
2018-02-02 13:15:00,46.65,46.665,46.64,46.665,4807.0
2018-02-02 13:16:00,46.645,46.66,46.64,46.66,6710.0
2018-02-02 13:17:00,46.67,46.69,46.645,46.65,7380.0
2018-02-02 13:18:00,46.67,46.67,46.64,46.66,7877.0
2018-02-02 13:19:00,46.64,46.67,46.64,46.67,7707.0
2018-02-02 13:20:00,46.635,46.65,46.61,46.63,6485.0
2018-02-02 13:21:00,46.63,46.635,46.62,46.635,4240.0
2018-02-02 13:22:00,46.615,46.62,46.61,46.61,2876.0
2018-02-02 13:23:00,46.59,46.62,46.59,46.61,8986.0
2018-02-02 13:24:00,46.5,46.581,46.5,46.58,22902.0
2018-02-02 13:25:00,46.47,46.5,46.47,46.5,5878.0
2018-02-02 13:26:00,46.405,46.48,46.39,46.475,18223.0
2018-02-02 13:27:00,46.43,46.45,46.4,46.4,21860.0
2018-02-02 13:28:00,46.5,46.5,46.43,46.43,4626.0
2018-02-02 13:29:00,46.43,46.495,46.36,46.49,25358.0
2018-02-02 13:30:00,46.47,46.47,46.435,46.44,2920.0
2018-02-02 13:31:00,46.5,46.55,46.465,46.47,7870.0
2018-02-02 13:32:00,46.49,46.5,46.48,46.49,1200.0
2018-02-02 13:33:00,46.52,46.52,46.475,46.48,19651.0
2018-02-02 13:34:00,46.52,46.53,46.52,46.52,4500.0
2018-02-02 13:35:00,46.54,46.54,46.51,46.53,3046.0
2018-02-02 13:36:00,46.52,46.54,46.52,46.535,5308.0
2018-02-02 13:37:00,46.61,46.615,46.5,46.515,24003.0
2018-02-02 13:38:00,46.655,46.67,46.6,46.6,6654.0
2018-02-02 13:39:00,46.625,46.66,46.62,46.66,5033.0
2018-02-02 13:40:00,46.62,46.63,46.615,46.62,2700.0
2018-02-02 13:41:00,46.63,46.63,46.6,46.63,25355.0
2018-02-02 13:42:00,46.59,46.625,46.59,46.625,7064.0
2018-02-02 13:43:00,46.64,46.65,46.58,46.59,5823.0
2018-02-02 13:44:00,46.67,46.69,46.62,46.64,5934.0
2018-02-02 13:45:00,46.69,46.69,46.65,46.66,5587.0
2018-02-02 13:46:00,46.69,46.69,46.665,46.68,6343.0
2018-02-02 13:47:00,46.705,46.71,46.68,46.7,6992.0
2018-02-02 13:48:00,46.69,46.71,46.68,46.71,8199.0
2018-02-02 13:49:00,46.69,46.69,46.68,46.69,2356.0
2018-02-02 13:50:00,46.69,46.69,46.68,46.69,6041.0
2018-02-02 13:51:00,46.7,46.71,46.6801,46.6801,3699.0
2018-02-02 13:52:00,46.72,46.72,46.7,46.71,1300.0
2018-02-02 13:53:00,46.71,46.72,46.71,46.71,706.0
2018-02-02 13:54:00,46.71,46.72,46.705,46.71,5056.0
2018-02-02 13:55:00,46.67,46.705,46.67,46.7,15135.0
2018-02-02 13:56:00,46.69,46.69,46.67,46.675,8717.0
2018-02-02 13:57:00,46.64,46.69,46.64,46.69,13865.0
2018-02-02 13:58:00,46.62,46.63,46.6,46.63,7793.0
2018-02-02 13:59:00,46.64,46.66,46.6,46.63,17826.0
2018-02-02 14:00:00,46.635,46.65,46.62,46.64,2860.0
2018-02-02 14:01:00,46.65,46.65,46.63,46.63,2273.0
2018-02-02 14:02:00,46.64,46.645,46.63,46.64,5315.0
2018-02-02 14:03:00,46.645,46.65,46.63,46.64,3429.0
2018-02-02 14:04:00,46.65,46.65,46.64,46.645,2540.0
2018-02-02 14:05:00,46.69,46.69,46.64,46.64,6293.0
2018-02-02 14:06:00,46.69,46.69,46.66,46.68,10737.0
2018-02-02 14:07:00,46.655,46.71,46.655,46.68,6669.0
2018-02-02 14:08:00,46.55,46.655,46.55,46.655,23930.0
2018-02-02 14:09:00,46.51,46.55,46.51,46.55,1859.0
2018-02-02 14:10:00,46.465,46.515,46.46,46.51,8888.0
2018-02-02 14:11:00,46.45,46.47,46.39,46.47,17785.0
2018-02-02 14:12:00,46.49,46.49,46.42,46.45,13956.0
2018-02-02 14:13:00,46.47,46.53,46.47,46.52,12346.0
2018-02-02 14:14:00,46.5,46.51,46.455,46.47,7257.0
2018-02-02 14:15:00,46.47,46.4728,46.435,46.4728,10022.0
2018-02-02 14:16:00,46.4,46.48,46.4,46.48,6856.0
2018-02-02 14:17:00,46.385,46.41,46.385,46.41,2885.0
2018-02-02 14:18:00,46.37,46.4,46.36,46.39,8302.0
2018-02-02 14:19:00,46.34,46.365,46.335,46.365,6435.0
2018-02-02 14:20:00,46.34,46.35,46.31,46.34,16425.0
2018-02-02 14:21:00,46.345,46.36,46.34,46.35,9191.0
2018-02-02 14:22:00,46.31,46.35,46.31,46.345,11799.0
2018-02-02 14:23:00,46.31,46.32,46.29,46.31,8339.0
2018-02-02 14:24:00,46.29,46.3127,46.28,46.3127,12420.0
2018-02-02 14:25:00,46.285,46.29,46.285,46.29,2020.0
2018-02-02 14:26:00,46.29,46.315,46.27,46.285,25818.0
2018-02-02 14:27:00,46.3,46.32,46.285,46.29,12776.0
2018-02-02 14:28:00,46.3,46.31,46.28,46.3,21002.0
2018-02-02 14:29:00,46.295,46.32,46.2936,46.3,17026.0
2018-02-02 14:30:00,46.29,46.31,46.29,46.295,19196.0
2018-02-02 14:31:00,46.33,46.33,46.295,46.295,8988.0
2018-02-02 14:32:00,46.36,46.38,46.34,46.34,9968.0
2018-02-02 14:33:00,46.33,46.36,46.33,46.36,2600.0
2018-02-02 14:34:00,46.31,46.3236,46.31,46.3236,6313.0
2018-02-02 14:35:00,46.3,46.305,46.3,46.305,800.0
2018-02-02 14:36:00,46.29,46.305,46.29,46.305,8007.0
2018-02-02 14:37:00,46.28,46.3,46.28,46.29,8647.0
2018-02-02 14:38:00,46.3,46.32,46.285,46.29,9514.0
2018-02-02 14:39:00,46.31,46.32,46.305,46.305,5566.0
2018-02-02 14:40:00,46.29,46.315,46.29,46.315,7698.0
2018-02-02 14:41:00,46.305,46.32,46.295,46.3,11314.0
2018-02-02 14:42:00,46.3,46.32,46.29,46.31,5704.0
2018-02-02 14:43:00,46.305,46.305,46.295,46.3,4138.0
2018-02-02 14:44:00,46.27,46.31,46.26,46.3066,22030.0
2018-02-02 14:45:00,46.24,46.27,46.23,46.27,35955.0
2018-02-02 14:46:00,46.185,46.24,46.185,46.24,4683.0
2018-02-02 14:47:00,46.19,46.195,46.16,46.18,15365.0
2018-02-02 14:48:00,46.2175,46.22,46.18,46.19,6134.0
2018-02-02 14:49:00,46.17,46.225,46.16,46.22,18330.0
2018-02-02 14:50:00,46.2,46.21,46.16,46.18,12690.0
2018-02-02 14:51:00,46.16,46.21,46.16,46.2,7974.0
2018-02-02 14:52:00,46.16,46.18,46.15,46.17,7691.0
2018-02-02 14:53:00,46.15,46.16,46.15,46.15,3900.0
2018-02-02 14:54:00,46.2,46.22,46.13,46.15,15037.0
2018-02-02 14:55:00,46.235,46.26,46.17,46.19,8113.0
2018-02-02 14:56:00,46.315,46.315,46.21,46.22,6102.0
2018-02-02 14:57:00,46.25,46.32,46.25,46.3,5301.0
2018-02-02 14:58:00,46.27,46.27,46.25,46.25,4914.0
2018-02-02 14:59:00,46.21,46.26,46.19,46.26,16716.0
2018-02-02 15:00:00,46.2156,46.24,46.21,46.21,3750.0
2018-02-02 15:01:00,46.21,46.21,46.19,46.21,10523.0
2018-02-02 15:02:00,46.22,46.23,46.205,46.205,6308.0
2018-02-02 15:03:00,46.22,46.23,46.21,46.23,6821.0
2018-02-02 15:04:00,46.21,46.2158,46.21,46.2158,3500.0
2018-02-02 15:05:00,46.24,46.24,46.21,46.21,9208.0
2018-02-02 15:06:00,46.26,46.28,46.22,46.24,24524.0
2018-02-02 15:07:00,46.24,46.27,46.235,46.25,9599.0
2018-02-02 15:08:00,46.28,46.29,46.24,46.2498,12469.0
2018-02-02 15:09:00,46.33,46.34,46.28,46.28,8038.0
2018-02-02 15:10:00,46.32,46.34,46.315,46.32,13234.0
2018-02-02 15:11:00,46.39,46.4,46.325,46.33,11602.0
2018-02-02 15:12:00,46.43,46.43,46.41,46.41,5120.0
2018-02-02 15:13:00,46.49,46.5,46.43,46.43,19414.0
2018-02-02 15:14:00,46.5,46.52,46.49,46.49,11030.0
2018-02-02 15:15:00,46.44,46.49,46.435,46.49,18019.0
2018-02-02 15:16:00,46.435,46.44,46.415,46.435,8401.0
2018-02-02 15:17:00,46.46,46.5,46.445,46.445,11509.0
2018-02-02 15:18:00,46.47,46.47,46.43,46.46,10873.0
2018-02-02 15:19:00,46.51,46.52,46.46,46.47,12709.0
2018-02-02 15:20:00,46.49,46.51,46.48,46.51,7840.0
2018-02-02 15:21:00,46.49,46.5,46.47,46.49,8880.0
2018-02-02 15:22:00,46.53,46.53,46.495,46.495,9676.0
2018-02-02 15:23:00,46.5048,46.53,46.5048,46.53,4706.0
2018-02-02 15:24:00,46.4875,46.51,46.48,46.51,17795.0
2018-02-02 15:25:00,46.505,46.51,46.48,46.48,11661.0
2018-02-02 15:26:00,46.48,46.53,46.48,46.51,8065.0
2018-02-02 15:27:00,46.47,46.48,46.455,46.48,16631.0
2018-02-02 15:28:00,46.47,46.48,46.47,46.48,2794.0
2018-02-02 15:29:00,46.425,46.47,46.42,46.46,13893.0
2018-02-02 15:30:00,46.395,46.425,46.395,46.425,5082.0
2018-02-02 15:31:00,46.345,46.39,46.33,46.39,47225.0
2018-02-02 15:32:00,46.32,46.345,46.29,46.345,21000.0
2018-02-02 15:33:00,46.315,46.335,46.3,46.32,13090.0
2018-02-02 15:34:00,46.335,46.34,46.3,46.315,13818.0
2018-02-02 15:35:00,46.31,46.34,46.275,46.33,20969.0
2018-02-02 15:36:00,46.325,46.325,46.28,46.31,12842.0
2018-02-02 15:37:00,46.335,46.34,46.305,46.33,12047.0
2018-02-02 15:38:00,46.34,46.35,46.31,46.34,16268.0
2018-02-02 15:39:00,46.37,46.38,46.33,46.34,10785.0
2018-02-02 15:40:00,46.39,46.41,46.36,46.37,19350.0
2018-02-02 15:41:00,46.34,46.39,46.33,46.39,13055.0
2018-02-02 15:42:00,46.28,46.34,46.26,46.335,21996.0
2018-02-02 15:43:00,46.29,46.3,46.24,46.28,24813.0
2018-02-02 15:44:00,46.25,46.29,46.25,46.285,13333.0
2018-02-02 15:45:00,46.21,46.26,46.21,46.26,22907.0
2018-02-02 15:46:00,46.2495,46.25,46.22,46.22,59781.0
2018-02-02 15:47:00,46.24,46.27,46.24,46.245,24204.0
2018-02-02 15:48:00,46.2375,46.24,46.23,46.24,13927.0
2018-02-02 15:49:00,46.29,46.29,46.235,46.235,41739.0
2018-02-02 15:50:00,46.3,46.3,46.27,46.29,23688.0
2018-02-02 15:51:00,46.28,46.3,46.27,46.295,16120.0
2018-02-02 15:52:00,46.26,46.275,46.26,46.27,17344.0
2018-02-02 15:53:00,46.255,46.27,46.25,46.265,14989.0
2018-02-02 15:54:00,46.245,46.255,46.24,46.25,15897.0
2018-02-02 15:55:00,46.235,46.25,46.23,46.24,49365.0
2018-02-02 15:56:00,46.27,46.27,46.225,46.235,41571.0
2018-02-02 15:57:00,46.255,46.27,46.25,46.27,20246.0
2018-02-02 15:58:00,46.27,46.28,46.25,46.255,53420.0
2018-02-02 15:59:00,46.27,46.28,46.26,46.27,52013.0
2018-02-02 16:00:00,46.3,46.3,46.27,46.27,84391.0
2018-02-05 09:32:00,47.22,47.27,46.62,46.62,3350.0
2018-02-05 09:33:00,47.7,47.91,47.0,47.18,94346.0
2018-02-05 09:34:00,47.43,47.83,47.425,47.7129,12162.0
2018-02-05 09:35:00,47.425,47.57,47.425,47.4834,1050.0
2018-02-05 09:36:00,47.85,47.85,47.32,47.32,13791.0
2018-02-05 09:37:00,47.87,47.9,47.71,47.71,17446.0
2018-02-05 09:38:00,47.86,47.9,47.8178,47.9,9933.0
2018-02-05 09:39:00,47.38,47.9,47.3275,47.82,19547.0
2018-02-05 09:40:00,47.8,47.86,47.335,47.335,19159.0
2018-02-05 09:41:00,47.865,47.9,47.83,47.88,14444.0
2018-02-05 09:42:00,47.778,47.9,47.75,47.8575,6795.0
2018-02-05 09:43:00,47.77,47.8,47.69,47.76,5550.0
2018-02-05 09:44:00,47.86,47.89,47.77,47.78,58800.0
2018-02-05 09:45:00,47.995,48.01,47.79,47.8125,64928.0
2018-02-05 09:46:00,48.2,48.3799,47.86,47.99,65530.0
2018-02-05 09:47:00,48.42,48.42,48.13,48.14,35434.0
2018-02-05 09:48:00,48.565,48.79,48.255,48.405,13818.0
2018-02-05 09:49:00,48.58,48.62,48.49,48.607,17528.0
2018-02-05 09:50:00,48.2,48.49,48.13,48.49,28051.0
2018-02-05 09:51:00,48.09,48.26,48.09,48.22,20421.0
2018-02-05 09:52:00,48.17,48.17,48.09,48.145,9100.0
2018-02-05 09:53:00,48.21,48.25,48.14,48.14,21668.0
2018-02-05 09:54:00,48.3,48.465,48.19,48.21,13871.0
2018-02-05 09:55:00,48.34,48.45,48.28,48.28,17585.0
2018-02-05 09:56:00,48.3925,48.475,48.32,48.36,9800.0
2018-02-05 09:57:00,48.2,48.34,48.15,48.34,7500.0
2018-02-05 09:58:00,48.27,48.32,48.16,48.19,14647.0
2018-02-05 09:59:00,48.295,48.37,48.27,48.28,17385.0
2018-02-05 10:00:00,48.35,48.38,48.27,48.3,15016.0
2018-02-05 10:01:00,48.24,48.36,48.2,48.35,16449.0
2018-02-05 10:02:00,48.125,48.18,48.11,48.15,5850.0
2018-02-05 10:03:00,47.97,48.14,47.9501,48.14,19361.0
2018-02-05 10:04:00,48.09,48.16,47.99,48.0,6651.0
2018-02-05 10:05:00,48.25,48.25,48.08,48.09,14250.0
2018-02-05 10:06:00,48.18,48.215,48.16,48.19,17441.0
2018-02-05 10:07:00,48.085,48.1801,47.96,48.18,13700.0
2018-02-05 10:08:00,48.14,48.16,48.085,48.085,12665.0
2018-02-05 10:09:00,48.09,48.14,48.04,48.14,13618.0
2018-02-05 10:10:00,48.01,48.09,48.01,48.06,7977.0
2018-02-05 10:11:00,48.05,48.07,47.99,48.01,5466.0
2018-02-05 10:12:00,48.02,48.07,48.0,48.04,5900.0
2018-02-05 10:13:00,48.1,48.1,47.99,48.02,6589.0
2018-02-05 10:14:00,48.19,48.19,48.07,48.07,16126.0
2018-02-05 10:15:00,48.12,48.18,48.12,48.18,8123.0
2018-02-05 10:16:00,48.021,48.13,48.02,48.12,13010.0
2018-02-05 10:17:00,48.13,48.17,48.02,48.03,15935.0
2018-02-05 10:18:00,48.1,48.1267,48.07,48.1267,6821.0
2018-02-05 10:19:00,48.0499,48.13,48.02,48.09,7813.0
2018-02-05 10:20:00,48.09,48.09,48.02,48.04,8715.0
2018-02-05 10:21:00,48.06,48.12,48.01,48.0899,12132.0
2018-02-05 10:22:00,48.08,48.1,48.07,48.08,6565.0
2018-02-05 10:23:00,47.97,48.09,47.89,48.071000000000005,29636.0
2018-02-05 10:24:00,47.981,48.01,47.96,47.97,7143.0
2018-02-05 10:25:00,47.849,48.01,47.81,47.9902,8500.0
2018-02-05 10:26:00,47.96,47.98,47.84,47.84,5249.0
2018-02-05 10:27:00,48.12,48.25,47.98,47.99,15270.0
2018-02-05 10:28:00,48.26,48.26,48.12,48.23,11325.0
2018-02-05 10:29:00,48.245,48.385,48.15,48.23,17747.0
2018-02-05 10:30:00,48.2,48.2531,48.16,48.25,10183.0
2018-02-05 10:31:00,48.195,48.295,48.18,48.195,10465.0
2018-02-05 10:32:00,48.18,48.19,48.17,48.18,1400.0
2018-02-05 10:33:00,48.28,48.28,48.19,48.19,4400.0
2018-02-05 10:34:00,48.27,48.3,48.25,48.26,10696.0
2018-02-05 10:35:00,48.47,48.47,48.29,48.29,5994.0
2018-02-05 10:36:00,48.42,48.47,48.4,48.425,8200.0
2018-02-05 10:37:00,48.38,48.41,48.33,48.41,7619.0
2018-02-05 10:38:00,48.26,48.37,48.25,48.36,7700.0
2018-02-05 10:39:00,48.34,48.38,48.23,48.23,11380.0
2018-02-05 10:40:00,48.265,48.39,48.265,48.33,5653.0
2018-02-05 10:41:00,48.25,48.29,48.24,48.29,2203.0
2018-02-05 10:42:00,48.33,48.33,48.21,48.225,5213.0
2018-02-05 10:43:00,48.335,48.36,48.295,48.295,1400.0
2018-02-05 10:44:00,48.29,48.335,48.19,48.31,11900.0
2018-02-05 10:45:00,48.25,48.29,48.25,48.26,600.0
2018-02-05 10:46:00,48.17,48.25,48.08,48.25,9090.0
2018-02-05 10:47:00,48.17,48.2,48.12,48.2,1489.0
2018-02-05 10:48:00,48.07,48.185,48.07,48.185,11297.0
2018-02-05 10:49:00,48.14,48.17,48.07,48.07,7065.0
2018-02-05 10:50:00,48.1375,48.17,48.11,48.17,16667.0
2018-02-05 10:51:00,48.165,48.185,48.13,48.14,6604.0
2018-02-05 10:52:00,48.06,48.16,48.03,48.16,14936.0
2018-02-05 10:53:00,48.08,48.09,47.87,48.05,12000.0
2018-02-05 10:54:00,48.07,48.08,48.04,48.08,10419.0
2018-02-05 10:55:00,47.915,48.1,47.86,48.07,20922.0
2018-02-05 10:56:00,47.99,48.03,47.88399999999999,47.88399999999999,10065.0
2018-02-05 10:57:00,48.07,48.11,47.97,47.9714,6462.0
2018-02-05 10:58:00,48.095,48.11,48.04,48.05,8373.0
2018-02-05 10:59:00,48.17,48.25,48.12,48.16,7000.0
2018-02-05 11:00:00,48.24,48.27,48.17,48.17,3233.0
2018-02-05 11:01:00,48.29,48.29,48.23,48.275,5400.0
2018-02-05 11:02:00,48.22,48.29,48.17,48.28,8232.0
2018-02-05 11:03:00,48.2,48.21,48.12,48.19,8194.0
2018-02-05 11:04:00,48.1563,48.21,48.15,48.17,2110.0
2018-02-05 11:05:00,48.24,48.24,48.14,48.1526,4786.0
2018-02-05 11:06:00,48.27,48.29,48.25,48.25,1442.0
2018-02-05 11:07:00,48.31,48.33,48.27,48.27,6228.0
2018-02-05 11:08:00,48.31,48.35,48.27,48.29,9318.0
2018-02-05 11:09:00,48.32,48.44,48.32,48.35,14609.0
2018-02-05 11:10:00,48.24,48.33,48.24,48.28,7583.0
2018-02-05 11:11:00,48.2,48.24,48.14,48.24,6035.0
2018-02-05 11:12:00,48.22,48.27,48.1684,48.1684,5784.0
2018-02-05 11:13:00,48.24,48.26,48.22,48.245,700.0
2018-02-05 11:14:00,48.22,48.23,48.19,48.23,10165.0
2018-02-05 11:15:00,48.23,48.32,48.22,48.23,7285.0
2018-02-05 11:16:00,48.29,48.33,48.2,48.23,10663.0
2018-02-05 11:17:00,48.29,48.32,48.27,48.28,2387.0
2018-02-05 11:18:00,48.305,48.32,48.28,48.305,5500.0
2018-02-05 11:19:00,48.26,48.305,48.2,48.29,8599.0
2018-02-05 11:20:00,48.2402,48.26,48.21,48.21,3030.0
2018-02-05 11:21:00,48.27,48.35,48.26,48.26,7534.0
2018-02-05 11:22:00,48.2,48.3,48.19,48.275,5135.0
2018-02-05 11:23:00,48.37,48.41,48.255,48.26,7078.0
2018-02-05 11:24:00,48.3,48.37,48.23,48.37,6846.0
2018-02-05 11:25:00,48.26,48.34,48.23,48.3,8146.0
2018-02-05 11:26:00,48.28,48.31,48.27,48.29,2580.0
2018-02-05 11:27:00,48.26,48.29,48.2,48.28,9791.0
2018-02-05 11:28:00,48.266000000000005,48.28,48.24,48.26,2444.0
2018-02-05 11:29:00,48.16,48.29,48.16,48.29,4439.0
2018-02-05 11:30:00,48.21,48.22,48.13,48.16,5353.0
2018-02-05 11:31:00,48.14,48.23,48.14,48.215,5324.0
2018-02-05 11:32:00,48.27,48.3,48.15,48.15,7700.0
2018-02-05 11:33:00,48.12,48.27,48.12,48.27,4940.0
2018-02-05 11:34:00,48.15,48.18,48.09,48.1,5408.0
2018-02-05 11:35:00,48.2,48.21,48.15,48.15,2671.0
2018-02-05 11:36:00,48.23,48.26,48.21,48.215,6384.0
2018-02-05 11:37:00,48.18,48.22,48.18,48.21,7203.0
2018-02-05 11:38:00,48.17,48.17,48.13,48.15,2300.0
2018-02-05 11:39:00,48.17,48.2,48.15,48.15,1400.0
2018-02-05 11:40:00,48.19,48.22,48.18,48.18,5919.0
2018-02-05 11:41:00,48.165,48.2,48.16,48.18,4400.0
2018-02-05 11:42:00,48.14,48.15,48.1,48.15,7000.0
2018-02-05 11:43:00,48.125,48.16,48.12,48.15,1236.0
2018-02-05 11:44:00,48.07,48.125,48.07,48.1,7000.0
2018-02-05 11:45:00,48.13,48.13,48.06,48.07,5888.0
2018-02-05 11:46:00,48.16,48.16,48.128,48.13,2000.0
2018-02-05 11:47:00,48.12,48.165,48.12,48.145,4078.0
2018-02-05 11:48:00,48.08,48.14,48.0,48.13,6530.0
2018-02-05 11:49:00,48.01,48.08,48.01,48.08,1600.0
2018-02-05 11:50:00,47.92,48.02,47.92,48.01,7232.0
2018-02-05 11:51:00,47.88,48.01,47.84,47.88,7474.0
2018-02-05 11:52:00,47.945,47.96,47.93,47.93,700.0
2018-02-05 11:53:00,48.01,48.05,47.93,47.93,3300.0
2018-02-05 11:54:00,47.97,48.025,47.97,48.025,3600.0
2018-02-05 11:55:00,48.02,48.02,47.99,47.99,400.0
2018-02-05 11:56:00,48.06,48.1,48.0,48.005,4173.0
2018-02-05 11:57:00,48.1,48.1,48.06,48.08,2100.0
2018-02-05 11:58:00,48.14,48.1432,48.04,48.07,8256.0
2018-02-05 11:59:00,47.96,48.12,47.96,48.12,7176.0
2018-02-05 12:00:00,48.0,48.06,47.975,47.975,4941.0
2018-02-05 12:01:00,47.85,48.01,47.85,47.99,4824.0
2018-02-05 12:02:00,47.69,47.87,47.68,47.855,17802.0
2018-02-05 12:03:00,47.7,47.73,47.59,47.72,25419.0
2018-02-05 12:04:00,47.58,47.75,47.58,47.7,3880.0
2018-02-05 12:05:00,47.71,47.72,47.56,47.58,5059.0
2018-02-05 12:06:00,47.79,47.83,47.76,47.76,1700.0
2018-02-05 12:07:00,47.805,47.83,47.785,47.79,2810.0
2018-02-05 12:08:00,47.695,47.79,47.67,47.79,4374.0
2018-02-05 12:09:00,47.68,47.74,47.68,47.72,1400.0
2018-02-05 12:10:00,47.71,47.71,47.66,47.68,6109.0
2018-02-05 12:11:00,47.69,47.73,47.65,47.71,3100.0
2018-02-05 12:12:00,47.69,47.72,47.69,47.69,2100.0
2018-02-05 12:13:00,47.71,47.74,47.66,47.66,4700.0
2018-02-05 12:14:00,47.61,47.71,47.6,47.71,3296.0
2018-02-05 12:15:00,47.62,47.62,47.59,47.6,3025.0
2018-02-05 12:16:00,47.68,47.68,47.63,47.63,3800.0
2018-02-05 12:17:00,47.65,47.68,47.63,47.66,5259.0
2018-02-05 12:18:00,47.645,47.66,47.63,47.63,3525.0
2018-02-05 12:19:00,47.75,47.75,47.65,47.65,4000.0
2018-02-05 12:20:00,47.72,47.74,47.68,47.73,3000.0
2018-02-05 12:21:00,47.68,47.68,47.68,47.68,800.0
2018-02-05 12:22:00,47.68,47.7,47.64,47.67,8000.0
2018-02-05 12:23:00,47.69,47.74,47.68,47.71,5606.0
2018-02-05 12:24:00,47.655,47.69,47.65,47.69,1300.0
2018-02-05 12:25:00,47.66,47.67,47.63,47.66,5399.0
2018-02-05 12:26:00,47.69,47.7,47.63,47.63,1895.0
2018-02-05 12:27:00,47.67,47.775,47.67,47.71,10669.0
2018-02-05 12:28:00,47.7,47.72,47.69,47.69,2549.0
2018-02-05 12:29:00,47.7,47.7207,47.67,47.69,2543.0
2018-02-05 12:30:00,47.75,47.75,47.715,47.715,1298.0
2018-02-05 12:31:00,47.73,47.73,47.71,47.72,3081.0
2018-02-05 12:32:00,47.71,47.74,47.71,47.71,600.0
2018-02-05 12:33:00,47.735,47.74,47.71,47.73,4700.0
2018-02-05 12:34:00,47.75,47.77,47.73,47.73,5312.0
2018-02-05 12:35:00,47.69,47.78,47.69,47.77,13816.0
2018-02-05 12:36:00,47.7,47.72,47.69,47.69,4949.0
2018-02-05 12:37:00,47.72,47.75,47.72,47.72,3570.0
2018-02-05 12:38:00,47.75,47.75,47.72,47.735,3386.0
2018-02-05 12:39:00,47.83,47.83,47.74,47.74,4250.0
2018-02-05 12:40:00,47.8,47.83,47.79,47.83,7200.0
2018-02-05 12:41:00,47.79,47.82,47.79,47.81,500.0
2018-02-05 12:42:00,47.83,47.83,47.79,47.8,7926.0
2018-02-05 12:43:00,47.8,47.82,47.8,47.815,1310.0
2018-02-05 12:44:00,47.8,47.8,47.76,47.8,5900.0
2018-02-05 12:45:00,47.77,47.8,47.77,47.77,1700.0
2018-02-05 12:46:00,47.8,47.81,47.8,47.8,3900.0
2018-02-05 12:47:00,47.79,47.8,47.79,47.8,2514.0
2018-02-05 12:48:00,47.8,47.8,47.785,47.79,5020.0
2018-02-05 12:49:00,47.79,47.8,47.79,47.8,1200.0
2018-02-05 12:50:00,47.85,47.85,47.79,47.8,4634.0
2018-02-05 12:51:00,47.9,47.9,47.83,47.83,1969.0
2018-02-05 12:52:00,47.88,47.9,47.86,47.86,1400.0
2018-02-05 12:53:00,47.84,47.87,47.84,47.87,5474.0
2018-02-05 12:54:00,47.93,47.97,47.86,47.86,8157.0
2018-02-05 12:55:00,47.92,47.93,47.91,47.93,1587.0
2018-02-05 12:56:00,47.89,47.93,47.88,47.9,3722.0
2018-02-05 12:57:00,47.88,47.9029,47.88,47.9029,795.0
2018-02-05 12:58:00,47.86,47.895,47.86,47.895,4300.0
2018-02-05 12:59:00,47.855,47.87,47.85,47.86,4005.0
2018-02-05 13:00:00,47.84,47.88,47.84,47.85,3775.0
2018-02-05 13:01:00,47.77,47.84,47.77,47.84,1900.0
2018-02-05 13:02:00,47.75,47.77,47.72,47.75,16501.0
2018-02-05 13:03:00,47.62,47.7525,47.62,47.7448,8538.0
2018-02-05 13:04:00,47.655,47.66,47.57,47.58,5378.0
2018-02-05 13:05:00,47.62,47.67,47.62,47.66,4785.0
2018-02-05 13:06:00,47.63,47.67,47.6,47.61,5491.0
2018-02-05 13:07:00,47.625,47.63,47.6,47.62,4362.0
2018-02-05 13:08:00,47.57,47.63,47.57,47.6,3450.0
2018-02-05 13:09:00,47.54,47.575,47.54,47.57,1300.0
2018-02-05 13:10:00,47.55,47.55,47.5101,47.54,4492.0
2018-02-05 13:11:00,47.54,47.57,47.535,47.54,2012.0
2018-02-05 13:12:00,47.51,47.54,47.44,47.54,13480.0
2018-02-05 13:13:00,47.47,47.53,47.43,47.52,8000.0
2018-02-05 13:14:00,47.41,47.45,47.41,47.44,5128.0
2018-02-05 13:15:00,47.4,47.47,47.39,47.43,5600.0
2018-02-05 13:16:00,47.43,47.48,47.386,47.405,7525.0
2018-02-05 13:17:00,47.39,47.44,47.33,47.4367,5100.0
2018-02-05 13:18:00,47.35,47.4,47.35,47.4,2680.0
2018-02-05 13:19:00,47.33,47.45,47.33,47.36,25000.0
2018-02-05 13:20:00,47.33,47.34,47.3133,47.3305,600.0
2018-02-05 13:21:00,47.38,47.41,47.32,47.3299,9456.0
2018-02-05 13:22:00,47.35,47.385,47.35,47.38,4516.0
2018-02-05 13:23:00,47.38,47.38,47.34,47.35,1700.0
2018-02-05 13:25:00,47.33,47.37,47.33,47.34,3293.0
2018-02-05 13:26:00,47.3,47.3311,47.3,47.33,4750.0
2018-02-05 13:27:00,47.335,47.37,47.29,47.29,5226.0
2018-02-05 13:28:00,47.35,47.36,47.35,47.35,1282.0
2018-02-05 13:29:00,47.4,47.4,47.34,47.34,3806.0
2018-02-05 13:30:00,47.53,47.53,47.41,47.41,3253.0
2018-02-05 13:31:00,47.47,47.53,47.46,47.515,13604.0
2018-02-05 13:32:00,47.5,47.53,47.42,47.43,3100.0
2018-02-05 13:33:00,47.5,47.525,47.48,47.49,2700.0
2018-02-05 13:34:00,47.47,47.52,47.47,47.5,2100.0
2018-02-05 13:35:00,47.43,47.46,47.41,47.43,2700.0
2018-02-05 13:36:00,47.41,47.52,47.41,47.43,6100.0
2018-02-05 13:37:00,47.4,47.43,47.4,47.4,3280.0
2018-02-05 13:38:00,47.38,47.4,47.38,47.38,1201.0
2018-02-05 13:39:00,47.38,47.44,47.34,47.37,4250.0
2018-02-05 13:41:00,47.35,47.4,47.32,47.36,9297.0
2018-02-05 13:42:00,47.44,47.44,47.34,47.34,9880.0
2018-02-05 13:43:00,47.45,47.45,47.41,47.449,300.0
2018-02-05 13:44:00,47.47,47.49,47.45,47.45,3898.0
2018-02-05 13:45:00,47.44,47.48,47.4,47.48,8370.0
2018-02-05 13:46:00,47.44,47.45,47.43,47.43,1915.0
2018-02-05 13:47:00,47.43,47.46,47.39,47.44,6778.0
2018-02-05 13:48:00,47.52,47.52,47.43,47.43,3100.0
2018-02-05 13:49:00,47.45,47.52,47.41,47.52,6550.0
2018-02-05 13:50:00,47.43,47.45,47.41,47.45,600.0
2018-02-05 13:51:00,47.44,47.45,47.41,47.42,9202.0
2018-02-05 13:52:00,47.45,47.45,47.43,47.44,7376.0
2018-02-05 13:53:00,47.44,47.45,47.42,47.44,12408.0
2018-02-05 13:54:00,47.41,47.47,47.41,47.44,11680.0
2018-02-05 13:55:00,47.22,47.4,47.19,47.4,8719.0
2018-02-05 13:56:00,47.39,47.44,47.2001,47.215,8569.0
2018-02-05 13:57:00,47.36,47.3703,47.35,47.3703,3200.0
2018-02-05 13:58:00,47.4207,47.45,47.37,47.37,3782.0
2018-02-05 13:59:00,47.45,47.46,47.4,47.43,4344.0
2018-02-05 14:00:00,47.48,47.5,47.37,47.47,9646.0
2018-02-05 14:01:00,47.43,47.47,47.32,47.46,3400.0
2018-02-05 14:02:00,47.47,47.49,47.35,47.43,9600.0
2018-02-05 14:03:00,47.47,47.47,47.45,47.455,1325.0
2018-02-05 14:04:00,47.47,47.48,47.45,47.47,1400.0
2018-02-05 14:05:00,47.41,47.49,47.4,47.46,5000.0
2018-02-05 14:06:00,47.41,47.42,47.4,47.4,2376.0
2018-02-05 14:07:00,47.45,47.49,47.36,47.41,7800.0
2018-02-05 14:08:00,47.375,47.42,47.36,47.42,4036.0
2018-02-05 14:09:00,47.44,47.44,47.34,47.36,5394.0
2018-02-05 14:10:00,47.45,47.45,47.41,47.44,2300.0
2018-02-05 14:11:00,47.455,47.46,47.41,47.44,3012.0
2018-02-05 14:12:00,47.52,47.59,47.44,47.44,7480.0
2018-02-05 14:13:00,47.575,47.6,47.52,47.52,1507.0
2018-02-05 14:14:00,47.56,47.6,47.56,47.57899999999999,500.0
2018-02-05 14:15:00,47.69,47.71,47.6,47.6,4669.0
2018-02-05 14:16:00,47.63,47.71,47.54,47.69,10574.0
2018-02-05 14:17:00,47.54,47.575,47.51,47.575,4400.0
2018-02-05 14:18:00,47.5,47.53,47.5,47.52,3300.0
2018-02-05 14:19:00,47.51,47.51,47.46,47.49,4900.0
2018-02-05 14:20:00,47.54,47.55,47.51,47.52,3317.0
2018-02-05 14:21:00,47.67,47.67,47.53,47.53,5400.0
2018-02-05 14:22:00,47.6,47.68,47.54,47.68,5253.0
2018-02-05 14:23:00,47.6,47.6,47.54,47.58,4394.0
2018-02-05 14:24:00,47.55,47.6,47.55,47.6,1345.0
2018-02-05 14:25:00,47.45,47.55,47.45,47.55,4305.0
2018-02-05 14:26:00,47.53,47.59,47.45,47.45,8534.0
2018-02-05 14:27:00,47.58,47.59,47.5,47.53,5108.0
2018-02-05 14:28:00,47.55,47.57,47.53,47.57,5320.0
2018-02-05 14:29:00,47.57,47.57,47.54,47.55,1426.0
2018-02-05 14:30:00,47.56,47.57,47.54,47.57,4083.0
2018-02-05 14:31:00,47.54,47.56,47.51,47.56,8647.0
2018-02-05 14:32:00,47.56,47.58,47.51,47.53,5416.0
2018-02-05 14:33:00,47.555,47.57,47.55,47.565,4861.0
2018-02-05 14:34:00,47.49,47.54,47.49,47.54,3000.0
2018-02-05 14:35:00,47.57,47.58,47.49,47.49,8220.0
2018-02-05 14:36:00,47.59,47.6,47.56,47.58,7024.0
2018-02-05 14:37:00,47.59,47.65,47.57,47.6,8417.0
2018-02-05 14:38:00,47.55,47.57,47.52,47.55,5694.0
2018-02-05 14:39:00,47.515,47.53,47.5,47.53,2900.0
2018-02-05 14:40:00,47.53,47.54,47.5,47.515,3941.0
2018-02-05 14:41:00,47.48,47.57,47.45,47.53,10275.0
2018-02-05 14:42:00,47.45,47.47,47.42,47.42,2935.0
2018-02-05 14:43:00,47.49,47.49,47.4515,47.46,4975.0
2018-02-05 14:44:00,47.49,47.5,47.48,47.5,1300.0
2018-02-05 14:45:00,47.43,47.495,47.43,47.49,7572.0
2018-02-05 14:46:00,47.5,47.55,47.46,47.46,13451.0
2018-02-05 14:47:00,47.48,47.52,47.48,47.5,17708.0
2018-02-05 14:48:00,47.55,47.58,47.51,47.51,4618.0
2018-02-05 14:49:00,47.555,47.57,47.53,47.53,2408.0
2018-02-05 14:50:00,47.52,47.6,47.51,47.55,9606.0
2018-02-05 14:51:00,47.49,47.53,47.48,47.52,2400.0
2018-02-05 14:52:00,47.48,47.49,47.446000000000005,47.446000000000005,6430.0
2018-02-05 14:53:00,47.4403,47.53,47.43,47.48,10000.0
2018-02-05 14:54:00,47.49,47.53,47.44,47.45,4790.0
2018-02-05 14:55:00,47.488,47.52,47.48,47.51,5695.0
2018-02-05 14:56:00,47.47,47.48,47.43,47.47,5279.0
2018-02-05 14:57:00,47.38,47.475,47.37,47.475,6500.0
2018-02-05 14:58:00,47.37,47.42,47.36,47.42,2500.0
2018-02-05 14:59:00,47.46,47.48,47.35,47.365,8841.0
2018-02-05 15:00:00,47.48,47.505,47.46,47.46,7828.0
2018-02-05 15:01:00,47.49,47.51,47.46,47.4784,11919.0
2018-02-05 15:02:00,47.58,47.58,47.4789,47.48,7608.0
2018-02-05 15:03:00,47.56,47.57,47.54,47.57,16462.0
2018-02-05 15:04:00,47.61,47.67,47.57,47.6,7944.0
2018-02-05 15:05:00,47.49,47.64,47.46,47.64,11399.0
2018-02-05 15:06:00,47.54,47.58,47.5,47.5,11210.0
2018-02-05 15:07:00,47.475,47.52,47.45,47.52,8518.0
2018-02-05 15:08:00,47.58,47.64,47.45,47.45,12565.0
2018-02-05 15:09:00,47.49,47.55,47.44,47.55,8284.0
2018-02-05 15:10:00,47.37,47.47,47.32,47.45,22015.0
2018-02-05 15:11:00,47.4,47.54,47.31,47.39,22088.0
2018-02-05 15:12:00,47.52,47.52,47.29,47.36,13986.0
2018-02-05 15:13:00,47.62,47.62,47.43,47.5,15222.0
2018-02-05 15:14:00,47.545,47.64,47.51,47.63,15830.0
2018-02-05 15:15:00,47.54,47.62,47.44,47.5,16216.0
2018-02-05 15:16:00,47.48,47.62,47.43,47.5475,27146.0
2018-02-05 15:17:00,47.59,47.69,47.46,47.46,20906.0
2018-02-05 15:18:00,47.69,47.83,47.6,47.6,17733.0
2018-02-05 15:19:00,47.57,47.67,47.44,47.64,50822.0
2018-02-05 15:20:00,47.38,47.58,47.32,47.56,24448.0
2018-02-05 15:21:00,47.41,47.45,47.28,47.4,27334.0
2018-02-05 15:22:00,47.57,47.57,47.375,47.375,15595.0
2018-02-05 15:23:00,47.63,47.7,47.53,47.56,23614.0
2018-02-05 15:24:00,47.84,47.84,47.63,47.7,19984.0
2018-02-05 15:25:00,47.69,47.82,47.66,47.82,9828.0
2018-02-05 15:26:00,47.58,47.84,47.57,47.69,13936.0
2018-02-05 15:27:00,47.64,47.64,47.52,47.64,10327.0
2018-02-05 15:28:00,47.675,47.68,47.59,47.62,7608.0
2018-02-05 15:29:00,47.69,47.7,47.65,47.65,2616.0
2018-02-05 15:30:00,47.68,47.71,47.63,47.7,13871.0
2018-02-05 15:31:00,47.58,47.66,47.54,47.66,29305.0
2018-02-05 15:32:00,47.64,47.65,47.54,47.58,21713.0
2018-02-05 15:33:00,47.67,47.71,47.62,47.63,7228.0
2018-02-05 15:34:00,47.8,47.81,47.67,47.67,18342.0
2018-02-05 15:35:00,47.66,47.77,47.62,47.77,20762.0
2018-02-05 15:36:00,47.7121,47.9,47.66,47.66,34421.0
2018-02-05 15:37:00,47.75,47.86,47.7,47.73,20678.0
2018-02-05 15:38:00,47.72,47.84,47.7,47.75,28930.0
2018-02-05 15:39:00,47.72,47.76,47.69,47.72,17738.0
2018-02-05 15:40:00,47.725,47.77,47.68,47.7,21232.0
2018-02-05 15:41:00,47.61,47.77,47.48,47.7,73789.0
2018-02-05 15:42:00,47.74,47.81,47.62,47.62,23424.0
2018-02-05 15:43:00,47.72,47.75,47.67,47.72,19988.0
2018-02-05 15:44:00,47.69,47.82,47.69,47.74,12309.0
2018-02-05 15:45:00,47.66,47.72,47.61,47.69,16591.0
2018-02-05 15:46:00,47.64,47.68,47.59,47.63,21388.0
2018-02-05 15:47:00,47.66,47.68,47.56,47.625,32973.0
2018-02-05 15:48:00,47.64,47.68,47.59,47.66,28476.0
2018-02-05 15:49:00,47.65,47.72,47.63,47.63,29840.0
2018-02-05 15:50:00,47.65,47.69,47.61,47.64,35271.0
2018-02-05 15:51:00,47.67,47.73,47.64,47.64,30040.0
2018-02-05 15:52:00,47.625,47.675,47.619,47.675,35929.0
2018-02-05 15:53:00,47.62,47.65,47.61,47.62,47733.0
2018-02-05 15:54:00,47.63,47.66,47.61,47.63,43601.0
2018-02-05 15:55:00,47.61,47.65,47.6,47.62,74063.0
2018-02-05 15:56:00,47.55,47.65,47.52,47.61,46431.0
2018-02-05 15:57:00,47.57,47.61,47.53,47.55,53888.0
2018-02-05 15:58:00,47.55,47.57,47.48,47.57,52065.0
2018-02-05 15:59:00,47.53,47.61,47.51,47.56,65308.0
2018-02-05 16:00:00,47.44,47.65,47.4,47.53,89355.0
2018-02-06 09:31:00,47.0,47.02,46.83,46.91,2928.0
2018-02-06 09:33:00,46.74,46.74,46.74,46.74,4000.0
2018-02-06 09:35:00,47.15,47.2,46.74,47.04,88811.0
2018-02-06 09:36:00,47.305,47.39,47.19,47.19,12411.0
2018-02-06 09:37:00,47.43,47.4931,47.325,47.325,4925.0
2018-02-06 09:38:00,47.345,47.53,47.28,47.44,49736.0
2018-02-06 09:39:00,47.4,47.41,47.21,47.34,20730.0
2018-02-06 09:40:00,47.64,47.64,47.32,47.39,23833.0
2018-02-06 09:41:00,47.83,47.86,47.57,47.57,11838.0
2018-02-06 09:42:00,47.66,47.8272,47.64,47.81,10533.0
2018-02-06 09:43:00,47.69,47.74,47.65,47.67,8239.0
2018-02-06 09:44:00,47.71,47.73,47.65,47.73,6940.0
2018-02-06 09:45:00,47.42,47.66,47.42,47.66,6500.0
2018-02-06 09:46:00,47.51,47.52,47.385,47.48,7333.0
2018-02-06 09:47:00,47.6425,47.7,47.465,47.465,6014.0
2018-02-06 09:48:00,47.62,47.68,47.59,47.61,2476.0
2018-02-06 09:49:00,47.69,47.78,47.63,47.64,17036.0
2018-02-06 09:50:00,47.64,47.6978,47.58,47.6978,3480.0
2018-02-06 09:51:00,47.6,47.655,47.56,47.64,4768.0
2018-02-06 09:52:00,47.59,47.67,47.57,47.61,7193.0
2018-02-06 09:53:00,47.5,47.59,47.47,47.59,7169.0
2018-02-06 09:54:00,47.5,47.56,47.49,47.54,2265.0
2018-02-06 09:55:00,47.52,47.54,47.4401,47.5,7021.0
2018-02-06 09:56:00,47.42,47.54,47.4,47.5,12541.0
2018-02-06 09:57:00,47.44,47.44,47.33,47.39,5399.0
2018-02-06 09:58:00,47.27,47.47,47.23,47.45,13136.0
2018-02-06 09:59:00,47.19,47.3,47.19,47.29,10907.0
2018-02-06 10:00:00,47.165,47.195,47.1,47.16,10184.0
2018-02-06 10:01:00,47.19,47.28,47.13,47.17,23058.0
2018-02-06 10:02:00,47.25,47.28,47.185,47.185,9859.0
2018-02-06 10:03:00,47.18,47.25,47.05,47.22,14600.0
2018-02-06 10:04:00,47.26,47.33,47.18,47.18,9639.0
2018-02-06 10:05:00,47.38,47.45,47.24100000000001,47.2999,10209.0
2018-02-06 10:06:00,47.51,47.6,47.4,47.4,9008.0
2018-02-06 10:07:00,47.56,47.56,47.46,47.53,6473.0
2018-02-06 10:08:00,47.655,47.69,47.51,47.52,8447.0
2018-02-06 10:09:00,47.51,47.73,47.46,47.655,11067.0
2018-02-06 10:10:00,47.68,47.8,47.5,47.52,10949.0
2018-02-06 10:11:00,47.78,47.78,47.585,47.65,8153.0
2018-02-06 10:12:00,47.82,47.82,47.72,47.79,8500.0
2018-02-06 10:13:00,47.79,47.89,47.74,47.82,10911.0
2018-02-06 10:14:00,47.89,47.91,47.76,47.795,7585.0
2018-02-06 10:15:00,47.99,47.99,47.87,47.91,4580.0
2018-02-06 10:16:00,47.94,48.0,47.88,47.94,11600.0
2018-02-06 10:17:00,47.93,47.99,47.93,47.96,9189.0
2018-02-06 10:18:00,47.89,47.9525,47.78,47.93,12324.0
2018-02-06 10:19:00,47.86,47.905,47.71,47.905,13551.0
2018-02-06 10:20:00,47.98,47.98,47.87,47.87,8944.0
2018-02-06 10:21:00,48.055,48.245,47.95,47.96,13513.0
2018-02-06 10:22:00,48.1,48.125,48.0,48.03,8077.0
2018-02-06 10:23:00,48.12,48.21,48.05,48.12,14144.0
2018-02-06 10:24:00,48.255,48.255,48.1,48.13,9900.0
2018-02-06 10:25:00,48.305,48.31,48.13,48.22,10382.0
2018-02-06 10:26:00,48.35,48.35,48.21,48.26,8093.0
2018-02-06 10:27:00,48.32,48.42,48.32,48.34,9505.0
2018-02-06 10:28:00,48.23,48.345,48.111000000000004,48.32,9279.0
2018-02-06 10:29:00,48.3,48.37,48.25,48.32,8640.0
2018-02-06 10:30:00,48.34,48.39,48.29,48.31,10556.0
2018-02-06 10:31:00,48.29,48.4,48.27,48.34,6837.0
2018-02-06 10:32:00,48.26,48.32,48.26,48.27,7301.0
2018-02-06 10:33:00,48.235,48.28,48.16,48.26,7097.0
2018-02-06 10:34:00,48.21,48.28,48.15,48.21,11639.0
2018-02-06 10:35:00,48.29,48.31,48.23,48.23,8385.0
2018-02-06 10:36:00,48.25,48.29,48.15,48.28,16140.0
2018-02-06 10:37:00,48.205,48.3,48.19,48.25,14352.0
2018-02-06 10:38:00,48.28,48.33,48.19,48.205,15405.0
2018-02-06 10:39:00,48.27,48.3,48.23,48.24,12503.0
2018-02-06 10:40:00,48.305,48.32,48.24,48.28,9060.0
2018-02-06 10:41:00,48.3,48.38,48.24,48.305,32750.0
2018-02-06 10:42:00,48.26,48.325,48.21,48.3,8833.0
2018-02-06 10:43:00,48.3,48.4,48.22,48.25,13120.0
2018-02-06 10:44:00,48.265,48.29,48.22,48.25,6200.0
2018-02-06 10:45:00,48.34,48.34,48.225,48.265,6284.0
2018-02-06 10:46:00,48.335,48.43,48.32,48.35,10106.0
2018-02-06 10:47:00,48.365,48.37,48.23,48.325,9400.0
2018-02-06 10:48:00,48.31,48.39,48.25,48.365,10561.0
2018-02-06 10:49:00,48.358000000000004,48.36,48.28,48.3,3540.0
2018-02-06 10:50:00,48.34,48.38,48.3,48.36,9747.0
2018-02-06 10:51:00,48.29,48.37,48.29,48.33,3700.0
2018-02-06 10:52:00,48.335,48.335,48.28,48.28,5800.0
2018-02-06 10:53:00,48.45,48.4775,48.3,48.31,9771.0
2018-02-06 10:54:00,48.472,48.53,48.44,48.47,12152.0
2018-02-06 10:55:00,48.49,48.53,48.465,48.49,3700.0
2018-02-06 10:56:00,48.46,48.51,48.42,48.49,7919.0
2018-02-06 10:57:00,48.5,48.52,48.39,48.44,6840.0
2018-02-06 10:58:00,48.42,48.49,48.33,48.48,7480.0
2018-02-06 10:59:00,48.46,48.46,48.36,48.41,4900.0
2018-02-06 11:00:00,48.55,48.58,48.46,48.46,8199.0
2018-02-06 11:01:00,48.51,48.57,48.49,48.52,7000.0
2018-02-06 11:02:00,48.54,48.57,48.46,48.49,5600.0
2018-02-06 11:03:00,48.6,48.61,48.5,48.54,7189.0
2018-02-06 11:04:00,48.62,48.67,48.48,48.6,11938.0
2018-02-06 11:05:00,48.54,48.63,48.54,48.63,3320.0
2018-02-06 11:06:00,48.73,48.73,48.54,48.54,7727.0
2018-02-06 11:07:00,48.54,48.71,48.54,48.69,13152.0
2018-02-06 11:08:00,48.65,48.73,48.54,48.54,12849.0
2018-02-06 11:09:00,48.6,48.69,48.6,48.66,14100.0
2018-02-06 11:10:00,48.6101,48.655,48.51,48.6,9513.0
2018-02-06 11:11:00,48.45,48.63,48.446000000000005,48.61,11107.0
2018-02-06 11:12:00,48.41,48.53,48.41,48.48,15629.0
2018-02-06 11:13:00,48.51,48.56,48.41,48.45,18989.0
2018-02-06 11:14:00,48.36,48.5,48.33,48.49,16813.0
2018-02-06 11:15:00,48.43,48.43,48.3,48.3391,7707.0
2018-02-06 11:16:00,48.33,48.42,48.28,48.42,10452.0
2018-02-06 11:17:00,48.4,48.51,48.3303,48.34,9306.0
2018-02-06 11:18:00,48.34,48.475,48.33,48.42,5000.0
2018-02-06 11:19:00,48.46,48.46,48.35,48.38,5100.0
2018-02-06 11:20:00,48.38,48.46,48.35,48.44,10374.0
2018-02-06 11:21:00,48.26,48.435,48.26,48.41,12986.0
2018-02-06 11:22:00,48.43,48.43,48.32,48.32,4933.0
2018-02-06 11:23:00,48.39,48.47,48.38,48.46,4100.0
2018-02-06 11:24:00,48.29,48.48,48.29,48.42,5314.0
2018-02-06 11:25:00,48.38,48.435,48.32,48.33,6660.0
2018-02-06 11:26:00,48.27,48.405,48.27,48.38,5200.0
2018-02-06 11:27:00,48.4,48.4,48.32,48.32,7728.0
2018-02-06 11:28:00,48.4003,48.472,48.29,48.33,8217.0
2018-02-06 11:29:00,48.42,48.46,48.34,48.46,4820.0
2018-02-06 11:30:00,48.315,48.445,48.23,48.42,9167.0
2018-02-06 11:31:00,48.33,48.39,48.31,48.32,4100.0
2018-02-06 11:32:00,48.2325,48.295,48.22,48.26,10387.0
2018-02-06 11:33:00,48.17,48.28,48.15,48.25,9525.0
2018-02-06 11:34:00,48.13,48.25,48.13,48.135,4631.0
2018-02-06 11:35:00,48.12,48.18,48.06,48.1,9511.0
2018-02-06 11:36:00,48.14,48.16,48.07,48.13,9243.0
2018-02-06 11:37:00,48.08,48.145,48.04,48.14,12300.0
2018-02-06 11:38:00,48.08,48.165,48.01,48.165,4106.0
2018-02-06 11:39:00,48.1301,48.24,48.08,48.08,8936.0
2018-02-06 11:40:00,48.12,48.16,48.11,48.13,1600.0
2018-02-06 11:41:00,48.15,48.2,48.13,48.16,9324.0
2018-02-06 11:42:00,48.15,48.15,48.08,48.15,4921.0
2018-02-06 11:43:00,48.17,48.215,48.15,48.15,6200.0
2018-02-06 11:44:00,48.14,48.24,48.14,48.17,5846.0
2018-02-06 11:45:00,48.27,48.27,48.13,48.155,6977.0
2018-02-06 11:46:00,48.265,48.28,48.2,48.25,4300.0
2018-02-06 11:47:00,48.28,48.29,48.24,48.265,2200.0
2018-02-06 11:48:00,48.3,48.31,48.27,48.29,4447.0
2018-02-06 11:49:00,48.255,48.3,48.25,48.3,4700.0
2018-02-06 11:50:00,48.35,48.36,48.24,48.24,6740.0
2018-02-06 11:51:00,48.39,48.4475,48.36,48.36,7450.0
2018-02-06 11:52:00,48.44,48.44,48.37,48.385,4280.0
2018-02-06 11:53:00,48.47,48.53,48.41,48.44,9680.0
2018-02-06 11:54:00,48.49,48.49,48.46,48.47,5215.0
2018-02-06 11:55:00,48.46,48.49,48.42,48.47,11679.0
2018-02-06 11:56:00,48.495,48.5,48.44,48.47,4540.0
2018-02-06 11:57:00,48.46,48.51,48.46,48.51,5650.0
2018-02-06 11:58:00,48.44,48.465,48.43,48.46,3554.0
2018-02-06 11:59:00,48.441,48.46,48.42,48.45,7319.0
2018-02-06 12:00:00,48.44,48.46,48.42,48.435,4583.0
2018-02-06 12:01:00,48.48,48.49,48.45,48.45,6299.0
2018-02-06 12:02:00,48.475,48.49,48.44,48.46,7001.0
2018-02-06 12:03:00,48.45,48.49,48.45,48.465,5907.0
2018-02-06 12:04:00,48.47,48.49,48.47,48.49,2500.0
2018-02-06 12:05:00,48.48,48.5,48.47,48.48,6326.0
2018-02-06 12:06:00,48.45,48.48,48.41,48.4693,6563.0
2018-02-06 12:07:00,48.47,48.49,48.45,48.45,3420.0
2018-02-06 12:08:00,48.44,48.49,48.44,48.49,2500.0
2018-02-06 12:09:00,48.52,48.52,48.47,48.47,5187.0
2018-02-06 12:10:00,48.54,48.57,48.53,48.53,4836.0
2018-02-06 12:11:00,48.505,48.54,48.49,48.54,4700.0
2018-02-06 12:12:00,48.48,48.495,48.47,48.49,2000.0
2018-02-06 12:13:00,48.49,48.505,48.47,48.48,8517.0
2018-02-06 12:14:00,48.48,48.5,48.47,48.5,2300.0
2018-02-06 12:15:00,48.52,48.52,48.46,48.475,5460.0
2018-02-06 12:16:00,48.59,48.59,48.53,48.53,1900.0
2018-02-06 12:17:00,48.59,48.64,48.56,48.58,9130.0
2018-02-06 12:18:00,48.555,48.59,48.55,48.585,3600.0
2018-02-06 12:19:00,48.51,48.5699,48.51,48.5699,2800.0
2018-02-06 12:20:00,48.55,48.57,48.5175,48.5175,4300.0
2018-02-06 12:21:00,48.55,48.57,48.53,48.57,2920.0
2018-02-06 12:22:00,48.54,48.56,48.53,48.55,5109.0
2018-02-06 12:23:00,48.51,48.54,48.495,48.52,4326.0
2018-02-06 12:24:00,48.53,48.5399,48.5,48.51,1800.0
2018-02-06 12:25:00,48.559,48.6,48.54,48.54,36393.0
2018-02-06 12:26:00,48.59,48.6,48.55,48.56,2100.0
2018-02-06 12:27:00,48.59,48.615,48.585,48.59,3300.0
2018-02-06 12:28:00,48.64,48.64,48.59,48.59,4435.0
2018-02-06 12:29:00,48.68,48.68,48.61,48.635,3319.0
2018-02-06 12:30:00,48.84,48.84,48.685,48.7,8374.0
2018-02-06 12:31:00,48.83,48.91,48.81,48.83,7217.0
2018-02-06 12:32:00,48.79,48.84,48.76,48.81,6200.0
2018-02-06 12:33:00,48.78,48.805,48.75,48.765,5859.0
2018-02-06 12:34:00,48.76,48.79,48.74,48.79,3000.0
2018-02-06 12:35:00,48.8,48.8,48.7475,48.755,2685.0
2018-02-06 12:36:00,48.79,48.81,48.785,48.8,3300.0
2018-02-06 12:37:00,48.7816,48.8,48.78,48.785,2015.0
2018-02-06 12:38:00,48.78,48.79,48.77,48.77,5683.0
2018-02-06 12:39:00,48.87,48.89,48.79,48.8,4790.0
2018-02-06 12:40:00,48.91,48.91,48.83,48.84,3400.0
2018-02-06 12:41:00,48.93,48.965,48.875,48.89,6100.0
2018-02-06 12:42:00,48.89,48.93,48.89,48.93,4740.0
2018-02-06 12:43:00,48.87,48.89,48.86,48.89,3500.0
2018-02-06 12:44:00,48.84,48.845,48.8,48.84,5940.0
2018-02-06 12:45:00,48.76,48.84,48.76,48.84,3440.0
2018-02-06 12:46:00,48.72,48.76,48.72,48.76,4500.0
2018-02-06 12:47:00,48.745,48.745,48.69,48.72,4246.0
2018-02-06 12:48:00,48.71,48.75,48.7,48.72,2706.0
2018-02-06 12:49:00,48.72,48.72,48.67,48.7,3300.0
2018-02-06 12:50:00,48.72,48.72,48.71,48.71,300.0
2018-02-06 12:51:00,48.68,48.685,48.64,48.67,4390.0
2018-02-06 12:52:00,48.63,48.69,48.63,48.68,1577.0
2018-02-06 12:53:00,48.635,48.66,48.61,48.66,5917.0
2018-02-06 12:54:00,48.65,48.65,48.61,48.63,1742.0
2018-02-06 12:55:00,48.66,48.69,48.66,48.665,1545.0
2018-02-06 12:56:00,48.6,48.68,48.6,48.675,5322.0
2018-02-06 12:57:00,48.5776,48.6,48.57,48.6,2925.0
2018-02-06 12:58:00,48.6,48.6,48.57,48.575,4184.0
2018-02-06 12:59:00,48.62,48.62,48.6,48.6,1900.0
2018-02-06 13:00:00,48.655,48.665,48.61,48.62,4749.0
2018-02-06 13:01:00,48.595,48.63,48.58,48.62,8477.0
2018-02-06 13:02:00,48.55,48.6,48.54,48.585,3700.0
2018-02-06 13:03:00,48.48,48.58,48.46,48.56,11312.0
2018-02-06 13:04:00,48.485,48.52,48.46,48.46,5398.0
2018-02-06 13:05:00,48.52,48.52,48.485,48.5,1600.0
2018-02-06 13:06:00,48.5,48.55,48.5,48.52,4500.0
2018-02-06 13:07:00,48.485,48.51,48.48,48.5,2100.0
2018-02-06 13:08:00,48.31100000000001,48.49,48.31100000000001,48.485,14458.0
2018-02-06 13:09:00,48.26,48.35,48.26,48.34,5400.0
2018-02-06 13:10:00,48.255,48.3,48.24,48.29,8568.0
2018-02-06 13:11:00,48.22,48.27,48.21,48.2401,9040.0
2018-02-06 13:12:00,48.23,48.23,48.18,48.22,10622.0
2018-02-06 13:13:00,48.25,48.25,48.2,48.215,1916.0
2018-02-06 13:14:00,48.26,48.2718,48.23,48.23,9600.0
2018-02-06 13:15:00,48.22,48.26,48.22,48.25,2332.0
2018-02-06 13:16:00,48.23,48.23,48.2,48.2001,1300.0
2018-02-06 13:17:00,48.195,48.22,48.17,48.21,6260.0
2018-02-06 13:18:00,48.19,48.21,48.18,48.18,8581.0
2018-02-06 13:19:00,48.16,48.2,48.16,48.19,4300.0
2018-02-06 13:20:00,48.19,48.21,48.17,48.17,5815.0
2018-02-06 13:21:00,48.16,48.21,48.16,48.19,3040.0
2018-02-06 13:22:00,48.17,48.1818,48.14,48.16,7562.0
2018-02-06 13:23:00,48.15,48.18,48.13,48.18,3400.0
2018-02-06 13:24:00,48.125,48.15,48.12,48.14,5300.0
2018-02-06 13:25:00,48.06,48.13,48.06,48.13,4272.0
2018-02-06 13:26:00,48.04,48.2,48.04,48.07,24659.0
2018-02-06 13:27:00,48.02,48.06,48.02,48.045,2907.0
2018-02-06 13:28:00,48.09,48.115,48.02,48.02,5600.0
2018-02-06 13:29:00,48.03,48.08,48.01,48.07,4553.0
2018-02-06 13:30:00,48.1,48.13,48.04,48.05,29424.0
2018-02-06 13:31:00,48.13,48.15,48.09,48.09,2861.0
2018-02-06 13:32:00,48.11,48.135,48.1,48.13,5693.0
2018-02-06 13:33:00,48.12,48.14,48.09,48.1,2325.0
2018-02-06 13:34:00,48.075,48.11,48.05,48.11,7591.0
2018-02-06 13:35:00,48.06,48.06,48.02,48.06,7475.0
2018-02-06 13:36:00,48.08,48.11,48.0425,48.0425,4200.0
2018-02-06 13:37:00,48.1,48.13,48.06,48.065,2403.0
2018-02-06 13:38:00,48.14,48.14,48.05,48.09,4417.0
2018-02-06 13:39:00,48.1399,48.17,48.08,48.15,6770.0
2018-02-06 13:40:00,48.12,48.13,48.11,48.12,7132.0
2018-02-06 13:41:00,48.12,48.17,48.12,48.13,4266.0
2018-02-06 13:42:00,48.13,48.13,48.09,48.12,6411.0
2018-02-06 13:43:00,48.12,48.14,48.11,48.12,3120.0
2018-02-06 13:44:00,48.09,48.11,48.08,48.09,3632.0
2018-02-06 13:45:00,48.045,48.1,48.045,48.1,1200.0
2018-02-06 13:46:00,48.125,48.13,48.03,48.03,5064.0
2018-02-06 13:47:00,48.1,48.1225,48.09,48.11,4220.0
2018-02-06 13:48:00,48.135,48.1499,48.12,48.12,3679.0
2018-02-06 13:49:00,48.18,48.19,48.12,48.148999999999994,12830.0
2018-02-06 13:50:00,48.19,48.19,48.18,48.18,3935.0
2018-02-06 13:51:00,48.18,48.19,48.17,48.18,15236.0
2018-02-06 13:52:00,48.27,48.29,48.18,48.18,7408.0
2018-02-06 13:53:00,48.29,48.29,48.25,48.25,1800.0
2018-02-06 13:54:00,48.19,48.285,48.18,48.285,9560.0
2018-02-06 13:55:00,48.23,48.24,48.18,48.205,6983.0
2018-02-06 13:56:00,48.2,48.24,48.18,48.23,7682.0
2018-02-06 13:57:00,48.24,48.26,48.17,48.2,30982.0
2018-02-06 13:58:00,48.24,48.26,48.23,48.24,42395.0
2018-02-06 13:59:00,48.25,48.26,48.22,48.25,27203.0
2018-02-06 14:00:00,48.25,48.26,48.23,48.24,18361.0
2018-02-06 14:01:00,48.21,48.26,48.2,48.225,5403.0
2018-02-06 14:02:00,48.215,48.23,48.215,48.22,2500.0
2018-02-06 14:03:00,48.11,48.215,48.11,48.215,6000.0
2018-02-06 14:04:00,48.12,48.15,48.08,48.09,4400.0
2018-02-06 14:05:00,48.115,48.13,48.1,48.12,2800.0
2018-02-06 14:06:00,48.07,48.115,48.07,48.115,3956.0
2018-02-06 14:07:00,48.1,48.11,48.05,48.085,12322.0
2018-02-06 14:08:00,48.08,48.1,48.07,48.1,3100.0
2018-02-06 14:09:00,48.06,48.08,48.06,48.06,1400.0
2018-02-06 14:10:00,48.04,48.075,48.02,48.075,11211.0
2018-02-06 14:11:00,48.1,48.125,48.03,48.04,7834.0
2018-02-06 14:12:00,48.125,48.14,48.09,48.1,7559.0
2018-02-06 14:13:00,48.05,48.125,48.03,48.11,12008.0
2018-02-06 14:14:00,48.045,48.06,48.03,48.055,3300.0
2018-02-06 14:15:00,48.05,48.12,48.045,48.045,14194.0
2018-02-06 14:16:00,48.04,48.06,48.01,48.045,9911.0
2018-02-06 14:17:00,47.96,48.05,47.96,48.035,4555.0
2018-02-06 14:18:00,47.97,47.99,47.94,47.96,8739.0
2018-02-06 14:19:00,47.92,47.98,47.91,47.97,13501.0
2018-02-06 14:20:00,47.925,47.93,47.84,47.91,13696.0
2018-02-06 14:21:00,47.955,47.97,47.86,47.91,9787.0
2018-02-06 14:22:00,47.94,47.99,47.93,47.955,5600.0
2018-02-06 14:23:00,47.92,47.96,47.91,47.925,8110.0
2018-02-06 14:24:00,47.93,47.94,47.88,47.925,8736.0
2018-02-06 14:25:00,47.915,47.95,47.88,47.94,10225.0
2018-02-06 14:26:00,47.875,47.915,47.87,47.915,3531.0
2018-02-06 14:27:00,47.9,47.92,47.88,47.88,11981.0
2018-02-06 14:28:00,47.8899,47.9,47.83,47.9,5735.0
2018-02-06 14:29:00,47.88,47.92,47.86,47.89,10630.0
2018-02-06 14:30:00,47.87,47.9,47.85,47.9,9192.0
2018-02-06 14:31:00,47.83,47.87,47.83,47.87,5282.0
2018-02-06 14:32:00,47.8,47.86,47.79,47.83,11179.0
2018-02-06 14:33:00,47.82,47.87,47.78,47.78,10425.0
2018-02-06 14:34:00,47.8,47.82,47.765,47.82,6559.0
2018-02-06 14:35:00,47.82,47.82,47.76,47.79,9461.0
2018-02-06 14:36:00,47.84,47.85,47.8,47.81,9457.0
2018-02-06 14:37:00,47.77,47.85,47.74,47.84,8500.0
2018-02-06 14:38:00,47.72,47.78,47.7,47.75,5260.0
2018-02-06 14:39:00,47.75,47.78,47.71,47.725,7934.0
2018-02-06 14:40:00,47.74,47.78,47.71,47.765,8400.0
2018-02-06 14:41:00,47.75,47.755,47.72,47.75,7603.0
2018-02-06 14:42:00,47.71,47.74,47.71,47.735,1814.0
2018-02-06 14:43:00,47.72,47.725,47.7,47.725,6916.0
2018-02-06 14:44:00,47.73,47.73,47.7,47.72,9446.0
2018-02-06 14:45:00,47.79,47.79,47.7284,47.73,9928.0
2018-02-06 14:46:00,47.88,47.88,47.8,47.8,10323.0
2018-02-06 14:47:00,47.89,47.89,47.86,47.885,10883.0
2018-02-06 14:48:00,47.8,47.89,47.78,47.89,11187.0
2018-02-06 14:49:00,47.785,47.84,47.76,47.8,11571.0
2018-02-06 14:50:00,47.845,47.845,47.78,47.78,12056.0
2018-02-06 14:51:00,47.815,47.86,47.81,47.84,10144.0
2018-02-06 14:52:00,47.76,47.81,47.75,47.81,13209.0
2018-02-06 14:53:00,47.73,47.76,47.7,47.76,11905.0
2018-02-06 14:54:00,47.69,47.725,47.65,47.725,10161.0
2018-02-06 14:55:00,47.77,47.77,47.68,47.68,22979.0
2018-02-06 14:56:00,47.83,47.85,47.71,47.75,12947.0
2018-02-06 14:57:00,47.78,47.82,47.76,47.82,7275.0
2018-02-06 14:58:00,47.81,47.87,47.78,47.78,17924.0
2018-02-06 14:59:00,47.85,47.89,47.81,47.81,8333.0
2018-02-06 15:00:00,47.84,47.87,47.835,47.84,8440.0
2018-02-06 15:01:00,47.96,47.96,47.86,47.86,8072.0
2018-02-06 15:02:00,48.11,48.11,47.97,47.97,7423.0
2018-02-06 15:03:00,48.0125,48.15,48.0,48.14,10812.0
2018-02-06 15:04:00,48.08,48.08,47.99,48.02,5110.0
2018-02-06 15:05:00,48.08,48.1,48.02,48.07,6545.0
2018-02-06 15:06:00,48.1,48.1,48.065,48.1,7350.0
2018-02-06 15:07:00,48.0701,48.14,48.0701,48.1,12761.0
2018-02-06 15:08:00,48.1325,48.1925,48.07,48.07,10248.0
2018-02-06 15:09:00,48.06,48.18,48.06,48.15,23183.0
2018-02-06 15:10:00,48.17,48.18,48.08,48.09,19041.0
2018-02-06 15:11:00,48.13,48.18,48.08,48.18,17856.0
2018-02-06 15:12:00,48.09,48.15,48.09,48.13,7640.0
2018-02-06 15:13:00,48.105,48.14,48.06,48.09,15860.0
2018-02-06 15:14:00,48.08,48.11,48.07,48.1,7951.0
2018-02-06 15:15:00,48.025,48.08,48.025,48.08,8500.0
2018-02-06 15:16:00,48.09,48.1,48.04,48.04,10461.0
2018-02-06 15:17:00,48.045,48.08,48.045,48.07,5555.0
2018-02-06 15:18:00,48.0,48.05,47.96,48.05,8812.0
2018-02-06 15:19:00,47.94,48.0,47.92,47.99,1800.0
2018-02-06 15:20:00,47.95,47.95,47.87,47.92,13526.0
2018-02-06 15:21:00,47.99,47.99,47.9,47.93,7192.0
2018-02-06 15:22:00,47.99,48.045,47.99,47.99,16207.0
2018-02-06 15:23:00,47.89,47.98,47.88,47.98,9267.0
2018-02-06 15:24:00,47.92,47.93,47.89,47.9,8713.0
2018-02-06 15:25:00,47.9098,47.93,47.87,47.91,7234.0
2018-02-06 15:26:00,47.95,48.0,47.9,47.9,13467.0
2018-02-06 15:27:00,47.9,47.96,47.9,47.96,12080.0
2018-02-06 15:28:00,47.88,47.95,47.87,47.88,10988.0
2018-02-06 15:29:00,47.89,47.895,47.86,47.89,6129.0
2018-02-06 15:30:00,47.88,47.89,47.85,47.885,12891.0
2018-02-06 15:31:00,47.845,47.88,47.79,47.875,12010.0
2018-02-06 15:32:00,47.9,47.9,47.78,47.86,9576.0
2018-02-06 15:33:00,47.91,47.93,47.88,47.89,10787.0
2018-02-06 15:34:00,48.04,48.05,47.91,47.91,16810.0
2018-02-06 15:35:00,48.0,48.05,47.98,48.045,9324.0
2018-02-06 15:36:00,47.98,48.015,47.94,48.0,16907.0
2018-02-06 15:37:00,48.0,48.01,47.96,47.99,12998.0
2018-02-06 15:38:00,48.02,48.04,47.99,48.01,10064.0
2018-02-06 15:39:00,48.01,48.03,47.99,48.03,12771.0
2018-02-06 15:40:00,48.07,48.07,48.02,48.02,9762.0
2018-02-06 15:41:00,48.06,48.1,48.06,48.07,16173.0
2018-02-06 15:42:00,48.06,48.07,47.98,48.06,27952.0
2018-02-06 15:43:00,48.045,48.08,48.04,48.055,13632.0
2018-02-06 15:44:00,48.045,48.09,48.04,48.04,16739.0
2018-02-06 15:45:00,47.95,48.048,47.95,48.04,20318.0
2018-02-06 15:46:00,47.96,47.97,47.91,47.95,19134.0
2018-02-06 15:47:00,47.91,47.97,47.89,47.96,17466.0
2018-02-06 15:48:00,47.9044,47.94,47.85,47.9,17096.0
2018-02-06 15:49:00,47.96,47.96,47.86,47.91,15785.0
2018-02-06 15:50:00,47.87,47.97,47.85,47.96,19306.0
2018-02-06 15:51:00,47.88,47.9,47.84,47.85,14586.0
2018-02-06 15:52:00,47.87,47.9,47.8525,47.88,15426.0
2018-02-06 15:53:00,47.98,47.98,47.87,47.87,18351.0
2018-02-06 15:54:00,47.9825,48.01,47.94,47.98,20885.0
2018-02-06 15:55:00,47.97,48.03,47.94,48.0,34155.0
2018-02-06 15:56:00,47.96,47.97,47.93,47.97,22231.0
2018-02-06 15:57:00,47.97,48.0,47.94,47.95,22369.0
2018-02-06 15:58:00,48.0,48.04,47.97,47.98,29171.0
2018-02-06 15:59:00,47.91,47.99,47.91,47.98,31268.0
2018-02-06 16:00:00,47.89,47.92,47.84,47.92,85834.0
2018-02-07 09:30:00,48.38,48.38,48.38,48.38,100.0
2018-02-07 09:31:00,48.46,48.46,48.41,48.41,400.0
2018-02-07 09:32:00,48.32,48.62,48.29,48.47,56036.0
2018-02-07 09:33:00,48.31,48.44,48.29,48.325,10823.0
2018-02-07 09:34:00,48.24,48.35,48.24,48.295,3587.0
2018-02-07 09:35:00,48.25,48.3,48.12,48.295,9054.0
2018-02-07 09:36:00,48.195,48.27,48.19,48.25,5660.0
2018-02-07 09:37:00,48.24,48.25,48.16,48.2,9672.0
2018-02-07 09:38:00,48.32,48.32,48.19,48.215,9592.0
2018-02-07 09:39:00,48.24,48.32,48.23,48.32,13193.0
2018-02-07 09:40:00,48.28,48.29,48.25,48.28,6126.0
2018-02-07 09:41:00,48.325,48.43,48.295,48.31,15192.0
2018-02-07 09:42:00,48.26,48.33,48.235,48.325,10200.0
2018-02-07 09:43:00,48.295,48.33,48.255,48.27,12012.0
2018-02-07 09:44:00,48.405,48.45,48.26,48.26,12207.0
2018-02-07 09:45:00,48.24,48.43,48.24,48.41,12911.0
2018-02-07 09:46:00,48.38,48.39,48.29,48.31,12992.0
2018-02-07 09:47:00,48.31,48.37,48.28,48.37,4836.0
2018-02-07 09:48:00,48.29,48.33,48.26,48.28,22239.0
2018-02-07 09:49:00,48.3125,48.33,48.29,48.29,5500.0
2018-02-07 09:50:00,48.2601,48.3,48.25,48.28,6478.0
2018-02-07 09:51:00,48.29,48.3,48.24,48.275,9662.0
2018-02-07 09:52:00,48.25,48.29,48.25,48.26,11889.0
2018-02-07 09:53:00,48.18,48.24,48.14,48.24,7317.0
2018-02-07 09:54:00,48.14,48.195,48.14,48.18,2700.0
2018-02-07 09:55:00,48.12,48.16,48.12,48.141000000000005,3123.0
2018-02-07 09:56:00,48.1,48.115,48.1,48.115,1088.0
2018-02-07 09:57:00,48.17,48.17,48.12,48.12,10841.0
2018-02-07 09:58:00,48.19,48.2,48.16,48.17,5971.0
2018-02-07 09:59:00,48.28,48.28,48.185,48.185,8621.0
2018-02-07 10:00:00,48.23,48.3,48.22,48.27,6828.0
2018-02-07 10:01:00,48.17,48.23,48.14,48.23,3240.0
2018-02-07 10:02:00,48.19,48.19,48.16,48.16,6746.0
2018-02-07 10:03:00,48.08,48.18,48.08,48.18,6750.0
2018-02-07 10:04:00,48.06,48.07,48.05,48.07,4651.0
2018-02-07 10:05:00,48.15,48.15,48.07,48.07,6306.0
2018-02-07 10:06:00,48.2,48.22,48.115,48.13,6169.0
2018-02-07 10:07:00,48.19,48.23,48.19,48.21,6941.0
2018-02-07 10:08:00,48.26,48.26,48.18,48.19,12328.0
2018-02-07 10:09:00,48.27,48.28,48.215,48.26,7927.0
2018-02-07 10:10:00,48.29,48.33,48.27,48.27,5856.0
2018-02-07 10:11:00,48.285,48.3,48.25,48.28,9601.0
2018-02-07 10:12:00,48.255,48.29,48.24,48.27,3669.0
2018-02-07 10:13:00,48.28,48.28,48.25,48.27,6720.0
2018-02-07 10:14:00,48.32,48.32,48.26,48.28,3239.0
2018-02-07 10:15:00,48.35,48.36,48.325,48.325,2936.0
2018-02-07 10:16:00,48.33,48.36,48.33,48.335,10832.0
2018-02-07 10:17:00,48.31,48.33,48.31,48.33,3700.0
2018-02-07 10:18:00,48.28,48.29,48.25,48.29,4205.0
2018-02-07 10:19:00,48.28,48.32,48.24,48.28,8127.0
2018-02-07 10:20:00,48.33,48.34,48.3,48.3,3951.0
2018-02-07 10:21:00,48.32,48.33,48.3,48.31,9025.0
2018-02-07 10:22:00,48.28,48.33,48.275,48.33,6608.0
2018-02-07 10:23:00,48.3,48.3,48.26,48.28,6525.0
2018-02-07 10:24:00,48.4,48.4,48.3,48.3,10482.0
2018-02-07 10:25:00,48.43,48.43,48.4,48.42,10618.0
2018-02-07 10:26:00,48.4,48.42,48.395,48.42,9131.0
2018-02-07 10:27:00,48.38,48.43,48.38,48.42,6786.0
2018-02-07 10:28:00,48.375,48.39,48.3418,48.37,7550.0
2018-02-07 10:29:00,48.44,48.44,48.37,48.375,19989.0
2018-02-07 10:30:00,48.415,48.47,48.415,48.45,6305.0
2018-02-07 10:31:00,48.44,48.44,48.39,48.41,14745.0
2018-02-07 10:32:00,48.43,48.46,48.41,48.45,7492.0
2018-02-07 10:33:00,48.455,48.49,48.43,48.435,5003.0
2018-02-07 10:34:00,48.5,48.5,48.46,48.46,5242.0
2018-02-07 10:35:00,48.51,48.52,48.49,48.49,1682.0
2018-02-07 10:36:00,48.47,48.53,48.47,48.52,38860.0
2018-02-07 10:37:00,48.5,48.51,48.44,48.47,15743.0
2018-02-07 10:38:00,48.51,48.51,48.49,48.51,3739.0
2018-02-07 10:39:00,48.53,48.53,48.5,48.5,4300.0
2018-02-07 10:40:00,48.59,48.6,48.56,48.57,4134.0
2018-02-07 10:41:00,48.66,48.66,48.58,48.6,7850.0
2018-02-07 10:42:00,48.68,48.68,48.62,48.66,6683.0
2018-02-07 10:43:00,48.65,48.67,48.65,48.6575,3930.0
2018-02-07 10:44:00,48.67,48.68,48.67,48.67,1204.0
2018-02-07 10:45:00,48.66,48.7,48.66,48.68,8251.0
2018-02-07 10:46:00,48.685,48.69,48.65,48.66,8306.0
2018-02-07 10:47:00,48.725,48.73,48.68,48.68,2919.0
2018-02-07 10:48:00,48.7,48.74,48.7,48.71,4100.0
2018-02-07 10:49:00,48.74,48.74,48.69,48.7,2550.0
2018-02-07 10:50:00,48.8074,48.81,48.75,48.75,2449.0
2018-02-07 10:51:00,48.7401,48.84,48.74,48.82,12980.0
2018-02-07 10:52:00,48.755,48.76,48.71,48.74,17292.0
2018-02-07 10:53:00,48.73,48.75,48.73,48.75,5800.0
2018-02-07 10:54:00,48.68,48.73,48.67,48.73,12762.0
2018-02-07 10:55:00,48.7,48.705,48.64,48.69,14852.0
2018-02-07 10:56:00,48.66,48.71,48.65,48.7,4336.0
2018-02-07 10:57:00,48.62,48.66,48.62,48.66,9212.0
2018-02-07 10:58:00,48.61,48.64,48.61,48.63,2461.0
2018-02-07 10:59:00,48.66,48.67,48.61,48.61,17227.0
2018-02-07 11:00:00,48.73,48.73,48.66,48.66,6447.0
2018-02-07 11:01:00,48.62,48.7295,48.62,48.7295,10059.0
2018-02-07 11:02:00,48.64,48.67,48.63,48.63,3740.0
2018-02-07 11:03:00,48.65,48.65,48.61,48.64,11267.0
2018-02-07 11:04:00,48.63,48.66,48.63,48.645,5480.0
2018-02-07 11:05:00,48.61,48.62,48.61,48.62,5709.0
2018-02-07 11:06:00,48.61,48.62,48.595,48.61,11009.0
2018-02-07 11:07:00,48.62,48.63,48.6001,48.62,2634.0
2018-02-07 11:08:00,48.62,48.63,48.615,48.62,8600.0
2018-02-07 11:09:00,48.635,48.635,48.585,48.62,16095.0
2018-02-07 11:10:00,48.66,48.66,48.63,48.64,4682.0
2018-02-07 11:11:00,48.69,48.69,48.65,48.66,5354.0
2018-02-07 11:12:00,48.705,48.705,48.68,48.69,10475.0
2018-02-07 11:13:00,48.74,48.74,48.7,48.705,13793.0
2018-02-07 11:14:00,48.73,48.75,48.73,48.74,4602.0
2018-02-07 11:15:00,48.7399,48.75,48.7399,48.75,299.0
2018-02-07 11:16:00,48.72,48.805,48.72,48.75,10959.0
2018-02-07 11:17:00,48.73,48.74,48.695,48.72,8179.0
2018-02-07 11:18:00,48.73,48.73,48.69,48.72,4214.0
2018-02-07 11:19:00,48.71,48.71,48.71,48.71,500.0
2018-02-07 11:20:00,48.71,48.72,48.7,48.7,5995.0
2018-02-07 11:21:00,48.69,48.73,48.68,48.71,8600.0
2018-02-07 11:22:00,48.7,48.7,48.67,48.685,2956.0
2018-02-07 11:23:00,48.67,48.69,48.67,48.69,3800.0
2018-02-07 11:24:00,48.6675,48.68,48.65,48.67,3922.0
2018-02-07 11:25:00,48.695,48.71,48.66,48.66,9154.0
2018-02-07 11:26:00,48.66,48.69,48.655,48.69,4374.0
2018-02-07 11:27:00,48.62,48.66,48.61,48.66,5090.0
2018-02-07 11:28:00,48.66,48.66,48.62,48.63,9542.0
2018-02-07 11:29:00,48.65,48.66,48.64,48.66,1000.0
2018-02-07 11:30:00,48.67,48.67,48.64,48.64,2400.0
2018-02-07 11:31:00,48.65,48.68,48.64,48.68,3920.0
2018-02-07 11:32:00,48.6,48.63,48.59,48.63,3641.0
2018-02-07 11:33:00,48.62,48.63,48.6,48.62,5300.0
2018-02-07 11:34:00,48.62,48.64,48.61,48.62,3270.0
2018-02-07 11:35:00,48.59,48.63,48.57,48.62,7021.0
2018-02-07 11:36:00,48.62,48.64,48.58,48.595,6630.0
2018-02-07 11:37:00,48.6,48.61,48.6,48.61,1200.0
2018-02-07 11:38:00,48.6,48.61,48.6,48.61,1600.0
2018-02-07 11:39:00,48.64,48.65,48.6,48.61,5212.0
2018-02-07 11:40:00,48.69,48.695,48.645,48.645,4400.0
2018-02-07 11:41:00,48.69,48.6961,48.67,48.6961,2978.0
2018-02-07 11:42:00,48.65,48.685,48.64,48.685,4696.0
2018-02-07 11:43:00,48.68,48.69,48.65,48.65,3100.0
2018-02-07 11:44:00,48.67,48.69,48.65,48.68,5435.0
2018-02-07 11:45:00,48.68,48.68,48.66,48.66,1035.0
2018-02-07 11:46:00,48.66,48.68,48.66,48.68,4104.0
2018-02-07 11:47:00,48.67,48.67,48.65,48.67,5215.0
2018-02-07 11:48:00,48.63,48.66,48.63,48.66,3000.0
2018-02-07 11:49:00,48.61,48.62,48.59,48.62,8125.0
2018-02-07 11:50:00,48.57,48.61,48.57,48.6,4843.0
2018-02-07 11:51:00,48.57,48.57,48.54,48.57,12285.0
2018-02-07 11:52:00,48.57,48.6,48.56,48.57,7715.0
2018-02-07 11:53:00,48.6,48.61,48.56,48.57,4649.0
2018-02-07 11:54:00,48.59,48.59,48.58,48.58,300.0
2018-02-07 11:55:00,48.57,48.6,48.56,48.6,5307.0
2018-02-07 11:56:00,48.54,48.57,48.52,48.57,8327.0
2018-02-07 11:57:00,48.54,48.56,48.53,48.54,12246.0
2018-02-07 11:58:00,48.56,48.57,48.54,48.54,8377.0
2018-02-07 11:59:00,48.58,48.59,48.55,48.57,5400.0
2018-02-07 12:00:00,48.61,48.61,48.57,48.58,3590.0
2018-02-07 12:01:00,48.59,48.6,48.57,48.59,8004.0
2018-02-07 12:02:00,48.62,48.64,48.59,48.59,4798.0
2018-02-07 12:03:00,48.63,48.63,48.6,48.6,7000.0
2018-02-07 12:04:00,48.61,48.63,48.61,48.62,2335.0
2018-02-07 12:05:00,48.62,48.64,48.62,48.62,5124.0
2018-02-07 12:06:00,48.61,48.64,48.61,48.62,1600.0
2018-02-07 12:07:00,48.62,48.63,48.62,48.62,7402.0
2018-02-07 12:08:00,48.6,48.61,48.6,48.61,1700.0
2018-02-07 12:09:00,48.595,48.61,48.58,48.61,4735.0
2018-02-07 12:10:00,48.59,48.605,48.58,48.6,6200.0
2018-02-07 12:11:00,48.585,48.595,48.57,48.57,6001.0
2018-02-07 12:12:00,48.58,48.6,48.57,48.5912,5270.0
2018-02-07 12:13:00,48.5764,48.58,48.57,48.58,2392.0
2018-02-07 12:14:00,48.51,48.58,48.495,48.58,17200.0
2018-02-07 12:15:00,48.52,48.52,48.49,48.51,13160.0
2018-02-07 12:16:00,48.5,48.53,48.5,48.53,5606.0
2018-02-07 12:17:00,48.51,48.52,48.51,48.51,5448.0
2018-02-07 12:18:00,48.53,48.53,48.48,48.51,9211.0
2018-02-07 12:19:00,48.5,48.53,48.5,48.53,3200.0
2018-02-07 12:20:00,48.55,48.57,48.49,48.49,8680.0
2018-02-07 12:21:00,48.501999999999995,48.54,48.49,48.54,5109.0
2018-02-07 12:22:00,48.52,48.53,48.5,48.5,6135.0
2018-02-07 12:23:00,48.52,48.53,48.51,48.53,2900.0
2018-02-07 12:24:00,48.53,48.53,48.5,48.53,9562.0
2018-02-07 12:25:00,48.53,48.54,48.5,48.51,5283.0
2018-02-07 12:26:00,48.53,48.54,48.52,48.525,1512.0
2018-02-07 12:27:00,48.535,48.54,48.52,48.53,6038.0
2018-02-07 12:28:00,48.534,48.535,48.52,48.53,2282.0
2018-02-07 12:29:00,48.535,48.55,48.53,48.54,9060.0
2018-02-07 12:30:00,48.52,48.54,48.52,48.535,10674.0
2018-02-07 12:31:00,48.53,48.54,48.53,48.53,500.0
2018-02-07 12:32:00,48.505,48.53,48.5,48.53,13198.0
2018-02-07 12:33:00,48.5,48.5,48.495,48.5,1700.0
2018-02-07 12:34:00,48.47,48.51,48.47,48.495,15745.0
2018-02-07 12:35:00,48.44,48.47,48.44,48.47,4622.0
2018-02-07 12:36:00,48.43,48.45,48.43,48.44,5066.0
2018-02-07 12:37:00,48.44,48.44,48.42,48.43,3814.0
2018-02-07 12:38:00,48.41,48.44,48.4,48.44,5605.0
2018-02-07 12:39:00,48.39,48.41,48.39,48.405,3587.0
2018-02-07 12:40:00,48.42,48.43,48.39,48.39,7366.0
2018-02-07 12:41:00,48.43,48.45,48.42,48.42,15122.0
2018-02-07 12:42:00,48.44,48.44,48.42,48.43,2147.0
2018-02-07 12:43:00,48.43,48.45,48.43,48.44,7130.0
2018-02-07 12:44:00,48.42,48.45,48.42,48.44,5400.0
2018-02-07 12:45:00,48.44,48.44,48.42,48.42,3423.0
2018-02-07 12:46:00,48.45,48.46,48.43,48.44,3000.0
2018-02-07 12:47:00,48.445,48.48,48.445,48.47,3114.0
2018-02-07 12:48:00,48.41,48.44,48.41,48.44,3100.0
2018-02-07 12:49:00,48.39,48.4,48.39,48.4,6700.0
2018-02-07 12:50:00,48.41,48.42,48.3925,48.4,6566.0
2018-02-07 12:51:00,48.5,48.5,48.42,48.42,3805.0
2018-02-07 12:52:00,48.5,48.53,48.49,48.49,5200.0
2018-02-07 12:53:00,48.55,48.55,48.5,48.5,2795.0
2018-02-07 12:54:00,48.53,48.56,48.525,48.55,5200.0
2018-02-07 12:55:00,48.505,48.53,48.5,48.53,3782.0
2018-02-07 12:56:00,48.53,48.53,48.51,48.51,2829.0
2018-02-07 12:57:00,48.51,48.53,48.5,48.52,12599.0
2018-02-07 12:58:00,48.52,48.53,48.52,48.52,1024.0
2018-02-07 12:59:00,48.52,48.53,48.52,48.52,1396.0
2018-02-07 13:00:00,48.5,48.525,48.49,48.52,11834.0
2018-02-07 13:01:00,48.56,48.57,48.5,48.5,9516.0
2018-02-07 13:02:00,48.52,48.565,48.505,48.56,9358.0
2018-02-07 13:03:00,48.54,48.56,48.52,48.52,3200.0
2018-02-07 13:04:00,48.505,48.53,48.48,48.53,11890.0
2018-02-07 13:05:00,48.53,48.53,48.51,48.51,5715.0
2018-02-07 13:06:00,48.47,48.52,48.46,48.52,3619.0
2018-02-07 13:07:00,48.4,48.47,48.385,48.47,4632.0
2018-02-07 13:08:00,48.43,48.435,48.41,48.41,26829.0
2018-02-07 13:09:00,48.4,48.44,48.395,48.42,21909.0
2018-02-07 13:10:00,48.35,48.39,48.3,48.39,4900.0
2018-02-07 13:11:00,48.31,48.36,48.31,48.36,1252.0
2018-02-07 13:12:00,48.31,48.31,48.26,48.28,5100.0
2018-02-07 13:13:00,48.28,48.36,48.28,48.3,4800.0
2018-02-07 13:14:00,48.23,48.27,48.23,48.27,1100.0
2018-02-07 13:15:00,48.16,48.22,48.16,48.22,6500.0
2018-02-07 13:16:00,48.16,48.16,48.08,48.14,11607.0
2018-02-07 13:17:00,48.18,48.21,48.1,48.16,11647.0
2018-02-07 13:18:00,48.2099,48.225,48.13,48.195,6323.0
2018-02-07 13:19:00,48.19,48.22,48.13,48.16,8994.0
2018-02-07 13:20:00,48.29,48.29,48.18,48.19,4300.0
2018-02-07 13:21:00,48.21,48.31,48.21,48.31,5365.0
2018-02-07 13:22:00,48.22,48.26,48.2,48.2,4873.0
2018-02-07 13:23:00,48.16,48.25,48.16,48.2,30020.0
2018-02-07 13:24:00,48.13,48.13,48.1,48.13,4451.0
2018-02-07 13:25:00,48.08,48.12,48.08,48.1,10235.0
2018-02-07 13:26:00,47.95,48.1,47.95,48.06,8435.0
2018-02-07 13:27:00,47.95,48.001000000000005,47.94,47.96,12700.0
2018-02-07 13:28:00,47.97,48.02,47.97,47.98,6824.0
2018-02-07 13:29:00,48.05,48.05,47.98,47.98,3227.0
2018-02-07 13:30:00,48.06,48.09,48.0497,48.05,5700.0
2018-02-07 13:31:00,47.98,48.05,47.98,48.05,2700.0
2018-02-07 13:32:00,48.005,48.02,47.97,47.99,14244.0
2018-02-07 13:33:00,47.96,48.005,47.95,48.005,5104.0
2018-02-07 13:34:00,48.0,48.03,47.98,47.98,4800.0
2018-02-07 13:35:00,48.06,48.08,48.01,48.01,4500.0
2018-02-07 13:36:00,48.07,48.07,48.05,48.06,2600.0
2018-02-07 13:37:00,48.13,48.13,48.05,48.05,4500.0
2018-02-07 13:38:00,48.16,48.16,48.09,48.125,6260.0
2018-02-07 13:39:00,48.18,48.2,48.14,48.14,4818.0
2018-02-07 13:40:00,48.16,48.18,48.15,48.18,4685.0
2018-02-07 13:41:00,48.195,48.2098,48.17,48.18,3036.0
2018-02-07 13:42:00,48.23,48.23,48.2,48.2,2987.0
2018-02-07 13:43:00,48.23,48.23,48.21,48.21,2200.0
2018-02-07 13:44:00,48.27,48.27,48.235,48.24,4150.0
2018-02-07 13:45:00,48.31,48.31,48.265,48.265,2700.0
2018-02-07 13:46:00,48.3147,48.32,48.28,48.3,3915.0
2018-02-07 13:47:00,48.28,48.3,48.27,48.3,1800.0
2018-02-07 13:48:00,48.23,48.28,48.22,48.28,5271.0
2018-02-07 13:49:00,48.245,48.26,48.23,48.25,2800.0
2018-02-07 13:50:00,48.18,48.245,48.18,48.245,5551.0
2018-02-07 13:51:00,48.13,48.18,48.13,48.17,4211.0
2018-02-07 13:52:00,48.12,48.16,48.1,48.145,4505.0
2018-02-07 13:53:00,48.09,48.1304,48.08,48.1298,2615.0
2018-02-07 13:54:00,48.05,48.1,48.0,48.085,10625.0
2018-02-07 13:55:00,48.02,48.07,48.0,48.06,9267.0
2018-02-07 13:56:00,48.05,48.05,48.02,48.02,2002.0
2018-02-07 13:57:00,48.07,48.09,48.05,48.05,4000.0
2018-02-07 13:58:00,48.12,48.13,48.07,48.07,3600.0
2018-02-07 13:59:00,48.11,48.14,48.11,48.12,2552.0
2018-02-07 14:00:00,48.16,48.21,48.13,48.13,9217.0
2018-02-07 14:01:00,48.13,48.17,48.09,48.17,3800.0
2018-02-07 14:02:00,48.05,48.12,48.04,48.12,6195.0
2018-02-07 14:03:00,48.03,48.075,48.02,48.04,5800.0
2018-02-07 14:04:00,48.08,48.08,48.02,48.03,4499.0
2018-02-07 14:05:00,48.03,48.05,48.0,48.04,6800.0
2018-02-07 14:06:00,48.04,48.06,48.03,48.04,2600.0
2018-02-07 14:07:00,48.115,48.125,48.07,48.07,3300.0
2018-02-07 14:08:00,48.07,48.1,48.04,48.1,8687.0
2018-02-07 14:09:00,48.01,48.07,48.0,48.06,7339.0
2018-02-07 14:10:00,48.0,48.03,48.0,48.03,3231.0
2018-02-07 14:11:00,47.99,48.02,47.98,48.02,6154.0
2018-02-07 14:12:00,48.07,48.09,48.02,48.02,4693.0
2018-02-07 14:13:00,48.045,48.08,48.03,48.07,4800.0
2018-02-07 14:14:00,48.11,48.11,48.05,48.06,3809.0
2018-02-07 14:15:00,48.12,48.12,48.09,48.105,3571.0
2018-02-07 14:16:00,48.1,48.15,48.08,48.14,4539.0
2018-02-07 14:17:00,48.165,48.17,48.095,48.095,4828.0
2018-02-07 14:18:00,48.2,48.2,48.17,48.17,800.0
2018-02-07 14:19:00,48.16,48.23,48.16,48.22,5100.0
2018-02-07 14:20:00,48.19,48.19,48.16,48.16,4629.0
2018-02-07 14:21:00,48.16,48.19,48.14,48.19,6370.0
2018-02-07 14:22:00,48.16,48.17,48.13,48.16,3315.0
2018-02-07 14:23:00,48.16,48.19,48.15,48.15,4900.0
2018-02-07 14:24:00,48.21,48.21,48.16,48.16,2719.0
2018-02-07 14:25:00,48.15,48.2,48.15,48.2,5400.0
2018-02-07 14:26:00,48.165,48.18,48.14,48.15,2665.0
2018-02-07 14:27:00,48.2,48.2,48.165,48.18,8479.0
2018-02-07 14:28:00,48.225,48.24,48.2113,48.2113,801.0
2018-02-07 14:29:00,48.21,48.24,48.21,48.225,5394.0
2018-02-07 14:30:00,48.28,48.28,48.21,48.22,2500.0
2018-02-07 14:31:00,48.255,48.27,48.255,48.27,4607.0
2018-02-07 14:32:00,48.26,48.28,48.255,48.255,9687.0
2018-02-07 14:33:00,48.24100000000001,48.26,48.24100000000001,48.26,1660.0
2018-02-07 14:34:00,48.26,48.27,48.25,48.25,4544.0
2018-02-07 14:35:00,48.28,48.28,48.27,48.27,1231.0
2018-02-07 14:36:00,48.26,48.28,48.24,48.27,8803.0
2018-02-07 14:37:00,48.28,48.28,48.25,48.26,4443.0
2018-02-07 14:38:00,48.27,48.27,48.25,48.27,5686.0
2018-02-07 14:39:00,48.255,48.27,48.255,48.27,2752.0
2018-02-07 14:40:00,48.19,48.26,48.19,48.26,5405.0
2018-02-07 14:41:00,48.2,48.23,48.17,48.19,11800.0
2018-02-07 14:42:00,48.15,48.2,48.15,48.2,4832.0
2018-02-07 14:43:00,48.17,48.19,48.1598,48.16,5700.0
2018-02-07 14:44:00,48.12,48.2,48.1,48.18,8959.0
2018-02-07 14:45:00,48.095,48.15,48.08,48.125,4112.0
2018-02-07 14:46:00,48.1,48.11,48.07,48.08,6600.0
2018-02-07 14:47:00,48.04,48.09,48.04,48.09,7633.0
2018-02-07 14:48:00,48.01,48.07,47.99,48.05,7724.0
2018-02-07 14:49:00,47.98,48.03,47.97,48.01,6825.0
2018-02-07 14:50:00,48.0,48.0,47.96,47.96,3145.0
2018-02-07 14:51:00,47.9,47.99,47.9,47.99,13301.0
2018-02-07 14:52:00,47.95,47.97,47.89,47.91,11941.0
2018-02-07 14:53:00,47.95,47.95,47.91,47.935,4819.0
2018-02-07 14:54:00,48.02,48.02,47.94,47.9432,4369.0
2018-02-07 14:55:00,47.99,48.05,47.99,48.03,9773.0
2018-02-07 14:56:00,47.99,48.02,47.96,48.0,9599.0
2018-02-07 14:57:00,47.98,48.02,47.98,48.0,5880.0
2018-02-07 14:58:00,47.985,47.985,47.979,47.985,2300.0
2018-02-07 14:59:00,48.01,48.02,47.97,47.985,18166.0
2018-02-07 15:00:00,48.01,48.03,47.975,48.01,14555.0
2018-02-07 15:01:00,47.92,48.01,47.92,48.01,14122.0
2018-02-07 15:02:00,48.04,48.04,47.91,47.91,10981.0
2018-02-07 15:03:00,48.05,48.07,48.0282,48.04,9204.0
2018-02-07 15:04:00,48.08,48.08,48.02,48.04,9980.0
2018-02-07 15:05:00,48.07,48.08,48.03,48.07,10804.0
2018-02-07 15:06:00,48.09,48.1,48.05,48.08,11176.0
2018-02-07 15:07:00,48.06,48.09,48.04,48.09,12634.0
2018-02-07 15:08:00,48.025,48.07,48.02,48.07,8305.0
2018-02-07 15:09:00,48.0,48.05,47.985,48.025,27650.0
2018-02-07 15:10:00,47.98,48.0,47.98,48.0,4900.0
2018-02-07 15:11:00,47.99,48.005,47.96,47.99,10377.0
2018-02-07 15:12:00,47.96,48.01,47.94,47.99,11850.0
2018-02-07 15:13:00,47.94,48.0,47.94,47.98,11996.0
2018-02-07 15:14:00,47.955,47.97,47.94,47.95,11558.0
2018-02-07 15:15:00,47.945,47.96,47.94,47.95,8460.0
2018-02-07 15:16:00,47.95,47.96,47.93,47.945,13220.0
2018-02-07 15:17:00,47.965,47.99,47.96,47.96,9067.0
2018-02-07 15:18:00,47.97,47.98,47.9632,47.97,4321.0
2018-02-07 15:19:00,47.97,47.9724,47.93,47.9724,9542.0
2018-02-07 15:20:00,47.96,47.99,47.96,47.97,4304.0
2018-02-07 15:21:00,47.96,47.97,47.94,47.95,19898.0
2018-02-07 15:22:00,47.975,47.99,47.94,47.96,8637.0
2018-02-07 15:23:00,47.975,47.975,47.97,47.975,1502.0
2018-02-07 15:24:00,47.95,47.975,47.95,47.975,10015.0
2018-02-07 15:25:00,47.941,47.97,47.93,47.96,9229.0
2018-02-07 15:26:00,47.96,47.98,47.94,47.94,15060.0
2018-02-07 15:27:00,47.93,47.97,47.93,47.965,10700.0
2018-02-07 15:28:00,47.9,47.93,47.89,47.93,17401.0
2018-02-07 15:29:00,47.865,47.895,47.86,47.895,11049.0
2018-02-07 15:30:00,47.9,47.91,47.85,47.865,14899.0
2018-02-07 15:31:00,47.88,47.92,47.88,47.91,17035.0
2018-02-07 15:32:00,47.9,47.925,47.885,47.885,12648.0
2018-02-07 15:33:00,47.89,47.915,47.88,47.89,14200.0
2018-02-07 15:34:00,47.87,47.9,47.85,47.89,33384.0
2018-02-07 15:35:00,47.905,47.905,47.88,47.88,14617.0
2018-02-07 15:36:00,47.935,47.94,47.88,47.905,19725.0
2018-02-07 15:37:00,47.935,47.945,47.92,47.94,13036.0
2018-02-07 15:38:00,47.94,47.985,47.935,47.935,17969.0
2018-02-07 15:39:00,47.935,47.94,47.92,47.935,13378.0
2018-02-07 15:40:00,47.915,47.94,47.9,47.94,17864.0
2018-02-07 15:41:00,47.915,47.92,47.895,47.92,25036.0
2018-02-07 15:42:00,47.84,47.91,47.84,47.91,36417.0
2018-02-07 15:43:00,47.82,47.84,47.8,47.84,20849.0
2018-02-07 15:44:00,47.85,47.875,47.81,47.81,18374.0
2018-02-07 15:45:00,47.8,47.86,47.79,47.85,19396.0
2018-02-07 15:46:00,47.74,47.82,47.72,47.8,33975.0
2018-02-07 15:47:00,47.69,47.76,47.67,47.75,28549.0
2018-02-07 15:48:00,47.66,47.705,47.64,47.69,38665.0
2018-02-07 15:49:00,47.64,47.685,47.63,47.66,29413.0
2018-02-07 15:50:00,47.62,47.66,47.61,47.645,26915.0
2018-02-07 15:51:00,47.61,47.61,47.52,47.61,53727.0
2018-02-07 15:52:00,47.54,47.64,47.52,47.605,46305.0
2018-02-07 15:53:00,47.49,47.55,47.48,47.54,42697.0
2018-02-07 15:54:00,47.5,47.52,47.46,47.5,45706.0
2018-02-07 15:55:00,47.47,47.51,47.44,47.5,48077.0
2018-02-07 15:56:00,47.49,47.57,47.48,47.48,43818.0
2018-02-07 15:57:00,47.43,47.49,47.43,47.49,63005.0
2018-02-07 15:58:00,47.42,47.44,47.39,47.435,70858.0
2018-02-07 15:59:00,47.4,47.43,47.39,47.43,68459.0
2018-02-07 16:00:00,47.37,47.4,47.35,47.395,89186.0
2018-02-08 09:30:00,47.46,47.46,47.46,47.46,17645.0
2018-02-08 09:31:00,47.49,47.58,47.465,47.58,300.0
2018-02-08 09:32:00,47.29,47.5,47.29,47.5,4210.0
2018-02-08 09:33:00,47.18,47.29,47.18,47.22,4136.0
2018-02-08 09:34:00,47.18,47.18,47.14,47.18,2450.0
2018-02-08 09:35:00,47.16,47.2,47.06,47.2,15301.0
2018-02-08 09:36:00,47.25,47.25,47.15,47.16,2000.0
2018-02-08 09:37:00,47.28,47.28,47.18,47.25,3500.0
2018-02-08 09:38:00,47.29,47.29,47.24,47.24,600.0
2018-02-08 09:39:00,47.26,47.34,47.21,47.3,9945.0
2018-02-08 09:40:00,47.26,47.35,47.26,47.29,3597.0
2018-02-08 09:41:00,47.22,47.26,47.18,47.25,4949.0
2018-02-08 09:42:00,47.25,47.3,47.21,47.235,3959.0
2018-02-08 09:43:00,47.25,47.27,47.15,47.24,9522.0
2018-02-08 09:44:00,47.23,47.26,47.23,47.26,1593.0
2018-02-08 09:45:00,47.22,47.25,47.2,47.24,2999.0
2018-02-08 09:46:00,47.17,47.21,47.16,47.21,1549.0
2018-02-08 09:47:00,47.1442,47.16,47.12,47.16,3900.0
2018-02-08 09:48:00,47.12,47.14,47.11,47.12,6800.0
2018-02-08 09:49:00,47.23,47.23,47.07,47.09,3710.0
2018-02-08 09:50:00,47.33,47.37,47.19,47.2,7100.0
2018-02-08 09:51:00,47.44,47.445,47.32,47.34,4900.0
2018-02-08 09:52:00,47.45,47.53,47.44,47.445,3500.0
2018-02-08 09:53:00,47.28,47.455,47.26,47.44,13701.0
2018-02-08 09:54:00,47.3,47.34,47.21,47.28,3750.0
2018-02-08 09:55:00,47.28,47.32,47.28,47.31,4519.0
2018-02-08 09:56:00,47.17,47.315,47.15,47.28,9022.0
2018-02-08 09:57:00,47.19,47.22,47.11,47.15,16659.0
2018-02-08 09:58:00,47.1564,47.2099,47.14,47.2099,1914.0
2018-02-08 09:59:00,47.23,47.24,47.17,47.17,2806.0
2018-02-08 10:00:00,47.23,47.28,47.21,47.27,6700.0
2018-02-08 10:01:00,47.145,47.23,47.14,47.21,3028.0
2018-02-08 10:02:00,47.11,47.16,47.05,47.15,11435.0
2018-02-08 10:03:00,47.23,47.23,47.15,47.15,800.0
2018-02-08 10:04:00,47.27,47.27,47.225,47.225,3042.0
2018-02-08 10:05:00,47.28,47.28,47.23,47.28,8278.0
2018-02-08 10:06:00,47.34,47.34,47.25,47.265,2464.0
2018-02-08 10:07:00,47.38,47.38,47.34,47.36,1400.0
2018-02-08 10:08:00,47.4,47.45,47.4,47.45,3912.0
2018-02-08 10:09:00,47.51,47.51,47.4,47.41,4000.0
2018-02-08 10:10:00,47.45,47.47,47.45,47.47,3716.0
2018-02-08 10:11:00,47.45,47.45,47.44,47.45,1100.0
2018-02-08 10:12:00,47.38,47.47,47.37,47.46,11758.0
2018-02-08 10:13:00,47.33,47.405,47.32,47.4,2800.0
2018-02-08 10:14:00,47.38,47.38,47.31,47.31,3600.0
2018-02-08 10:15:00,47.4,47.4,47.35,47.37,4200.0
2018-02-08 10:16:00,47.48,47.48,47.44,47.44,3200.0
2018-02-08 10:17:00,47.42,47.47,47.42,47.47,2200.0
2018-02-08 10:18:00,47.44,47.44,47.42,47.42,1030.0
2018-02-08 10:19:00,47.39,47.46,47.39,47.45,7087.0
2018-02-08 10:20:00,47.34,47.4025,47.34,47.4,4320.0
2018-02-08 10:21:00,47.34,47.34,47.3,47.31,2000.0
2018-02-08 10:22:00,47.29,47.35,47.28,47.34,6032.0
2018-02-08 10:23:00,47.3,47.32,47.2702,47.28,1650.0
2018-02-08 10:24:00,47.325,47.325,47.3,47.32,1601.0
2018-02-08 10:25:00,47.39,47.39,47.34,47.34,2600.0
2018-02-08 10:26:00,47.34,47.39,47.34,47.37,5000.0
2018-02-08 10:27:00,47.36,47.38,47.32,47.34,3600.0
2018-02-08 10:28:00,47.36,47.36,47.36,47.36,900.0
2018-02-08 10:29:00,47.36,47.36,47.33,47.36,3418.0
2018-02-08 10:30:00,47.35,47.35,47.33,47.35,2349.0
2018-02-08 10:31:00,47.37,47.37,47.34,47.37,3242.0
2018-02-08 10:32:00,47.45,47.45,47.38,47.39,900.0
2018-02-08 10:33:00,47.42,47.48,47.42,47.445,7543.0
2018-02-08 10:34:00,47.5,47.5,47.415,47.43,6080.0
2018-02-08 10:35:00,47.44,47.52,47.43,47.5,4660.0
2018-02-08 10:36:00,47.485,47.485,47.44,47.45,1900.0
2018-02-08 10:37:00,47.42,47.47,47.42,47.47,3700.0
2018-02-08 10:38:00,47.43,47.43,47.41,47.41,2100.0
2018-02-08 10:39:00,47.5,47.5,47.42,47.42,3800.0
2018-02-08 10:40:00,47.505,47.53,47.49,47.5,6950.0
2018-02-08 10:41:00,47.4763,47.51,47.46,47.51,5309.0
2018-02-08 10:42:00,47.52,47.52,47.46,47.46,2800.0
2018-02-08 10:43:00,47.5,47.53,47.5,47.53,2800.0
2018-02-08 10:44:00,47.5,47.5,47.49,47.49,2433.0
2018-02-08 10:45:00,47.47,47.49,47.46,47.49,2200.0
2018-02-08 10:46:00,47.47,47.47,47.47,47.47,700.0
2018-02-08 10:47:00,47.5,47.54,47.47,47.47,4649.0
2018-02-08 10:48:00,47.51,47.54,47.5,47.51,5425.0
2018-02-08 10:49:00,47.42,47.52,47.41,47.52,4200.0
2018-02-08 10:50:00,47.41,47.4586,47.41,47.43,2000.0
2018-02-08 10:51:00,47.36,47.4,47.36,47.4,3400.0
2018-02-08 10:52:00,47.41,47.41,47.38,47.39,2600.0
2018-02-08 10:53:00,47.42,47.425,47.41,47.425,1300.0
2018-02-08 10:54:00,47.413999999999994,47.43,47.395,47.43,2400.0
2018-02-08 10:55:00,47.38,47.39,47.36,47.39,3500.0
2018-02-08 10:56:00,47.36,47.385,47.33,47.385,3103.0
2018-02-08 10:57:00,47.38,47.38,47.38,47.38,100.0
2018-02-08 10:58:00,47.43,47.45,47.4,47.4,4649.0
2018-02-08 10:59:00,47.44,47.46,47.44,47.449,1800.0
2018-02-08 11:00:00,47.5,47.5,47.45,47.47,2200.0
2018-02-08 11:01:00,47.46,47.49,47.43,47.47,6302.0
2018-02-08 11:02:00,47.48,47.48,47.46,47.47,2100.0
2018-02-08 11:03:00,47.55,47.58,47.51,47.51,5216.0
2018-02-08 11:04:00,47.52,47.54,47.52,47.54,1873.0
2018-02-08 11:05:00,47.56,47.56,47.53,47.54,1300.0
2018-02-08 11:06:00,47.58,47.58,47.56,47.56,2800.0
2018-02-08 11:07:00,47.52,47.57,47.49,47.57,8674.0
2018-02-08 11:08:00,47.51,47.52,47.51,47.52,200.0
2018-02-08 11:09:00,47.5599,47.56,47.53,47.54,2217.0
2018-02-08 11:10:00,47.55,47.56,47.51,47.53,2461.0
2018-02-08 11:11:00,47.55,47.57,47.52,47.57,4800.0
2018-02-08 11:12:00,47.62,47.63,47.53,47.53,3673.0
2018-02-08 11:13:00,47.6759,47.6759,47.61,47.62,2025.0
2018-02-08 11:14:00,47.6,47.65,47.6,47.65,4100.0
2018-02-08 11:15:00,47.58,47.6,47.57,47.6,1700.0
2018-02-08 11:16:00,47.52,47.66,47.52,47.59,8700.0
2018-02-08 11:17:00,47.56,47.57,47.52,47.52,4489.0
2018-02-08 11:18:00,47.615,47.62,47.56,47.57,6550.0
2018-02-08 11:19:00,47.64,47.68,47.6,47.63,3140.0
2018-02-08 11:20:00,47.67,47.67,47.63,47.65,1600.0
2018-02-08 11:21:00,47.65,47.68,47.64,47.66,2400.0
2018-02-08 11:22:00,47.65,47.67,47.6299,47.66,10099.0
2018-02-08 11:23:00,47.69,47.69,47.65,47.65,5540.0
2018-02-08 11:24:00,47.68,47.7,47.68,47.69,2900.0
2018-02-08 11:25:00,47.73,47.73,47.68,47.69,5687.0
2018-02-08 11:26:00,47.7,47.74,47.7,47.72,4701.0
2018-02-08 11:27:00,47.68,47.7,47.68,47.69,3500.0
2018-02-08 11:28:00,47.685,47.7,47.67,47.67,2600.0
2018-02-08 11:29:00,47.715,47.72,47.68,47.7,4900.0
2018-02-08 11:30:00,47.7,47.72,47.7,47.72,4915.0
2018-02-08 11:31:00,47.72,47.755,47.68,47.7,4600.0
2018-02-08 11:32:00,47.57,47.7,47.57,47.7,4900.0
2018-02-08 11:33:00,47.63,47.63,47.58,47.6,5300.0
2018-02-08 11:34:00,47.64,47.655,47.63,47.6341,3272.0
2018-02-08 11:35:00,47.68,47.7,47.66,47.66,3000.0
2018-02-08 11:36:00,47.69,47.7,47.67,47.67,2800.0
2018-02-08 11:37:00,47.66,47.68,47.66,47.67,1300.0
2018-02-08 11:38:00,47.66,47.69,47.66,47.68,1860.0
2018-02-08 11:39:00,47.68,47.68,47.66,47.67,3100.0
2018-02-08 11:40:00,47.72,47.75,47.71,47.71,2212.0
2018-02-08 11:41:00,47.66,47.69,47.66,47.67,1400.0
2018-02-08 11:42:00,47.65,47.69,47.65,47.69,2295.0
2018-02-08 11:43:00,47.63,47.67,47.62,47.64,2600.0
2018-02-08 11:44:00,47.61,47.62,47.61,47.62,1000.0
2018-02-08 11:45:00,47.61,47.65,47.6,47.6,3700.0
2018-02-08 11:46:00,47.67,47.67,47.59,47.6,3000.0
2018-02-08 11:47:00,47.61,47.69,47.59,47.68,2900.0
2018-02-08 11:48:00,47.62,47.63,47.59,47.62,3900.0
2018-02-08 11:49:00,47.58,47.63,47.58,47.63,1300.0
2018-02-08 11:50:00,47.63,47.64,47.59,47.59,5640.0
2018-02-08 11:51:00,47.68,47.7,47.64,47.64,2345.0
2018-02-08 11:52:00,47.73,47.75,47.72,47.72,3320.0
2018-02-08 11:53:00,47.78,47.81,47.73,47.73,3544.0
2018-02-08 11:54:00,47.71,47.78,47.71,47.78,3200.0
2018-02-08 11:55:00,47.74,47.74,47.73,47.73,1100.0
2018-02-08 11:56:00,47.72,47.76,47.71,47.72,4200.0
2018-02-08 11:57:00,47.69,47.74,47.69,47.74,1900.0
2018-02-08 11:58:00,47.685,47.685,47.68,47.68,400.0
2018-02-08 11:59:00,47.62,47.67,47.62,47.67,3000.0
2018-02-08 12:00:00,47.63,47.63,47.62,47.62,1880.0
2018-02-08 12:01:00,47.61,47.62,47.58,47.58,2000.0
2018-02-08 12:02:00,47.6302,47.65,47.61,47.61,3087.0
2018-02-08 12:03:00,47.62,47.65,47.62,47.65,2825.0
2018-02-08 12:04:00,47.64,47.64,47.62,47.625,910.0
2018-02-08 12:05:00,47.637,47.637,47.59,47.62,5807.0
2018-02-08 12:06:00,47.63,47.63,47.6,47.63,3550.0
2018-02-08 12:07:00,47.515,47.62,47.515,47.62,3910.0
2018-02-08 12:08:00,47.608999999999995,47.61,47.51,47.51,7283.0
2018-02-08 12:09:00,47.555,47.585,47.54,47.58,3428.0
2018-02-08 12:10:00,47.58,47.62,47.565,47.57,14110.0
2018-02-08 12:11:00,47.64,47.64,47.58,47.58,1500.0
2018-02-08 12:12:00,47.63,47.631,47.62,47.62,5300.0
2018-02-08 12:13:00,47.72,47.72,47.65,47.65,1700.0
2018-02-08 12:14:00,47.74,47.75,47.69,47.72,7769.0
2018-02-08 12:15:00,47.73,47.754,47.73,47.74,2841.0
2018-02-08 12:16:00,47.73,47.73,47.702,47.72,1545.0
2018-02-08 12:17:00,47.78,47.78,47.73,47.73,2882.0
2018-02-08 12:18:00,47.78,47.8,47.77,47.79,5531.0
2018-02-08 12:19:00,47.78,47.78,47.76,47.78,600.0
2018-02-08 12:20:00,47.8,47.83,47.77,47.77,3400.0
2018-02-08 12:21:00,47.79,47.81,47.78,47.79,2400.0
2018-02-08 12:22:00,47.78,47.79,47.77,47.78,4209.0
2018-02-08 12:23:00,47.76,47.78,47.72,47.77,3891.0
2018-02-08 12:24:00,47.76,47.77,47.74,47.77,3480.0
2018-02-08 12:25:00,47.75,47.8,47.75,47.76,6799.0
2018-02-08 12:26:00,47.71,47.74,47.71,47.74,1700.0
2018-02-08 12:27:00,47.7,47.73,47.7,47.72,4588.0
2018-02-08 12:28:00,47.76,47.76,47.675,47.69,5700.0
2018-02-08 12:29:00,47.74,47.79,47.74,47.76,9400.0
2018-02-08 12:30:00,47.7026,47.74,47.69,47.74,3500.0
2018-02-08 12:31:00,47.71,47.73,47.7,47.72,3300.0
2018-02-08 12:32:00,47.72,47.76,47.71,47.74,9696.0
2018-02-08 12:33:00,47.7,47.71,47.7,47.71,849.0
2018-02-08 12:34:00,47.66,47.68,47.65,47.68,3997.0
2018-02-08 12:35:00,47.7,47.7,47.63,47.6591,1865.0
2018-02-08 12:36:00,47.68,47.68,47.64,47.67,3000.0
2018-02-08 12:37:00,47.71,47.75,47.67,47.67,4639.0
2018-02-08 12:38:00,47.62,47.7,47.62,47.7,2856.0
2018-02-08 12:39:00,47.6,47.62,47.58,47.62,3816.0
2018-02-08 12:40:00,47.59,47.63,47.59,47.61,4640.0
2018-02-08 12:41:00,47.63,47.64,47.59,47.62,5893.0
2018-02-08 12:42:00,47.66,47.66,47.615,47.63,5200.0
2018-02-08 12:43:00,47.63,47.695,47.63,47.67,6139.0
2018-02-08 12:44:00,47.57,47.62,47.57,47.62,3080.0
2018-02-08 12:45:00,47.53,47.56,47.52,47.56,2326.0
2018-02-08 12:46:00,47.5,47.54,47.5,47.54,1800.0
2018-02-08 12:47:00,47.53,47.53,47.52,47.52,900.0
2018-02-08 12:48:00,47.45,47.52,47.45,47.5,3900.0
2018-02-08 12:49:00,47.45,47.46,47.45,47.45,1900.0
2018-02-08 12:50:00,47.46,47.49,47.44,47.46,4150.0
2018-02-08 12:51:00,47.39,47.47,47.37,47.46,11002.0
2018-02-08 12:52:00,47.37,47.39,47.37,47.39,600.0
2018-02-08 12:53:00,47.43,47.43,47.37,47.37,2593.0
2018-02-08 12:54:00,47.39,47.43,47.39,47.43,2509.0
2018-02-08 12:55:00,47.37,47.39,47.35,47.39,2400.0
2018-02-08 12:56:00,47.31,47.36,47.31,47.36,1989.0
2018-02-08 12:57:00,47.29,47.33,47.25,47.33,5794.0
2018-02-08 12:58:00,47.35,47.37,47.3,47.31,6412.0
2018-02-08 12:59:00,47.345,47.36,47.33,47.34,2600.0
2018-02-08 13:00:00,47.42,47.45,47.36,47.36,4290.0
2018-02-08 13:01:00,47.41,47.42,47.38,47.41,3980.0
2018-02-08 13:02:00,47.45,47.46,47.43,47.43,1400.0
2018-02-08 13:03:00,47.38,47.44,47.35,47.44,4100.0
2018-02-08 13:04:00,47.35,47.42,47.35,47.38,1700.0
2018-02-08 13:05:00,47.4,47.4,47.34,47.36,1300.0
2018-02-08 13:06:00,47.37,47.39,47.35,47.37,2800.0
2018-02-08 13:07:00,47.34,47.38,47.34,47.36,2375.0
2018-02-08 13:08:00,47.4,47.41,47.35,47.35,2200.0
2018-02-08 13:09:00,47.48,47.49,47.4,47.41,3876.0
2018-02-08 13:10:00,47.47,47.53,47.46,47.46,3084.0
2018-02-08 13:11:00,47.5,47.56,47.5,47.5,3566.0
2018-02-08 13:12:00,47.45,47.53,47.45,47.5,6452.0
2018-02-08 13:13:00,47.49,47.49,47.43,47.48,1894.0
2018-02-08 13:14:00,47.5294,47.6,47.51,47.54,6571.0
2018-02-08 13:15:00,47.52,47.53,47.49,47.5,3472.0
2018-02-08 13:16:00,47.61,47.61,47.53,47.53,8831.0
2018-02-08 13:17:00,47.61,47.64,47.6,47.62,3560.0
2018-02-08 13:18:00,47.69,47.69,47.63,47.63,500.0
2018-02-08 13:19:00,47.61,47.69,47.61,47.69,5418.0
2018-02-08 13:20:00,47.63,47.63,47.58,47.6,2301.0
2018-02-08 13:21:00,47.68,47.68,47.62,47.62,1000.0
2018-02-08 13:22:00,47.68,47.7,47.67,47.69,3200.0
2018-02-08 13:23:00,47.67,47.69,47.67,47.6885,2100.0
2018-02-08 13:24:00,47.63,47.66,47.63,47.66,2100.0
2018-02-08 13:25:00,47.67,47.67,47.62,47.62,1400.0
2018-02-08 13:26:00,47.62,47.68,47.62,47.68,2524.0
2018-02-08 13:27:00,47.55,47.61,47.54,47.61,5351.0
2018-02-08 13:28:00,47.54,47.56,47.54,47.54,2600.0
2018-02-08 13:29:00,47.53,47.53,47.5,47.53,2000.0
2018-02-08 13:30:00,47.49,47.53,47.48,47.53,2800.0
2018-02-08 13:31:00,47.51,47.55,47.44,47.48,2300.0
2018-02-08 13:32:00,47.5,47.53,47.5,47.52,1700.0
2018-02-08 13:33:00,47.48,47.51,47.48,47.49,2100.0
2018-02-08 13:34:00,47.49,47.52,47.46,47.5,3735.0
2018-02-08 13:35:00,47.51,47.51,47.49,47.49,1800.0
2018-02-08 13:36:00,47.59,47.59,47.5,47.5,2700.0
2018-02-08 13:37:00,47.54,47.57,47.52,47.57,3300.0
2018-02-08 13:38:00,47.55,47.56,47.54,47.55,2200.0
2018-02-08 13:39:00,47.57,47.57,47.53,47.54,1500.0
2018-02-08 13:40:00,47.58,47.5897,47.56,47.5897,2216.0
2018-02-08 13:41:00,47.61,47.64,47.59,47.62,5225.0
2018-02-08 13:42:00,47.58,47.65,47.55,47.65,1800.0
2018-02-08 13:43:00,47.55,47.59,47.54,47.59,1300.0
2018-02-08 13:44:00,47.56,47.56,47.53,47.53,900.0
2018-02-08 13:45:00,47.61,47.61,47.56,47.57,1664.0
2018-02-08 13:46:00,47.64,47.64,47.58,47.64,4600.0
2018-02-08 13:47:00,47.68,47.68,47.62,47.641000000000005,3607.0
2018-02-08 13:48:00,47.61,47.67,47.61,47.67,4600.0
2018-02-08 13:49:00,47.61,47.61,47.58,47.6,800.0
2018-02-08 13:50:00,47.6,47.6,47.57,47.6,2905.0
2018-02-08 13:51:00,47.59,47.63,47.59,47.61,3399.0
2018-02-08 13:52:00,47.58,47.6,47.58,47.59,1200.0
2018-02-08 13:53:00,47.66,47.66,47.58,47.59,3100.0
2018-02-08 13:54:00,47.68,47.68,47.67,47.67,900.0
2018-02-08 13:55:00,47.696999999999996,47.696999999999996,47.68,47.68,3310.0
2018-02-08 13:56:00,47.67,47.68,47.65,47.68,1200.0
2018-02-08 13:57:00,47.62,47.67,47.6,47.66,5600.0
2018-02-08 13:58:00,47.65,47.66,47.6,47.6,2485.0
2018-02-08 13:59:00,47.68,47.7,47.65,47.65,900.0
2018-02-08 14:00:00,47.71,47.72,47.68,47.68,1900.0
2018-02-08 14:01:00,47.65,47.715,47.65,47.715,4326.0
2018-02-08 14:02:00,47.65,47.67,47.63,47.67,5270.0
2018-02-08 14:03:00,47.64,47.68,47.63,47.68,1500.0
2018-02-08 14:04:00,47.63,47.66,47.62,47.65,3782.0
2018-02-08 14:05:00,47.6,47.62,47.58,47.62,2300.0
2018-02-08 14:06:00,47.62,47.64,47.61,47.61,3101.0
2018-02-08 14:07:00,47.61,47.62,47.6,47.6,2000.0
2018-02-08 14:08:00,47.65,47.65,47.61,47.63,1600.0
2018-02-08 14:09:00,47.63,47.68,47.63,47.66,4206.0
2018-02-08 14:10:00,47.64,47.65,47.62,47.63,1100.0
2018-02-08 14:11:00,47.67,47.69,47.64,47.65,4300.0
2018-02-08 14:12:00,47.65,47.67,47.64,47.65,4880.0
2018-02-08 14:13:00,47.68,47.72,47.66,47.66,6176.0
2018-02-08 14:14:00,47.68,47.68,47.65,47.67,1806.0
2018-02-08 14:15:00,47.67,47.69,47.67,47.69,700.0
2018-02-08 14:16:00,47.6953,47.71,47.67,47.67,4828.0
2018-02-08 14:17:00,47.8,47.84,47.7,47.7,4427.0
2018-02-08 14:18:00,47.81,47.84,47.81,47.8203,2055.0
2018-02-08 14:19:00,47.79,47.82,47.78,47.8,4609.0
2018-02-08 14:20:00,47.79,47.82,47.77,47.77,6894.0
2018-02-08 14:21:00,47.78,47.83,47.78,47.82,1605.0
2018-02-08 14:22:00,47.8,47.8,47.78,47.78,2900.0
2018-02-08 14:23:00,47.79,47.79,47.73,47.79,4609.0
2018-02-08 14:24:00,47.76,47.77,47.75,47.77,2169.0
2018-02-08 14:25:00,47.8,47.8,47.77,47.77,1000.0
2018-02-08 14:26:00,47.76,47.805,47.76,47.805,4439.0
2018-02-08 14:27:00,47.8,47.8,47.77,47.77,1700.0
2018-02-08 14:28:00,47.73,47.79,47.73,47.79,3055.0
2018-02-08 14:29:00,47.75,47.77,47.74,47.75,2702.0
2018-02-08 14:30:00,47.76,47.76,47.73,47.74,3400.0
2018-02-08 14:31:00,47.71,47.74,47.71,47.74,2601.0
2018-02-08 14:32:00,47.77,47.77,47.7,47.72,3443.0
2018-02-08 14:33:00,47.77,47.77,47.72,47.74,4500.0
2018-02-08 14:34:00,47.75,47.78,47.75,47.78,1300.0
2018-02-08 14:35:00,47.75,47.7723,47.73,47.772,7291.0
2018-02-08 14:36:00,47.76,47.79,47.74,47.74,5600.0
2018-02-08 14:37:00,47.75,47.75,47.71,47.75,3800.0
2018-02-08 14:38:00,47.8,47.81,47.73,47.74,5780.0
2018-02-08 14:39:00,47.81,47.82,47.79,47.81,1600.0
2018-02-08 14:40:00,47.88,47.88,47.81,47.825,3900.0
2018-02-08 14:41:00,47.86,47.88,47.84,47.88,5100.0
2018-02-08 14:42:00,47.85,47.87,47.85,47.86,5407.0
2018-02-08 14:43:00,47.85,47.8798,47.83,47.84,4456.0
2018-02-08 14:44:00,47.85,47.85,47.85,47.85,200.0
2018-02-08 14:45:00,47.86,47.9,47.86,47.8698,5130.0
2018-02-08 14:46:00,47.94,47.97,47.85,47.85,6603.0
2018-02-08 14:47:00,47.9,47.94,47.9,47.93,7250.0
2018-02-08 14:48:00,47.93,47.93,47.89,47.89,2500.0
2018-02-08 14:49:00,47.88,47.93,47.88,47.93,3910.0
2018-02-08 14:50:00,47.96,47.96,47.91,47.91,2800.0
2018-02-08 14:51:00,47.93,47.945,47.91,47.94,6425.0
2018-02-08 14:52:00,47.89,47.95,47.89,47.94,3954.0
2018-02-08 14:53:00,47.89,47.93,47.89,47.91,4577.0
2018-02-08 14:54:00,47.86,47.89,47.86,47.86,4200.0
2018-02-08 14:55:00,47.86,47.86,47.84,47.86,2700.0
2018-02-08 14:56:00,47.81,47.86,47.78,47.86,5300.0
2018-02-08 14:57:00,47.89,47.89,47.77,47.81,4999.0
2018-02-08 14:58:00,47.87,47.87,47.83,47.85,2700.0
2018-02-08 14:59:00,47.86,47.87,47.84,47.84,3005.0
2018-02-08 15:00:00,47.91,47.91,47.87,47.87,2700.0
2018-02-08 15:01:00,47.89,47.93,47.84,47.91,8478.0
2018-02-08 15:02:00,47.96,47.98,47.9,47.9,10305.0
2018-02-08 15:03:00,47.94,47.97,47.92,47.96,5015.0
2018-02-08 15:04:00,47.95,47.95,47.89,47.93,4309.0
2018-02-08 15:05:00,47.95,47.98,47.93,47.96,3713.0
2018-02-08 15:06:00,47.91,47.97,47.91,47.95,6590.0
2018-02-08 15:07:00,47.84,47.9,47.84,47.9,5840.0
2018-02-08 15:08:00,47.845,47.85,47.84,47.84,1000.0
2018-02-08 15:09:00,47.84,47.87,47.84,47.84,4800.0
2018-02-08 15:10:00,47.85,47.89,47.84,47.87,9467.0
2018-02-08 15:11:00,47.883,47.89,47.82,47.83,7700.0
2018-02-08 15:12:00,47.89,47.91,47.89,47.89,1049.0
2018-02-08 15:13:00,47.86,47.89,47.85,47.89,6515.0
2018-02-08 15:14:00,47.87,47.88,47.84,47.86,9849.0
2018-02-08 15:15:00,47.9,47.91,47.86,47.87,8017.0
2018-02-08 15:16:00,47.91,47.91,47.87,47.9098,5100.0
2018-02-08 15:17:00,47.88,47.915,47.86,47.91,7040.0
2018-02-08 15:18:00,47.85,47.9,47.84,47.87,8798.0
2018-02-08 15:19:00,47.86,47.88,47.86,47.86,4781.0
2018-02-08 15:20:00,47.85,47.8838,47.83,47.88,5106.0
2018-02-08 15:21:00,47.84,47.86,47.83,47.86,5318.0
2018-02-08 15:22:00,47.88,47.89,47.83,47.85,7300.0
2018-02-08 15:23:00,47.92,47.94,47.89,47.89,10060.0
2018-02-08 15:24:00,47.9425,47.95,47.88,47.92,7349.0
2018-02-08 15:25:00,47.91,47.95,47.91,47.94,5842.0
2018-02-08 15:26:00,47.96,47.99,47.91,47.91,8840.0
2018-02-08 15:27:00,47.97,47.97,47.93,47.95,3500.0
2018-02-08 15:28:00,47.96,48.01,47.96,47.96,8014.0
2018-02-08 15:29:00,47.96,47.96,47.93,47.95,3600.0
2018-02-08 15:30:00,47.885,47.955,47.88,47.95,5608.0
2018-02-08 15:31:00,47.91,47.93,47.86,47.88,8879.0
2018-02-08 15:32:00,47.87,47.9,47.85,47.9,6878.0
2018-02-08 15:33:00,47.885,47.92,47.865,47.88,14780.0
2018-02-08 15:34:00,47.89,47.92,47.88,47.88,6385.0
2018-02-08 15:35:00,47.86,47.9,47.85,47.88,11230.0
2018-02-08 15:36:00,47.82,47.88,47.82,47.84,7580.0
2018-02-08 15:37:00,47.82,47.85,47.8,47.84,8297.0
2018-02-08 15:38:00,47.77,47.83,47.77,47.83,7300.0
2018-02-08 15:39:00,47.81,47.81,47.77,47.78,9104.0
2018-02-08 15:40:00,47.79,47.82,47.79,47.82,4533.0
2018-02-08 15:41:00,47.8,47.805,47.75,47.78,10976.0
2018-02-08 15:42:00,47.76,47.82,47.75,47.8,10408.0
2018-02-08 15:43:00,47.71,47.78,47.71,47.77,11439.0
2018-02-08 15:44:00,47.72,47.73,47.7,47.71,12129.0
2018-02-08 15:45:00,47.78,47.8,47.71,47.71,15571.0
2018-02-08 15:46:00,47.61,47.76,47.59,47.76,21311.0
2018-02-08 15:47:00,47.58,47.64,47.57,47.61,14433.0
2018-02-08 15:48:00,47.58,47.63,47.56,47.57,18105.0
2018-02-08 15:49:00,47.58,47.63,47.54,47.58,13455.0
2018-02-08 15:50:00,47.58,47.6,47.56,47.57,11779.0
2018-02-08 15:51:00,47.63,47.63,47.57,47.59,9598.0
2018-02-08 15:52:00,47.59,47.62,47.56,47.62,12989.0
2018-02-08 15:53:00,47.56,47.61,47.56,47.57,14989.0
2018-02-08 15:54:00,47.55,47.57,47.54,47.55,8100.0
2018-02-08 15:55:00,47.58,47.59,47.54,47.55,18198.0
2018-02-08 15:56:00,47.56,47.6,47.55,47.58,23934.0
2018-02-08 15:57:00,47.56,47.58,47.54,47.55,18514.0
2018-02-08 15:58:00,47.53,47.57,47.51,47.555,18216.0
2018-02-08 15:59:00,47.44,47.53,47.43,47.52,42919.0
2018-02-08 16:00:00,47.37,47.46,47.36,47.44,64513.0
2018-02-09 09:30:00,47.87,47.87,47.87,47.87,34985.0
2018-02-09 09:31:00,47.89,47.89,47.784,47.8,4960.0
2018-02-09 09:32:00,47.97,48.06,47.88,47.9197,6963.0
2018-02-09 09:33:00,48.1099,48.1099,47.995,48.02,2090.0
2018-02-09 09:34:00,47.9,48.04,47.8,48.0,8055.0
2018-02-09 09:35:00,47.77,47.91,47.69,47.9,9186.0
2018-02-09 09:36:00,47.64,47.77,47.63,47.71,5225.0
2018-02-09 09:37:00,47.615,47.66,47.5175,47.59,13306.0
2018-02-09 09:38:00,47.535,47.67,47.48,47.65,6322.0
2018-02-09 09:39:00,47.67,47.69,47.49,47.525,8082.0
2018-02-09 09:40:00,47.52,47.64,47.52,47.64,3705.0
2018-02-09 09:41:00,47.49,47.565,47.46,47.54,14388.0
2018-02-09 09:42:00,47.585,47.67,47.49,47.56,8200.0
2018-02-09 09:43:00,47.68,47.69,47.5601,47.61,16994.0
2018-02-09 09:44:00,47.78,47.79,47.63,47.69,7434.0
2018-02-09 09:45:00,47.72,47.82,47.66,47.82,11183.0
2018-02-09 09:46:00,47.6,47.7,47.6,47.7,11472.0
2018-02-09 09:47:00,47.69,47.715,47.64,47.64,6051.0
2018-02-09 09:48:00,47.74,47.76,47.61,47.74,9400.0
2018-02-09 09:49:00,47.66,47.77,47.66,47.75,5202.0
2018-02-09 09:50:00,47.61,47.6961,47.6,47.68,8311.0
2018-02-09 09:51:00,47.66,47.69,47.65,47.65,5316.0
2018-02-09 09:52:00,47.725,47.74,47.63,47.665,7150.0
2018-02-09 09:53:00,47.65,47.78,47.65,47.74,7037.0
2018-02-09 09:54:00,47.62,47.76,47.62,47.66,10216.0
2018-02-09 09:55:00,47.63,47.7,47.63,47.65,6117.0
2018-02-09 09:56:00,47.74,47.76,47.65,47.66,5000.0
2018-02-09 09:57:00,47.82,47.84,47.73,47.73,7599.0
2018-02-09 09:58:00,47.81,47.88,47.81,47.88,4235.0
2018-02-09 09:59:00,47.78,47.84,47.78,47.84,4200.0
2018-02-09 10:00:00,47.8,47.84,47.75,47.78,7880.0
2018-02-09 10:01:00,47.95,47.95,47.77,47.79,4865.0
2018-02-09 10:02:00,47.96,47.96,47.87,47.92,8056.0
2018-02-09 10:03:00,48.05,48.07,47.9,47.99,12267.0
2018-02-09 10:04:00,48.19,48.285,48.02,48.02,12213.0
2018-02-09 10:05:00,48.06,48.2,48.04,48.2,8832.0
2018-02-09 10:06:00,48.1,48.18,48.08,48.09,8175.0
2018-02-09 10:07:00,48.115,48.23,48.09,48.14,4825.0
2018-02-09 10:08:00,48.09,48.1,48.05,48.1,4421.0
2018-02-09 10:09:00,48.14,48.16,48.08,48.11,11415.0
2018-02-09 10:10:00,48.24,48.3,48.16,48.16,8526.0
2018-02-09 10:11:00,48.3,48.3,48.2,48.24,6800.0
2018-02-09 10:12:00,48.29,48.31,48.25,48.3,11159.0
2018-02-09 10:13:00,48.41,48.41,48.29,48.31,12898.0
2018-02-09 10:14:00,48.39,48.41,48.35,48.41,6000.0
2018-02-09 10:15:00,48.31,48.39,48.29,48.39,4771.0
2018-02-09 10:16:00,48.265,48.31,48.26,48.31,6871.0
2018-02-09 10:17:00,48.34,48.37,48.25,48.26,13986.0
2018-02-09 10:18:00,48.3,48.37,48.3,48.35,6663.0
2018-02-09 10:19:00,48.36,48.36,48.27,48.31,11763.0
2018-02-09 10:20:00,48.39,48.39,48.34,48.36,5060.0
2018-02-09 10:21:00,48.42,48.45,48.36,48.41,9023.0
2018-02-09 10:22:00,48.375,48.41,48.35,48.4,2687.0
2018-02-09 10:23:00,48.34,48.36,48.33,48.35,5100.0
2018-02-09 10:24:00,48.28,48.34,48.28,48.34,3340.0
2018-02-09 10:25:00,48.33,48.36,48.27,48.28,7090.0
2018-02-09 10:26:00,48.3,48.375,48.3,48.33,5400.0
2018-02-09 10:27:00,48.38,48.39,48.31,48.31,4344.0
2018-02-09 10:28:00,48.32,48.42,48.32,48.4,12000.0
2018-02-09 10:29:00,48.31,48.32,48.27,48.32,3600.0
2018-02-09 10:30:00,48.41,48.41,48.28,48.32,9903.0
2018-02-09 10:31:00,48.35,48.39,48.31,48.39,7743.0
2018-02-09 10:32:00,48.3581,48.38,48.32,48.33,5278.0
2018-02-09 10:33:00,48.4,48.4,48.33,48.369,5065.0
2018-02-09 10:34:00,48.352,48.405,48.34,48.405,5915.0
2018-02-09 10:35:00,48.41,48.45,48.35,48.35,12381.0
2018-02-09 10:36:00,48.43,48.48,48.42,48.42,18245.0
2018-02-09 10:37:00,48.46,48.53,48.41,48.43,12332.0
2018-02-09 10:38:00,48.49,48.54,48.47,48.47,7804.0
2018-02-09 10:39:00,48.43,48.48,48.42,48.48,5090.0
2018-02-09 10:40:00,48.4,48.43,48.39,48.43,9249.0
2018-02-09 10:41:00,48.38,48.4,48.36,48.39,8003.0
2018-02-09 10:42:00,48.4,48.4,48.35,48.39,8224.0
2018-02-09 10:43:00,48.39,48.46,48.39,48.41,6590.0
2018-02-09 10:44:00,48.42,48.44,48.38,48.42,15585.0
2018-02-09 10:45:00,48.42,48.46,48.42,48.44,9038.0
2018-02-09 10:46:00,48.49,48.49,48.43,48.43,9184.0
2018-02-09 10:47:00,48.48,48.54,48.47,48.48,12487.0
2018-02-09 10:48:00,48.47,48.49,48.4,48.46,17135.0
2018-02-09 10:49:00,48.42,48.48,48.42,48.48,11145.0
2018-02-09 10:50:00,48.46,48.5,48.42,48.42,14225.0
2018-02-09 10:51:00,48.51,48.51,48.39,48.43,9452.0
2018-02-09 10:52:00,48.57,48.57,48.49,48.5,9532.0
2018-02-09 10:53:00,48.61,48.62,48.54,48.56,6432.0
2018-02-09 10:54:00,48.61,48.63,48.59,48.61,10541.0
2018-02-09 10:55:00,48.61,48.68,48.58,48.62,9349.0
2018-02-09 10:56:00,48.59,48.64,48.57,48.63,6053.0
2018-02-09 10:57:00,48.68,48.69,48.61,48.62,5100.0
2018-02-09 10:58:00,48.68,48.69,48.61,48.67,4643.0
2018-02-09 10:59:00,48.69,48.72,48.62,48.68,7114.0
2018-02-09 11:00:00,48.8,48.8,48.66,48.69,11650.0
2018-02-09 11:01:00,48.7498,48.77,48.715,48.77,7540.0
2018-02-09 11:02:00,48.71,48.75,48.68,48.745,6441.0
2018-02-09 11:03:00,48.74,48.75,48.72,48.75,6042.0
2018-02-09 11:04:00,48.76,48.8,48.72,48.74,11712.0
2018-02-09 11:05:00,48.76,48.78,48.74,48.75,7933.0
2018-02-09 11:06:00,48.71,48.79,48.71,48.76,10200.0
2018-02-09 11:07:00,48.63,48.71,48.63,48.7,10131.0
2018-02-09 11:08:00,48.69,48.73,48.63,48.64,7315.0
2018-02-09 11:09:00,48.71,48.73,48.67,48.68,5198.0
2018-02-09 11:10:00,48.68,48.72,48.65,48.69,10789.0
2018-02-09 11:11:00,48.74,48.74,48.67,48.68,5294.0
2018-02-09 11:12:00,48.7,48.74100000000001,48.68,48.74100000000001,8710.0
2018-02-09 11:13:00,48.77,48.77,48.71,48.71,2274.0
2018-02-09 11:14:00,48.69,48.785,48.66,48.78,11172.0
2018-02-09 11:15:00,48.73,48.73,48.7,48.71,4300.0
2018-02-09 11:16:00,48.62,48.731,48.61,48.731,9414.0
2018-02-09 11:17:00,48.58,48.63,48.58,48.63,4830.0
2018-02-09 11:18:00,48.59,48.62,48.54,48.6,7639.0
2018-02-09 11:19:00,48.55,48.58,48.53,48.58,2600.0
2018-02-09 11:20:00,48.62,48.68,48.58,48.58,9225.0
2018-02-09 11:21:00,48.66,48.66,48.59,48.61,4312.0
2018-02-09 11:22:00,48.68,48.68,48.65,48.655,9625.0
2018-02-09 11:23:00,48.615,48.68,48.58,48.66,6500.0
2018-02-09 11:24:00,48.6,48.64,48.6,48.63,3598.0
2018-02-09 11:25:00,48.57,48.62,48.57,48.6,5105.0
2018-02-09 11:26:00,48.595,48.625,48.57,48.58,14290.0
2018-02-09 11:27:00,48.57,48.61,48.56,48.59,6300.0
2018-02-09 11:28:00,48.61,48.61,48.58,48.58,4017.0
2018-02-09 11:29:00,48.61,48.62,48.59,48.61,5592.0
2018-02-09 11:30:00,48.61,48.61,48.56,48.59,9300.0
2018-02-09 11:31:00,48.53,48.6,48.53,48.6,5469.0
2018-02-09 11:32:00,48.51,48.56,48.51,48.54,5400.0
2018-02-09 11:33:00,48.52,48.53,48.48,48.52,6891.0
2018-02-09 11:34:00,48.54,48.56,48.45,48.54,37248.0
2018-02-09 11:35:00,48.495,48.56,48.495,48.54,6000.0
2018-02-09 11:36:00,48.465,48.495,48.45,48.49,12350.0
2018-02-09 11:37:00,48.58,48.6,48.47,48.47,11361.0
2018-02-09 11:38:00,48.6,48.61,48.55,48.59,5834.0
2018-02-09 11:39:00,48.5725,48.59,48.54,48.59,12767.0
2018-02-09 11:40:00,48.6,48.6,48.55,48.56,8400.0
2018-02-09 11:41:00,48.61,48.61,48.55,48.58,4254.0
2018-02-09 11:42:00,48.59,48.63,48.55,48.62,7597.0
2018-02-09 11:43:00,48.58,48.62,48.54,48.58,5700.0
2018-02-09 11:44:00,48.61,48.61,48.56,48.57,3300.0
2018-02-09 11:45:00,48.56,48.59,48.56,48.59,5877.0
2018-02-09 11:46:00,48.55,48.6,48.53,48.55,5211.0
2018-02-09 11:47:00,48.49,48.55,48.49,48.54,2200.0
2018-02-09 11:48:00,48.485,48.52,48.48,48.5,3500.0
2018-02-09 11:49:00,48.49,48.5,48.45,48.5,2943.0
2018-02-09 11:50:00,48.46,48.475,48.44,48.47,4400.0
2018-02-09 11:51:00,48.42,48.5,48.42,48.46,5729.0
2018-02-09 11:52:00,48.42,48.44,48.405,48.41,4585.0
2018-02-09 11:53:00,48.4,48.425,48.4,48.4247,2249.0
2018-02-09 11:54:00,48.44,48.44,48.383,48.39,1650.0
2018-02-09 11:55:00,48.39,48.44,48.39,48.44,4100.0
2018-02-09 11:56:00,48.34,48.4,48.34,48.4,4350.0
2018-02-09 11:57:00,48.34,48.38,48.33,48.34,3900.0
2018-02-09 11:58:00,48.39,48.425,48.34,48.35,8503.0
2018-02-09 11:59:00,48.36,48.41,48.36,48.38,5380.0
2018-02-09 12:00:00,48.38,48.39,48.34,48.36,5800.0
2018-02-09 12:01:00,48.37,48.4,48.35,48.4,5375.0
2018-02-09 12:02:00,48.42,48.42,48.38,48.38,3521.0
2018-02-09 12:03:00,48.4,48.44,48.38,48.41,5150.0
2018-02-09 12:04:00,48.33,48.41,48.33,48.41,3629.0
2018-02-09 12:05:00,48.32,48.36,48.3198,48.32,3161.0
2018-02-09 12:06:00,48.29,48.375,48.29,48.33,7920.0
2018-02-09 12:07:00,48.27,48.32,48.27,48.29,5400.0
2018-02-09 12:08:00,48.25,48.31,48.21,48.28,7360.0
2018-02-09 12:09:00,48.24,48.26,48.2,48.25,5311.0
2018-02-09 12:10:00,48.21,48.24,48.19,48.24,7640.0
2018-02-09 12:11:00,48.31,48.31,48.22,48.22,4626.0
2018-02-09 12:12:00,48.27,48.31,48.24,48.29,4766.0
2018-02-09 12:13:00,48.26,48.29,48.21,48.25,4395.0
2018-02-09 12:14:00,48.22,48.245,48.21,48.245,5453.0
2018-02-09 12:15:00,48.2,48.22,48.17,48.22,6022.0
2018-02-09 12:16:00,48.17,48.27,48.16,48.19,6562.0
2018-02-09 12:17:00,48.165,48.19,48.11,48.15,9650.0
2018-02-09 12:18:00,48.23,48.24,48.18,48.18,6068.0
2018-02-09 12:19:00,48.16,48.22,48.16,48.22,4379.0
2018-02-09 12:20:00,48.15,48.21,48.13,48.155,4800.0
2018-02-09 12:21:00,48.19,48.19,48.11,48.15,4000.0
2018-02-09 12:22:00,48.17,48.24,48.17,48.19,13781.0
2018-02-09 12:23:00,48.21,48.22,48.19,48.205,7125.0
2018-02-09 12:24:00,48.15,48.2,48.15,48.18,6796.0
2018-02-09 12:25:00,48.14,48.16,48.09,48.15,5900.0
2018-02-09 12:26:00,48.13,48.14,48.11,48.14,2349.0
2018-02-09 12:27:00,48.11,48.14,48.09,48.11,4300.0
2018-02-09 12:28:00,48.065,48.1,48.065,48.1,1585.0
2018-02-09 12:29:00,48.09,48.11,48.07,48.08,6400.0
2018-02-09 12:30:00,48.12,48.15,48.1,48.1,6500.0
2018-02-09 12:31:00,48.11,48.16,48.09,48.1,4600.0
2018-02-09 12:32:00,48.16,48.18,48.11,48.12,4799.0
2018-02-09 12:33:00,48.12,48.16,48.1,48.16,2800.0
2018-02-09 12:34:00,48.18,48.18,48.11,48.11,3945.0
2018-02-09 12:35:00,48.13,48.2,48.13,48.18,5865.0
2018-02-09 12:36:00,48.12,48.15,48.1,48.15,6152.0
2018-02-09 12:37:00,48.08,48.1,48.07,48.1,6398.0
2018-02-09 12:38:00,48.08,48.12,48.08,48.09,3201.0
2018-02-09 12:39:00,48.09,48.14,48.07,48.07,3609.0
2018-02-09 12:40:00,48.05,48.08,48.05,48.08,3658.0
2018-02-09 12:41:00,48.08,48.08,48.05,48.05,2400.0
2018-02-09 12:42:00,48.05,48.09,48.04,48.08,2100.0
2018-02-09 12:43:00,48.08,48.09,48.06,48.06,3774.0
2018-02-09 12:44:00,48.15,48.16,48.07,48.08,5482.0
2018-02-09 12:45:00,48.14,48.16,48.12,48.145,5100.0
2018-02-09 12:46:00,48.14,48.17,48.13,48.14,2385.0
2018-02-09 12:47:00,48.13,48.16,48.11,48.12,3893.0
2018-02-09 12:48:00,48.14,48.15,48.11,48.13,6000.0
2018-02-09 12:49:00,48.12,48.1367,48.11,48.13,1800.0
2018-02-09 12:50:00,48.13,48.15,48.12,48.13,3500.0
2018-02-09 12:51:00,48.1,48.14,48.1,48.13,2925.0
2018-02-09 12:52:00,48.16,48.18,48.11,48.11,10685.0
2018-02-09 12:53:00,48.12,48.16,48.08,48.16,3809.0
2018-02-09 12:54:00,48.08,48.13,48.08,48.11,3497.0
2018-02-09 12:55:00,48.09,48.1,48.07,48.1,2000.0
2018-02-09 12:56:00,48.08,48.11,48.07,48.08,2711.0
2018-02-09 12:57:00,48.12,48.12,48.09,48.1,2240.0
2018-02-09 12:58:00,48.15,48.17,48.13,48.14,3100.0
2018-02-09 12:59:00,48.16,48.16,48.12,48.13,4200.0
2018-02-09 13:00:00,48.18,48.21,48.15,48.16,3722.0
2018-02-09 13:01:00,48.11,48.165,48.11,48.15,2871.0
2018-02-09 13:02:00,48.09,48.15,48.09,48.12,2435.0
2018-02-09 13:03:00,48.1,48.1,48.1,48.1,500.0
2018-02-09 13:04:00,48.08,48.1,48.07,48.09,2700.0
2018-02-09 13:05:00,48.07,48.08,48.04,48.08,3144.0
2018-02-09 13:06:00,48.115,48.12,48.07,48.11,5550.0
2018-02-09 13:07:00,48.11,48.14,48.07,48.1,5312.0
2018-02-09 13:08:00,48.12,48.13,48.09,48.09,2734.0
2018-02-09 13:09:00,48.12,48.12,48.09,48.11,1700.0
2018-02-09 13:10:00,48.05,48.1,48.05,48.1,4112.0
2018-02-09 13:11:00,48.02,48.06,48.02,48.05,3400.0
2018-02-09 13:12:00,47.99,48.06,47.99,48.04,2700.0
2018-02-09 13:13:00,47.94,48.01,47.94,47.98,5913.0
2018-02-09 13:14:00,47.95,47.96,47.9,47.93,3500.0
2018-02-09 13:15:00,47.96,47.97,47.9,47.94,4186.0
2018-02-09 13:16:00,48.0,48.0,47.96,47.98,3600.0
2018-02-09 13:17:00,47.98,48.02,47.96,47.97,2600.0
2018-02-09 13:18:00,48.02,48.06,48.0,48.0,2600.0
2018-02-09 13:19:00,47.99,48.05,47.99,48.025,4400.0
2018-02-09 13:20:00,48.03,48.03,47.98,48.0,2474.0
2018-02-09 13:21:00,47.98,48.04,47.98,48.04,3103.0
2018-02-09 13:22:00,48.01,48.04,48.01,48.03,3309.0
2018-02-09 13:23:00,47.95,48.0,47.95,48.0,3600.0
2018-02-09 13:24:00,47.94,47.96,47.92,47.96,1800.0
2018-02-09 13:25:00,47.92,47.93,47.85,47.93,6227.0
2018-02-09 13:26:00,47.94,47.94,47.89,47.9,2000.0
2018-02-09 13:27:00,47.92,48.01,47.91,47.95,4924.0
2018-02-09 13:28:00,47.92,47.92,47.87,47.92,2483.0
2018-02-09 13:29:00,47.91,47.94,47.89,47.93,2150.0
2018-02-09 13:30:00,48.0,48.0,47.89,47.9,3595.0
2018-02-09 13:31:00,48.01,48.01,47.92,47.95,3800.0
2018-02-09 13:32:00,47.98,48.049,47.98,48.02,3608.0
2018-02-09 13:33:00,47.96,48.01,47.91,48.0,3593.0
2018-02-09 13:34:00,47.93,47.99,47.91,47.96,3271.0
2018-02-09 13:35:00,47.91,47.95,47.91,47.91,2600.0
2018-02-09 13:36:00,47.91,47.93,47.89,47.93,2902.0
2018-02-09 13:37:00,47.89,47.93,47.89,47.93,2000.0
2018-02-09 13:38:00,47.86,47.9,47.85,47.88,5516.0
2018-02-09 13:39:00,47.88,47.88,47.83,47.87,4399.0
2018-02-09 13:40:00,47.86,47.9,47.86,47.87,3255.0
2018-02-09 13:41:00,47.89,47.93,47.85,47.85,3800.0
2018-02-09 13:42:00,47.9201,47.9201,47.88,47.895,2671.0
2018-02-09 13:43:00,47.93,47.95,47.9,47.91,3555.0
2018-02-09 13:44:00,47.93,47.96,47.93,47.94,2949.0
2018-02-09 13:45:00,47.95,47.95,47.91,47.93,2294.0
2018-02-09 13:46:00,47.98,47.98,47.93,47.94,4198.0
2018-02-09 13:47:00,47.99,48.01,47.97,48.0,5436.0
2018-02-09 13:48:00,48.0,48.01,47.96,47.98,3531.0
2018-02-09 13:49:00,47.96,47.99,47.96,47.99,4300.0
2018-02-09 13:50:00,47.98,47.99,47.96,47.97,3900.0
2018-02-09 13:51:00,47.98,47.98,47.965,47.98,900.0
2018-02-09 13:52:00,47.985,48.01,47.95,47.99,18471.0
2018-02-09 13:53:00,47.97,48.01,47.96,47.99,12139.0
2018-02-09 13:54:00,48.0211,48.0211,47.95,47.96,13305.0
2018-02-09 13:55:00,48.03,48.06,48.02,48.03,6000.0
2018-02-09 13:56:00,48.09,48.12,48.04,48.04,5500.0
2018-02-09 13:57:00,48.14,48.17,48.09,48.1,13440.0
2018-02-09 13:58:00,48.13,48.16,48.11,48.15,5300.0
2018-02-09 13:59:00,48.11,48.13,48.07,48.13,15731.0
2018-02-09 14:00:00,47.98,48.09,47.98,48.09,5623.0
2018-02-09 14:01:00,48.01,48.03,47.98,48.0,5400.0
2018-02-09 14:02:00,48.025,48.06,48.013000000000005,48.02,5309.0
2018-02-09 14:03:00,48.12,48.14,47.97,48.0,7754.0
2018-02-09 14:04:00,48.25,48.26,48.12,48.14,8200.0
2018-02-09 14:05:00,48.14,48.23,48.13,48.23,6500.0
2018-02-09 14:06:00,48.12,48.18,48.12,48.13,4900.0
2018-02-09 14:07:00,48.17,48.2,48.1,48.12,8633.0
2018-02-09 14:08:00,48.2,48.23,48.12,48.1633,7627.0
2018-02-09 14:09:00,48.13,48.21,48.1,48.21,5411.0
2018-02-09 14:10:00,48.18,48.18,48.1,48.14,3319.0
2018-02-09 14:11:00,48.22,48.25,48.15,48.17,8200.0
2018-02-09 14:12:00,48.19,48.28,48.19,48.22,4800.0
2018-02-09 14:13:00,48.15,48.2,48.15,48.19,10211.0
2018-02-09 14:14:00,48.19,48.2,48.12,48.15,6646.0
2018-02-09 14:15:00,48.14,48.23,48.14,48.2,7225.0
2018-02-09 14:16:00,48.18,48.24,48.16,48.17,7540.0
2018-02-09 14:17:00,48.1975,48.21,48.11,48.17,3860.0
2018-02-09 14:18:00,48.25,48.28,48.22,48.22,3380.0
2018-02-09 14:19:00,48.29,48.29,48.24,48.24,3100.0
2018-02-09 14:20:00,48.28,48.31,48.24,48.29,6518.0
2018-02-09 14:21:00,48.24,48.28,48.24,48.28,700.0
2018-02-09 14:22:00,48.25,48.27,48.2,48.24,12783.0
2018-02-09 14:23:00,48.21,48.28,48.18,48.27,10538.0
2018-02-09 14:24:00,48.21,48.245,48.19,48.2,5100.0
2018-02-09 14:25:00,48.2801,48.32,48.21,48.22,5117.0
2018-02-09 14:26:00,48.31,48.34,48.27,48.28,8618.0
2018-02-09 14:27:00,48.29,48.335,48.28,48.31,5912.0
2018-02-09 14:28:00,48.23,48.28,48.21,48.28,4500.0
2018-02-09 14:29:00,48.22,48.26,48.21,48.24,9080.0
2018-02-09 14:30:00,48.22,48.25,48.195,48.2,8957.0
2018-02-09 14:31:00,48.18,48.25,48.16,48.22,4857.0
2018-02-09 14:32:00,48.2,48.23,48.17,48.17,8100.0
2018-02-09 14:33:00,48.19,48.22,48.19,48.21,3387.0
2018-02-09 14:34:00,48.12,48.2,48.12,48.2,5784.0
2018-02-09 14:35:00,48.11,48.13,48.1,48.12,5300.0
2018-02-09 14:36:00,48.06,48.13,48.06,48.1,5982.0
2018-02-09 14:37:00,48.14,48.16,48.08,48.08,4852.0
2018-02-09 14:38:00,48.15,48.19,48.13,48.14,6281.0
2018-02-09 14:39:00,48.18,48.18,48.12,48.16,7325.0
2018-02-09 14:40:00,48.21,48.21,48.13,48.17,6808.0
2018-02-09 14:41:00,48.155,48.24,48.13,48.21,8200.0
2018-02-09 14:42:00,48.18,48.21,48.16,48.16,5000.0
2018-02-09 14:43:00,48.15,48.21,48.15,48.2,2277.0
2018-02-09 14:44:00,48.14,48.185,48.14,48.1682,8296.0
2018-02-09 14:45:00,48.17,48.17,48.13,48.13,3300.0
2018-02-09 14:46:00,48.2,48.21,48.17,48.19,5696.0
2018-02-09 14:47:00,48.181000000000004,48.22,48.181000000000004,48.21,4604.0
2018-02-09 14:48:00,48.15,48.18,48.15,48.18,5000.0
2018-02-09 14:49:00,48.22,48.23,48.15,48.15,3942.0
2018-02-09 14:50:00,48.21,48.24,48.16,48.24,10700.0
2018-02-09 14:51:00,48.2,48.21,48.18,48.2,4618.0
2018-02-09 14:52:00,48.22,48.25,48.19,48.2002,11994.0
2018-02-09 14:53:00,48.2,48.225,48.16,48.21,5292.0
2018-02-09 14:54:00,48.21,48.25,48.21,48.22,5758.0
2018-02-09 14:55:00,48.175,48.21,48.17,48.2,4096.0
2018-02-09 14:56:00,48.06,48.175,48.06,48.17,8429.0
2018-02-09 14:57:00,48.1,48.11,48.06,48.07,3723.0
2018-02-09 14:58:00,48.1,48.16,48.1,48.1,8754.0
2018-02-09 14:59:00,48.08,48.12,48.07,48.09,7100.0
2018-02-09 15:00:00,48.1,48.11,48.06,48.08,5705.0
2018-02-09 15:01:00,48.1,48.1,48.06,48.09,4600.0
2018-02-09 15:02:00,48.065,48.13,48.06,48.105,6304.0
2018-02-09 15:03:00,48.08,48.08,48.04,48.05,7870.0
2018-02-09 15:04:00,48.06,48.11,48.06,48.08,10802.0
2018-02-09 15:05:00,48.06,48.07,48.04,48.06,7360.0
2018-02-09 15:06:00,48.04,48.09,48.04,48.06,6000.0
2018-02-09 15:07:00,48.01,48.06,48.01,48.03,6689.0
2018-02-09 15:08:00,48.03,48.06,47.99,48.02,8911.0
2018-02-09 15:09:00,47.97,48.03,47.97,48.03,7032.0
2018-02-09 15:10:00,47.98,48.0,47.95,47.97,25957.0
2018-02-09 15:11:00,47.98,47.98,47.95,47.97,7814.0
2018-02-09 15:12:00,47.96,48.0,47.95,47.98,10025.0
2018-02-09 15:13:00,48.03,48.03,47.95,47.96,8800.0
2018-02-09 15:14:00,48.03,48.04,47.98,48.04,7075.0
2018-02-09 15:15:00,48.11,48.11,48.01,48.03,8439.0
2018-02-09 15:16:00,48.11,48.15,48.06,48.11,13489.0
2018-02-09 15:17:00,48.12,48.12,48.0601,48.11,4940.0
2018-02-09 15:18:00,48.23,48.23,48.12,48.135,14313.0
2018-02-09 15:19:00,48.21,48.21,48.15,48.21,11218.0
2018-02-09 15:20:00,48.18,48.22,48.16,48.22,6210.0
2018-02-09 15:21:00,48.28,48.29,48.215,48.22,7780.0
2018-02-09 15:22:00,48.245,48.29,48.24,48.29,6288.0
2018-02-09 15:23:00,48.28,48.29,48.248000000000005,48.25,8067.0
2018-02-09 15:24:00,48.28,48.29,48.25,48.26,3783.0
2018-02-09 15:25:00,48.25,48.31,48.24,48.29,8549.0
2018-02-09 15:26:00,48.2,48.25,48.2,48.25,5438.0
2018-02-09 15:27:00,48.25,48.26,48.195,48.2,9314.0
2018-02-09 15:28:00,48.31,48.31,48.25,48.26,8351.0
2018-02-09 15:29:00,48.39,48.4,48.3,48.31,10522.0
2018-02-09 15:30:00,48.32,48.38,48.3,48.37,12738.0
2018-02-09 15:31:00,48.35,48.39,48.29,48.34,13117.0
2018-02-09 15:32:00,48.37,48.42,48.3,48.34,14897.0
2018-02-09 15:33:00,48.39,48.42,48.34,48.36,10200.0
2018-02-09 15:34:00,48.47,48.47,48.39,48.42,11658.0
2018-02-09 15:35:00,48.45,48.49,48.43,48.48,7841.0
2018-02-09 15:36:00,48.46,48.49,48.44,48.46,9200.0
2018-02-09 15:37:00,48.35,48.46,48.35,48.45,16194.0
2018-02-09 15:38:00,48.48,48.48,48.37,48.37,10374.0
2018-02-09 15:39:00,48.46,48.51,48.45,48.47,13964.0
2018-02-09 15:40:00,48.46,48.51,48.42,48.46,13977.0
2018-02-09 15:41:00,48.52,48.53,48.45,48.47,11748.0
2018-02-09 15:42:00,48.6,48.615,48.54,48.54,12899.0
2018-02-09 15:43:00,48.585,48.61,48.58,48.6,12509.0
2018-02-09 15:44:00,48.595,48.6,48.56,48.59,28845.0
2018-02-09 15:45:00,48.65,48.67,48.58,48.6,47046.0
2018-02-09 15:46:00,48.74,48.74,48.64,48.641000000000005,41423.0
2018-02-09 15:47:00,48.76,48.78,48.69,48.73,36102.0
2018-02-09 15:48:00,48.74,48.79,48.7,48.765,28236.0
2018-02-09 15:49:00,48.835,48.84,48.76,48.76,24872.0
2018-02-09 15:50:00,48.73,48.835,48.67,48.83,42610.0
2018-02-09 15:51:00,48.73,48.78,48.69,48.755,41793.0
2018-02-09 15:52:00,48.82,48.84,48.73,48.75,45149.0
2018-02-09 15:53:00,48.735,48.815,48.72,48.815,29329.0
2018-02-09 15:54:00,48.75,48.79,48.71,48.73,23371.0
2018-02-09 15:55:00,48.73,48.76,48.71,48.74,29728.0
2018-02-09 15:56:00,48.72,48.74,48.65,48.72,45459.0
2018-02-09 15:57:00,48.66,48.73,48.65,48.73,36602.0
2018-02-09 15:58:00,48.58,48.67,48.54,48.65,42103.0
2018-02-09 15:59:00,48.51,48.57,48.5,48.57,50933.0
2018-02-09 16:00:00,48.57,48.57,48.49,48.51,81808.0
2018-02-12 09:30:00,48.68,48.68,48.68,48.68,18880.0
2018-02-12 09:31:00,48.71,48.73,48.64,48.69,4110.0
2018-02-12 09:32:00,48.85,48.86,48.73,48.73,1700.0
2018-02-12 09:33:00,48.895,48.91,48.84,48.84,2600.0
2018-02-12 09:34:00,48.94,48.95,48.87,48.87,5073.0
2018-02-12 09:35:00,49.14,49.16,48.96,48.96,76215.0
2018-02-12 09:36:00,49.07,49.25,49.02,49.12,14007.0
2018-02-12 09:37:00,48.96,49.13,48.96,49.13,3901.0
2018-02-12 09:38:00,49.16,49.16,48.98,48.98,12379.0
2018-02-12 09:39:00,49.02,49.12,48.99,49.12,11300.0
2018-02-12 09:40:00,49.1,49.16,49.01,49.03,23049.0
2018-02-12 09:41:00,49.125,49.19,49.09,49.09,24630.0
2018-02-12 09:42:00,49.14,49.24,49.1,49.1,7366.0
2018-02-12 09:43:00,49.01,49.1,49.0,49.1,6750.0
2018-02-12 09:44:00,48.95,49.01,48.84,49.01,10647.0
2018-02-12 09:45:00,48.97,48.97,48.92,48.93,5027.0
2018-02-12 09:46:00,49.02,49.1,48.97,48.97,16734.0
2018-02-12 09:47:00,49.095,49.095,49.01,49.01,4000.0
2018-02-12 09:48:00,49.04,49.11,49.03,49.11,5700.0
2018-02-12 09:49:00,49.13,49.13,49.05,49.05,9499.0
2018-02-12 09:50:00,49.09,49.14,49.09,49.11,6720.0
2018-02-12 09:51:00,49.2,49.2,49.06,49.095,11241.0
2018-02-12 09:52:00,49.195,49.23,49.14,49.2,5400.0
2018-02-12 09:53:00,49.18,49.21,49.15,49.2,3600.0
2018-02-12 09:54:00,49.23,49.23,49.19,49.19,3070.0
2018-02-12 09:55:00,49.26,49.27,49.21,49.23,8527.0
2018-02-12 09:56:00,49.25,49.25,49.2,49.25,6237.0
2018-02-12 09:57:00,49.245,49.29,49.23,49.23,7954.0
2018-02-12 09:58:00,49.14,49.27,49.14,49.25,9085.0
2018-02-12 09:59:00,49.13,49.15,49.12,49.14,3500.0
2018-02-12 10:00:00,49.02,49.12,49.02,49.12,4936.0
2018-02-12 10:01:00,49.05,49.09,49.05,49.05,3803.0
2018-02-12 10:02:00,49.08,49.08,49.04,49.05,3300.0
2018-02-12 10:03:00,49.09,49.1,49.06,49.07,4803.0
2018-02-12 10:04:00,49.05,49.11,49.03,49.1,4544.0
2018-02-12 10:05:00,49.055,49.07,49.04,49.06,2400.0
2018-02-12 10:06:00,49.08,49.1,49.05,49.06,11860.0
2018-02-12 10:07:00,49.1193,49.1193,49.03,49.08,25410.0
2018-02-12 10:08:00,49.07,49.13,49.07,49.115,4477.0
2018-02-12 10:09:00,49.04,49.08,49.04,49.06,4600.0
2018-02-12 10:10:00,49.01,49.06,49.01,49.06,6800.0
2018-02-12 10:11:00,48.9,49.01,48.9,49.01,4962.0
2018-02-12 10:12:00,48.87,48.93,48.87,48.915,3100.0
2018-02-12 10:13:00,48.86,48.89,48.86,48.87,2400.0
2018-02-12 10:14:00,48.77,48.87,48.76,48.87,5409.0
2018-02-12 10:15:00,48.75,48.8,48.7,48.79,6320.0
2018-02-12 10:16:00,48.66,48.74,48.64,48.74,4523.0
2018-02-12 10:17:00,48.62,48.67,48.6,48.67,5480.0
2018-02-12 10:18:00,48.63,48.63,48.61,48.62,3800.0
2018-02-12 10:19:00,48.66,48.67,48.635,48.64,8291.0
2018-02-12 10:20:00,48.62,48.665,48.6,48.665,5268.0
2018-02-12 10:21:00,48.56,48.62,48.56,48.62,8100.0
2018-02-12 10:22:00,48.49,48.56,48.46,48.55,22227.0
2018-02-12 10:23:00,48.51,48.54,48.48,48.48,11542.0
2018-02-12 10:24:00,48.48,48.53,48.46,48.52,2901.0
2018-02-12 10:25:00,48.5,48.53,48.48,48.48,5053.0
2018-02-12 10:26:00,48.48,48.52,48.39,48.48,8070.0
2018-02-12 10:27:00,48.45,48.5,48.45,48.49,1800.0
2018-02-12 10:28:00,48.53,48.53,48.46,48.47,2256.0
2018-02-12 10:29:00,48.57,48.57,48.52,48.52,3500.0
2018-02-12 10:30:00,48.57,48.62,48.54,48.56,9320.0
2018-02-12 10:31:00,48.52,48.57,48.52,48.57,8679.0
2018-02-12 10:32:00,48.53,48.53,48.49,48.53,5220.0
2018-02-12 10:33:00,48.52,48.53,48.51,48.53,4159.0
2018-02-12 10:34:00,48.51,48.53,48.5,48.51,3100.0
2018-02-12 10:35:00,48.57,48.57,48.53,48.53,6947.0
2018-02-12 10:36:00,48.56,48.57,48.55,48.55,3600.0
2018-02-12 10:37:00,48.57,48.59,48.56,48.56,3377.0
2018-02-12 10:38:00,48.59,48.59,48.56,48.57,3508.0
2018-02-12 10:39:00,48.53,48.59,48.53,48.59,3520.0
2018-02-12 10:40:00,48.44,48.52,48.44,48.52,4100.0
2018-02-12 10:41:00,48.4,48.47,48.4,48.46,3600.0
2018-02-12 10:42:00,48.34,48.43,48.33,48.39,4853.0
2018-02-12 10:43:00,48.36,48.38,48.36,48.36,4400.0
2018-02-12 10:44:00,48.34,48.39,48.32,48.37,4600.0
2018-02-12 10:45:00,48.32,48.35,48.27,48.35,3400.0
2018-02-12 10:46:00,48.32,48.32,48.22,48.31,11094.0
2018-02-12 10:47:00,48.34,48.34,48.32,48.32,2000.0
2018-02-12 10:48:00,48.29,48.34,48.29,48.33,3340.0
2018-02-12 10:49:00,48.31,48.32,48.3,48.3,4595.0
2018-02-12 10:50:00,48.29,48.31,48.24,48.3,5762.0
2018-02-12 10:51:00,48.25,48.31,48.24,48.29,5830.0
2018-02-12 10:52:00,48.21,48.27,48.18,48.26,7993.0
2018-02-12 10:53:00,48.23,48.24,48.2,48.215,4440.0
2018-02-12 10:54:00,48.21,48.21,48.2,48.21,2700.0
2018-02-12 10:55:00,48.23,48.23,48.19,48.21,4600.0
2018-02-12 10:56:00,48.22,48.25,48.22,48.24,3400.0
2018-02-12 10:57:00,48.16,48.21,48.16,48.21,3006.0
2018-02-12 10:58:00,48.17,48.17,48.16,48.16,2462.0
2018-02-12 10:59:00,48.2,48.21,48.17,48.17,2840.0
2018-02-12 11:00:00,48.25,48.25,48.2,48.22,2900.0
2018-02-12 11:01:00,48.27,48.29,48.25,48.25,5409.0
2018-02-12 11:02:00,48.23,48.26,48.23,48.24,3000.0
2018-02-12 11:03:00,48.22,48.22,48.21,48.22,2519.0
2018-02-12 11:04:00,48.24,48.25,48.2,48.22,5900.0
2018-02-12 11:05:00,48.27,48.28,48.24,48.25,4240.0
2018-02-12 11:06:00,48.33,48.34,48.28,48.28,2542.0
2018-02-12 11:07:00,48.31,48.33,48.29,48.33,2303.0
2018-02-12 11:08:00,48.32,48.34,48.29,48.31,3620.0
2018-02-12 11:09:00,48.34,48.34,48.33,48.33,2260.0
2018-02-12 11:10:00,48.35,48.37,48.34,48.34,3482.0
2018-02-12 11:11:00,48.39,48.39,48.3468,48.3468,3400.0
2018-02-12 11:12:00,48.37,48.38,48.36,48.38,2340.0
2018-02-12 11:13:00,48.46,48.46,48.39,48.39,2901.0
2018-02-12 11:14:00,48.46,48.47,48.45,48.46,3200.0
2018-02-12 11:15:00,48.445,48.48,48.4201,48.47,6055.0
2018-02-12 11:16:00,48.42,48.43,48.41,48.43,4835.0
2018-02-12 11:17:00,48.38,48.44,48.38,48.41,2749.0
2018-02-12 11:18:00,48.405,48.405,48.38,48.38,2300.0
2018-02-12 11:19:00,48.43,48.46,48.41,48.41,5740.0
2018-02-12 11:20:00,48.47,48.495,48.41,48.445,5502.0
2018-02-12 11:21:00,48.44,48.47,48.44,48.47,1400.0
2018-02-12 11:22:00,48.42,48.45,48.42,48.44,2400.0
2018-02-12 11:23:00,48.425,48.44,48.42,48.43,2500.0
2018-02-12 11:24:00,48.46,48.46,48.42,48.42,2857.0
2018-02-12 11:25:00,48.48,48.48,48.46,48.47,2625.0
2018-02-12 11:26:00,48.47,48.48,48.47,48.47,2637.0
2018-02-12 11:27:00,48.5,48.5,48.46,48.47,2357.0
2018-02-12 11:28:00,48.51,48.53,48.4998,48.4998,3790.0
2018-02-12 11:29:00,48.53,48.53,48.52,48.52,1719.0
2018-02-12 11:30:00,48.54,48.555,48.54,48.54,4524.0
2018-02-12 11:31:00,48.52,48.545,48.52,48.54,3206.0
2018-02-12 11:32:00,48.47,48.52,48.47,48.52,3321.0
2018-02-12 11:33:00,48.45,48.46,48.44,48.46,1700.0
2018-02-12 11:34:00,48.47,48.49,48.46,48.46,1218.0
2018-02-12 11:35:00,48.5,48.5,48.47,48.47,2748.0
2018-02-12 11:36:00,48.51,48.51,48.48,48.49,2859.0
2018-02-12 11:37:00,48.49,48.5,48.485,48.49,1900.0
2018-02-12 11:38:00,48.5,48.5,48.49,48.49,2031.0
2018-02-12 11:39:00,48.49,48.51,48.49,48.5,3068.0
2018-02-12 11:40:00,48.495,48.495,48.48,48.49,1300.0
2018-02-12 11:41:00,48.48,48.5,48.48,48.495,2500.0
2018-02-12 11:42:00,48.46,48.5,48.46,48.47,2400.0
2018-02-12 11:43:00,48.45,48.46,48.44,48.46,1600.0
2018-02-12 11:44:00,48.43,48.46,48.43,48.45,2210.0
2018-02-12 11:45:00,48.41,48.43,48.41,48.42,1500.0
2018-02-12 11:46:00,48.42,48.44,48.41,48.41,4000.0
2018-02-12 11:47:00,48.47,48.47,48.44,48.44,1500.0
2018-02-12 11:48:00,48.47,48.48,48.47,48.47,520.0
2018-02-12 11:49:00,48.465,48.475,48.46,48.47,2700.0
2018-02-12 11:50:00,48.51,48.51,48.46,48.47,2600.0
2018-02-12 11:51:00,48.5,48.51,48.5,48.51,1800.0
2018-02-12 11:52:00,48.5,48.52,48.49,48.5,4110.0
2018-02-12 11:53:00,48.5,48.5107,48.5,48.5107,1484.0
2018-02-12 11:54:00,48.55,48.56,48.52,48.52,5300.0
2018-02-12 11:55:00,48.57,48.57,48.53,48.54,1800.0
2018-02-12 11:56:00,48.56,48.58,48.54,48.58,2908.0
2018-02-12 11:57:00,48.605,48.605,48.56,48.56,2100.0
2018-02-12 11:58:00,48.63,48.63,48.59,48.59,7061.0
2018-02-12 11:59:00,48.6278,48.6302,48.61,48.61,737.0
2018-02-12 12:00:00,48.66,48.66,48.64,48.64,5018.0
2018-02-12 12:01:00,48.648,48.67,48.64,48.65,2198.0
2018-02-12 12:02:00,48.66,48.66,48.64,48.66,1804.0
2018-02-12 12:03:00,48.6838,48.6838,48.65,48.65,2601.0
2018-02-12 12:04:00,48.7,48.7,48.67,48.68,3000.0
2018-02-12 12:05:00,48.73,48.73,48.7,48.7,1000.0
2018-02-12 12:06:00,48.73,48.73,48.7201,48.73,2554.0
2018-02-12 12:07:00,48.73,48.75,48.73,48.74,1900.0
2018-02-12 12:08:00,48.76,48.77,48.72,48.725,3203.0
2018-02-12 12:09:00,48.78,48.78,48.755,48.755,1886.0
2018-02-12 12:10:00,48.79,48.79,48.75,48.77,3494.0
2018-02-12 12:11:00,48.81,48.81,48.79,48.79,2392.0
2018-02-12 12:12:00,48.832,48.832,48.82,48.82,5300.0
2018-02-12 12:13:00,48.81,48.82,48.81,48.82,1100.0
2018-02-12 12:14:00,48.82,48.8269,48.8131,48.8131,561.0
2018-02-12 12:15:00,48.86,48.86,48.82,48.82,3631.0
2018-02-12 12:16:00,48.89,48.89,48.85,48.86,3560.0
2018-02-12 12:17:00,48.91,48.91,48.87,48.89,3879.0
2018-02-12 12:18:00,48.9,48.91,48.89,48.91,1900.0
2018-02-12 12:19:00,48.89,48.89,48.89,48.89,200.0
2018-02-12 12:20:00,48.91,48.91,48.89,48.9,4749.0
2018-02-12 12:21:00,48.93,48.94,48.92,48.92,3559.0
2018-02-12 12:22:00,48.9,48.93,48.9,48.93,2981.0
2018-02-12 12:23:00,48.83,48.9,48.83,48.9,2600.0
2018-02-12 12:24:00,48.86,48.86,48.83,48.83,2780.0
2018-02-12 12:25:00,48.89,48.89,48.87,48.87,1755.0
2018-02-12 12:26:00,48.88,48.9,48.87,48.9,2100.0
2018-02-12 12:27:00,48.8851,48.89,48.87,48.88,1000.0
2018-02-12 12:28:00,48.89,48.89,48.88,48.88,700.0
2018-02-12 12:29:00,48.88,48.88,48.88,48.88,300.0
2018-02-12 12:30:00,48.85,48.88,48.85,48.88,2882.0
2018-02-12 12:31:00,48.79,48.85,48.79,48.85,5670.0
2018-02-12 12:32:00,48.81,48.82,48.79,48.8,3300.0
2018-02-12 12:33:00,48.79,48.8,48.79,48.8,2499.0
2018-02-12 12:34:00,48.8,48.82,48.79,48.79,1425.0
2018-02-12 12:35:00,48.8,48.81,48.795,48.8,1637.0
2018-02-12 12:36:00,48.78,48.78,48.77,48.78,1341.0
2018-02-12 12:37:00,48.78,48.79,48.78,48.78,1701.0
2018-02-12 12:38:00,48.775,48.78,48.77,48.78,2204.0
2018-02-12 12:39:00,48.78,48.78,48.77,48.77,2115.0
2018-02-12 12:40:00,48.8,48.8,48.79,48.79,1000.0
2018-02-12 12:41:00,48.77,48.8,48.77,48.8,2329.0
2018-02-12 12:42:00,48.79,48.79,48.76,48.76,1800.0
2018-02-12 12:43:00,48.79,48.805,48.79,48.8,2304.0
2018-02-12 12:44:00,48.78,48.785,48.78,48.78,600.0
2018-02-12 12:45:00,48.77,48.78,48.77,48.78,1500.0
2018-02-12 12:46:00,48.78,48.79,48.78,48.78,4695.0
2018-02-12 12:47:00,48.78,48.78,48.78,48.78,100.0
2018-02-12 12:48:00,48.73,48.78,48.73,48.78,3318.0
2018-02-12 12:49:00,48.715,48.725,48.71,48.725,1000.0
2018-02-12 12:50:00,48.71,48.71,48.7,48.71,700.0
2018-02-12 12:51:00,48.725,48.73,48.72,48.72,1200.0
2018-02-12 12:52:00,48.72,48.72,48.72,48.72,1075.0
2018-02-12 12:53:00,48.73,48.73,48.71,48.71,2648.0
2018-02-12 12:55:00,48.735,48.735,48.73,48.73,791.0
2018-02-12 12:56:00,48.74,48.75,48.73,48.73,4601.0
2018-02-12 12:57:00,48.76,48.765,48.75,48.75,1400.0
2018-02-12 12:58:00,48.75,48.76,48.75,48.76,1438.0
2018-02-12 12:59:00,48.76,48.76,48.75,48.76,400.0
2018-02-12 13:00:00,48.76,48.76,48.75,48.75,1500.0
2018-02-12 13:01:00,48.8,48.8,48.77,48.77,2600.0
2018-02-12 13:02:00,48.8,48.81,48.79,48.8,2445.0
2018-02-12 13:03:00,48.81,48.81,48.79,48.8,2157.0
2018-02-12 13:04:00,48.82,48.82,48.81,48.82,300.0
2018-02-12 13:05:00,48.81,48.81,48.81,48.81,200.0
2018-02-12 13:06:00,48.77,48.81,48.77,48.81,2002.0
2018-02-12 13:07:00,48.75,48.76,48.75,48.76,1300.0
2018-02-12 13:08:00,48.73,48.745,48.73,48.74,2489.0
2018-02-12 13:09:00,48.73,48.73,48.73,48.73,400.0
2018-02-12 13:10:00,48.72,48.74,48.71,48.73,4500.0
2018-02-12 13:11:00,48.73,48.74,48.73,48.74,1750.0
2018-02-12 13:12:00,48.73,48.75,48.73,48.73,3855.0
2018-02-12 13:13:00,48.75,48.75,48.72,48.72,500.0
2018-02-12 13:14:00,48.76,48.76,48.74,48.75,3298.0
2018-02-12 13:15:00,48.77,48.78,48.768,48.77,2376.0
2018-02-12 13:16:00,48.77,48.77,48.77,48.77,500.0
2018-02-12 13:17:00,48.74,48.76,48.73,48.76,2537.0
2018-02-12 13:18:00,48.76,48.76,48.73,48.74,1446.0
2018-02-12 13:19:00,48.77,48.77,48.77,48.77,454.0
2018-02-12 13:20:00,48.74,48.76,48.74,48.76,3200.0
2018-02-12 13:21:00,48.72,48.73,48.71,48.73,2501.0
2018-02-12 13:22:00,48.71,48.73,48.71,48.71,1700.0
2018-02-12 13:23:00,48.7,48.715,48.67,48.715,4000.0
2018-02-12 13:24:00,48.69,48.71,48.69,48.69,2600.0
2018-02-12 13:25:00,48.69,48.69,48.69,48.69,720.0
2018-02-12 13:26:00,48.66,48.675,48.66,48.67,1503.0
2018-02-12 13:27:00,48.65,48.6501,48.65,48.6501,478.0
2018-02-12 13:28:00,48.67,48.67,48.66,48.66,1494.0
2018-02-12 13:29:00,48.68,48.68,48.66,48.66,3000.0
2018-02-12 13:30:00,48.66,48.675,48.65,48.67,3100.0
2018-02-12 13:31:00,48.64,48.66,48.64,48.66,2098.0
2018-02-12 13:32:00,48.61,48.63,48.61,48.63,1520.0
2018-02-12 13:33:00,48.57,48.59,48.56,48.59,1500.0
2018-02-12 13:34:00,48.56,48.59,48.54,48.58,3837.0
2018-02-12 13:35:00,48.56,48.56,48.55,48.555,1540.0
2018-02-12 13:36:00,48.55,48.56,48.55,48.55,1421.0
2018-02-12 13:37:00,48.5,48.54,48.5,48.54,600.0
2018-02-12 13:38:00,48.43,48.49,48.43,48.49,4500.0
2018-02-12 13:39:00,48.445,48.45,48.42,48.42,3000.0
2018-02-12 13:40:00,48.445,48.45,48.445,48.45,1200.0
2018-02-12 13:41:00,48.47,48.47,48.45,48.45,2855.0
2018-02-12 13:42:00,48.46,48.47,48.46,48.47,1022.0
2018-02-12 13:43:00,48.47,48.49,48.46,48.46,2142.0
2018-02-12 13:44:00,48.47,48.48,48.46,48.475,2265.0
2018-02-12 13:45:00,48.51,48.52,48.48,48.48,2559.0
2018-02-12 13:46:00,48.47,48.51,48.47,48.51,1200.0
2018-02-12 13:47:00,48.5,48.5,48.48,48.48,1400.0
2018-02-12 13:48:00,48.51,48.51,48.5,48.5,771.0
2018-02-12 13:49:00,48.51,48.51,48.51,48.51,800.0
2018-02-12 13:50:00,48.5,48.53,48.495,48.51,2100.0
2018-02-12 13:51:00,48.5,48.52,48.5,48.51,5121.0
2018-02-12 13:52:00,48.53,48.53,48.51,48.51,2800.0
2018-02-12 13:53:00,48.53,48.53,48.51,48.52,800.0
2018-02-12 13:54:00,48.57,48.57,48.54,48.55,1700.0
2018-02-12 13:55:00,48.57,48.57,48.56,48.56,2229.0
2018-02-12 13:56:00,48.545,48.57,48.545,48.57,1600.0
2018-02-12 13:57:00,48.57,48.58,48.55,48.55,2300.0
2018-02-12 13:58:00,48.61,48.61,48.575,48.575,1466.0
2018-02-12 13:59:00,48.595,48.622,48.595,48.62,1898.0
2018-02-12 14:00:00,48.555,48.59,48.55,48.59,2040.0
2018-02-12 14:01:00,48.54,48.56,48.53,48.555,2029.0
2018-02-12 14:02:00,48.55,48.55,48.5293,48.5426,2794.0
2018-02-12 14:03:00,48.49,48.55,48.49,48.55,2616.0
2018-02-12 14:04:00,48.53,48.53,48.5,48.51,2212.0
2018-02-12 14:05:00,48.5193,48.52,48.49,48.52,2100.0
2018-02-12 14:06:00,48.51,48.51,48.5,48.51,1700.0
2018-02-12 14:07:00,48.53,48.53,48.52,48.52,2720.0
2018-02-12 14:08:00,48.48,48.54,48.47,48.54,2288.0
2018-02-12 14:09:00,48.48,48.485,48.47,48.485,1100.0
2018-02-12 14:10:00,48.5,48.51,48.48,48.48,2999.0
2018-02-12 14:11:00,48.52,48.52,48.51,48.51,500.0
2018-02-12 14:12:00,48.5,48.53,48.5,48.52,1830.0
2018-02-12 14:13:00,48.52,48.52,48.49,48.4961,3405.0
2018-02-12 14:14:00,48.51,48.53,48.51,48.525,1800.0
2018-02-12 14:15:00,48.5,48.5,48.48,48.5,3100.0
2018-02-12 14:16:00,48.49,48.49,48.49,48.49,500.0
2018-02-12 14:17:00,48.45,48.48,48.45,48.48,1000.0
2018-02-12 14:18:00,48.46,48.46,48.43,48.45,3514.0
2018-02-12 14:19:00,48.46,48.47,48.46,48.47,2000.0
2018-02-12 14:20:00,48.46,48.46,48.455,48.455,1013.0
2018-02-12 14:21:00,48.46,48.47,48.44,48.465,2900.0
2018-02-12 14:22:00,48.48,48.48,48.45,48.46,2100.0
2018-02-12 14:23:00,48.46,48.48,48.46,48.46,2298.0
2018-02-12 14:24:00,48.46,48.47,48.45,48.46,1600.0
2018-02-12 14:25:00,48.43,48.45,48.43,48.45,1200.0
2018-02-12 14:26:00,48.42,48.43,48.4,48.42,2854.0
2018-02-12 14:27:00,48.42,48.42,48.41,48.41,1100.0
2018-02-12 14:28:00,48.43,48.44,48.43,48.43,1193.0
2018-02-12 14:29:00,48.47,48.47,48.42,48.43,5041.0
2018-02-12 14:30:00,48.52,48.52,48.47,48.48,8600.0
2018-02-12 14:31:00,48.54,48.54,48.52,48.52,5200.0
2018-02-12 14:32:00,48.56,48.56,48.55,48.55,300.0
2018-02-12 14:33:00,48.62,48.62,48.56,48.56100000000001,2988.0
2018-02-12 14:34:00,48.635,48.635,48.61,48.61,3101.0
2018-02-12 14:35:00,48.62,48.65,48.62,48.64,5125.0
2018-02-12 14:36:00,48.64,48.64,48.615,48.615,1500.0
2018-02-12 14:37:00,48.7,48.7,48.65,48.65,2108.0
2018-02-12 14:38:00,48.71,48.72,48.69,48.7,5475.0
2018-02-12 14:39:00,48.7,48.72,48.68,48.72,1700.0
2018-02-12 14:40:00,48.7,48.7,48.7,48.7,500.0
2018-02-12 14:41:00,48.7,48.71,48.69,48.71,880.0
2018-02-12 14:42:00,48.71,48.73,48.71,48.71,5898.0
2018-02-12 14:43:00,48.74,48.74,48.72,48.72,1900.0
2018-02-12 14:44:00,48.71,48.75,48.71,48.75,2100.0
2018-02-12 14:45:00,48.64,48.7,48.64,48.7,2232.0
2018-02-12 14:46:00,48.72,48.72,48.63,48.64,9171.0
2018-02-12 14:47:00,48.77,48.79,48.71,48.72,21406.0
2018-02-12 14:48:00,48.76,48.79,48.75,48.78,2100.0
2018-02-12 14:49:00,48.75,48.755,48.73,48.75,4064.0
2018-02-12 14:50:00,48.75,48.76,48.74,48.76,2900.0
2018-02-12 14:51:00,48.7,48.75,48.7,48.75,4391.0
2018-02-12 14:52:00,48.74,48.74,48.71,48.71,2400.0
2018-02-12 14:53:00,48.76,48.76,48.7486,48.7486,2581.0
2018-02-12 14:54:00,48.75,48.76,48.735,48.76,4777.0
2018-02-12 14:55:00,48.78,48.78,48.7599,48.7599,8270.0
2018-02-12 14:56:00,48.77,48.8,48.76,48.77,6475.0
2018-02-12 14:57:00,48.76,48.77,48.75,48.7651,2291.0
2018-02-12 14:58:00,48.755,48.76,48.74,48.75,1500.0
2018-02-12 14:59:00,48.73,48.77,48.72,48.77,3234.0
2018-02-12 15:00:00,48.7,48.72,48.69,48.72,3400.0
2018-02-12 15:01:00,48.68,48.69,48.68,48.69,400.0
2018-02-12 15:02:00,48.7,48.7,48.68,48.69,4629.0
2018-02-12 15:03:00,48.68,48.71,48.675,48.71,3501.0
2018-02-12 15:04:00,48.67,48.68,48.67,48.68,2200.0
2018-02-12 15:05:00,48.69,48.6925,48.67,48.67,4562.0
2018-02-12 15:06:00,48.7099,48.71,48.69,48.69,3790.0
2018-02-12 15:07:00,48.72,48.72,48.7,48.7,1745.0
2018-02-12 15:08:00,48.715,48.715,48.7,48.71,3729.0
2018-02-12 15:09:00,48.73,48.73,48.71,48.71,1648.0
2018-02-12 15:10:00,48.72,48.73,48.72,48.73,2200.0
2018-02-12 15:11:00,48.71,48.72,48.695,48.72,4800.0
2018-02-12 15:12:00,48.72,48.72,48.71,48.715,1800.0
2018-02-12 15:13:00,48.765,48.77,48.73,48.73,5975.0
2018-02-12 15:14:00,48.79,48.79,48.76,48.77,6300.0
2018-02-12 15:15:00,48.81,48.81,48.7915,48.795,2400.0
2018-02-12 15:16:00,48.78,48.82,48.78,48.82,3583.0
2018-02-12 15:17:00,48.77,48.785,48.77,48.785,1000.0
2018-02-12 15:18:00,48.79,48.79,48.77,48.77,3600.0
2018-02-12 15:19:00,48.77,48.795,48.77,48.79,5900.0
2018-02-12 15:20:00,48.765,48.77,48.75,48.76,3561.0
2018-02-12 15:21:00,48.755,48.785,48.75,48.77,4834.0
2018-02-12 15:22:00,48.76,48.76,48.75,48.755,2100.0
2018-02-12 15:23:00,48.7573,48.77,48.7573,48.77,3379.0
2018-02-12 15:24:00,48.77,48.77,48.75,48.76,3523.0
2018-02-12 15:25:00,48.765,48.775,48.765,48.775,1757.0
2018-02-12 15:26:00,48.75,48.76,48.74,48.76,4331.0
2018-02-12 15:27:00,48.72,48.74,48.72,48.73,1300.0
2018-02-12 15:28:00,48.71,48.725,48.71,48.72,1800.0
2018-02-12 15:29:00,48.71,48.71,48.69,48.71,3200.0
2018-02-12 15:30:00,48.72,48.73,48.71,48.71,2799.0
2018-02-12 15:31:00,48.755,48.766000000000005,48.725,48.73,5300.0
2018-02-12 15:32:00,48.73,48.755,48.72,48.75,6988.0
2018-02-12 15:33:00,48.71,48.74,48.71,48.73,4136.0
2018-02-12 15:34:00,48.71,48.71,48.7,48.705,5997.0
2018-02-12 15:35:00,48.745,48.745,48.718999999999994,48.718999999999994,5050.0
2018-02-12 15:36:00,48.72,48.75,48.72,48.75,5400.0
2018-02-12 15:37:00,48.66,48.71,48.66,48.71,5814.0
2018-02-12 15:38:00,48.65,48.67,48.65,48.65,5090.0
2018-02-12 15:39:00,48.59,48.65,48.59,48.65,6001.0
2018-02-12 15:40:00,48.63,48.6309,48.59,48.59,7374.0
2018-02-12 15:41:00,48.665,48.685,48.62,48.62,9035.0
2018-02-12 15:42:00,48.62,48.66,48.62,48.66,3085.0
2018-02-12 15:43:00,48.63,48.66,48.63,48.63,4600.0
2018-02-12 15:44:00,48.66,48.66,48.6,48.63,9390.0
2018-02-12 15:45:00,48.66,48.67,48.63,48.66,8401.0
2018-02-12 15:46:00,48.54,48.64,48.53,48.64,9014.0
2018-02-12 15:47:00,48.5,48.55,48.46,48.54,13902.0
2018-02-12 15:48:00,48.59,48.598,48.5,48.5,6580.0
2018-02-12 15:49:00,48.56,48.59,48.56,48.59,5585.0
2018-02-12 15:50:00,48.55,48.57,48.54,48.56,9807.0
2018-02-12 15:51:00,48.62,48.62,48.55,48.55,10264.0
2018-02-12 15:52:00,48.64,48.67,48.63,48.64,11560.0
2018-02-12 15:53:00,48.69,48.7,48.64,48.64,11518.0
2018-02-12 15:54:00,48.7,48.72,48.68,48.68,9760.0
2018-02-12 15:55:00,48.67,48.69,48.67,48.69,8644.0
2018-02-12 15:56:00,48.7,48.7,48.66,48.67,13488.0
2018-02-12 15:57:00,48.69,48.69,48.67,48.69,16728.0
2018-02-12 15:58:00,48.68,48.71,48.68,48.7,18102.0
2018-02-12 15:59:00,48.63,48.69,48.63,48.685,13865.0
2018-02-12 16:00:00,48.64,48.67,48.61,48.63,36121.0
2018-02-13 09:30:00,48.5,48.5,48.5,48.5,10064.0
2018-02-13 09:32:00,48.56,48.63,48.47,48.47,3600.0
2018-02-13 09:33:00,48.59,48.59,48.59,48.59,400.0
2018-02-13 09:34:00,48.65,48.65,48.58,48.58,650.0
2018-02-13 09:35:00,48.52,48.61,48.4925,48.61,2000.0
2018-02-13 09:36:00,48.56,48.6,48.49,48.59,3534.0
2018-02-13 09:37:00,48.56,48.59,48.52,48.53,1800.0
2018-02-13 09:38:00,48.6,48.61,48.52,48.55,3200.0
2018-02-13 09:39:00,48.62,48.64,48.565,48.61,4200.0
2018-02-13 09:40:00,48.635,48.66,48.54,48.6,4500.0
2018-02-13 09:41:00,48.56,48.66,48.56,48.635,5800.0
2018-02-13 09:42:00,48.62,48.63,48.53,48.55,3899.0
2018-02-13 09:43:00,48.61,48.61,48.57,48.6,6300.0
2018-02-13 09:44:00,48.59,48.66,48.59,48.61,5200.0
2018-02-13 09:45:00,48.66,48.69,48.61,48.62,6140.0
2018-02-13 09:46:00,48.63,48.71,48.62,48.66,3900.0
2018-02-13 09:47:00,48.62,48.63,48.61,48.62,1600.0
2018-02-13 09:48:00,48.62,48.62,48.595,48.62,1800.0
2018-02-13 09:49:00,48.6,48.64,48.6,48.62,1418.0
2018-02-13 09:50:00,48.57,48.6,48.57,48.59,1900.0
2018-02-13 09:51:00,48.6272,48.6272,48.57,48.57,1769.0
2018-02-13 09:52:00,48.61,48.62,48.61,48.62,1200.0
2018-02-13 09:53:00,48.64,48.64,48.61,48.62,4187.0
2018-02-13 09:54:00,48.66,48.67,48.66,48.66,969.0
2018-02-13 09:55:00,48.68,48.68,48.65,48.65,1700.0
2018-02-13 09:56:00,48.68,48.68,48.67,48.68,500.0
2018-02-13 09:57:00,48.672,48.695,48.66,48.68,10012.0
2018-02-13 09:58:00,48.75,48.75,48.67,48.67,4200.0
2018-02-13 09:59:00,48.71,48.75,48.71,48.75,1600.0
2018-02-13 10:00:00,48.71,48.74,48.7,48.73,5500.0
2018-02-13 10:01:00,48.72,48.74,48.69,48.71,5026.0
2018-02-13 10:02:00,48.72,48.7407,48.71,48.73,2391.0
2018-02-13 10:03:00,48.67,48.71,48.65,48.71,2500.0
2018-02-13 10:04:00,48.64,48.67,48.61,48.66,3399.0
2018-02-13 10:05:00,48.62,48.63,48.59,48.61,1900.0
2018-02-13 10:06:00,48.645,48.65,48.63,48.63,1906.0
2018-02-13 10:07:00,48.61,48.64,48.59,48.64,1656.0
2018-02-13 10:08:00,48.58,48.62,48.58,48.62,1600.0
2018-02-13 10:09:00,48.57,48.58,48.57,48.5763,1325.0
2018-02-13 10:10:00,48.56,48.58,48.55,48.56,2100.0
2018-02-13 10:11:00,48.5966,48.5966,48.56,48.56,1600.0
2018-02-13 10:12:00,48.61,48.62,48.595,48.595,4099.0
2018-02-13 10:13:00,48.61,48.61,48.6,48.61,2300.0
2018-02-13 10:14:00,48.65,48.65,48.62,48.62,1000.0
2018-02-13 10:15:00,48.65,48.68,48.65,48.66,3100.0
2018-02-13 10:16:00,48.62,48.64,48.62,48.64,2200.0
2018-02-13 10:17:00,48.59,48.62,48.59,48.61,2921.0
2018-02-13 10:18:00,48.58,48.58,48.575,48.58,1000.0
2018-02-13 10:19:00,48.58,48.58,48.58,48.58,1300.0
2018-02-13 10:20:00,48.57,48.59,48.57,48.58,1200.0
2018-02-13 10:21:00,48.59,48.59,48.55,48.55,1700.0
2018-02-13 10:22:00,48.56,48.6,48.56,48.6,1700.0
2018-02-13 10:23:00,48.55,48.555,48.55,48.555,436.0
2018-02-13 10:24:00,48.52,48.56,48.51,48.55,1580.0
2018-02-13 10:25:00,48.5198,48.5198,48.5198,48.5198,200.0
2018-02-13 10:26:00,48.5,48.53,48.49,48.53,3000.0
2018-02-13 10:27:00,48.54,48.56,48.51,48.51,2898.0
2018-02-13 10:28:00,48.57,48.57,48.55,48.55,600.0
2018-02-13 10:29:00,48.53,48.56,48.53,48.56,1300.0
2018-02-13 10:30:00,48.52,48.555,48.52,48.55,1100.0
2018-02-13 10:31:00,48.48,48.49,48.48,48.49,1000.0
2018-02-13 10:32:00,48.47,48.49,48.47,48.49,2000.0
2018-02-13 10:33:00,48.44,48.46,48.44,48.46,2260.0
2018-02-13 10:34:00,48.49,48.49,48.44,48.45,2622.0
2018-02-13 10:35:00,48.52,48.52,48.5,48.5,1716.0
2018-02-13 10:36:00,48.5575,48.57,48.53,48.53,2354.0
2018-02-13 10:37:00,48.55,48.55,48.54,48.54,1400.0
2018-02-13 10:38:00,48.59,48.59,48.56,48.56,1300.0
2018-02-13 10:39:00,48.62,48.62,48.58,48.59,3000.0
2018-02-13 10:40:00,48.69,48.69,48.63,48.63,1900.0
2018-02-13 10:41:00,48.69,48.7,48.69,48.69,1800.0
2018-02-13 10:42:00,48.6984,48.71,48.69,48.69,2530.0
2018-02-13 10:43:00,48.71,48.72,48.7,48.7,1000.0
2018-02-13 10:44:00,48.66,48.7,48.66,48.7,3400.0
2018-02-13 10:45:00,48.65,48.66,48.65,48.66,1400.0
2018-02-13 10:46:00,48.65,48.67,48.65,48.65,2900.0
2018-02-13 10:47:00,48.66,48.66,48.64,48.66,2169.0
2018-02-13 10:48:00,48.67,48.68,48.66,48.665,1100.0
2018-02-13 10:49:00,48.68,48.69,48.655,48.68,3752.0
2018-02-13 10:50:00,48.68,48.72,48.68,48.69,2433.0
2018-02-13 10:51:00,48.7,48.71,48.68,48.69,2026.0
2018-02-13 10:52:00,48.71,48.74,48.71,48.71,4340.0
2018-02-13 10:53:00,48.72,48.72,48.7,48.7,2010.0
2018-02-13 10:54:00,48.7,48.71,48.69,48.71,2548.0
2018-02-13 10:55:00,48.66,48.7,48.66,48.7,1000.0
2018-02-13 10:56:00,48.69,48.69,48.67,48.67,1200.0
2018-02-13 10:57:00,48.65,48.69,48.65,48.69,1000.0
2018-02-13 10:58:00,48.71,48.71,48.67,48.67,3114.0
2018-02-13 10:59:00,48.69,48.71,48.68,48.7,3300.0
2018-02-13 11:00:00,48.6903,48.6962,48.68,48.69,2508.0
2018-02-13 11:01:00,48.66,48.68,48.66,48.68,2100.0
2018-02-13 11:02:00,48.67,48.68,48.67,48.67,1900.0
2018-02-13 11:03:00,48.67,48.69,48.67,48.68,2304.0
2018-02-13 11:04:00,48.64,48.67,48.61,48.67,4760.0
2018-02-13 11:05:00,48.64,48.65,48.64,48.645,1200.0
2018-02-13 11:06:00,48.63,48.64,48.61,48.61,3000.0
2018-02-13 11:07:00,48.64,48.65,48.64,48.64,2100.0
2018-02-13 11:08:00,48.66,48.66,48.6391,48.64,1409.0
2018-02-13 11:09:00,48.63,48.66,48.63,48.65,1500.0
2018-02-13 11:10:00,48.63,48.66,48.63,48.65,1200.0
2018-02-13 11:11:00,48.65,48.655,48.64,48.64,2100.0
2018-02-13 11:12:00,48.645,48.66,48.6338,48.66,1931.0
2018-02-13 11:13:00,48.67,48.67,48.64,48.65,1900.0
2018-02-13 11:14:00,48.7,48.7,48.67,48.68,4040.0
2018-02-13 11:15:00,48.7,48.7,48.67,48.68,1400.0
2018-02-13 11:16:00,48.7,48.7,48.7,48.7,1400.0
2018-02-13 11:17:00,48.73,48.75,48.71,48.71,3300.0
2018-02-13 11:18:00,48.69,48.7,48.69,48.7,200.0
2018-02-13 11:19:00,48.73,48.73,48.7,48.7,1700.0
2018-02-13 11:20:00,48.72,48.74,48.71,48.73,2000.0
2018-02-13 11:21:00,48.72,48.74,48.72,48.73,1470.0
2018-02-13 11:22:00,48.715,48.72,48.71,48.71,1877.0
2018-02-13 11:23:00,48.73,48.73,48.72,48.72,1500.0
2018-02-13 11:24:00,48.7,48.73,48.7,48.73,1000.0
2018-02-13 11:25:00,48.76,48.78,48.7,48.7,5000.0
2018-02-13 11:26:00,48.72,48.77,48.7,48.75,5900.0
2018-02-13 11:27:00,48.7,48.72,48.7,48.72,1500.0
2018-02-13 11:28:00,48.69,48.73,48.68,48.69,3400.0
2018-02-13 11:29:00,48.695,48.7,48.68,48.68,1000.0
2018-02-13 11:30:00,48.68,48.69,48.67,48.69,6097.0
2018-02-13 11:31:00,48.68,48.69,48.66,48.66,4600.0
2018-02-13 11:32:00,48.67,48.67,48.66,48.67,1100.0
2018-02-13 11:33:00,48.65,48.67,48.64,48.67,2703.0
2018-02-13 11:34:00,48.635,48.65,48.63,48.64,1306.0
2018-02-13 11:35:00,48.61,48.64,48.61,48.64,1600.0
2018-02-13 11:36:00,48.61,48.63,48.61,48.61,2571.0
2018-02-13 11:37:00,48.58,48.61,48.58,48.61,13935.0
2018-02-13 11:38:00,48.55,48.58,48.55,48.58,5599.0
2018-02-13 11:39:00,48.54,48.56,48.54,48.54,1600.0
2018-02-13 11:40:00,48.63,48.63,48.55,48.55,9400.0
2018-02-13 11:41:00,48.6,48.65,48.6,48.65,7139.0
2018-02-13 11:42:00,48.57,48.6,48.57,48.6,2000.0
2018-02-13 11:43:00,48.55,48.57,48.55,48.57,800.0
2018-02-13 11:44:00,48.6,48.6,48.56,48.56,2340.0
2018-02-13 11:45:00,48.55,48.58,48.54,48.58,3270.0
2018-02-13 11:46:00,48.57,48.57,48.55,48.56,1540.0
2018-02-13 11:47:00,48.56,48.57,48.56,48.56,2200.0
2018-02-13 11:48:00,48.58,48.59,48.56,48.57,1500.0
2018-02-13 11:49:00,48.58,48.59,48.58,48.59,600.0
2018-02-13 11:50:00,48.61,48.62,48.5751,48.5751,4258.0
2018-02-13 11:51:00,48.615,48.615,48.61,48.61,500.0
2018-02-13 11:52:00,48.63,48.65,48.61,48.61,3974.0
2018-02-13 11:53:00,48.61,48.61,48.59,48.61,500.0
2018-02-13 11:54:00,48.61,48.61,48.5961,48.6,5206.0
2018-02-13 11:55:00,48.61,48.63,48.61,48.63,2100.0
2018-02-13 11:56:00,48.64,48.64,48.62,48.62,800.0
2018-02-13 11:57:00,48.66,48.66,48.63,48.64,2459.0
2018-02-13 11:58:00,48.65,48.67,48.64,48.67,3100.0
2018-02-13 11:59:00,48.64,48.65,48.64,48.64,1500.0
2018-02-13 12:00:00,48.6,48.64,48.6,48.64,1318.0
2018-02-13 12:01:00,48.62,48.62,48.6,48.6,2020.0
2018-02-13 12:02:00,48.6,48.61,48.6,48.61,600.0
2018-02-13 12:03:00,48.59,48.6,48.59,48.6,300.0
2018-02-13 12:04:00,48.59,48.6,48.58,48.6,2100.0
2018-02-13 12:05:00,48.59,48.59,48.59,48.59,1200.0
2018-02-13 12:06:00,48.6,48.6,48.59,48.59,300.0
2018-02-13 12:07:00,48.58,48.6,48.5796,48.6,3542.0
2018-02-13 12:08:00,48.56,48.58,48.56,48.58,1300.0
2018-02-13 12:09:00,48.55,48.55,48.53,48.55,3200.0
2018-02-13 12:10:00,48.56,48.56,48.56,48.56,4600.0
2018-02-13 12:11:00,48.57,48.57,48.57,48.57,1573.0
2018-02-13 12:12:00,48.59,48.59,48.57,48.57,1400.0
2018-02-13 12:13:00,48.58,48.6,48.58,48.585,1900.0
2018-02-13 12:14:00,48.59,48.59,48.58,48.58,1084.0
2018-02-13 12:15:00,48.6,48.6,48.59,48.59,1400.0
2018-02-13 12:16:00,48.61,48.61,48.6,48.608999999999995,2985.0
2018-02-13 12:17:00,48.6,48.62,48.6,48.62,600.0
2018-02-13 12:18:00,48.61,48.61,48.59,48.61,1711.0
2018-02-13 12:19:00,48.62,48.62,48.62,48.62,2800.0
2018-02-13 12:20:00,48.61,48.61,48.61,48.61,400.0
2018-02-13 12:21:00,48.63,48.64,48.62,48.62,2100.0
2018-02-13 12:22:00,48.65,48.65,48.635,48.635,1300.0
2018-02-13 12:23:00,48.65,48.65,48.64,48.64,1000.0
2018-02-13 12:24:00,48.62,48.64,48.62,48.64,1500.0
2018-02-13 12:25:00,48.64,48.64,48.63,48.63,2208.0
2018-02-13 12:26:00,48.63,48.635,48.63,48.635,2300.0
2018-02-13 12:27:00,48.64,48.64,48.62,48.63,3276.0
2018-02-13 12:28:00,48.68,48.68,48.64,48.64,3400.0
2018-02-13 12:29:00,48.69,48.69,48.675,48.675,900.0
2018-02-13 12:30:00,48.7,48.71,48.69,48.69,1200.0
2018-02-13 12:31:00,48.7,48.71,48.69,48.69,2100.0
2018-02-13 12:32:00,48.67,48.69,48.66,48.69,2200.0
2018-02-13 12:33:00,48.67,48.67,48.66,48.66,1100.0
2018-02-13 12:34:00,48.64,48.67,48.64,48.67,1200.0
2018-02-13 12:35:00,48.65,48.68,48.65,48.65,2469.0
2018-02-13 12:36:00,48.67,48.68,48.66,48.66,2565.0
2018-02-13 12:37:00,48.67,48.68,48.665,48.68,1700.0
2018-02-13 12:38:00,48.65,48.66,48.65,48.66,1000.0
2018-02-13 12:39:00,48.66,48.66,48.63,48.64,2800.0
2018-02-13 12:40:00,48.665,48.67,48.65,48.655,1675.0
2018-02-13 12:41:00,48.67,48.67,48.66,48.66,500.0
2018-02-13 12:42:00,48.67,48.67,48.64,48.66,2600.0
2018-02-13 12:43:00,48.67,48.67,48.67,48.67,633.0
2018-02-13 12:44:00,48.6798,48.69,48.6798,48.69,1325.0
2018-02-13 12:45:00,48.7,48.7,48.685,48.685,1500.0
2018-02-13 12:46:00,48.71,48.71,48.71,48.71,1000.0
2018-02-13 12:47:00,48.69,48.71,48.69,48.71,977.0
2018-02-13 12:48:00,48.675,48.68,48.66,48.68,4200.0
2018-02-13 12:49:00,48.66,48.67,48.66,48.67,1100.0
2018-02-13 12:50:00,48.64,48.66,48.64,48.66,1427.0
2018-02-13 12:51:00,48.7,48.7,48.65,48.65,17420.0
2018-02-13 12:52:00,48.69,48.71,48.68,48.68,2200.0
2018-02-13 12:54:00,48.7,48.71,48.69,48.69,1200.0
2018-02-13 12:55:00,48.71,48.71,48.7,48.71,981.0
2018-02-13 12:56:00,48.68,48.7111,48.68,48.7111,1800.0
2018-02-13 12:57:00,48.68,48.69,48.68,48.69,900.0
2018-02-13 12:58:00,48.66,48.66,48.66,48.66,1200.0
2018-02-13 12:59:00,48.66,48.66,48.64,48.66,1706.0
2018-02-13 13:00:00,48.63,48.65,48.63,48.65,2200.0
2018-02-13 13:01:00,48.62,48.63,48.62,48.62,1000.0
2018-02-13 13:02:00,48.64,48.64,48.63,48.63,900.0
2018-02-13 13:03:00,48.64,48.64,48.64,48.64,300.0
2018-02-13 13:04:00,48.61,48.63,48.61,48.63,1470.0
2018-02-13 13:05:00,48.61,48.61,48.6,48.6,200.0
2018-02-13 13:06:00,48.6,48.6,48.59,48.6,1600.0
2018-02-13 13:07:00,48.61,48.61,48.6,48.61,1705.0
2018-02-13 13:08:00,48.59,48.615,48.59,48.61,7300.0
2018-02-13 13:09:00,48.59,48.6,48.57,48.58,1800.0
2018-02-13 13:10:00,48.6,48.6,48.6,48.6,600.0
2018-02-13 13:11:00,48.57,48.6,48.57,48.6,600.0
2018-02-13 13:12:00,48.58,48.58,48.57,48.57,800.0
2018-02-13 13:13:00,48.6,48.6,48.59,48.59,900.0
2018-02-13 13:14:00,48.61,48.63,48.6,48.61,3423.0
2018-02-13 13:15:00,48.62,48.62,48.61,48.61,1600.0
2018-02-13 13:16:00,48.61,48.63,48.59,48.62,1900.0
2018-02-13 13:17:00,48.66,48.66,48.62,48.62,1100.0
2018-02-13 13:18:00,48.66,48.67,48.64,48.65,1500.0
2018-02-13 13:19:00,48.66,48.67,48.65,48.66,2300.0
2018-02-13 13:20:00,48.65,48.65,48.65,48.65,2200.0
2018-02-13 13:21:00,48.71,48.71,48.655,48.655,3000.0
2018-02-13 13:22:00,48.7,48.7,48.67,48.69,1800.0
2018-02-13 13:23:00,48.73,48.73,48.69,48.7,2050.0
2018-02-13 13:24:00,48.7,48.72,48.69,48.72,1000.0
2018-02-13 13:26:00,48.69,48.71,48.69,48.7,1500.0
2018-02-13 13:27:00,48.68,48.69,48.68,48.69,500.0
2018-02-13 13:28:00,48.7,48.7,48.68,48.68,1200.0
2018-02-13 13:29:00,48.695,48.695,48.69,48.69,200.0
2018-02-13 13:30:00,48.7,48.71,48.69,48.7,3000.0
2018-02-13 13:31:00,48.68,48.7,48.68,48.7,829.0
2018-02-13 13:32:00,48.67,48.67,48.66,48.67,3400.0
2018-02-13 13:33:00,48.67,48.675,48.67,48.675,400.0
2018-02-13 13:34:00,48.67,48.67,48.67,48.67,400.0
2018-02-13 13:35:00,48.69,48.69,48.66,48.6648,1800.0
2018-02-13 13:36:00,48.7,48.7,48.69,48.69,1000.0
2018-02-13 13:37:00,48.7,48.71,48.69,48.7,2000.0
2018-02-13 13:38:00,48.72,48.72,48.695,48.705,3695.0
2018-02-13 13:39:00,48.73,48.73,48.7178,48.72,800.0
2018-02-13 13:40:00,48.75,48.75,48.74,48.74,1400.0
2018-02-13 13:41:00,48.75,48.77,48.74,48.75,3100.0
2018-02-13 13:42:00,48.79,48.79,48.76,48.76,1000.0
2018-02-13 13:43:00,48.785,48.79,48.77,48.77,2058.0
2018-02-13 13:44:00,48.8,48.8,48.78,48.785,2800.0
2018-02-13 13:45:00,48.76,48.79,48.76,48.79,3456.0
2018-02-13 13:46:00,48.76,48.77,48.76,48.76,900.0
2018-02-13 13:47:00,48.76,48.76,48.75,48.76,2764.0
2018-02-13 13:48:00,48.78,48.78,48.77,48.77,400.0
2018-02-13 13:49:00,48.78,48.78,48.77,48.77,900.0
2018-02-13 13:50:00,48.77,48.775,48.77,48.775,200.0
2018-02-13 13:51:00,48.76,48.77,48.76,48.77,2100.0
2018-02-13 13:52:00,48.77,48.77,48.76,48.7649,541.0
2018-02-13 13:53:00,48.73,48.77,48.73,48.76,2244.0
2018-02-13 13:54:00,48.79,48.79,48.72,48.72,4500.0
2018-02-13 13:55:00,48.77,48.78,48.77,48.78,1015.0
2018-02-13 13:56:00,48.76,48.76,48.75,48.75,1200.0
2018-02-13 13:57:00,48.77,48.77,48.76,48.76,800.0
2018-02-13 13:58:00,48.78,48.79,48.78,48.78,1300.0
2018-02-13 13:59:00,48.77,48.77,48.77,48.77,100.0
2018-02-13 14:00:00,48.8,48.8,48.78,48.78,1614.0
2018-02-13 14:01:00,48.81,48.81,48.806000000000004,48.806000000000004,1100.0
2018-02-13 14:02:00,48.81,48.8128,48.81,48.8101,1400.0
2018-02-13 14:03:00,48.85,48.85,48.81,48.81,2400.0
2018-02-13 14:04:00,48.87,48.87,48.8301,48.8301,2335.0
2018-02-13 14:05:00,48.86,48.87,48.86,48.87,1900.0
2018-02-13 14:06:00,48.85,48.86,48.85,48.855,600.0
2018-02-13 14:07:00,48.85,48.85,48.85,48.85,100.0
2018-02-13 14:08:00,48.85,48.855,48.84,48.85,2200.0
2018-02-13 14:09:00,48.87,48.87,48.855,48.855,2100.0
2018-02-13 14:10:00,48.84,48.87,48.84,48.87,2854.0
2018-02-13 14:11:00,48.8601,48.865,48.83,48.84,3250.0
2018-02-13 14:12:00,48.87,48.87,48.86,48.87,1300.0
2018-02-13 14:13:00,48.84,48.86,48.84,48.86,800.0
2018-02-13 14:14:00,48.81,48.835,48.81,48.835,1100.0
2018-02-13 14:16:00,48.81,48.82,48.81,48.81,2200.0
2018-02-13 14:17:00,48.79,48.82,48.79,48.81,2900.0
2018-02-13 14:18:00,48.79,48.79,48.78,48.79,2700.0
2018-02-13 14:19:00,48.755,48.79,48.75,48.79,2342.0
2018-02-13 14:20:00,48.74,48.76,48.74,48.76,2021.0
2018-02-13 14:21:00,48.74,48.74,48.74,48.74,300.0
2018-02-13 14:22:00,48.74,48.74,48.74,48.74,1400.0
2018-02-13 14:23:00,48.765,48.77,48.75,48.75,3500.0
2018-02-13 14:24:00,48.76,48.77,48.76,48.77,2300.0
2018-02-13 14:25:00,48.73,48.74,48.73,48.74,300.0
2018-02-13 14:26:00,48.72,48.72,48.71,48.72,1200.0
2018-02-13 14:27:00,48.73,48.73,48.72,48.73,1800.0
2018-02-13 14:28:00,48.72,48.73,48.72,48.73,1100.0
2018-02-13 14:29:00,48.7,48.72,48.7,48.72,2565.0
2018-02-13 14:30:00,48.705,48.7111,48.7,48.71,2075.0
2018-02-13 14:31:00,48.65,48.7,48.65,48.7,4800.0
2018-02-13 14:32:00,48.67,48.68,48.66,48.66,9988.0
2018-02-13 14:33:00,48.61,48.67,48.59,48.67,14961.0
2018-02-13 14:34:00,48.63,48.63,48.62,48.62,7290.0
2018-02-13 14:35:00,48.6,48.63,48.6,48.63,3000.0
2018-02-13 14:36:00,48.59,48.6,48.57,48.6,6111.0
2018-02-13 14:37:00,48.63,48.63,48.59,48.6,3100.0
2018-02-13 14:38:00,48.61,48.635,48.61,48.63,4960.0
2018-02-13 14:39:00,48.61,48.62,48.6,48.62,1800.0
2018-02-13 14:40:00,48.6,48.61,48.6,48.61,3600.0
2018-02-13 14:41:00,48.58,48.6,48.58,48.6,1000.0
2018-02-13 14:42:00,48.56,48.59,48.56,48.58,5600.0
2018-02-13 14:43:00,48.58,48.58,48.56,48.56,9522.0
2018-02-13 14:44:00,48.55,48.58,48.55,48.58,3594.0
2018-02-13 14:45:00,48.56,48.56,48.55,48.56,4300.0
2018-02-13 14:46:00,48.56,48.57,48.56,48.57,1105.0
2018-02-13 14:47:00,48.58,48.58,48.55,48.55,3300.0
2018-02-13 14:48:00,48.588,48.5901,48.58,48.59,4900.0
2018-02-13 14:49:00,48.58,48.58,48.57,48.57,3500.0
2018-02-13 14:50:00,48.59,48.59,48.58,48.58,1700.0
2018-02-13 14:51:00,48.59,48.595,48.59,48.595,700.0
2018-02-13 14:52:00,48.61,48.61,48.58,48.59,2300.0
2018-02-13 14:53:00,48.59,48.61,48.58,48.605,18657.0
2018-02-13 14:54:00,48.58,48.59,48.57,48.59,800.0
2018-02-13 14:55:00,48.6,48.6,48.576,48.576,3124.0
2018-02-13 14:56:00,48.6,48.6,48.58,48.59,2000.0
2018-02-13 14:57:00,48.6,48.61,48.6,48.6,5036.0
2018-02-13 14:58:00,48.6,48.6,48.6,48.6,4109.0
2018-02-13 14:59:00,48.6,48.61,48.6,48.6,3283.0
2018-02-13 15:00:00,48.57,48.59,48.57,48.59,2440.0
2018-02-13 15:01:00,48.57,48.58,48.56,48.58,2500.0
2018-02-13 15:02:00,48.59,48.59,48.5601,48.57,2300.0
2018-02-13 15:03:00,48.605,48.61,48.59,48.59,3989.0
2018-02-13 15:04:00,48.58,48.61,48.58,48.61,9026.0
2018-02-13 15:05:00,48.6,48.61,48.57,48.58,7985.0
2018-02-13 15:06:00,48.635,48.635,48.605,48.61,5600.0
2018-02-13 15:07:00,48.6267,48.645,48.6267,48.64,3580.0
2018-02-13 15:08:00,48.64,48.64,48.63,48.63,1100.0
2018-02-13 15:09:00,48.64,48.645,48.64,48.64,1780.0
2018-02-13 15:10:00,48.655,48.66,48.65,48.65,3634.0
2018-02-13 15:11:00,48.64,48.655,48.64,48.65,5325.0
2018-02-13 15:12:00,48.64,48.64,48.62,48.63,2100.0
2018-02-13 15:13:00,48.67,48.69,48.65,48.65,4310.0
2018-02-13 15:14:00,48.71,48.71,48.67,48.67,900.0
2018-02-13 15:15:00,48.73,48.73,48.71,48.71,2200.0
2018-02-13 15:16:00,48.73,48.735,48.72,48.725,4520.0
2018-02-13 15:17:00,48.75,48.75,48.72,48.72,2200.0
2018-02-13 15:18:00,48.77,48.77,48.74,48.75,1500.0
2018-02-13 15:19:00,48.79,48.79,48.77,48.78,1900.0
2018-02-13 15:20:00,48.81,48.81,48.79,48.79,2140.0
2018-02-13 15:21:00,48.79,48.81,48.78,48.8,4520.0
2018-02-13 15:22:00,48.8,48.81,48.79,48.79,2011.0
2018-02-13 15:23:00,48.79,48.82,48.79,48.82,2974.0
2018-02-13 15:24:00,48.78,48.79,48.78,48.79,700.0
2018-02-13 15:25:00,48.83,48.84,48.78,48.78,3400.0
2018-02-13 15:26:00,48.82,48.84,48.82,48.83,3000.0
2018-02-13 15:27:00,48.855,48.855,48.82,48.82,2500.0
2018-02-13 15:28:00,48.86,48.87,48.85,48.86,2287.0
2018-02-13 15:29:00,48.84,48.85,48.84,48.85,2398.0
2018-02-13 15:30:00,48.85,48.85,48.84,48.84,3296.0
2018-02-13 15:31:00,48.83,48.8455,48.83,48.8455,1960.0
2018-02-13 15:32:00,48.84,48.84,48.82,48.83,4469.0
2018-02-13 15:33:00,48.85,48.85,48.84,48.84,700.0
2018-02-13 15:34:00,48.86,48.87,48.845,48.845,3900.0
2018-02-13 15:35:00,48.86,48.88,48.86,48.87,7404.0
2018-02-13 15:36:00,48.83,48.865,48.83,48.86,3550.0
2018-02-13 15:37:00,48.84,48.84,48.82,48.83,1700.0
2018-02-13 15:38:00,48.85,48.85,48.84,48.8451,1000.0
2018-02-13 15:39:00,48.86,48.86,48.845,48.85,4300.0
2018-02-13 15:40:00,48.835,48.86,48.835,48.86,5404.0
2018-02-13 15:41:00,48.8,48.835,48.8,48.83,3400.0
2018-02-13 15:42:00,48.75,48.82,48.75,48.8,9790.0
2018-02-13 15:43:00,48.74,48.7601,48.74,48.75,6345.0
2018-02-13 15:44:00,48.76,48.775,48.73,48.73,14589.0
2018-02-13 15:45:00,48.74,48.79,48.71,48.76,13046.0
2018-02-13 15:46:00,48.79,48.8,48.74,48.74,7049.0
2018-02-13 15:47:00,48.76,48.79,48.75,48.79,4805.0
2018-02-13 15:48:00,48.755,48.76,48.74,48.755,7027.0
2018-02-13 15:49:00,48.74,48.765,48.74,48.765,4309.0
2018-02-13 15:50:00,48.71,48.75,48.71,48.75,10622.0
2018-02-13 15:51:00,48.7,48.72,48.69,48.715,9539.0
2018-02-13 15:52:00,48.72,48.72,48.7,48.705,6978.0
2018-02-13 15:53:00,48.71,48.72,48.69,48.71,17910.0
2018-02-13 15:54:00,48.71,48.71,48.7,48.7,1300.0
2018-02-13 15:55:00,48.7,48.71,48.69,48.7,10124.0
2018-02-13 15:56:00,48.69,48.71,48.69,48.7,8509.0
2018-02-13 15:57:00,48.65,48.7,48.65,48.69,33079.0
2018-02-13 15:58:00,48.66,48.67,48.65,48.65,18496.0
2018-02-13 15:59:00,48.66,48.67,48.645,48.655,41018.0
2018-02-13 16:00:00,48.64,48.66,48.64,48.66,28140.0
2018-02-14 09:30:00,48.44,48.44,48.44,48.44,18197.0
2018-02-14 09:31:00,48.52,48.52,48.37,48.37,700.0
2018-02-14 09:32:00,48.49,48.49,48.43,48.43,200.0
2018-02-14 09:33:00,48.44,48.51,48.38,48.5,946.0
2018-02-14 09:34:00,48.53,48.64,48.5,48.5,3065.0
2018-02-14 09:35:00,48.44,48.56,48.44,48.515,3279.0
2018-02-14 09:36:00,48.56,48.57,48.45,48.45,6742.0
2018-02-14 09:37:00,48.52,48.555,48.47,48.555,10866.0
2018-02-14 09:38:00,48.49,48.53,48.48,48.51,3900.0
2018-02-14 09:39:00,48.57,48.61,48.5,48.53,3292.0
2018-02-14 09:40:00,48.55,48.58,48.54,48.56,1838.0
2018-02-14 09:41:00,48.58,48.64,48.55,48.55,4300.0
2018-02-14 09:42:00,48.53,48.59,48.52,48.57,7206.0
2018-02-14 09:43:00,48.57,48.59,48.53,48.54,8572.0
2018-02-14 09:44:00,48.52,48.57,48.51,48.56,4608.0
2018-02-14 09:45:00,48.57,48.57,48.5,48.53,7000.0
2018-02-14 09:46:00,48.46,48.57,48.45,48.57,4651.0
2018-02-14 09:47:00,48.42,48.45,48.41,48.44,2377.0
2018-02-14 09:48:00,48.35,48.4,48.33,48.39,2673.0
2018-02-14 09:49:00,48.45,48.46,48.33,48.33,2600.0
2018-02-14 09:50:00,48.44,48.45,48.41,48.45,3900.0
2018-02-14 09:51:00,48.48,48.5,48.45,48.45,2365.0
2018-02-14 09:52:00,48.47,48.48,48.46,48.48,1800.0
2018-02-14 09:53:00,48.46,48.4997,48.45,48.4997,1439.0
2018-02-14 09:54:00,48.49,48.49,48.43,48.47,5800.0
2018-02-14 09:55:00,48.48,48.49,48.46,48.49,1900.0
2018-02-14 09:56:00,48.43,48.49,48.43,48.49,2929.0
2018-02-14 09:57:00,48.3914,48.44,48.38,48.43,2755.0
2018-02-14 09:58:00,48.34,48.42,48.34,48.41,2500.0
2018-02-14 09:59:00,48.34,48.39,48.34,48.35,2400.0
2018-02-14 10:00:00,48.33,48.35,48.3,48.33,4107.0
2018-02-14 10:01:00,48.34,48.35,48.33,48.33,2831.0
2018-02-14 10:02:00,48.33,48.35,48.33,48.34,1500.0
2018-02-14 10:03:00,48.305,48.33,48.29,48.33,3400.0
2018-02-14 10:04:00,48.32,48.32,48.31,48.31,400.0
2018-02-14 10:05:00,48.315,48.34,48.29,48.32,3075.0
2018-02-14 10:06:00,48.36,48.36,48.32,48.32,2646.0
2018-02-14 10:07:00,48.35,48.38,48.34,48.36,4084.0
2018-02-14 10:08:00,48.35,48.36,48.315,48.36,2111.0
2018-02-14 10:09:00,48.34,48.36,48.31,48.34,3400.0
2018-02-14 10:10:00,48.36,48.37,48.31,48.34,6064.0
2018-02-14 10:11:00,48.42,48.47,48.37,48.37,9654.0
2018-02-14 10:12:00,48.435,48.46,48.43,48.43,3803.0
2018-02-14 10:13:00,48.41,48.45,48.4,48.44,2200.0
2018-02-14 10:14:00,48.41,48.42,48.39,48.41,1700.0
2018-02-14 10:15:00,48.42,48.42,48.39,48.4,3742.0
2018-02-14 10:16:00,48.4,48.42,48.4,48.42,3700.0
2018-02-14 10:17:00,48.39,48.39,48.37,48.39,2700.0
2018-02-14 10:18:00,48.4,48.4,48.38,48.39,1437.0
2018-02-14 10:19:00,48.43,48.43,48.39,48.39,2600.0
2018-02-14 10:20:00,48.41,48.43,48.405,48.43,2300.0
2018-02-14 10:21:00,48.5,48.5,48.4137,48.42,8087.0
2018-02-14 10:22:00,48.51,48.52,48.48,48.51,7737.0
2018-02-14 10:23:00,48.53,48.53,48.495,48.51,6500.0
2018-02-14 10:24:00,48.53,48.55,48.5,48.52,9800.0
2018-02-14 10:25:00,48.52,48.54,48.51,48.52,4000.0
2018-02-14 10:26:00,48.47,48.52,48.47,48.52,4504.0
2018-02-14 10:27:00,48.46,48.46,48.46,48.46,500.0
2018-02-14 10:28:00,48.45,48.46,48.445,48.455,4168.0
2018-02-14 10:29:00,48.46,48.49,48.45,48.45,2101.0
2018-02-14 10:30:00,48.46,48.46,48.41,48.45,3198.0
2018-02-14 10:31:00,48.52,48.52,48.46,48.46,7335.0
2018-02-14 10:32:00,48.5,48.515,48.47,48.515,3102.0
2018-02-14 10:33:00,48.5,48.5,48.47,48.49,1218.0
2018-02-14 10:34:00,48.49,48.49,48.47,48.48,2789.0
2018-02-14 10:35:00,48.54,48.55,48.5,48.5,5817.0
2018-02-14 10:36:00,48.52,48.54,48.49,48.53,3344.0
2018-02-14 10:37:00,48.51,48.51,48.5,48.51,1600.0
2018-02-14 10:38:00,48.54,48.54,48.49,48.51,3823.0
2018-02-14 10:39:00,48.5872,48.5872,48.54,48.54,1300.0
2018-02-14 10:40:00,48.65,48.65,48.59,48.59,2252.0
2018-02-14 10:41:00,48.645,48.67,48.64,48.64,5821.0
2018-02-14 10:42:00,48.66,48.66,48.65,48.65,300.0
2018-02-14 10:43:00,48.7,48.7,48.65,48.67,2833.0
2018-02-14 10:44:00,48.7,48.71,48.67,48.71,5374.0
2018-02-14 10:45:00,48.73,48.73,48.69,48.7,5747.0
2018-02-14 10:46:00,48.72,48.74,48.72,48.72,4300.0
2018-02-14 10:47:00,48.71,48.73,48.71,48.73,1573.0
2018-02-14 10:48:00,48.7,48.74,48.7,48.72,2200.0
2018-02-14 10:49:00,48.68,48.73,48.68,48.69,4043.0
2018-02-14 10:50:00,48.7,48.73,48.7,48.7,2200.0
2018-02-14 10:51:00,48.71,48.71,48.69,48.7,500.0
2018-02-14 10:52:00,48.7,48.72,48.7,48.715,1700.0
2018-02-14 10:53:00,48.705,48.72,48.705,48.71,2172.0
2018-02-14 10:54:00,48.71,48.71,48.69,48.7,1720.0
2018-02-14 10:55:00,48.71,48.72,48.71,48.71,900.0
2018-02-14 10:56:00,48.73,48.74,48.71,48.72,1800.0
2018-02-14 10:57:00,48.75,48.76,48.74,48.74,1630.0
2018-02-14 10:58:00,48.77,48.78,48.77,48.77,1956.0
2018-02-14 10:59:00,48.76,48.78,48.76,48.76,3134.0
2018-02-14 11:00:00,48.74,48.775,48.74,48.76,2600.0
2018-02-14 11:01:00,48.775,48.78,48.74,48.74,1634.0
2018-02-14 11:02:00,48.805,48.81,48.775,48.78,1700.0
2018-02-14 11:03:00,48.81,48.82,48.8,48.8,1303.0
2018-02-14 11:04:00,48.8,48.83,48.8,48.81,3693.0
2018-02-14 11:05:00,48.8,48.81,48.8,48.8,1900.0
2018-02-14 11:06:00,48.78,48.805,48.77,48.805,3373.0
2018-02-14 11:07:00,48.78,48.8,48.76,48.8,1400.0
2018-02-14 11:08:00,48.8,48.8,48.78,48.78,1400.0
2018-02-14 11:09:00,48.8,48.82,48.8,48.81,2906.0
2018-02-14 11:10:00,48.79,48.79,48.79,48.79,200.0
2018-02-14 11:11:00,48.8,48.81,48.785,48.79,1851.0
2018-02-14 11:12:00,48.78,48.81,48.78,48.79,1400.0
2018-02-14 11:13:00,48.78,48.79,48.76,48.79,1000.0
2018-02-14 11:14:00,48.79,48.79,48.77,48.7899,1780.0
2018-02-14 11:15:00,48.8032,48.8032,48.79,48.79,900.0
2018-02-14 11:16:00,48.81,48.81,48.8,48.8,300.0
2018-02-14 11:17:00,48.8,48.82,48.8,48.8,1600.0
2018-02-14 11:18:00,48.76,48.81,48.76,48.81,1900.0
2018-02-14 11:19:00,48.78,48.78,48.77,48.77,980.0
2018-02-14 11:20:00,48.8001,48.81,48.8,48.8,575.0
2018-02-14 11:21:00,48.81,48.81,48.8,48.8,2940.0
2018-02-14 11:22:00,48.81,48.81,48.78,48.81,3100.0
2018-02-14 11:23:00,48.82,48.82,48.82,48.82,1395.0
2018-02-14 11:24:00,48.82,48.82,48.82,48.82,700.0
2018-02-14 11:25:00,48.82,48.82,48.81,48.81,1749.0
2018-02-14 11:26:00,48.835,48.835,48.8163,48.8163,1750.0
2018-02-14 11:27:00,48.86,48.86,48.82,48.83,5011.0
2018-02-14 11:28:00,48.89,48.89,48.84,48.85,2100.0
2018-02-14 11:29:00,48.88,48.88,48.88,48.88,800.0
2018-02-14 11:30:00,48.88,48.9,48.87,48.89,3245.0
2018-02-14 11:31:00,48.89,48.9,48.87,48.89,2509.0
2018-02-14 11:32:00,48.86,48.89,48.86,48.88,1283.0
2018-02-14 11:33:00,48.86,48.87,48.86,48.87,977.0
2018-02-14 11:34:00,48.86,48.87,48.86,48.87,300.0
2018-02-14 11:35:00,48.85,48.87,48.85,48.86,1678.0
2018-02-14 11:36:00,48.81,48.85,48.78,48.85,3000.0
2018-02-14 11:37:00,48.785,48.8,48.78,48.8,1479.0
2018-02-14 11:38:00,48.785,48.8024,48.78,48.8,2800.0
2018-02-14 11:39:00,48.79,48.79,48.77,48.78,2518.0
2018-02-14 11:40:00,48.8,48.8,48.78,48.78,600.0
2018-02-14 11:41:00,48.79,48.79,48.79,48.79,100.0
2018-02-14 11:42:00,48.81,48.81,48.78,48.78,1562.0
2018-02-14 11:43:00,48.82,48.82,48.8,48.81,1146.0
2018-02-14 11:44:00,48.83,48.83,48.82,48.82,600.0
2018-02-14 11:45:00,48.82,48.83,48.82,48.83,900.0
2018-02-14 11:46:00,48.8,48.82,48.8,48.82,900.0
2018-02-14 11:47:00,48.81,48.83,48.8,48.8,7363.0
2018-02-14 11:48:00,48.79,48.8,48.76,48.8,2243.0
2018-02-14 11:49:00,48.79,48.81,48.78,48.79,2816.0
2018-02-14 11:50:00,48.77,48.82,48.77,48.8,3537.0
2018-02-14 11:51:00,48.71,48.77,48.71,48.77,2565.0
2018-02-14 11:52:00,48.72,48.74,48.71,48.71,2300.0
2018-02-14 11:53:00,48.71,48.74,48.71,48.72,1900.0
2018-02-14 11:54:00,48.69,48.73,48.69,48.71,1090.0
2018-02-14 11:55:00,48.75,48.76,48.71,48.71,4500.0
2018-02-14 11:56:00,48.73,48.75,48.71,48.75,1700.0
2018-02-14 11:57:00,48.73,48.73,48.72,48.73,900.0
2018-02-14 11:58:00,48.73,48.745,48.73,48.74,1100.0
2018-02-14 11:59:00,48.745,48.76,48.745,48.75,900.0
2018-02-14 12:00:00,48.73,48.74,48.73,48.74,300.0
2018-02-14 12:01:00,48.76,48.78,48.74,48.74,1200.0
2018-02-14 12:02:00,48.8,48.8,48.77,48.77,1356.0
2018-02-14 12:03:00,48.79,48.8,48.79,48.8,300.0
2018-02-14 12:04:00,48.81,48.82,48.81,48.81,800.0
2018-02-14 12:05:00,48.8,48.81,48.78,48.81,1700.0
2018-02-14 12:06:00,48.76,48.8,48.76,48.8,500.0
2018-02-14 12:07:00,48.76,48.76,48.75,48.76,2037.0
2018-02-14 12:08:00,48.76,48.76,48.75,48.75,1000.0
2018-02-14 12:09:00,48.77,48.77,48.76,48.76,724.0
2018-02-14 12:10:00,48.74,48.76,48.74,48.76,800.0
2018-02-14 12:11:00,48.745,48.76,48.745,48.75,1400.0
2018-02-14 12:12:00,48.73,48.745,48.725,48.74,1918.0
2018-02-14 12:13:00,48.72,48.73,48.72,48.73,4523.0
2018-02-14 12:14:00,48.71,48.71,48.69,48.71,2364.0
2018-02-14 12:15:00,48.7,48.7,48.69,48.7,4000.0
2018-02-14 12:16:00,48.68,48.69,48.68,48.69,400.0
2018-02-14 12:17:00,48.6801,48.6801,48.66,48.67,2050.0
2018-02-14 12:18:00,48.67,48.68,48.67,48.68,2477.0
2018-02-14 12:19:00,48.66,48.68,48.66,48.67,990.0
2018-02-14 12:20:00,48.64,48.67,48.64,48.67,5652.0
2018-02-14 12:21:00,48.608999999999995,48.63,48.608999999999995,48.63,3440.0
2018-02-14 12:22:00,48.58,48.61,48.58,48.605,7800.0
2018-02-14 12:23:00,48.58,48.61,48.58,48.59,4600.0
2018-02-14 12:24:00,48.58,48.59,48.56,48.59,1500.0
2018-02-14 12:25:00,48.595,48.595,48.59,48.59,700.0
2018-02-14 12:26:00,48.63,48.63,48.58,48.595,3700.0
2018-02-14 12:27:00,48.63,48.63,48.62,48.62,1000.0
2018-02-14 12:28:00,48.65,48.65,48.63,48.63,2791.0
2018-02-14 12:29:00,48.66,48.66,48.65,48.65,1400.0
2018-02-14 12:30:00,48.64,48.65,48.64,48.65,621.0
2018-02-14 12:31:00,48.64,48.64,48.64,48.64,600.0
2018-02-14 12:32:00,48.62,48.64,48.62,48.64,800.0
2018-02-14 12:33:00,48.65,48.65,48.61,48.63,2086.0
2018-02-14 12:34:00,48.645,48.645,48.645,48.645,200.0
2018-02-14 12:35:00,48.665,48.665,48.645,48.65,3200.0
2018-02-14 12:36:00,48.67,48.67,48.66,48.66,800.0
2018-02-14 12:37:00,48.68,48.68,48.67,48.67,1100.0
2018-02-14 12:38:00,48.69,48.69,48.68,48.68,1150.0
2018-02-14 12:39:00,48.69,48.69,48.67,48.69,2016.0
2018-02-14 12:40:00,48.68,48.68,48.68,48.68,700.0
2018-02-14 12:41:00,48.68,48.68,48.68,48.68,1100.0
2018-02-14 12:42:00,48.685,48.685,48.66,48.67,2000.0
2018-02-14 12:43:00,48.69,48.69,48.685,48.685,429.0
2018-02-14 12:44:00,48.68,48.69,48.675,48.69,2000.0
2018-02-14 12:45:00,48.69,48.69,48.67,48.67,800.0
2018-02-14 12:46:00,48.69,48.69,48.69,48.69,100.0
2018-02-14 12:47:00,48.7,48.71,48.7,48.7,1900.0
2018-02-14 12:48:00,48.6901,48.695,48.69,48.695,504.0
2018-02-14 12:49:00,48.71,48.71,48.69,48.695,1777.0
2018-02-14 12:50:00,48.67,48.715,48.67,48.71,4919.0
2018-02-14 12:51:00,48.7,48.7,48.67,48.68,1400.0
2018-02-14 12:52:00,48.71,48.71,48.7,48.71,1200.0
2018-02-14 12:53:00,48.7,48.705,48.7,48.7,800.0
2018-02-14 12:54:00,48.69,48.69,48.69,48.69,700.0
2018-02-14 12:55:00,48.72,48.72,48.69,48.69,1473.0
2018-02-14 12:56:00,48.72,48.725,48.72,48.72,900.0
2018-02-14 12:57:00,48.71,48.72,48.7,48.72,1363.0
2018-02-14 12:58:00,48.745,48.745,48.72,48.72,2700.0
2018-02-14 12:59:00,48.75,48.76,48.74,48.75,2897.0
2018-02-14 13:00:00,48.74,48.74,48.735,48.74,1400.0
2018-02-14 13:01:00,48.735,48.75,48.735,48.74,800.0
2018-02-14 13:02:00,48.765,48.77,48.75,48.75,1844.0
2018-02-14 13:03:00,48.77,48.79,48.77,48.78,2400.0
2018-02-14 13:04:00,48.78,48.78,48.76,48.76,1100.0
2018-02-14 13:05:00,48.78,48.78,48.76,48.78,2100.0
2018-02-14 13:06:00,48.785,48.79,48.78,48.78,1583.0
2018-02-14 13:07:00,48.82,48.83,48.8,48.8,2120.0
2018-02-14 13:08:00,48.84,48.87,48.83,48.83,1301.0
2018-02-14 13:09:00,48.83,48.85,48.83,48.85,1814.0
2018-02-14 13:10:00,48.82,48.84,48.82,48.84,684.0
2018-02-14 13:11:00,48.84,48.84,48.815,48.82,900.0
2018-02-14 13:12:00,48.84,48.86,48.84,48.85,1600.0
2018-02-14 13:13:00,48.85,48.85,48.84,48.85,626.0
2018-02-14 13:14:00,48.87,48.87,48.85,48.85,400.0
2018-02-14 13:15:00,48.87,48.88,48.87,48.88,600.0
2018-02-14 13:16:00,48.9,48.9,48.88,48.88,600.0
2018-02-14 13:17:00,48.91,48.92,48.91,48.91,1500.0
2018-02-14 13:18:00,48.92,48.92,48.92,48.92,300.0
2018-02-14 13:19:00,48.9,48.92,48.9,48.92,1872.0
2018-02-14 13:20:00,48.91,48.91,48.905,48.91,2000.0
2018-02-14 13:21:00,48.9,48.91,48.89,48.91,4548.0
2018-02-14 13:22:00,48.89,48.89,48.89,48.89,800.0
2018-02-14 13:23:00,48.88,48.9,48.88,48.88,1300.0
2018-02-14 13:24:00,48.875,48.89,48.87,48.88,1300.0
2018-02-14 13:25:00,48.87,48.88,48.86,48.88,1198.0
2018-02-14 13:26:00,48.87,48.88,48.87,48.87,500.0
2018-02-14 13:27:00,48.86,48.86,48.86,48.86,700.0
2018-02-14 13:28:00,48.87,48.875,48.86,48.86,1645.0
2018-02-14 13:29:00,48.87,48.88,48.86,48.86,700.0
2018-02-14 13:30:00,48.83,48.86,48.83,48.86,2245.0
2018-02-14 13:31:00,48.83,48.84,48.825,48.825,687.0
2018-02-14 13:32:00,48.86,48.87,48.84,48.84,1950.0
2018-02-14 13:33:00,48.83,48.855,48.83,48.85,1103.0
2018-02-14 13:34:00,48.835,48.86,48.835,48.84,1962.0
2018-02-14 13:35:00,48.85,48.85,48.83,48.83,700.0
2018-02-14 13:36:00,48.85,48.86,48.85,48.86,600.0
2018-02-14 13:37:00,48.82,48.84,48.82,48.84,1300.0
2018-02-14 13:38:00,48.81,48.81,48.81,48.81,500.0
2018-02-14 13:39:00,48.83,48.835,48.81,48.81,943.0
2018-02-14 13:40:00,48.83,48.83,48.82,48.83,1000.0
2018-02-14 13:41:00,48.82,48.82,48.82,48.82,400.0
2018-02-14 13:42:00,48.85,48.85,48.83,48.83,1100.0
2018-02-14 13:43:00,48.85,48.86,48.84,48.86,1100.0
2018-02-14 13:44:00,48.86,48.86,48.85,48.85,1000.0
2018-02-14 13:45:00,48.86,48.87,48.86,48.86,1300.0
2018-02-14 13:46:00,48.86,48.86,48.85,48.86,982.0
2018-02-14 13:47:00,48.84,48.88,48.82,48.87,3510.0
2018-02-14 13:48:00,48.84,48.85,48.84,48.84,600.0
2018-02-14 13:49:00,48.85,48.85,48.832,48.84,2300.0
2018-02-14 13:50:00,48.87,48.87,48.84,48.845,1300.0
2018-02-14 13:51:00,48.85,48.87,48.85,48.87,1161.0
2018-02-14 13:52:00,48.84,48.85,48.84,48.85,800.0
2018-02-14 13:53:00,48.845,48.86,48.84,48.85,1400.0
2018-02-14 13:54:00,48.87,48.87,48.85,48.85,589.0
2018-02-14 13:55:00,48.85,48.86,48.85,48.86,902.0
2018-02-14 13:56:00,48.84,48.85,48.84,48.85,1200.0
2018-02-14 13:57:00,48.8631,48.8631,48.85,48.85,901.0
2018-02-14 13:58:00,48.85,48.86,48.85,48.86,1431.0
2018-02-14 13:59:00,48.84,48.87,48.84,48.87,1300.0
2018-02-14 14:00:00,48.835,48.85,48.835,48.85,2555.0
2018-02-14 14:01:00,48.8403,48.85,48.84,48.84,1040.0
2018-02-14 14:02:00,48.83,48.845,48.83,48.845,1917.0
2018-02-14 14:03:00,48.86,48.86,48.83,48.83,1523.0
2018-02-14 14:04:00,48.82,48.84,48.82,48.84,700.0
2018-02-14 14:05:00,48.83,48.84,48.82,48.82,545.0
2018-02-14 14:06:00,48.85,48.86,48.83,48.83,2039.0
2018-02-14 14:07:00,48.86,48.86,48.845,48.85,1700.0
2018-02-14 14:08:00,48.87,48.879,48.86,48.86,1756.0
2018-02-14 14:09:00,48.8899,48.8899,48.87,48.87,1141.0
2018-02-14 14:10:00,48.89,48.89,48.87,48.88,1740.0
2018-02-14 14:11:00,48.9,48.9,48.88,48.89,1100.0
2018-02-14 14:12:00,48.86,48.89,48.86,48.89,3561.0
2018-02-14 14:13:00,48.885,48.885,48.87,48.87,2410.0
2018-02-14 14:14:00,48.89,48.8994,48.89,48.89,2016.0
2018-02-14 14:15:00,48.89,48.9,48.885,48.9,1287.0
2018-02-14 14:16:00,48.86,48.89,48.855,48.89,2620.0
2018-02-14 14:17:00,48.84,48.87,48.84,48.85,2233.0
2018-02-14 14:18:00,48.84,48.855,48.84,48.855,702.0
2018-02-14 14:19:00,48.85,48.85,48.84,48.84,1455.0
2018-02-14 14:20:00,48.87,48.87,48.85,48.85,2579.0
2018-02-14 14:21:00,48.85,48.88,48.85,48.88,2020.0
2018-02-14 14:22:00,48.855,48.855,48.85,48.85,700.0
2018-02-14 14:23:00,48.86,48.86,48.84,48.86,2495.0
2018-02-14 14:24:00,48.85,48.87,48.85,48.86,3330.0
2018-02-14 14:25:00,48.83,48.85,48.82,48.85,2259.0
2018-02-14 14:26:00,48.84,48.84,48.82,48.82,720.0
2018-02-14 14:27:00,48.81,48.84,48.81,48.84,2500.0
2018-02-14 14:28:00,48.8,48.83,48.8,48.82,2449.0
2018-02-14 14:29:00,48.8,48.82,48.8,48.81,700.0
2018-02-14 14:30:00,48.78,48.7979,48.78,48.79,3300.0
2018-02-14 14:31:00,48.79,48.79,48.77,48.77,2491.0
2018-02-14 14:32:00,48.805,48.81,48.8,48.8,1611.0
2018-02-14 14:33:00,48.81,48.82,48.8014,48.8014,2050.0
2018-02-14 14:34:00,48.82,48.82,48.82,48.82,200.0
2018-02-14 14:35:00,48.83,48.83,48.8,48.81,4059.0
2018-02-14 14:36:00,48.82,48.821000000000005,48.81,48.82,6801.0
2018-02-14 14:37:00,48.83,48.83,48.8,48.81,2323.0
2018-02-14 14:38:00,48.85,48.85,48.83,48.835,2400.0
2018-02-14 14:39:00,48.87,48.87,48.8439,48.85,1440.0
2018-02-14 14:40:00,48.855,48.87,48.85,48.87,1117.0
2018-02-14 14:41:00,48.86,48.86,48.85,48.86,1802.0
2018-02-14 14:42:00,48.85,48.875,48.84,48.875,3399.0
2018-02-14 14:43:00,48.867,48.87,48.85,48.85,1640.0
2018-02-14 14:44:00,48.85,48.87,48.85,48.87,1300.0
2018-02-14 14:45:00,48.86,48.86,48.86,48.86,800.0
2018-02-14 14:46:00,48.83,48.86,48.83,48.86,2100.0
2018-02-14 14:47:00,48.86,48.87,48.84,48.84,2100.0
2018-02-14 14:48:00,48.86,48.87,48.86,48.86,954.0
2018-02-14 14:49:00,48.88,48.89,48.87,48.87,1907.0
2018-02-14 14:50:00,48.87,48.8733,48.87,48.8733,1500.0
2018-02-14 14:51:00,48.88,48.88,48.87,48.87,800.0
2018-02-14 14:52:00,48.89,48.89,48.88,48.88,1216.0
2018-02-14 14:53:00,48.91,48.91,48.9,48.9,600.0
2018-02-14 14:54:00,48.92,48.92,48.905,48.905,1000.0
2018-02-14 14:55:00,48.94,48.94,48.93,48.94,1112.0
2018-02-14 14:56:00,48.9298,48.94,48.91,48.94,5629.0
2018-02-14 14:57:00,48.93,48.93,48.92,48.93,1721.0
2018-02-14 14:58:00,48.96,48.96,48.9331,48.94,2108.0
2018-02-14 14:59:00,48.96,48.96,48.96,48.96,400.0
2018-02-14 15:00:00,48.97,48.98,48.95,48.98,3053.0
2018-02-14 15:01:00,49.01,49.01,48.96,48.96,6501.0
2018-02-14 15:02:00,49.01,49.02,49.0,49.02,1100.0
2018-02-14 15:03:00,49.01,49.025,49.0,49.005,6220.0
2018-02-14 15:04:00,49.02,49.025,49.0,49.0,1544.0
2018-02-14 15:05:00,49.02,49.02,49.01,49.02,1300.0
2018-02-14 15:06:00,49.02,49.02,49.0,49.02,2322.0
2018-02-14 15:07:00,49.01,49.01,49.0,49.01,2300.0
2018-02-14 15:08:00,49.0,49.01,48.98,49.01,4264.0
2018-02-14 15:09:00,48.99,49.0,48.99,49.0,1923.0
2018-02-14 15:10:00,48.98,48.98,48.975,48.98,1700.0
2018-02-14 15:11:00,49.02,49.02,48.99,48.99,1032.0
2018-02-14 15:12:00,49.04,49.04,49.025,49.025,1500.0
2018-02-14 15:13:00,49.03,49.04,49.03,49.04,700.0
2018-02-14 15:14:00,49.05,49.06,49.035,49.04,2479.0
2018-02-14 15:15:00,49.03,49.04,49.03,49.04,1800.0
2018-02-14 15:16:00,49.015,49.04,49.015,49.03,2600.0
2018-02-14 15:17:00,49.02,49.025,49.01,49.015,2930.0
2018-02-14 15:18:00,49.005,49.02,49.005,49.02,1550.0
2018-02-14 15:19:00,49.02,49.03,49.01,49.01,2884.0
2018-02-14 15:20:00,49.01,49.03,49.01,49.02,5215.0
2018-02-14 15:21:00,48.98,49.01,48.98,49.0061,3880.0
2018-02-14 15:22:00,48.99,48.99,48.98,48.99,1800.0
2018-02-14 15:23:00,49.0,49.0,48.985,48.985,2273.0
2018-02-14 15:24:00,48.98,49.0,48.98,49.0,3500.0
2018-02-14 15:25:00,48.975,48.975,48.97,48.975,2850.0
2018-02-14 15:26:00,48.9961,49.0,48.96,48.97,2149.0
2018-02-14 15:27:00,49.01,49.025,49.0,49.0,8905.0
2018-02-14 15:28:00,48.99,49.0,48.99,49.0,1774.0
2018-02-14 15:29:00,48.985,48.99,48.98,48.99,2500.0
2018-02-14 15:30:00,48.955,48.985,48.95,48.985,4280.0
2018-02-14 15:31:00,48.95,48.97,48.945,48.95,4260.0
2018-02-14 15:32:00,48.95,48.975,48.95,48.96,2950.0
2018-02-14 15:33:00,48.96,48.96,48.9467,48.95,4203.0
2018-02-14 15:34:00,48.96,48.96,48.93,48.95,6890.0
2018-02-14 15:35:00,48.93,48.96,48.93,48.96,3911.0
2018-02-14 15:36:00,48.93,48.94,48.93,48.93,5472.0
2018-02-14 15:37:00,48.93,48.95,48.93,48.93,3400.0
2018-02-14 15:38:00,48.94,48.94,48.925,48.93,4144.0
2018-02-14 15:39:00,48.95,48.95,48.93,48.95,2411.0
2018-02-14 15:40:00,48.95,48.95,48.94,48.94,900.0
2018-02-14 15:41:00,48.92,48.95,48.92,48.95,6543.0
2018-02-14 15:42:00,48.92,48.92,48.91,48.92,1800.0
2018-02-14 15:43:00,48.89,48.92,48.88,48.91,7356.0
2018-02-14 15:44:00,48.84,48.88,48.835,48.88,4932.0
2018-02-14 15:45:00,48.85,48.87,48.84,48.84,7972.0
2018-02-14 15:46:00,48.89,48.89,48.85,48.85,8087.0
2018-02-14 15:47:00,48.9,48.9,48.87,48.89,8212.0
2018-02-14 15:48:00,48.89,48.92,48.89,48.9,8483.0
2018-02-14 15:49:00,48.88,48.9,48.87,48.89,11561.0
2018-02-14 15:50:00,48.86,48.89,48.855,48.88,7523.0
2018-02-14 15:51:00,48.85,48.88,48.84,48.86,9467.0
2018-02-14 15:52:00,48.87,48.87,48.845,48.85,5480.0
2018-02-14 15:53:00,48.88,48.88,48.86,48.86,2718.0
2018-02-14 15:54:00,48.86,48.88,48.855,48.87,11712.0
2018-02-14 15:55:00,48.86,48.87,48.85,48.85,7708.0
2018-02-14 15:56:00,48.84,48.855,48.83,48.85,11615.0
2018-02-14 15:57:00,48.86,48.86,48.835,48.835,5303.0
2018-02-14 15:58:00,48.865,48.885,48.855,48.855,10967.0
2018-02-14 15:59:00,48.86,48.87,48.86,48.865,5312.0
2018-02-14 16:00:00,48.88,48.89,48.855,48.87,23038.0
2018-02-15 09:30:00,49.08,49.08,49.01,49.01,12661.0
2018-02-15 09:32:00,48.95,49.03,48.95,49.03,400.0
2018-02-15 09:33:00,48.84,48.96,48.84,48.96,3700.0
2018-02-15 09:34:00,48.79,48.83,48.74,48.83,5300.0
2018-02-15 09:35:00,48.76,48.79,48.74,48.77,5264.0
2018-02-15 09:36:00,48.78,48.81,48.78,48.79,2100.0
2018-02-15 09:37:00,48.7,48.755,48.68,48.75,2965.0
2018-02-15 09:38:00,48.74,48.75,48.69,48.69,2300.0
2018-02-15 09:39:00,48.79,48.79,48.76,48.76,1444.0
2018-02-15 09:40:00,48.81,48.87,48.81,48.81,2951.0
2018-02-15 09:41:00,48.86,48.86,48.83,48.83,1100.0
2018-02-15 09:42:00,48.88,48.9,48.87,48.88,1900.0
2018-02-15 09:43:00,48.81,48.88,48.81,48.88,2100.0
2018-02-15 09:44:00,48.85,48.89,48.85,48.85,2600.0
2018-02-15 09:45:00,48.79,48.84,48.79,48.84,1650.0
2018-02-15 09:46:00,48.74,48.78,48.72,48.78,4000.0
2018-02-15 09:47:00,48.72,48.73,48.7,48.73,2284.0
2018-02-15 09:48:00,48.69,48.73,48.67,48.71,4700.0
2018-02-15 09:49:00,48.72,48.72,48.67,48.67,7513.0
2018-02-15 09:50:00,48.76,48.76,48.73,48.73,2293.0
2018-02-15 09:51:00,48.74,48.77,48.72,48.7638,3100.0
2018-02-15 09:52:00,48.72,48.73,48.71,48.73,1000.0
2018-02-15 09:53:00,48.69,48.74,48.68,48.72,9029.0
2018-02-15 09:54:00,48.63,48.67,48.619,48.67,5511.0
2018-02-15 09:55:00,48.59,48.62,48.57,48.61,3900.0
2018-02-15 09:56:00,48.58,48.6,48.58,48.59,2700.0
2018-02-15 09:57:00,48.51,48.58,48.51,48.58,4500.0
2018-02-15 09:58:00,48.52,48.52,48.51,48.52,1798.0
2018-02-15 09:59:00,48.49,48.53,48.49,48.52,2300.0
2018-02-15 10:00:00,48.48,48.49,48.47,48.48,2686.0
2018-02-15 10:01:00,48.42,48.51,48.42,48.49,5300.0
2018-02-15 10:02:00,48.43,48.44,48.43,48.44,19160.0
2018-02-15 10:03:00,48.495,48.495,48.44,48.44,6600.0
2018-02-15 10:04:00,48.54,48.54,48.4958,48.4958,3033.0
2018-02-15 10:05:00,48.525,48.54,48.52,48.54,4606.0
2018-02-15 10:06:00,48.47,48.52,48.465,48.52,7081.0
2018-02-15 10:07:00,48.445,48.46,48.43,48.46,2200.0
2018-02-15 10:08:00,48.49,48.49,48.44,48.45,7800.0
2018-02-15 10:09:00,48.49,48.5,48.49,48.5,1850.0
2018-02-15 10:10:00,48.52,48.52,48.49,48.49,2500.0
2018-02-15 10:11:00,48.43,48.52,48.43,48.51,4400.0
2018-02-15 10:12:00,48.47,48.475,48.44,48.44,4690.0
2018-02-15 10:13:00,48.48,48.48,48.46,48.46,2901.0
2018-02-15 10:14:00,48.505,48.515,48.47,48.4825,3513.0
2018-02-15 10:15:00,48.49,48.52,48.49,48.51,2700.0
2018-02-15 10:16:00,48.5,48.5,48.47,48.49,4931.0
2018-02-15 10:17:00,48.47,48.5,48.47,48.5,2300.0
2018-02-15 10:18:00,48.53,48.53,48.47,48.47,2280.0
2018-02-15 10:19:00,48.54,48.55,48.51,48.52,3004.0
2018-02-15 10:20:00,48.56,48.57,48.55,48.55,2140.0
2018-02-15 10:21:00,48.58,48.59,48.55,48.55,2800.0
2018-02-15 10:22:00,48.6,48.6,48.58,48.58,1900.0
2018-02-15 10:23:00,48.61,48.615,48.6,48.6,3000.0
2018-02-15 10:24:00,48.61,48.61,48.59,48.6,1900.0
2018-02-15 10:25:00,48.62,48.63,48.6139,48.6139,2000.0
2018-02-15 10:26:00,48.63,48.63,48.625,48.63,1300.0
2018-02-15 10:27:00,48.59,48.63,48.59,48.63,2483.0
2018-02-15 10:28:00,48.6,48.615,48.59,48.59,3347.0
2018-02-15 10:29:00,48.56,48.59,48.54,48.59,4400.0
2018-02-15 10:30:00,48.52,48.56,48.52,48.55,7204.0
2018-02-15 10:31:00,48.51,48.52,48.51,48.51,2100.0
2018-02-15 10:32:00,48.48,48.52,48.48,48.51,3000.0
2018-02-15 10:33:00,48.53,48.53,48.489,48.489,3471.0
2018-02-15 10:34:00,48.54,48.54,48.53,48.53,4300.0
2018-02-15 10:35:00,48.57,48.57,48.545,48.545,1200.0
2018-02-15 10:36:00,48.55,48.58,48.55,48.58,1800.0
2018-02-15 10:37:00,48.589,48.589,48.56,48.56,2480.0
2018-02-15 10:38:00,48.61,48.61,48.59,48.59,4290.0
2018-02-15 10:39:00,48.67,48.67,48.62,48.62,1600.0
2018-02-15 10:40:00,48.69,48.69,48.67,48.68,2890.0
2018-02-15 10:41:00,48.75,48.76,48.69,48.69,5100.0
2018-02-15 10:42:00,48.77,48.77,48.72,48.74,5591.0
2018-02-15 10:43:00,48.78,48.78,48.77,48.77,1100.0
2018-02-15 10:44:00,48.82,48.82,48.79,48.79,3800.0
2018-02-15 10:45:00,48.85,48.86,48.82,48.82,3800.0
2018-02-15 10:46:00,48.87,48.8828,48.85,48.85,2600.0
2018-02-15 10:47:00,48.87,48.88,48.85,48.88,4100.0
2018-02-15 10:48:00,48.9,48.9,48.86,48.87,3300.0
2018-02-15 10:49:00,48.93,48.94,48.91,48.91,3523.0
2018-02-15 10:50:00,48.89,48.92,48.88,48.92,3900.0
2018-02-15 10:51:00,48.9,48.9,48.88,48.89,2000.0
2018-02-15 10:52:00,48.88,48.89,48.88,48.89,2195.0
2018-02-15 10:53:00,48.85,48.885,48.85,48.88,4691.0
2018-02-15 10:54:00,48.83,48.845,48.83,48.845,2900.0
2018-02-15 10:55:00,48.84,48.85,48.83,48.84,2600.0
2018-02-15 10:56:00,48.82,48.825,48.81,48.825,3400.0
2018-02-15 10:57:00,48.84,48.84,48.82,48.82,3364.0
2018-02-15 10:58:00,48.82,48.84,48.82,48.84,2160.0
2018-02-15 10:59:00,48.8,48.82,48.8,48.82,3700.0
2018-02-15 11:00:00,48.77,48.8,48.77,48.8,2112.0
2018-02-15 11:01:00,48.77,48.78,48.72,48.78,10100.0
2018-02-15 11:02:00,48.8,48.805,48.785,48.785,2484.0
2018-02-15 11:03:00,48.75,48.78,48.75,48.78,1000.0
2018-02-15 11:04:00,48.76,48.775,48.75,48.77,6901.0
2018-02-15 11:05:00,48.7501,48.78,48.75,48.77,3800.0
2018-02-15 11:06:00,48.78,48.78,48.76,48.77,6078.0
2018-02-15 11:07:00,48.75,48.79,48.74,48.78,5300.0
2018-02-15 11:08:00,48.76,48.77,48.735,48.735,3384.0
2018-02-15 11:09:00,48.74,48.77,48.73,48.76,2425.0
2018-02-15 11:10:00,48.73,48.77,48.73,48.74,5074.0
2018-02-15 11:11:00,48.68,48.74,48.68,48.74,3214.0
2018-02-15 11:12:00,48.71,48.71,48.68,48.68,4976.0
2018-02-15 11:13:00,48.68,48.7,48.67,48.7,8278.0
2018-02-15 11:14:00,48.66,48.68,48.65,48.68,2955.0
2018-02-15 11:15:00,48.68,48.69,48.665,48.67,7199.0
2018-02-15 11:16:00,48.6983,48.7,48.68,48.68,3467.0
2018-02-15 11:17:00,48.71,48.71,48.66,48.69,6000.0
2018-02-15 11:18:00,48.66,48.71,48.66,48.71,8840.0
2018-02-15 11:19:00,48.64,48.67,48.64,48.67,2643.0
2018-02-15 11:20:00,48.65,48.67,48.65,48.66,2600.0
2018-02-15 11:21:00,48.69,48.69,48.66,48.66,5688.0
2018-02-15 11:22:00,48.745,48.75,48.69,48.69,3058.0
2018-02-15 11:23:00,48.72,48.73,48.72,48.73,1400.0
2018-02-15 11:24:00,48.755,48.76,48.71,48.72,3452.0
2018-02-15 11:25:00,48.75,48.77,48.74,48.77,3188.0
2018-02-15 11:26:00,48.74,48.77,48.74,48.76,1864.0
2018-02-15 11:27:00,48.73,48.745,48.72,48.745,2938.0
2018-02-15 11:28:00,48.735,48.74,48.735,48.74,300.0
2018-02-15 11:29:00,48.79,48.795,48.74,48.74,4218.0
2018-02-15 11:30:00,48.86,48.86,48.8,48.8,3506.0
2018-02-15 11:31:00,48.88,48.88,48.855,48.86,1400.0
2018-02-15 11:32:00,48.92,48.93,48.88,48.88,1650.0
2018-02-15 11:33:00,48.96,48.96,48.95,48.96,909.0
2018-02-15 11:34:00,48.98,48.98,48.95,48.95,700.0
2018-02-15 11:35:00,48.98,48.9807,48.97,48.9807,1300.0
2018-02-15 11:36:00,49.0,49.0,48.99,48.99,700.0
2018-02-15 11:37:00,49.0,49.0,48.98,49.0,1200.0
2018-02-15 11:38:00,48.99,49.0,48.99,49.0,200.0
2018-02-15 11:39:00,49.06,49.06,49.01,49.01,2205.0
2018-02-15 11:40:00,49.07,49.09,49.07,49.09,1400.0
2018-02-15 11:41:00,49.06,49.07,49.06,49.07,500.0
2018-02-15 11:42:00,49.07,49.08,49.06,49.07,1100.0
2018-02-15 11:43:00,49.07,49.075,49.07,49.07,1300.0
2018-02-15 11:44:00,49.08,49.1,49.08,49.08,1000.0
2018-02-15 11:45:00,49.145,49.15,49.09,49.09,2300.0
2018-02-15 11:46:00,49.15,49.15,49.12,49.14,1000.0
2018-02-15 11:47:00,49.12,49.14,49.12,49.13,907.0
2018-02-15 11:48:00,49.17,49.17,49.13,49.13,1714.0
2018-02-15 11:49:00,49.18,49.19,49.17,49.17,2921.0
2018-02-15 11:50:00,49.2,49.21,49.16,49.17,3108.0
2018-02-15 11:51:00,49.205,49.215,49.2,49.21,3004.0
2018-02-15 11:52:00,49.22,49.24,49.19,49.195,4904.0
2018-02-15 11:53:00,49.22,49.22,49.21,49.22,1400.0
2018-02-15 11:54:00,49.2,49.22,49.2,49.22,2000.0
2018-02-15 11:55:00,49.205,49.2225,49.2,49.2,3661.0
2018-02-15 11:56:00,49.205,49.22,49.205,49.21,847.0
2018-02-15 11:57:00,49.18,49.2,49.18,49.2,2300.0
2018-02-15 11:58:00,49.1805,49.1805,49.17,49.18,900.0
2018-02-15 11:59:00,49.19,49.19,49.18,49.185,1218.0
2018-02-15 12:00:00,49.11,49.18,49.09,49.18,6300.0
2018-02-15 12:01:00,49.13,49.13,49.12,49.12,600.0
2018-02-15 12:02:00,49.13,49.14,49.13,49.14,2307.0
2018-02-15 12:03:00,49.14,49.15,49.13,49.13,1389.0
2018-02-15 12:04:00,49.15,49.16,49.14,49.14,1377.0
2018-02-15 12:05:00,49.16,49.17,49.155,49.155,1200.0
2018-02-15 12:06:00,49.13,49.15,49.13,49.15,2317.0
2018-02-15 12:07:00,49.16,49.16,49.12,49.13,1457.0
2018-02-15 12:08:00,49.15,49.16,49.15,49.16,500.0
2018-02-15 12:09:00,49.21,49.21,49.17,49.17,800.0
2018-02-15 12:10:00,49.22,49.22,49.21,49.21,500.0
2018-02-15 12:11:00,49.24,49.25,49.23,49.23,2164.0
2018-02-15 12:12:00,49.27,49.27,49.23,49.25,4402.0
2018-02-15 12:13:00,49.25,49.29,49.25,49.27,3706.0
2018-02-15 12:14:00,49.24,49.255,49.24,49.25,2100.0
2018-02-15 12:15:00,49.25,49.255,49.25,49.25,1724.0
2018-02-15 12:16:00,49.27,49.27,49.26,49.26,828.0
2018-02-15 12:17:00,49.26,49.27,49.26,49.27,1200.0
2018-02-15 12:18:00,49.245,49.25,49.24,49.25,1200.0
2018-02-15 12:19:00,49.24,49.26,49.24,49.25,1104.0
2018-02-15 12:20:00,49.25,49.26,49.25,49.26,200.0
2018-02-15 12:21:00,49.25,49.25,49.23,49.245,1945.0
2018-02-15 12:22:00,49.235,49.245,49.235,49.24,2800.0
2018-02-15 12:23:00,49.225,49.23,49.225,49.23,1000.0
2018-02-15 12:24:00,49.23,49.235,49.22,49.22,6823.0
2018-02-15 12:25:00,49.24,49.24,49.21,49.22,2700.0
2018-02-15 12:26:00,49.23,49.23,49.23,49.23,400.0
2018-02-15 12:27:00,49.265,49.27,49.235,49.235,2200.0
2018-02-15 12:28:00,49.3,49.3,49.27,49.27,1660.0
2018-02-15 12:30:00,49.3,49.3,49.3,49.3,100.0
2018-02-15 12:31:00,49.29,49.31,49.28,49.31,7800.0
2018-02-15 12:32:00,49.3,49.3,49.28,49.295,2831.0
2018-02-15 12:33:00,49.29,49.305,49.29,49.3,2808.0
2018-02-15 12:34:00,49.29,49.29,49.285,49.285,1000.0
2018-02-15 12:35:00,49.29,49.3,49.29,49.3,200.0
2018-02-15 12:36:00,49.28,49.29,49.28,49.29,1507.0
2018-02-15 12:37:00,49.29,49.29,49.29,49.29,300.0
2018-02-15 12:38:00,49.305,49.31,49.29,49.29,2812.0
2018-02-15 12:39:00,49.32,49.32,49.31,49.31,1954.0
2018-02-15 12:40:00,49.31,49.315,49.31,49.31,1000.0
2018-02-15 12:41:00,49.3,49.3021,49.29,49.3,830.0
2018-02-15 12:42:00,49.295,49.3,49.295,49.3,745.0
2018-02-15 12:43:00,49.285,49.295,49.28,49.29,2706.0
2018-02-15 12:44:00,49.3,49.31,49.29,49.29,7132.0
2018-02-15 12:45:00,49.31,49.31,49.3,49.3,1624.0
2018-02-15 12:46:00,49.33,49.33,49.31,49.31,1400.0
2018-02-15 12:47:00,49.35,49.36,49.34,49.34,2134.0
2018-02-15 12:49:00,49.35,49.36,49.34,49.36,1517.0
2018-02-15 12:50:00,49.34,49.35,49.34,49.35,1000.0
2018-02-15 12:51:00,49.37,49.37,49.35,49.35,2344.0
2018-02-15 12:52:00,49.37,49.3755,49.37,49.37,1000.0
2018-02-15 12:53:00,49.36,49.37,49.36,49.37,900.0
2018-02-15 12:54:00,49.34,49.35,49.34,49.35,1619.0
2018-02-15 12:55:00,49.345,49.345,49.345,49.345,100.0
2018-02-15 12:56:00,49.34,49.34,49.34,49.34,1400.0
2018-02-15 12:57:00,49.343999999999994,49.35,49.343999999999994,49.35,2275.0
2018-02-15 12:58:00,49.34,49.35,49.34,49.35,300.0
2018-02-15 12:59:00,49.32,49.34,49.32,49.34,2200.0
2018-02-15 13:00:00,49.3,49.32,49.3,49.32,1200.0
2018-02-15 13:01:00,49.32,49.32,49.31,49.31,1425.0
2018-02-15 13:02:00,49.31,49.315,49.29,49.315,3808.0
2018-02-15 13:03:00,49.29,49.3,49.29,49.3,2300.0
2018-02-15 13:04:00,49.29,49.305,49.29,49.3,5952.0
2018-02-15 13:05:00,49.3,49.305,49.295,49.3,3500.0
2018-02-15 13:06:00,49.29,49.305,49.29,49.305,5100.0
2018-02-15 13:07:00,49.3,49.31,49.29,49.29,3564.0
2018-02-15 13:08:00,49.33,49.33,49.305,49.305,2350.0
2018-02-15 13:09:00,49.32,49.33,49.32,49.33,1000.0
2018-02-15 13:10:00,49.2996,49.31,49.2996,49.31,250.0
2018-02-15 13:11:00,49.32,49.32,49.31,49.31,908.0
2018-02-15 13:12:00,49.32,49.33,49.315,49.32,3320.0
2018-02-15 13:13:00,49.325,49.325,49.325,49.325,260.0
2018-02-15 13:14:00,49.34,49.34,49.32,49.32,1412.0
2018-02-15 13:15:00,49.33,49.33,49.33,49.33,1100.0
2018-02-15 13:16:00,49.34,49.36,49.34,49.34,1073.0
2018-02-15 13:17:00,49.35,49.35,49.34,49.34,500.0
2018-02-15 13:18:00,49.345,49.345,49.33,49.34,1800.0
2018-02-15 13:19:00,49.34,49.35,49.34,49.35,200.0
2018-02-15 13:20:00,49.3433,49.3467,49.3433,49.3467,2371.0
2018-02-15 13:21:00,49.35,49.36,49.34,49.34,6801.0
2018-02-15 13:22:00,49.3466,49.355,49.34,49.355,2250.0
2018-02-15 13:23:00,49.39,49.39,49.35,49.35,1900.0
2018-02-15 13:24:00,49.39,49.39,49.39,49.39,500.0
2018-02-15 13:25:00,49.4199,49.4199,49.39,49.39,2950.0
2018-02-15 13:26:00,49.43,49.43,49.42,49.42,817.0
2018-02-15 13:27:00,49.46,49.46,49.43,49.43,1400.0
2018-02-15 13:28:00,49.44,49.46,49.44,49.45,1600.0
2018-02-15 13:29:00,49.445,49.45,49.44,49.45,2457.0
2018-02-15 13:30:00,49.458999999999996,49.458999999999996,49.43,49.45,6001.0
2018-02-15 13:31:00,49.415,49.45,49.415,49.445,4007.0
2018-02-15 13:32:00,49.42,49.426,49.42,49.42,716.0
2018-02-15 13:33:00,49.42,49.42,49.42,49.42,100.0
2018-02-15 13:34:00,49.43,49.43,49.41,49.41,1300.0
2018-02-15 13:35:00,49.42,49.44,49.415,49.43,5288.0
2018-02-15 13:36:00,49.45,49.45,49.425,49.425,3738.0
2018-02-15 13:37:00,49.44,49.4543,49.44,49.45,803.0
2018-02-15 13:38:00,49.445,49.45,49.44,49.44,4328.0
2018-02-15 13:39:00,49.43,49.45,49.43,49.44,2712.0
2018-02-15 13:40:00,49.41,49.43,49.41,49.425,1306.0
2018-02-15 13:41:00,49.425,49.43,49.41,49.41,1058.0
2018-02-15 13:42:00,49.42,49.42,49.42,49.42,500.0
2018-02-15 13:43:00,49.44,49.44,49.4215,49.4215,2202.0
2018-02-15 13:44:00,49.44,49.45,49.44,49.45,2200.0
2018-02-15 13:45:00,49.46,49.465,49.44,49.44,3574.0
2018-02-15 13:46:00,49.46,49.47,49.46,49.47,1100.0
2018-02-15 13:48:00,49.465,49.47,49.46,49.46,3799.0
2018-02-15 13:49:00,49.5,49.5,49.46,49.46,25223.0
2018-02-15 13:50:00,49.581,49.61,49.49,49.4962,58296.0
2018-02-15 13:51:00,49.525,49.585,49.511,49.5806,16706.0
2018-02-15 13:52:00,49.54,49.545,49.52,49.525,5150.0
2018-02-15 13:53:00,49.54,49.55,49.54,49.55,1180.0
2018-02-15 13:54:00,49.59,49.59,49.55,49.55,1500.0
2018-02-15 13:55:00,49.58,49.61,49.575,49.59,4940.0
2018-02-15 13:56:00,49.6,49.605,49.58,49.58,5320.0
2018-02-15 13:57:00,49.6,49.6,49.59,49.6,2800.0
2018-02-15 13:58:00,49.585,49.59,49.58,49.59,3402.0
2018-02-15 13:59:00,49.55,49.58,49.54,49.58,4400.0
2018-02-15 14:00:00,49.55,49.56,49.55,49.555,600.0
2018-02-15 14:01:00,49.555,49.56,49.55,49.555,1021.0
2018-02-15 14:02:00,49.5605,49.57,49.55,49.55,3817.0
2018-02-15 14:03:00,49.57,49.57,49.55,49.56,2624.0
2018-02-15 14:04:00,49.61,49.61,49.56,49.56,3938.0
2018-02-15 14:05:00,49.62,49.62,49.605,49.6066,2170.0
2018-02-15 14:06:00,49.615,49.615,49.61,49.61,1187.0
2018-02-15 14:07:00,49.625,49.63,49.61,49.61,2743.0
2018-02-15 14:08:00,49.6,49.62,49.6,49.62,1700.0
2018-02-15 14:09:00,49.5852,49.59,49.5852,49.59,1079.0
2018-02-15 14:10:00,49.55,49.58,49.55,49.58,2211.0
2018-02-15 14:11:00,49.54,49.55,49.54,49.54,2826.0
2018-02-15 14:12:00,49.54,49.54,49.53,49.53,700.0
2018-02-15 14:13:00,49.54,49.54,49.53,49.535,1740.0
2018-02-15 14:14:00,49.535,49.54,49.535,49.54,200.0
2018-02-15 14:15:00,49.51,49.53,49.51,49.53,2900.0
2018-02-15 14:16:00,49.545,49.55,49.52,49.52,3504.0
2018-02-15 14:17:00,49.545,49.55,49.5439,49.545,440.0
2018-02-15 14:18:00,49.54,49.545,49.53,49.54,2100.0
2018-02-15 14:19:00,49.52,49.535,49.52,49.5305,1950.0
2018-02-15 14:20:00,49.51,49.52,49.51,49.51,500.0
2018-02-15 14:21:00,49.54,49.54,49.51,49.5101,4043.0
2018-02-15 14:22:00,49.5,49.5432,49.5,49.5432,2748.0
2018-02-15 14:23:00,49.47,49.49,49.47,49.49,1000.0
2018-02-15 14:24:00,49.5,49.5,49.48,49.48,2271.0
2018-02-15 14:25:00,49.505,49.51,49.5,49.5,500.0
2018-02-15 14:26:00,49.49,49.51,49.49,49.51,2015.0
2018-02-15 14:27:00,49.48,49.505,49.48,49.5,3028.0
2018-02-15 14:28:00,49.49,49.49,49.49,49.49,100.0
2018-02-15 14:29:00,49.5,49.5,49.48,49.48,2500.0
2018-02-15 14:30:00,49.5,49.5,49.49,49.49,2115.0
2018-02-15 14:31:00,49.4862,49.51,49.48,49.5,7465.0
2018-02-15 14:32:00,49.51,49.51,49.485,49.485,3100.0
2018-02-15 14:34:00,49.51,49.51,49.5,49.51,2451.0
2018-02-15 14:35:00,49.52,49.52,49.51,49.52,3360.0
2018-02-15 14:36:00,49.52,49.525,49.52,49.525,1121.0
2018-02-15 14:37:00,49.535,49.535,49.53,49.53,621.0
2018-02-15 14:38:00,49.53,49.53,49.52,49.53,2914.0
2018-02-15 14:39:00,49.56,49.56,49.535,49.535,2500.0
2018-02-15 14:40:00,49.56,49.56,49.56,49.56,2500.0
2018-02-15 14:42:00,49.555,49.565,49.555,49.565,1402.0
2018-02-15 14:43:00,49.56,49.56,49.55,49.56,1500.0
2018-02-15 14:44:00,49.56,49.56,49.56,49.56,200.0
2018-02-15 14:45:00,49.58,49.59,49.56,49.56,4284.0
2018-02-15 14:46:00,49.58,49.585,49.58,49.585,682.0
2018-02-15 14:47:00,49.57,49.57,49.565,49.57,1000.0
2018-02-15 14:48:00,49.57,49.57,49.56,49.56,1391.0
2018-02-15 14:49:00,49.57,49.58,49.57,49.57,2087.0
2018-02-15 14:50:00,49.6,49.6,49.58,49.58,1768.0
2018-02-15 14:51:00,49.58,49.59,49.58,49.59,1728.0
2018-02-15 14:52:00,49.58,49.58,49.58,49.58,100.0
2018-02-15 14:53:00,49.59,49.6,49.58,49.58,2754.0
2018-02-15 14:54:00,49.57,49.59,49.57,49.59,1900.0
2018-02-15 14:55:00,49.59,49.595,49.58,49.58,2900.0
2018-02-15 14:56:00,49.585,49.59,49.585,49.59,292.0
2018-02-15 14:57:00,49.595,49.595,49.585,49.59,1500.0
2018-02-15 14:58:00,49.59,49.59,49.59,49.59,100.0
2018-02-15 14:59:00,49.6,49.6,49.59,49.595,400.0
2018-02-15 15:00:00,49.58,49.59,49.58,49.59,2517.0
2018-02-15 15:01:00,49.58,49.58,49.57,49.57,1100.0
2018-02-15 15:02:00,49.62,49.625,49.575,49.58,10511.0
2018-02-15 15:03:00,49.63,49.63,49.625,49.625,1000.0
2018-02-15 15:04:00,49.665,49.665,49.63,49.63,2675.0
2018-02-15 15:05:00,49.66,49.68,49.66,49.67,5620.0
2018-02-15 15:06:00,49.7,49.7,49.665,49.669,3477.0
2018-02-15 15:07:00,49.7,49.7,49.685,49.6905,6005.0
2018-02-15 15:08:00,49.7,49.7,49.7,49.7,400.0
2018-02-15 15:09:00,49.67,49.7,49.67,49.7,4002.0
2018-02-15 15:10:00,49.66,49.68,49.66,49.675,8719.0
2018-02-15 15:11:00,49.65,49.665,49.65,49.665,1608.0
2018-02-15 15:12:00,49.64,49.66,49.64,49.655,2028.0
2018-02-15 15:13:00,49.62,49.635,49.62,49.63,3060.0
2018-02-15 15:14:00,49.63,49.63,49.61,49.62,1637.0
2018-02-15 15:15:00,49.62,49.63,49.61,49.63,1500.0
2018-02-15 15:16:00,49.63,49.63,49.62,49.62,2764.0
2018-02-15 15:17:00,49.63,49.64,49.63,49.635,2355.0
2018-02-15 15:18:00,49.62,49.62,49.62,49.62,100.0
2018-02-15 15:19:00,49.61,49.62,49.61,49.62,2800.0
2018-02-15 15:20:00,49.62,49.62,49.6,49.6,3573.0
2018-02-15 15:21:00,49.63,49.63,49.62,49.62,1901.0
2018-02-15 15:22:00,49.62,49.635,49.62,49.635,2900.0
2018-02-15 15:23:00,49.63,49.635,49.63,49.63,3106.0
2018-02-15 15:24:00,49.63,49.635,49.625,49.63,3800.0
2018-02-15 15:25:00,49.64,49.64,49.63,49.63,2609.0
2018-02-15 15:26:00,49.63,49.64,49.62,49.63,5017.0
2018-02-15 15:27:00,49.61,49.63,49.61,49.63,2660.0
2018-02-15 15:28:00,49.59,49.615,49.59,49.615,3109.0
2018-02-15 15:29:00,49.58,49.59,49.57,49.585,4270.0
2018-02-15 15:30:00,49.5599,49.58,49.5599,49.58,3645.0
2018-02-15 15:31:00,49.55,49.56,49.54,49.56,9167.0
2018-02-15 15:32:00,49.55,49.56,49.54,49.56,4900.0
2018-02-15 15:33:00,49.5239,49.55,49.52,49.54,5840.0
2018-02-15 15:34:00,49.52,49.53,49.51,49.53,3032.0
2018-02-15 15:35:00,49.51,49.53,49.51,49.51,6340.0
2018-02-15 15:36:00,49.51,49.51,49.49,49.5,5924.0
2018-02-15 15:37:00,49.51,49.52,49.51,49.52,1702.0
2018-02-15 15:38:00,49.52,49.53,49.49,49.51,10187.0
2018-02-15 15:39:00,49.56,49.56,49.52,49.52,5031.0
2018-02-15 15:40:00,49.58,49.58,49.55,49.55,7212.0
2018-02-15 15:41:00,49.6,49.6,49.575,49.58,7739.0
2018-02-15 15:42:00,49.64,49.64,49.595,49.6,3928.0
2018-02-15 15:43:00,49.67,49.67,49.6357,49.6357,9840.0
2018-02-15 15:44:00,49.65,49.67,49.64,49.67,8626.0
2018-02-15 15:45:00,49.6257,49.66,49.62,49.65,11034.0
2018-02-15 15:46:00,49.67,49.68,49.63,49.63,22769.0
2018-02-15 15:47:00,49.69,49.69,49.66,49.67,14101.0
2018-02-15 15:48:00,49.675,49.69,49.67,49.68,5706.0
2018-02-15 15:49:00,49.68,49.68,49.66,49.68,7779.0
2018-02-15 15:50:00,49.66,49.68,49.66,49.68,8822.0
2018-02-15 15:51:00,49.67,49.68,49.67,49.67,4062.0
2018-02-15 15:52:00,49.66,49.68,49.66,49.68,7316.0
2018-02-15 15:53:00,49.64,49.66,49.64,49.66,6055.0
2018-02-15 15:54:00,49.645,49.65,49.64,49.645,4100.0
2018-02-15 15:55:00,49.61,49.65,49.61,49.65,6590.0
2018-02-15 15:56:00,49.66,49.66,49.61,49.61,16978.0
2018-02-15 15:57:00,49.7,49.7,49.66,49.66,16693.0
2018-02-15 15:58:00,49.7,49.7,49.68,49.7,11298.0
2018-02-15 15:59:00,49.72,49.72,49.69,49.7,12792.0
2018-02-15 16:00:00,49.71,49.72,49.69,49.71,27734.0
2018-02-16 09:30:00,49.57,49.57,49.57,49.57,73281.0
2018-02-16 09:31:00,49.67,49.8,49.67,49.7,5031.0
2018-02-16 09:33:00,49.66,49.76,49.66,49.73,1265.0
2018-02-16 09:34:00,49.68,49.68,49.54,49.66,5400.0
2018-02-16 09:35:00,49.65,49.75,49.64,49.66,6424.0
2018-02-16 09:36:00,49.66,49.67,49.63,49.65,2975.0
2018-02-16 09:37:00,49.73,49.73,49.7,49.71,3200.0
2018-02-16 09:38:00,49.69,49.71,49.65,49.71,2600.0
2018-02-16 09:39:00,49.67,49.7,49.65,49.7,5618.0
2018-02-16 09:40:00,49.61,49.64,49.61,49.64,700.0
2018-02-16 09:41:00,49.58,49.605,49.57,49.59,2500.0
2018-02-16 09:42:00,49.57,49.5825,49.56,49.58,3549.0
2018-02-16 09:43:00,49.55,49.6,49.55,49.59,3177.0
2018-02-16 09:44:00,49.63,49.64,49.54,49.54,4948.0
2018-02-16 09:45:00,49.63,49.63,49.58,49.62,1050.0
2018-02-16 09:46:00,49.64,49.64,49.58,49.59,4200.0
2018-02-16 09:47:00,49.64,49.65,49.6,49.65,1922.0
2018-02-16 09:48:00,49.59,49.64,49.58,49.64,2353.0
2018-02-16 09:49:00,49.51,49.58,49.51,49.58,4500.0
2018-02-16 09:50:00,49.53,49.55,49.5,49.5,8032.0
2018-02-16 09:51:00,49.5,49.52,49.49,49.52,1907.0
2018-02-16 09:52:00,49.5,49.51,49.49,49.51,2100.0
2018-02-16 09:53:00,49.48,49.515,49.48,49.51,1820.0
2018-02-16 09:54:00,49.47,49.51,49.47,49.49,10138.0
2018-02-16 09:55:00,49.46,49.47,49.46,49.465,1759.0
2018-02-16 09:56:00,49.57,49.57,49.47,49.47,7118.0
2018-02-16 09:57:00,49.56,49.58,49.56,49.56,3200.0
2018-02-16 09:58:00,49.55,49.57,49.55,49.56,4011.0
2018-02-16 09:59:00,49.66,49.68,49.55,49.57,6952.0
2018-02-16 10:00:00,49.58,49.66,49.58,49.66,2200.0
2018-02-16 10:01:00,49.6,49.62,49.55,49.57,3100.0
2018-02-16 10:02:00,49.69,49.69,49.6,49.6,3679.0
2018-02-16 10:03:00,49.63,49.69,49.63,49.69,2100.0
2018-02-16 10:04:00,49.63,49.63,49.62,49.63,1500.0
2018-02-16 10:05:00,49.67,49.68,49.64,49.64,2137.0
2018-02-16 10:06:00,49.65,49.66,49.62,49.66,2117.0
2018-02-16 10:07:00,49.68,49.68,49.64,49.65,2200.0
2018-02-16 10:08:00,49.6815,49.69,49.6815,49.69,1600.0
2018-02-16 10:09:00,49.68,49.71,49.68,49.68,2171.0
2018-02-16 10:10:00,49.64,49.68,49.64,49.68,2181.0
2018-02-16 10:11:00,49.59,49.63,49.57,49.63,7746.0
2018-02-16 10:12:00,49.55,49.59,49.545,49.59,3700.0
2018-02-16 10:13:00,49.57,49.57,49.55,49.55,6899.0
2018-02-16 10:14:00,49.53,49.565,49.53,49.56,3454.0
2018-02-16 10:15:00,49.58,49.58,49.54,49.54,1858.0
2018-02-16 10:16:00,49.62,49.62,49.58,49.58,6932.0
2018-02-16 10:17:00,49.62,49.63,49.62,49.62,5173.0
2018-02-16 10:18:00,49.6,49.61,49.6,49.61,4610.0
2018-02-16 10:19:00,49.64,49.64,49.605,49.61,2665.0
2018-02-16 10:20:00,49.65,49.65,49.635,49.64,2956.0
2018-02-16 10:21:00,49.645,49.65,49.63,49.63,867.0
2018-02-16 10:22:00,49.68,49.68,49.645,49.645,2860.0
2018-02-16 10:23:00,49.69,49.69,49.66,49.67,3605.0
2018-02-16 10:24:00,49.67,49.7,49.65,49.7,2950.0
2018-02-16 10:25:00,49.67,49.68,49.67,49.67,1772.0
2018-02-16 10:26:00,49.64,49.67,49.63,49.66,3962.0
2018-02-16 10:27:00,49.65,49.65,49.635,49.635,1428.0
2018-02-16 10:28:00,49.68,49.68,49.66,49.66,2225.0
2018-02-16 10:29:00,49.72,49.72,49.69,49.69,1700.0
2018-02-16 10:30:00,49.76,49.76,49.71,49.72,3652.0
2018-02-16 10:31:00,49.75,49.76,49.74,49.76,1800.0
2018-02-16 10:32:00,49.76,49.76,49.74,49.75,921.0
2018-02-16 10:33:00,49.765,49.765,49.75,49.76,1500.0
2018-02-16 10:34:00,49.76,49.78,49.76,49.78,600.0
2018-02-16 10:35:00,49.72,49.75,49.72,49.75,900.0
2018-02-16 10:36:00,49.775,49.775,49.73,49.73,2374.0
2018-02-16 10:37:00,49.77,49.77,49.76,49.76,400.0
2018-02-16 10:38:00,49.73,49.75,49.73,49.75,370.0
2018-02-16 10:39:00,49.73,49.745,49.73,49.74,1775.0
2018-02-16 10:40:00,49.72,49.76,49.7152,49.735,3672.0
2018-02-16 10:41:00,49.73,49.73,49.71,49.73,1570.0
2018-02-16 10:42:00,49.72,49.735,49.71,49.735,700.0
2018-02-16 10:43:00,49.68,49.73,49.68,49.72,1800.0
2018-02-16 10:44:00,49.695,49.71,49.69,49.7,1900.0
2018-02-16 10:45:00,49.71,49.72,49.7,49.7,3369.0
2018-02-16 10:46:00,49.73,49.73,49.7,49.7,2300.0
2018-02-16 10:47:00,49.72,49.74,49.72,49.72,800.0
2018-02-16 10:48:00,49.72,49.73,49.71,49.73,800.0
2018-02-16 10:49:00,49.71,49.715,49.71,49.715,500.0
2018-02-16 10:50:00,49.72,49.73,49.7,49.7,3776.0
2018-02-16 10:51:00,49.71,49.71,49.7,49.71,640.0
2018-02-16 10:52:00,49.72,49.72,49.7,49.7066,2596.0
2018-02-16 10:53:00,49.71,49.715,49.71,49.71,905.0
2018-02-16 10:54:00,49.7,49.7,49.69,49.7,900.0
2018-02-16 10:55:00,49.69,49.7,49.69,49.69,1100.0
2018-02-16 10:56:00,49.69,49.69,49.67,49.68,1428.0
2018-02-16 10:57:00,49.7,49.7,49.7,49.7,1245.0
2018-02-16 10:58:00,49.68,49.71,49.68,49.71,2928.0
2018-02-16 10:59:00,49.66,49.68,49.66,49.68,700.0
2018-02-16 11:00:00,49.65,49.66,49.64,49.66,3118.0
2018-02-16 11:01:00,49.66,49.68,49.6508,49.6508,1300.0
2018-02-16 11:02:00,49.68,49.68,49.66,49.66,900.0
2018-02-16 11:03:00,49.68,49.68,49.67,49.67,700.0
2018-02-16 11:04:00,49.665,49.67,49.66,49.67,1400.0
2018-02-16 11:05:00,49.72,49.74,49.67,49.67,5000.0
2018-02-16 11:06:00,49.71,49.72,49.71,49.72,200.0
2018-02-16 11:07:00,49.71,49.73,49.71,49.73,800.0
2018-02-16 11:08:00,49.71,49.71,49.71,49.71,1200.0
2018-02-16 11:09:00,49.71,49.72,49.7,49.7,3344.0
2018-02-16 11:10:00,49.71,49.74,49.71,49.71,1200.0
2018-02-16 11:11:00,49.75,49.75,49.71,49.72,3034.0
2018-02-16 11:12:00,49.75,49.75,49.74,49.74,2403.0
2018-02-16 11:13:00,49.75,49.76,49.75,49.76,900.0
2018-02-16 11:14:00,49.74,49.75,49.73,49.75,2399.0
2018-02-16 11:15:00,49.74,49.75,49.7351,49.75,2674.0
2018-02-16 11:16:00,49.73,49.74,49.73,49.74,800.0
2018-02-16 11:17:00,49.75,49.75,49.72,49.72,1571.0
2018-02-16 11:18:00,49.73,49.76,49.73,49.76,1300.0
2018-02-16 11:19:00,49.72,49.72,49.72,49.72,200.0
2018-02-16 11:20:00,49.74,49.74,49.72,49.72,1200.0
2018-02-16 11:21:00,49.78,49.78,49.745,49.75,3755.0
2018-02-16 11:22:00,49.7698,49.8,49.7698,49.79,3170.0
2018-02-16 11:23:00,49.77,49.77,49.755,49.76,1694.0
2018-02-16 11:24:00,49.8,49.81,49.78,49.78,1410.0
2018-02-16 11:25:00,49.77,49.8,49.76,49.8,1700.0
2018-02-16 11:26:00,49.78,49.78,49.75,49.77,1690.0
2018-02-16 11:27:00,49.76,49.77,49.76,49.76,500.0
2018-02-16 11:28:00,49.77,49.77,49.76,49.76,3000.0
2018-02-16 11:29:00,49.77,49.77,49.76,49.76,1400.0
2018-02-16 11:30:00,49.76,49.77,49.76,49.76,2272.0
2018-02-16 11:31:00,49.78,49.79,49.7675,49.7675,3302.0
2018-02-16 11:32:00,49.77,49.78,49.77,49.78,1082.0
2018-02-16 11:33:00,49.7821,49.79,49.78,49.78,1944.0
2018-02-16 11:34:00,49.79,49.79,49.79,49.79,536.0
2018-02-16 11:35:00,49.76,49.79,49.76,49.79,900.0
2018-02-16 11:36:00,49.77,49.78,49.76,49.76,3000.0
2018-02-16 11:37:00,49.8099,49.81,49.78,49.78,2706.0
2018-02-16 11:38:00,49.84,49.84,49.81,49.81,1100.0
2018-02-16 11:39:00,49.84,49.85,49.83,49.83,1900.0
2018-02-16 11:40:00,49.85,49.85,49.84,49.84,300.0
2018-02-16 11:41:00,49.85,49.86,49.84,49.86,3500.0
2018-02-16 11:42:00,49.85,49.85,49.85,49.85,100.0
2018-02-16 11:43:00,49.83,49.86,49.83,49.86,4300.0
2018-02-16 11:44:00,49.79,49.82,49.79,49.82,1250.0
2018-02-16 11:45:00,49.8,49.8,49.77,49.79,4350.0
2018-02-16 11:46:00,49.82,49.82,49.81,49.81,2700.0
2018-02-16 11:47:00,49.83,49.83,49.82,49.82,1500.0
2018-02-16 11:48:00,49.84,49.84,49.84,49.84,300.0
2018-02-16 11:49:00,49.86,49.86,49.85,49.85,700.0
2018-02-16 11:50:00,49.84,49.87,49.84,49.87,3000.0
2018-02-16 11:51:00,49.85,49.85,49.84,49.84,1900.0
2018-02-16 11:52:00,49.85,49.86,49.84,49.86,2810.0
2018-02-16 11:53:00,49.85,49.86,49.85,49.86,700.0
2018-02-16 11:54:00,49.85,49.86,49.84,49.86,500.0
2018-02-16 11:55:00,49.835,49.8415,49.81,49.83,8060.0
2018-02-16 11:56:00,49.843999999999994,49.843999999999994,49.83,49.83,2830.0
2018-02-16 11:57:00,49.83,49.83,49.82,49.83,2100.0
2018-02-16 11:58:00,49.83,49.84,49.83,49.84,1417.0
2018-02-16 11:59:00,49.83,49.83,49.82,49.82,1000.0
2018-02-16 12:00:00,49.82,49.82,49.82,49.82,1900.0
2018-02-16 12:01:00,49.8,49.83,49.8,49.83,1300.0
2018-02-16 12:02:00,49.81,49.81,49.78,49.8,2900.0
2018-02-16 12:03:00,49.83,49.83,49.81,49.81,700.0
2018-02-16 12:04:00,49.8,49.82,49.79,49.82,3725.0
2018-02-16 12:05:00,49.81,49.81,49.8,49.8,900.0
2018-02-16 12:06:00,49.78,49.81,49.78,49.81,600.0
2018-02-16 12:07:00,49.82,49.82,49.77,49.78,3350.0
2018-02-16 12:08:00,49.78,49.81,49.78,49.81,700.0
2018-02-16 12:09:00,49.79,49.79,49.78,49.78,800.0
2018-02-16 12:10:00,49.79,49.8,49.79,49.8,200.0
2018-02-16 12:11:00,49.8,49.8,49.79,49.79,500.0
2018-02-16 12:12:00,49.81,49.81,49.78,49.78,3747.0
2018-02-16 12:13:00,49.845,49.845,49.81,49.81,3508.0
2018-02-16 12:14:00,49.835,49.85,49.835,49.84,4200.0
2018-02-16 12:15:00,49.84,49.84,49.81,49.83,1800.0
2018-02-16 12:16:00,49.83,49.85,49.83,49.84,900.0
2018-02-16 12:17:00,49.87,49.87,49.84,49.85,1600.0
2018-02-16 12:18:00,49.85,49.865,49.85,49.865,700.0
2018-02-16 12:19:00,49.86,49.86,49.84,49.85,2900.0
2018-02-16 12:20:00,49.83,49.86,49.83,49.86,800.0
2018-02-16 12:21:00,49.8,49.82,49.8,49.82,900.0
2018-02-16 12:22:00,49.81,49.82,49.8,49.8,1600.0
2018-02-16 12:23:00,49.83,49.83,49.82,49.82,900.0
2018-02-16 12:24:00,49.805,49.83,49.805,49.83,800.0
2018-02-16 12:25:00,49.83,49.83,49.81,49.81,2800.0
2018-02-16 12:26:00,49.85,49.85,49.83,49.83,850.0
2018-02-16 12:27:00,49.84,49.85,49.84,49.85,1300.0
2018-02-16 12:28:00,49.84,49.84,49.84,49.84,1400.0
2018-02-16 12:29:00,49.84,49.85,49.835,49.835,2331.0
2018-02-16 12:30:00,49.84,49.85,49.82,49.85,1140.0
2018-02-16 12:31:00,49.84,49.85,49.83,49.85,1840.0
2018-02-16 12:32:00,49.89,49.9,49.85,49.85,3301.0
2018-02-16 12:33:00,49.9,49.91,49.9,49.9,3112.0
2018-02-16 12:34:00,49.95,49.95,49.91,49.91,600.0
2018-02-16 12:35:00,49.96,49.96,49.94,49.94,700.0
2018-02-16 12:36:00,49.95,49.95,49.94,49.95,1744.0
2018-02-16 12:37:00,49.98,49.98,49.945,49.95,2529.0
2018-02-16 12:38:00,49.98,50.0,49.97,49.98,1800.0
2018-02-16 12:39:00,49.98,49.99,49.98,49.99,3500.0
2018-02-16 12:40:00,49.98,49.99,49.98,49.99,1534.0
2018-02-16 12:41:00,49.98,49.99,49.98,49.99,600.0
2018-02-16 12:42:00,49.99,49.994,49.99,49.99,2116.0
2018-02-16 12:43:00,49.98,50.0,49.98,49.99,4771.0
2018-02-16 12:44:00,49.98,49.99,49.98,49.99,532.0
2018-02-16 12:45:00,49.99,49.99,49.97,49.97,1000.0
2018-02-16 12:46:00,49.99,50.0,49.985,49.985,4984.0
2018-02-16 12:47:00,49.96,49.99,49.96,49.99,5500.0
2018-02-16 12:48:00,49.96,49.96,49.95,49.95,575.0
2018-02-16 12:49:00,49.95,49.95,49.93,49.95,700.0
2018-02-16 12:50:00,49.92,49.94,49.92,49.94,1000.0
2018-02-16 12:51:00,49.94,49.94,49.91,49.92,3400.0
2018-02-16 12:52:00,49.92,49.93,49.92,49.93,500.0
2018-02-16 12:53:00,49.89,49.93,49.87,49.93,2859.0
2018-02-16 12:54:00,49.89,49.9,49.87,49.88,3138.0
2018-02-16 12:55:00,49.91,49.91,49.89,49.89,2900.0
2018-02-16 12:56:00,49.9,49.9,49.8883,49.89,900.0
2018-02-16 12:57:00,49.92,49.94,49.9,49.9,1300.0
2018-02-16 12:59:00,49.92,49.93,49.92,49.93,200.0
2018-02-16 13:01:00,49.95,49.95,49.93,49.94,2560.0
2018-02-16 13:02:00,49.97,49.97,49.96,49.96,300.0
2018-02-16 13:03:00,49.94,49.95,49.94,49.95,1105.0
2018-02-16 13:04:00,49.93,49.94,49.925,49.94,1177.0
2018-02-16 13:05:00,49.95,49.96,49.93,49.93,1100.0
2018-02-16 13:06:00,49.93,49.95,49.93,49.95,2000.0
2018-02-16 13:07:00,49.94,49.95,49.93,49.93,500.0
2018-02-16 13:08:00,49.94,49.95,49.94,49.94,1500.0
2018-02-16 13:09:00,49.9486,49.95,49.93,49.94,6000.0
2018-02-16 13:10:00,49.93,49.96,49.93,49.9486,7183.0
2018-02-16 13:11:00,49.9,49.94,49.9,49.94,1690.0
2018-02-16 13:12:00,49.915,49.92,49.89,49.89,1700.0
2018-02-16 13:13:00,49.9388,49.94,49.93,49.93,1200.0
2018-02-16 13:14:00,49.92,49.93,49.91,49.93,800.0
2018-02-16 13:15:00,49.92,49.93,49.92,49.93,400.0
2018-02-16 13:16:00,49.95,49.95,49.93,49.93,1703.0
2018-02-16 13:17:00,49.89,49.94,49.89,49.94,1900.0
2018-02-16 13:18:00,49.91,49.915,49.88,49.89,3185.0
2018-02-16 13:19:00,49.89,49.91,49.89,49.9,1100.0
2018-02-16 13:20:00,49.89,49.89,49.89,49.89,100.0
2018-02-16 13:21:00,49.89,49.9,49.89,49.89,2700.0
2018-02-16 13:22:00,49.91,49.91,49.88,49.88,1200.0
2018-02-16 13:23:00,49.89,49.91,49.8817,49.91,2085.0
2018-02-16 13:24:00,49.89,49.89,49.88,49.89,700.0
2018-02-16 13:25:00,49.88,49.88,49.875,49.88,1100.0
2018-02-16 13:26:00,49.885,49.885,49.885,49.885,500.0
2018-02-16 13:27:00,49.87,49.89,49.86,49.87,2374.0
2018-02-16 13:28:00,49.87,49.9,49.87,49.89,2700.0
2018-02-16 13:29:00,49.85,49.87,49.85,49.87,1000.0
2018-02-16 13:30:00,49.87,49.87,49.85,49.865,500.0
2018-02-16 13:31:00,49.845,49.86,49.83,49.86,2849.0
2018-02-16 13:32:00,49.83,49.85,49.83,49.84,900.0
2018-02-16 13:33:00,49.82,49.85,49.82,49.83,2755.0
2018-02-16 13:34:00,49.82,49.84,49.82,49.82,3443.0
2018-02-16 13:35:00,49.85,49.85,49.82,49.84,1200.0
2018-02-16 13:36:00,49.89,49.89,49.86,49.86,3807.0
2018-02-16 13:37:00,49.895,49.895,49.89,49.89,500.0
2018-02-16 13:38:00,49.87,49.91,49.87,49.9,4954.0
2018-02-16 13:39:00,49.89,49.91,49.86,49.86,2200.0
2018-02-16 13:40:00,49.89,49.91,49.88,49.88,946.0
2018-02-16 13:41:00,49.92,49.92,49.91,49.92,500.0
2018-02-16 13:42:00,49.9531,49.955,49.92,49.92,1450.0
2018-02-16 13:43:00,49.96,49.98,49.94,49.97,3500.0
2018-02-16 13:44:00,49.93,49.95,49.93,49.95,1600.0
2018-02-16 13:45:00,49.94,49.94,49.92,49.93,600.0
2018-02-16 13:46:00,49.96,49.96,49.93,49.93,500.0
2018-02-16 13:47:00,49.95,49.95,49.95,49.95,600.0
2018-02-16 13:48:00,49.97,49.97,49.96,49.96,941.0
2018-02-16 13:49:00,49.96,49.96,49.95,49.96,869.0
2018-02-16 13:50:00,49.93,49.96,49.93,49.95,2500.0
2018-02-16 13:51:00,49.96,49.97,49.94,49.94,700.0
2018-02-16 13:52:00,49.95,49.95,49.95,49.95,500.0
2018-02-16 13:53:00,49.93,49.95,49.93,49.95,461.0
2018-02-16 13:54:00,49.95,49.95,49.94,49.94,500.0
2018-02-16 13:55:00,49.93,49.95,49.92,49.95,1708.0
2018-02-16 13:56:00,49.91,49.91,49.91,49.91,1100.0
2018-02-16 13:57:00,49.93,49.93,49.9,49.9,900.0
2018-02-16 13:58:00,49.94,49.94,49.93,49.94,800.0
2018-02-16 13:59:00,49.97,49.97,49.94,49.94,2300.0
2018-02-16 14:00:00,49.96,49.96,49.94,49.96,700.0
2018-02-16 14:01:00,49.97,49.97,49.94,49.94,903.0
2018-02-16 14:02:00,49.95,49.98,49.95,49.98,5071.0
2018-02-16 14:03:00,49.94,49.94,49.93,49.93,200.0
2018-02-16 14:04:00,49.9201,49.93,49.9201,49.93,1200.0
2018-02-16 14:05:00,49.89,49.92,49.89,49.92,2905.0
2018-02-16 14:06:00,49.8701,49.88,49.87,49.88,653.0
2018-02-16 14:07:00,49.86,49.88,49.86,49.869,1940.0
2018-02-16 14:08:00,49.8862,49.89,49.87,49.87,1300.0
2018-02-16 14:09:00,49.86,49.88,49.86,49.88,667.0
2018-02-16 14:10:00,49.86,49.87,49.84,49.87,1200.0
2018-02-16 14:11:00,49.85,49.85,49.83,49.83,400.0
2018-02-16 14:12:00,49.83,49.83,49.81,49.83,1159.0
2018-02-16 14:13:00,49.83,49.84,49.82,49.83,3746.0
2018-02-16 14:14:00,49.83,49.84,49.81,49.83,6089.0
2018-02-16 14:15:00,49.8338,49.85,49.8214,49.83,7150.0
2018-02-16 14:16:00,49.81,49.83,49.8,49.83,1794.0
2018-02-16 14:17:00,49.77,49.82,49.77,49.81,2700.0
2018-02-16 14:18:00,49.75,49.7504,49.73,49.75,1829.0
2018-02-16 14:19:00,49.73,49.74,49.73,49.74,1491.0
2018-02-16 14:20:00,49.74,49.76,49.74,49.74,2540.0
2018-02-16 14:21:00,49.74,49.75,49.7,49.71,1586.0
2018-02-16 14:22:00,49.73,49.75,49.71,49.74,1100.0
2018-02-16 14:23:00,49.74,49.74,49.7,49.71,2600.0
2018-02-16 14:24:00,49.7,49.74,49.7,49.74,500.0
2018-02-16 14:25:00,49.72,49.72,49.69,49.69,2313.0
2018-02-16 14:26:00,49.7,49.73,49.69,49.73,2309.0
2018-02-16 14:27:00,49.77,49.77,49.71,49.71,2400.0
2018-02-16 14:28:00,49.76,49.76,49.73,49.76,2206.0
2018-02-16 14:29:00,49.78,49.78,49.76,49.77,500.0
2018-02-16 14:30:00,49.78,49.78,49.78,49.78,1000.0
2018-02-16 14:31:00,49.76,49.76,49.74,49.76,600.0
2018-02-16 14:32:00,49.78,49.8,49.77,49.77,3512.0
2018-02-16 14:33:00,49.79,49.79,49.78,49.78,706.0
2018-02-16 14:34:00,49.81,49.81,49.79,49.79,1312.0
2018-02-16 14:35:00,49.8,49.8,49.79,49.8,1200.0
2018-02-16 14:36:00,49.78,49.8,49.78,49.8,800.0
2018-02-16 14:37:00,49.8,49.8,49.7897,49.7897,760.0
2018-02-16 14:38:00,49.8,49.8,49.78,49.8,2975.0
2018-02-16 14:39:00,49.81,49.81,49.79,49.81,1900.0
2018-02-16 14:40:00,49.8,49.81,49.8,49.81,400.0
2018-02-16 14:41:00,49.79,49.79,49.78,49.79,1724.0
2018-02-16 14:42:00,49.8,49.8,49.78,49.78,1743.0
2018-02-16 14:43:00,49.8,49.8,49.8,49.8,600.0
2018-02-16 14:44:00,49.81,49.81,49.795,49.8,1100.0
2018-02-16 14:45:00,49.775,49.81,49.765,49.81,1958.0
2018-02-16 14:46:00,49.7797,49.79,49.77,49.78,860.0
2018-02-16 14:47:00,49.765,49.77,49.76,49.76,2332.0
2018-02-16 14:48:00,49.77,49.77,49.76,49.77,1300.0
2018-02-16 14:49:00,49.81,49.81,49.78,49.78,1240.0
2018-02-16 14:50:00,49.85,49.85,49.81,49.82,1000.0
2018-02-16 14:51:00,49.81,49.82,49.805,49.82,1620.0
2018-02-16 14:52:00,49.78,49.8,49.78,49.79,1909.0
2018-02-16 14:53:00,49.78,49.8,49.78,49.79,700.0
2018-02-16 14:54:00,49.8,49.8,49.78,49.78,431.0
2018-02-16 14:55:00,49.8,49.8,49.8,49.8,100.0
2018-02-16 14:56:00,49.83,49.84,49.8,49.81,5044.0
2018-02-16 14:57:00,49.84,49.84,49.83,49.83,700.0
2018-02-16 14:58:00,49.84,49.84,49.84,49.84,200.0
2018-02-16 14:59:00,49.85,49.86,49.85,49.85,1400.0
2018-02-16 15:00:00,49.88,49.88,49.86,49.86,664.0
2018-02-16 15:01:00,49.88,49.88,49.86,49.86,1000.0
2018-02-16 15:02:00,49.89,49.89,49.89,49.89,300.0
2018-02-16 15:03:00,49.89,49.91,49.89,49.91,1805.0
2018-02-16 15:04:00,49.8841,49.8999,49.88,49.88,2047.0
2018-02-16 15:05:00,49.89,49.89,49.87,49.89,4645.0
2018-02-16 15:06:00,49.89,49.9,49.885,49.9,2220.0
2018-02-16 15:07:00,49.9,49.9,49.89,49.9,1804.0
2018-02-16 15:08:00,49.89,49.91,49.89,49.895,1900.0
2018-02-16 15:09:00,49.89,49.89,49.86,49.89,7105.0
2018-02-16 15:10:00,49.92,49.92,49.88,49.89,2500.0
2018-02-16 15:11:00,49.93,49.93,49.93,49.93,200.0
2018-02-16 15:12:00,49.94,49.95,49.925,49.93,4400.0
2018-02-16 15:13:00,49.95,49.95,49.95,49.95,100.0
2018-02-16 15:14:00,49.93,49.93,49.915,49.92,2516.0
2018-02-16 15:15:00,49.91,49.93,49.905,49.93,1400.0
2018-02-16 15:16:00,49.9266,49.94,49.9,49.91,3100.0
2018-02-16 15:17:00,49.92,49.93,49.92,49.92,1800.0
2018-02-16 15:18:00,49.92,49.92,49.9,49.91,4600.0
2018-02-16 15:19:00,49.95,49.95,49.92,49.92,4217.0
2018-02-16 15:20:00,49.94,49.96,49.935,49.95,4370.0
2018-02-16 15:21:00,49.96,49.97,49.93,49.93,5912.0
2018-02-16 15:22:00,49.93,49.96,49.93,49.96,3564.0
2018-02-16 15:23:00,49.94,49.94,49.93,49.935,6200.0
2018-02-16 15:24:00,49.94,49.94,49.94,49.94,200.0
2018-02-16 15:25:00,49.915,49.95,49.91,49.94,4961.0
2018-02-16 15:26:00,49.92,49.92,49.9,49.91,3900.0
2018-02-16 15:27:00,49.95,49.95,49.93,49.93,2116.0
2018-02-16 15:28:00,49.96,49.96,49.94,49.94,1700.0
2018-02-16 15:29:00,49.93,49.96,49.93,49.96,3220.0
2018-02-16 15:30:00,49.935,49.9395,49.93,49.93,3625.0
2018-02-16 15:31:00,49.95,49.95,49.93,49.93,2604.0
2018-02-16 15:32:00,49.895,49.945,49.89,49.94,9639.0
2018-02-16 15:33:00,49.88,49.91,49.88,49.9,6099.0
2018-02-16 15:34:00,49.86,49.87,49.85,49.87,4970.0
2018-02-16 15:35:00,49.89,49.89,49.86,49.86,4960.0
2018-02-16 15:36:00,49.85,49.88,49.83,49.88,9181.0
2018-02-16 15:37:00,49.89,49.89,49.85,49.85,3800.0
2018-02-16 15:38:00,49.86,49.88,49.84,49.88,9923.0
2018-02-16 15:39:00,49.88,49.89,49.87,49.87,5080.0
2018-02-16 15:40:00,49.88,49.88,49.86,49.87,3920.0
2018-02-16 15:41:00,49.84,49.885,49.83,49.88,8807.0
2018-02-16 15:42:00,49.82,49.84,49.82,49.84,3905.0
2018-02-16 15:43:00,49.825,49.83,49.82,49.82,1279.0
2018-02-16 15:44:00,49.82,49.825,49.81,49.825,18752.0
2018-02-16 15:45:00,49.76,49.825,49.76,49.825,9169.0
2018-02-16 15:46:00,49.8,49.82,49.76,49.76,23046.0
2018-02-16 15:47:00,49.79,49.82,49.79,49.8,17855.0
2018-02-16 15:48:00,49.79,49.8,49.79,49.79,4551.0
2018-02-16 15:49:00,49.81,49.81,49.79,49.79,26993.0
2018-02-16 15:50:00,49.83,49.84,49.8,49.81,18219.0
2018-02-16 15:51:00,49.87,49.8775,49.84,49.84,23614.0
2018-02-16 15:52:00,49.89,49.905,49.87,49.88,12289.0
2018-02-16 15:53:00,49.895,49.9,49.89,49.89,10191.0
2018-02-16 15:54:00,49.91,49.91,49.895,49.9,9602.0
2018-02-16 15:55:00,49.91,49.91,49.9,49.91,20737.0
2018-02-16 15:56:00,49.91,49.92,49.9,49.91,22752.0
2018-02-16 15:57:00,49.88,49.92,49.88,49.92,38147.0
2018-02-16 15:58:00,49.87,49.89,49.87,49.88,23965.0
2018-02-16 15:59:00,49.83,49.87,49.82,49.87,39477.0
